symbol,company,group,period_end,title,publish_dt,tracing_no,is_revision,excel_url,energy_type,unit,month_qty,month_rate_rial,month_amount_mrial,ytd_qty,ytd_rate_rial,ytd_amount_mrial,month,year,gregorian
ارفع,آهن و فولاد ارفع,steel,1401/07/30,گزارش فعالیت ماهانه دوره ۱ ماهه منتهی به  ۱۴۰۱/۰۷/۳۰(اصلاحیه),۱۴۰۱/۱۰/۱۰ ۱۴:۴۱:۴۸,976690,True,https://excel.codal.ir/service/Excel/GetAll/kE3nDrqSjN7v7spGJH10Cg%3d%3d/0,برق,مگاوات ساعت,80000000.0,6354.0,508292.0,492101009.0,5797.0,2852854.0,1401-07,1401,2022-10-22
ارفع,آهن و فولاد ارفع,steel,1401/07/30,گزارش فعالیت ماهانه دوره ۱ ماهه منتهی به  ۱۴۰۱/۰۷/۳۰(اصلاحیه),۱۴۰۱/۱۰/۱۰ ۱۴:۴۱:۴۸,976690,True,https://excel.codal.ir/service/Excel/GetAll/kE3nDrqSjN7v7spGJH10Cg%3d%3d/0,گاز طبیعی,مترمکعب,29381763.0,22917.0,673330.0,203126619.0,23216.0,4715823.0,1401-07,1401,2022-10-22
ارفع,آهن و فولاد ارفع,steel,1401/08/30,گزارش فعالیت ماهانه دوره ۱ ماهه منتهی به  ۱۴۰۱/۰۸/۳۰(اصلاحیه),۱۴۰۱/۱۰/۱۰ ۱۴:۴۴:۴۲,976689,True,https://excel.codal.ir/service/Excel/GetAll/JKwxafLuNtusmRlMAEFPdA%3d%3d/0,برق,مگاوات ساعت,86000000.0,6696.0,575820.0,86496527.0,42454.0,3672150.0,1401-08,1401,2022-11-21
ارفع,آهن و فولاد ارفع,steel,1401/08/30,گزارش فعالیت ماهانه دوره ۱ ماهه منتهی به  ۱۴۰۱/۰۸/۳۰(اصلاحیه),۱۴۰۱/۱۰/۱۰ ۱۴:۴۴:۴۲,976689,True,https://excel.codal.ir/service/Excel/GetAll/JKwxafLuNtusmRlMAEFPdA%3d%3d/0,گاز طبیعی,مترمکعب,30994644.0,22005.0,682050.0,234121263.0,23056.0,5397873.0,1401-08,1401,2022-11-21
ارفع,آهن و فولاد ارفع,steel,1401/09/30,گزارش فعالیت ماهانه دوره ۱ ماهه منتهی به  ۱۴۰۱/۰۹/۳۰(اصلاحیه),۱۴۰۱/۱۰/۱۰ ۱۴:۵۰:۰۹,976688,True,https://excel.codal.ir/service/Excel/GetAll/0GdOOObOOOQenOOObOOOH51hp9M4WPUWaQ%3d%3d/0,آب,مترمکعب,64520.0,330409.0,21318.0,630460.0,358943.0,226299.0,1401-09,1401,2022-12-21
ارفع,آهن و فولاد ارفع,steel,1401/09/30,گزارش فعالیت ماهانه دوره ۱ ماهه منتهی به  ۱۴۰۱/۰۹/۳۰(اصلاحیه),۱۴۰۱/۱۰/۱۰ ۱۴:۵۰:۰۹,976688,True,https://excel.codal.ir/service/Excel/GetAll/0GdOOObOOOQenOOObOOOH51hp9M4WPUWaQ%3d%3d/0,برق,مگاوات ساعت,84687894.0,6084.0,515241.0,85269568.0,47547.0,4054334.0,1401-09,1401,2022-12-21
ارفع,آهن و فولاد ارفع,steel,1401/09/30,گزارش فعالیت ماهانه دوره ۱ ماهه منتهی به  ۱۴۰۱/۰۹/۳۰(اصلاحیه),۱۴۰۱/۱۰/۱۰ ۱۴:۵۰:۰۹,976688,True,https://excel.codal.ir/service/Excel/GetAll/0GdOOObOOOQenOOObOOOH51hp9M4WPUWaQ%3d%3d/0,گاز طبیعی,مترمکعب,21059776.0,22008.0,463488.0,255181039.0,23212.0,5923369.0,1401-09,1401,2022-12-21
ارفع,آهن و فولاد ارفع,steel,1401/10/30,گزارش فعالیت ماهانه دوره ۱ ماهه منتهی به  ۱۴۰۱/۱۰/۳۰,۱۴۰۱/۱۱/۰۵ ۱۲:۲۵:۱۰,987322,False,https://excel.codal.ir/service/Excel/GetAll/zdrxVUZj5UrGJFwQQB8fNw%3d%3d/0,آب,مترمکعب,39660.0,330408.0,13104.0,670120.0,357254.0,239403.0,1401-10,1401,2023-01-20
ارفع,آهن و فولاد ارفع,steel,1401/10/30,گزارش فعالیت ماهانه دوره ۱ ماهه منتهی به  ۱۴۰۱/۱۰/۳۰,۱۴۰۱/۱۱/۰۵ ۱۲:۲۵:۱۰,987322,False,https://excel.codal.ir/service/Excel/GetAll/zdrxVUZj5UrGJFwQQB8fNw%3d%3d/0,برق,مگاوات ساعت,55548.0,5944714.0,330217.0,714817.0,5944734.0,4249397.0,1401-10,1401,2023-01-20
ارفع,آهن و فولاد ارفع,steel,1401/10/30,گزارش فعالیت ماهانه دوره ۱ ماهه منتهی به  ۱۴۰۱/۱۰/۳۰,۱۴۰۱/۱۱/۰۵ ۱۲:۲۵:۱۰,987322,False,https://excel.codal.ir/service/Excel/GetAll/zdrxVUZj5UrGJFwQQB8fNw%3d%3d/0,گاز طبیعی,مترمکعب,8790800.0,22019.0,193569.0,263971839.0,23173.0,6116938.0,1401-10,1401,2023-01-20
ارفع,آهن و فولاد ارفع,steel,1401/11/30,گزارش فعالیت ماهانه دوره ۱ ماهه منتهی به  ۱۴۰۱/۱۱/۳۰,۱۴۰۱/۱۲/۰۲ ۱۹:۴۶:۲۳,995523,False,https://excel.codal.ir/service/Excel/GetAll/PSv4QWz5610tqJl48EbVBQ%3d%3d/0,آب,مترمکعب,40000.0,330400.0,13216.0,710120.0,355741.0,252619.0,1401-11,1401,2023-02-19
ارفع,آهن و فولاد ارفع,steel,1401/11/30,گزارش فعالیت ماهانه دوره ۱ ماهه منتهی به  ۱۴۰۱/۱۱/۳۰,۱۴۰۱/۱۲/۰۲ ۱۹:۴۶:۲۳,995523,False,https://excel.codal.ir/service/Excel/GetAll/PSv4QWz5610tqJl48EbVBQ%3d%3d/0,برق,مگاوات ساعت,25695.0,7672427.0,197143.0,743503.0,6140472.0,4565459.0,1401-11,1401,2023-02-19
ارفع,آهن و فولاد ارفع,steel,1401/11/30,گزارش فعالیت ماهانه دوره ۱ ماهه منتهی به  ۱۴۰۱/۱۱/۳۰,۱۴۰۱/۱۲/۰۲ ۱۹:۴۶:۲۳,995523,False,https://excel.codal.ir/service/Excel/GetAll/PSv4QWz5610tqJl48EbVBQ%3d%3d/0,گاز طبیعی,مترمکعب,9284160.0,22006.0,204307.0,273255999.0,23133.0,6321244.0,1401-11,1401,2023-02-19
ارفع,آهن و فولاد ارفع,steel,1401/12/29,گزارش فعالیت ماهانه دوره ۱ ماهه منتهی به  ۱۴۰۱/۱۲/۲۹,۱۴۰۲/۰۱/۰۶ ۱۷:۴۴:۱۷,1006847,False,https://excel.codal.ir/service/Excel/GetAll/vvoJ14ibnOOOObOOOhOvbTVBZfKw%3d%3d/0,آب,مترمکعب,0.0,0.0,0.0,710120.0,355741.0,252619.0,1401-12,1401,2023-03-20
ارفع,آهن و فولاد ارفع,steel,1401/12/29,گزارش فعالیت ماهانه دوره ۱ ماهه منتهی به  ۱۴۰۱/۱۲/۲۹,۱۴۰۲/۰۱/۰۶ ۱۷:۴۴:۱۷,1006847,False,https://excel.codal.ir/service/Excel/GetAll/vvoJ14ibnOOOObOOOhOvbTVBZfKw%3d%3d/0,برق,مگاوات ساعت,0.0,0.0,0.0,743503.0,6140472.0,4565459.0,1401-12,1401,2023-03-20
ارفع,آهن و فولاد ارفع,steel,1401/12/29,گزارش فعالیت ماهانه دوره ۱ ماهه منتهی به  ۱۴۰۱/۱۲/۲۹,۱۴۰۲/۰۱/۰۶ ۱۷:۴۴:۱۷,1006847,False,https://excel.codal.ir/service/Excel/GetAll/vvoJ14ibnOOOObOOOhOvbTVBZfKw%3d%3d/0,گاز طبیعی,مترمکعب,0.0,0.0,0.0,273255999.0,23133.0,6321244.0,1401-12,1401,2023-03-20
ارفع,آهن و فولاد ارفع,steel,1402/01/31,گزارش فعالیت ماهانه دوره ۱ ماهه منتهی به  ۱۴۰۲/۰۱/۳۱,۱۴۰۲/۰۲/۰۹ ۱۲:۴۲:۳۰,1018306,False,https://excel.codal.ir/service/Excel/GetAll/Kn6cUhmOOObOOOUhno9eZV7LyBGw%3d%3d/0,آب,مترمکعب,72000.0,416667.0,30000.0,72000.0,416667.0,30000.0,1402-01,1402,2023-04-20
ارفع,آهن و فولاد ارفع,steel,1402/01/31,گزارش فعالیت ماهانه دوره ۱ ماهه منتهی به  ۱۴۰۲/۰۱/۳۱,۱۴۰۲/۰۲/۰۹ ۱۲:۴۲:۳۰,1018306,False,https://excel.codal.ir/service/Excel/GetAll/Kn6cUhmOOObOOOUhno9eZV7LyBGw%3d%3d/0,برق,مگاوات ساعت,91861.0,7350007.0,675179.0,91861.0,7350007.0,675179.0,1402-01,1402,2023-04-20
ارفع,آهن و فولاد ارفع,steel,1402/01/31,گزارش فعالیت ماهانه دوره ۱ ماهه منتهی به  ۱۴۰۲/۰۱/۳۱,۱۴۰۲/۰۲/۰۹ ۱۲:۴۲:۳۰,1018306,False,https://excel.codal.ir/service/Excel/GetAll/Kn6cUhmOOObOOOUhno9eZV7LyBGw%3d%3d/0,گاز طبیعی,مترمکعب,30973718.0,22005.0,681580.0,30973718.0,22005.0,681580.0,1402-01,1402,2023-04-20
ارفع,آهن و فولاد ارفع,steel,1402/02/31,گزارش فعالیت ماهانه دوره ۱ ماهه منتهی به  ۱۴۰۲/۰۲/۳۱,۱۴۰۲/۰۳/۰۲ ۲۰:۰۷:۰۷,1030104,False,https://excel.codal.ir/service/Excel/GetAll/kpx0l8Z1nRwy3VI4iSgHAA%3d%3d/0,آب,مترمکعب,68669.0,330411.0,22689.0,138739.0,330412.0,45841.0,1402-02,1402,2023-05-21
ارفع,آهن و فولاد ارفع,steel,1402/02/31,گزارش فعالیت ماهانه دوره ۱ ماهه منتهی به  ۱۴۰۲/۰۲/۳۱,۱۴۰۲/۰۳/۰۲ ۲۰:۰۷:۰۷,1030104,False,https://excel.codal.ir/service/Excel/GetAll/kpx0l8Z1nRwy3VI4iSgHAA%3d%3d/0,برق,مگاوات ساعت,87171.0,6739994.0,587532.0,175135.0,6740063.0,1180421.0,1402-02,1402,2023-05-21
ارفع,آهن و فولاد ارفع,steel,1402/02/31,گزارش فعالیت ماهانه دوره ۱ ماهه منتهی به  ۱۴۰۲/۰۲/۳۱,۱۴۰۲/۰۳/۰۲ ۲۰:۰۷:۰۷,1030104,False,https://excel.codal.ir/service/Excel/GetAll/kpx0l8Z1nRwy3VI4iSgHAA%3d%3d/0,گاز طبیعی,مترمکعب,31766821.0,23041.0,731950.0,62739937.0,23029.0,1444861.0,1402-02,1402,2023-05-21
ارفع,آهن و فولاد ارفع,steel,1402/03/31,گزارش فعالیت ماهانه دوره ۱ ماهه منتهی به  ۱۴۰۲/۰۳/۳۱,۱۴۰۲/۰۴/۰۵ ۱۸:۰۳:۵۴,1045546,False,https://excel.codal.ir/service/Excel/GetAll/Ie2GsPxZQQQaQQQMzahSBvBL7v4w%3d%3d/0,آب,مترمکعب,89220.0,330397.0,29478.0,227959.0,330406.0,75319.0,1402-03,1402,2023-06-21
ارفع,آهن و فولاد ارفع,steel,1402/03/31,گزارش فعالیت ماهانه دوره ۱ ماهه منتهی به  ۱۴۰۲/۰۳/۳۱,۱۴۰۲/۰۴/۰۵ ۱۸:۰۳:۵۴,1045546,False,https://excel.codal.ir/service/Excel/GetAll/Ie2GsPxZQQQaQQQMzahSBvBL7v4w%3d%3d/0,برق,مگاوات ساعت,88013.0,6010010.0,528959.0,261640.0,6255542.0,1636700.0,1402-03,1402,2023-06-21
ارفع,آهن و فولاد ارفع,steel,1402/03/31,گزارش فعالیت ماهانه دوره ۱ ماهه منتهی به  ۱۴۰۲/۰۳/۳۱,۱۴۰۲/۰۴/۰۵ ۱۸:۰۳:۵۴,1045546,False,https://excel.codal.ir/service/Excel/GetAll/Ie2GsPxZQQQaQQQMzahSBvBL7v4w%3d%3d/0,گاز طبیعی,مترمکعب,32000000.0,22006.0,704192.0,94739937.0,22684.0,2149053.0,1402-03,1402,2023-06-21
ارفع,آهن و فولاد ارفع,steel,1402/04/31,گزارش فعالیت ماهانه دوره ۱ ماهه منتهی به  ۱۴۰۲/۰۴/۳۱,۱۴۰۲/۰۵/۰۴ ۱۴:۵۴:۳۶,1064207,False,https://excel.codal.ir/service/Excel/GetAll/8Uemp0eCXHG2GX9ULDkZ5A%3d%3d/0,آب,مترمکعب,60000.0,350000.0,21000.0,323039.0,345748.0,111690.0,1402-04,1402,2023-07-22
ارفع,آهن و فولاد ارفع,steel,1402/04/31,گزارش فعالیت ماهانه دوره ۱ ماهه منتهی به  ۱۴۰۲/۰۴/۳۱,۱۴۰۲/۰۵/۰۴ ۱۴:۵۴:۳۶,1064207,False,https://excel.codal.ir/service/Excel/GetAll/8Uemp0eCXHG2GX9ULDkZ5A%3d%3d/0,برق,مگاوات ساعت,66547.0,5379972.0,358021.0,328534.0,5908475.0,1941135.0,1402-04,1402,2023-07-22
ارفع,آهن و فولاد ارفع,steel,1402/04/31,گزارش فعالیت ماهانه دوره ۱ ماهه منتهی به  ۱۴۰۲/۰۴/۳۱,۱۴۰۲/۰۵/۰۴ ۱۴:۵۴:۳۶,1064207,False,https://excel.codal.ir/service/Excel/GetAll/8Uemp0eCXHG2GX9ULDkZ5A%3d%3d/0,گاز طبیعی,مترمکعب,32383663.0,48006.0,1554615.0,126456269.0,29645.0,3748833.0,1402-04,1402,2023-07-22
ارفع,آهن و فولاد ارفع,steel,1402/05/31,گزارش فعالیت ماهانه دوره ۱ ماهه منتهی به  ۱۴۰۲/۰۵/۳۱,۱۴۰۲/۰۶/۰۵ ۱۶:۴۰:۳۵,1074713,False,https://excel.codal.ir/service/Excel/GetAll/JynOOObOOOkvtDFp3Y5v6vX8PQQQaQQQCg%3d%3d/0,آب,مترمکعب,60000.0,404233.0,24254.0,371519.0,366164.0,136037.0,1402-05,1402,2023-08-22
ارفع,آهن و فولاد ارفع,steel,1402/05/31,گزارش فعالیت ماهانه دوره ۱ ماهه منتهی به  ۱۴۰۲/۰۵/۳۱,۱۴۰۲/۰۶/۰۵ ۱۶:۴۰:۳۵,1074713,False,https://excel.codal.ir/service/Excel/GetAll/JynOOObOOOkvtDFp3Y5v6vX8PQQQaQQQCg%3d%3d/0,برق,مگاوات ساعت,35257.0,6376039.0,224800.0,368496.0,6139033.0,2262209.0,1402-05,1402,2023-08-22
ارفع,آهن و فولاد ارفع,steel,1402/05/31,گزارش فعالیت ماهانه دوره ۱ ماهه منتهی به  ۱۴۰۲/۰۵/۳۱,۱۴۰۲/۰۶/۰۵ ۱۶:۴۰:۳۵,1074713,False,https://excel.codal.ir/service/Excel/GetAll/JynOOObOOOkvtDFp3Y5v6vX8PQQQaQQQCg%3d%3d/0,گاز طبیعی,مترمکعب,28500292.0,44006.0,1254190.0,154956561.0,32287.0,5003023.0,1402-05,1402,2023-08-22
ارفع,آهن و فولاد ارفع,steel,1402/06/31,گزارش فعالیت ماهانه دوره ۱ ماهه منتهی به  ۱۴۰۲/۰۶/۳۱,۱۴۰۲/۰۷/۰۸ ۱۳:۱۳:۵۱,1087458,False,https://excel.codal.ir/service/Excel/GetAll/8MJxV1uWuzWhqiOT04wnLA%3d%3d/0,آب,مترمکعب,106950.0,467508.0,50000.0,471219.0,397633.0,187372.0,1402-06,1402,2023-09-22
ارفع,آهن و فولاد ارفع,steel,1402/06/31,گزارش فعالیت ماهانه دوره ۱ ماهه منتهی به  ۱۴۰۲/۰۶/۳۱,۱۴۰۲/۰۷/۰۸ ۱۳:۱۳:۵۱,1087458,False,https://excel.codal.ir/service/Excel/GetAll/8MJxV1uWuzWhqiOT04wnLA%3d%3d/0,برق,مگاوات ساعت,70654.0,6369066.0,450000.0,446919.0,6103287.0,2727675.0,1402-06,1402,2023-09-22
ارفع,آهن و فولاد ارفع,steel,1402/06/31,گزارش فعالیت ماهانه دوره ۱ ماهه منتهی به  ۱۴۰۲/۰۶/۳۱,۱۴۰۲/۰۷/۰۸ ۱۳:۱۳:۵۱,1087458,False,https://excel.codal.ir/service/Excel/GetAll/8MJxV1uWuzWhqiOT04wnLA%3d%3d/0,گاز طبیعی,مترمکعب,31570257.0,46068.0,1454375.0,177526818.0,36374.0,6457399.0,1402-06,1402,2023-09-22
ارفع,آهن و فولاد ارفع,steel,1402/07/30,گزارش فعالیت ماهانه دوره ۱ ماهه منتهی به  ۱۴۰۲/۰۷/۳۰,۱۴۰۲/۰۸/۰۶ ۱۳:۳۶:۳۴,1097150,False,https://excel.codal.ir/service/Excel/GetAll/7VQgvVbNOZvbukLCGDGZNQ%3d%3d/0,آب,مترمکعب,77350.0,485081.0,37521.0,545569.0,412995.0,225317.0,1402-07,1402,2023-10-22
ارفع,آهن و فولاد ارفع,steel,1402/07/30,گزارش فعالیت ماهانه دوره ۱ ماهه منتهی به  ۱۴۰۲/۰۷/۳۰,۱۴۰۲/۰۸/۰۶ ۱۳:۳۶:۳۴,1097150,False,https://excel.codal.ir/service/Excel/GetAll/7VQgvVbNOZvbukLCGDGZNQ%3d%3d/0,برق,مگاوات ساعت,93908.0,6176002.0,579976.0,542399.0,6090946.0,3303723.0,1402-07,1402,2023-10-22
ارفع,آهن و فولاد ارفع,steel,1402/07/30,گزارش فعالیت ماهانه دوره ۱ ماهه منتهی به  ۱۴۰۲/۰۷/۳۰,۱۴۰۲/۰۸/۰۶ ۱۳:۳۶:۳۴,1097150,False,https://excel.codal.ir/service/Excel/GetAll/7VQgvVbNOZvbukLCGDGZNQ%3d%3d/0,گاز طبیعی,مترمکعب,28381312.0,44006.0,1248948.0,214908130.0,35859.0,7706346.0,1402-07,1402,2023-10-22
ارفع,آهن و فولاد ارفع,steel,1402/08/30,گزارش فعالیت ماهانه دوره ۱ ماهه منتهی به  ۱۴۰۲/۰۸/۳۰,۱۴۰۲/۰۹/۰۵ ۱۵:۲۸:۰۲,1112233,False,https://excel.codal.ir/service/Excel/GetAll/v7fRLseQ4eu8JkcUaRXDTw%3d%3d/0,آب,مترمکعب,85000.0,485082.0,41232.0,630569.0,485274.0,305999.0,1402-08,1402,2023-11-21
ارفع,آهن و فولاد ارفع,steel,1402/08/30,گزارش فعالیت ماهانه دوره ۱ ماهه منتهی به  ۱۴۰۲/۰۸/۳۰,۱۴۰۲/۰۹/۰۵ ۱۵:۲۸:۰۲,1112233,False,https://excel.codal.ir/service/Excel/GetAll/v7fRLseQ4eu8JkcUaRXDTw%3d%3d/0,برق,مگاوات ساعت,87229.0,6070997.0,529567.0,620761.0,6071274.0,3768810.0,1402-08,1402,2023-11-21
ارفع,آهن و فولاد ارفع,steel,1402/08/30,گزارش فعالیت ماهانه دوره ۱ ماهه منتهی به  ۱۴۰۲/۰۸/۳۰,۱۴۰۲/۰۹/۰۵ ۱۵:۲۸:۰۲,1112233,False,https://excel.codal.ir/service/Excel/GetAll/v7fRLseQ4eu8JkcUaRXDTw%3d%3d/0,گاز طبیعی,مترمکعب,32060109.0,36006.0,1154351.0,247280929.0,35888.0,8874456.0,1402-08,1402,2023-11-21
ارفع,آهن و فولاد ارفع,steel,1402/11/30,گزارش فعالیت ماهانه دوره ۱ ماهه منتهی به  ۱۴۰۲/۱۱/۳۰,۱۴۰۲/۱۲/۰۸ ۱۳:۲۹:۱۲,1158197,False,https://excel.codal.ir/service/Excel/GetAll/7xi0anbWXsE60tzalAe4OOObOOOg%3d%3d/0,آب,مترمکعب,34645.0,485092.0,16806.0,794724.0,485235.0,385628.0,1402-11,1402,2024-02-19
ارفع,آهن و فولاد ارفع,steel,1402/11/30,گزارش فعالیت ماهانه دوره ۱ ماهه منتهی به  ۱۴۰۲/۱۱/۳۰,۱۴۰۲/۱۲/۰۸ ۱۳:۲۹:۱۲,1158197,False,https://excel.codal.ir/service/Excel/GetAll/7xi0anbWXsE60tzalAe4OOObOOOg%3d%3d/0,برق,مگاوات ساعت,56692.0,6826995.0,387036.0,832594.0,6827175.0,5684265.0,1402-11,1402,2024-02-19
ارفع,آهن و فولاد ارفع,steel,1402/11/30,گزارش فعالیت ماهانه دوره ۱ ماهه منتهی به  ۱۴۰۲/۱۱/۳۰,۱۴۰۲/۱۲/۰۸ ۱۳:۲۹:۱۲,1158197,False,https://excel.codal.ir/service/Excel/GetAll/7xi0anbWXsE60tzalAe4OOObOOOg%3d%3d/0,گاز طبیعی,مترمکعب,8213218.0,37269.0,306101.0,293774691.0,36495.0,10721269.0,1402-11,1402,2024-02-19
ارفع,آهن و فولاد ارفع,steel,1402/12/29,گزارش فعالیت ماهانه دوره ۱ ماهه منتهی به  ۱۴۰۲/۱۲/۲۹,۱۴۰۳/۰۱/۰۷ ۱۲:۳۸:۵۱,1172202,False,https://excel.codal.ir/service/Excel/GetAll/7eAIYU2P8F9IvJND1WH67w%3d%3d/0,آب,مترمکعب,56000.0,485071.0,27164.0,873778.0,485221.0,423975.0,1402-12,1402,2024-03-19
ارفع,آهن و فولاد ارفع,steel,1402/12/29,گزارش فعالیت ماهانه دوره ۱ ماهه منتهی به  ۱۴۰۲/۱۲/۲۹,۱۴۰۳/۰۱/۰۷ ۱۲:۳۸:۵۱,1172202,False,https://excel.codal.ir/service/Excel/GetAll/7eAIYU2P8F9IvJND1WH67w%3d%3d/0,برق,مگاوات ساعت,61542.0,8944054.0,550435.0,900644.0,7530956.0,6782710.0,1402-12,1402,2024-03-19
ارفع,آهن و فولاد ارفع,steel,1402/12/29,گزارش فعالیت ماهانه دوره ۱ ماهه منتهی به  ۱۴۰۲/۱۲/۲۹,۱۴۰۳/۰۱/۰۷ ۱۲:۳۸:۵۱,1172202,False,https://excel.codal.ir/service/Excel/GetAll/7eAIYU2P8F9IvJND1WH67w%3d%3d/0,گاز طبیعی,مترمکعب,16918276.0,41865.0,708283.0,310679974.0,36788.0,11429147.0,1402-12,1402,2024-03-19
ارفع,آهن و فولاد ارفع,steel,1403/01/31,گزارش فعالیت ماهانه دوره ۱ ماهه منتهی به  ۱۴۰۳/۰۱/۳۱,۱۴۰۳/۰۲/۰۳ ۱۵:۱۷:۰۴,1180304,False,https://excel.codal.ir/service/Excel/GetAll/CeJZYRRvGSKb1DvND0g47A%3d%3d/0,آب,مترمکعب,100000.0,675000.0,67500.0,100000.0,675000.0,67500.0,1403-01,1403,2024-04-19
ارفع,آهن و فولاد ارفع,steel,1403/01/31,گزارش فعالیت ماهانه دوره ۱ ماهه منتهی به  ۱۴۰۳/۰۱/۳۱,۱۴۰۳/۰۲/۰۳ ۱۵:۱۷:۰۴,1180304,False,https://excel.codal.ir/service/Excel/GetAll/CeJZYRRvGSKb1DvND0g47A%3d%3d/0,برق,مگاوات ساعت,97328.0,14795013.0,1439969.0,97328.0,14795013.0,1439969.0,1403-01,1403,2024-04-19
ارفع,آهن و فولاد ارفع,steel,1403/01/31,گزارش فعالیت ماهانه دوره ۱ ماهه منتهی به  ۱۴۰۳/۰۱/۳۱,۱۴۰۳/۰۲/۰۳ ۱۵:۱۷:۰۴,1180304,False,https://excel.codal.ir/service/Excel/GetAll/CeJZYRRvGSKb1DvND0g47A%3d%3d/0,گاز طبیعی,مترمکعب,32189304.0,45669.0,1470067.0,32189304.0,45669.0,1470067.0,1403-01,1403,2024-04-19
ارفع,آهن و فولاد ارفع,steel,1403/02/31,گزارش فعالیت ماهانه دوره ۱ ماهه منتهی به  ۱۴۰۳/۰۲/۳۱,۱۴۰۳/۰۳/۰۷ ۱۳:۰۰:۱۴,1196205,False,https://excel.codal.ir/service/Excel/GetAll/SedE3IWajXydMlwCOKv3ew%3d%3d/0,آب,مترمکعب,150000.0,675000.0,101250.0,300000.0,675000.0,202500.0,1403-02,1403,2024-05-20
ارفع,آهن و فولاد ارفع,steel,1403/02/31,گزارش فعالیت ماهانه دوره ۱ ماهه منتهی به  ۱۴۰۳/۰۲/۳۱,۱۴۰۳/۰۳/۰۷ ۱۳:۰۰:۱۴,1196205,False,https://excel.codal.ir/service/Excel/GetAll/SedE3IWajXydMlwCOKv3ew%3d%3d/0,برق,مگاوات ساعت,97325.0,14015998.0,1364107.0,184974.0,14015851.0,2592568.0,1403-02,1403,2024-05-20
ارفع,آهن و فولاد ارفع,steel,1403/02/31,گزارش فعالیت ماهانه دوره ۱ ماهه منتهی به  ۱۴۰۳/۰۲/۳۱,۱۴۰۳/۰۳/۰۷ ۱۳:۰۰:۱۴,1196205,False,https://excel.codal.ir/service/Excel/GetAll/SedE3IWajXydMlwCOKv3ew%3d%3d/0,گاز طبیعی,مترمکعب,34872714.0,45670.0,1592637.0,67062018.0,45670.0,3062704.0,1403-02,1403,2024-05-20
ارفع,آهن و فولاد ارفع,steel,1403/03/31,گزارش فعالیت ماهانه دوره ۱ ماهه منتهی به  ۱۴۰۳/۰۳/۳۱,۱۴۰۳/۰۴/۰۴ ۱۱:۱۵:۴۲,1207131,False,https://excel.codal.ir/service/Excel/GetAll/n3UpHYRYWG2kK67UTDNDpg%3d%3d/0,آب,مترمکعب,150000.0,675000.0,101250.0,450000.0,675000.0,303750.0,1403-03,1403,2024-06-20
ارفع,آهن و فولاد ارفع,steel,1403/03/31,گزارش فعالیت ماهانه دوره ۱ ماهه منتهی به  ۱۴۰۳/۰۳/۳۱,۱۴۰۳/۰۴/۰۴ ۱۱:۱۵:۴۲,1207131,False,https://excel.codal.ir/service/Excel/GetAll/n3UpHYRYWG2kK67UTDNDpg%3d%3d/0,برق,مگاوات ساعت,76054.0,15053949.0,1144913.0,252148.0,15053925.0,3795817.0,1403-03,1403,2024-06-20
ارفع,آهن و فولاد ارفع,steel,1403/03/31,گزارش فعالیت ماهانه دوره ۱ ماهه منتهی به  ۱۴۰۳/۰۳/۳۱,۱۴۰۳/۰۴/۰۴ ۱۱:۱۵:۴۲,1207131,False,https://excel.codal.ir/service/Excel/GetAll/n3UpHYRYWG2kK67UTDNDpg%3d%3d/0,گاز طبیعی,مترمکعب,31971905.0,36732.0,1174392.0,95758041.0,39276.0,3761017.0,1403-03,1403,2024-06-20
ارفع,آهن و فولاد ارفع,steel,1403/04/31,گزارش فعالیت ماهانه دوره ۱ ماهه منتهی به  ۱۴۰۳/۰۴/۳۱,۱۴۰۳/۰۵/۰۶ ۰۹:۵۸:۲۸,1225869,False,https://excel.codal.ir/service/Excel/GetAll/mokQQQaQQQaxm6VdjxB8TGhwdiwQ%3d%3d/0,آب,مترمکعب,150000.0,675000.0,101250.0,600000.0,675000.0,405000.0,1403-04,1403,2024-07-21
ارفع,آهن و فولاد ارفع,steel,1403/04/31,گزارش فعالیت ماهانه دوره ۱ ماهه منتهی به  ۱۴۰۳/۰۴/۳۱,۱۴۰۳/۰۵/۰۶ ۰۹:۵۸:۲۸,1225869,False,https://excel.codal.ir/service/Excel/GetAll/mokQQQaQQQaxm6VdjxB8TGhwdiwQ%3d%3d/0,برق,مگاوات ساعت,37142.0,17155188.0,637178.0,286453.0,15863496.0,4544146.0,1403-04,1403,2024-07-21
ارفع,آهن و فولاد ارفع,steel,1403/04/31,گزارش فعالیت ماهانه دوره ۱ ماهه منتهی به  ۱۴۰۳/۰۴/۳۱,۱۴۰۳/۰۵/۰۶ ۰۹:۵۸:۲۸,1225869,False,https://excel.codal.ir/service/Excel/GetAll/mokQQQaQQQaxm6VdjxB8TGhwdiwQ%3d%3d/0,گاز طبیعی,مترمکعب,29497659.0,33000.0,973423.0,124710812.0,37251.0,4645602.0,1403-04,1403,2024-07-21
ارفع,آهن و فولاد ارفع,steel,1403/05/31,گزارش فعالیت ماهانه دوره ۱ ماهه منتهی به  ۱۴۰۳/۰۵/۳۱,۱۴۰۳/۰۶/۰۵ ۱۴:۱۸:۴۹,1238970,False,https://excel.codal.ir/service/Excel/GetAll/qDFG8AN6QQQaQQQ7CkfnQQQaQQQ65hsFqA%3d%3d/0,آب,مترمکعب,150000.0,675000.0,101250.0,750000.0,675000.0,506250.0,1403-05,1403,2024-08-21
ارفع,آهن و فولاد ارفع,steel,1403/05/31,گزارش فعالیت ماهانه دوره ۱ ماهه منتهی به  ۱۴۰۳/۰۵/۳۱,۱۴۰۳/۰۶/۰۵ ۱۴:۱۸:۴۹,1238970,False,https://excel.codal.ir/service/Excel/GetAll/qDFG8AN6QQQaQQQ7CkfnQQQaQQQ65hsFqA%3d%3d/0,برق,مگاوات ساعت,17865.0,17155220.0,306478.0,304318.0,15939330.0,4850625.0,1403-05,1403,2024-08-21
ارفع,آهن و فولاد ارفع,steel,1403/05/31,گزارش فعالیت ماهانه دوره ۱ ماهه منتهی به  ۱۴۰۳/۰۵/۳۱,۱۴۰۳/۰۶/۰۵ ۱۴:۱۸:۴۹,1238970,False,https://excel.codal.ir/service/Excel/GetAll/qDFG8AN6QQQaQQQ7CkfnQQQaQQQ65hsFqA%3d%3d/0,گاز طبیعی,مترمکعب,28453524.0,33006.0,939137.0,154364729.0,38752.0,5982001.0,1403-05,1403,2024-08-21
ارفع,آهن و فولاد ارفع,steel,1403/06/31,گزارش فعالیت ماهانه دوره ۱ ماهه منتهی به  ۱۴۰۳/۰۶/۳۱,۱۴۰۳/۰۷/۰۴ ۰۸:۲۰:۳۷,1248655,False,https://excel.codal.ir/service/Excel/GetAll/11SsROEORCHCrGEOPL7R3Q%3d%3d/0,آب,مترمکعب,150000.0,675000.0,101250.0,900000.0,675000.0,607500.0,1403-06,1403,2024-09-21
ارفع,آهن و فولاد ارفع,steel,1403/06/31,گزارش فعالیت ماهانه دوره ۱ ماهه منتهی به  ۱۴۰۳/۰۶/۳۱,۱۴۰۳/۰۷/۰۴ ۰۸:۲۰:۳۷,1248655,False,https://excel.codal.ir/service/Excel/GetAll/11SsROEORCHCrGEOPL7R3Q%3d%3d/0,برق,مگاوات ساعت,65965.0,17336891.0,1143628.0,379475.0,17336760.0,6578867.0,1403-06,1403,2024-09-21
ارفع,آهن و فولاد ارفع,steel,1403/06/31,گزارش فعالیت ماهانه دوره ۱ ماهه منتهی به  ۱۴۰۳/۰۶/۳۱,۱۴۰۳/۰۷/۰۴ ۰۸:۲۰:۳۷,1248655,False,https://excel.codal.ir/service/Excel/GetAll/11SsROEORCHCrGEOPL7R3Q%3d%3d/0,گاز طبیعی,مترمکعب,35613988.0,36006.0,1282304.0,190467971.0,35206.0,6705581.0,1403-06,1403,2024-09-21
ارفع,آهن و فولاد ارفع,steel,1403/07/30,گزارش فعالیت ماهانه دوره ۱ ماهه منتهی به  ۱۴۰۳/۰۷/۳۰,۱۴۰۳/۰۸/۰۵ ۱۱:۱۰:۲۸,1261393,False,https://excel.codal.ir/service/Excel/GetAll/hjr1luDQToUVoQTUrpLANw%3d%3d/0,آب,مترمکعب,190000.0,1644242.0,312406.0,978109.0,1792462.0,1753223.0,1403-07,1403,2024-10-21
ارفع,آهن و فولاد ارفع,steel,1403/07/30,گزارش فعالیت ماهانه دوره ۱ ماهه منتهی به  ۱۴۰۳/۰۷/۳۰,۱۴۰۳/۰۸/۰۵ ۱۱:۱۰:۲۸,1261393,False,https://excel.codal.ir/service/Excel/GetAll/hjr1luDQToUVoQTUrpLANw%3d%3d/0,برق,مگاوات ساعت,78159.0,17170102.0,1341998.0,460521.0,17170038.0,7907163.0,1403-07,1403,2024-10-21
ارفع,آهن و فولاد ارفع,steel,1403/07/30,گزارش فعالیت ماهانه دوره ۱ ماهه منتهی به  ۱۴۰۳/۰۷/۳۰,۱۴۰۳/۰۸/۰۵ ۱۱:۱۰:۲۸,1261393,False,https://excel.codal.ir/service/Excel/GetAll/hjr1luDQToUVoQTUrpLANw%3d%3d/0,گاز طبیعی,مترمکعب,32169757.0,33555.0,1079464.0,222637728.0,34967.0,7785045.0,1403-07,1403,2024-10-21
ارفع,آهن و فولاد ارفع,steel,1403/08/30,گزارش فعالیت ماهانه دوره ۱ ماهه منتهی به  ۱۴۰۳/۰۸/۳۰,۱۴۰۳/۰۹/۰۴ ۱۴:۰۵:۵۹,1273885,False,https://excel.codal.ir/service/Excel/GetAll/CNKTK4i65aOOObOOOJgLDWHmVyRA%3d%3d/0,آب,مترمکعب,111787.0,1644243.0,183805.0,1089896.0,1777259.0,1937027.0,1403-08,1403,2024-11-20
ارفع,آهن و فولاد ارفع,steel,1403/08/30,گزارش فعالیت ماهانه دوره ۱ ماهه منتهی به  ۱۴۰۳/۰۸/۳۰,۱۴۰۳/۰۹/۰۴ ۱۴:۰۵:۵۹,1273885,False,https://excel.codal.ir/service/Excel/GetAll/CNKTK4i65aOOObOOOJgLDWHmVyRA%3d%3d/0,برق,مگاوات ساعت,73685.0,17717012.0,1305478.0,533903.0,17722667.0,9462185.0,1403-08,1403,2024-11-20
ارفع,آهن و فولاد ارفع,steel,1403/08/30,گزارش فعالیت ماهانه دوره ۱ ماهه منتهی به  ۱۴۰۳/۰۸/۳۰,۱۴۰۳/۰۹/۰۴ ۱۴:۰۵:۵۹,1273885,False,https://excel.codal.ir/service/Excel/GetAll/CNKTK4i65aOOObOOOJgLDWHmVyRA%3d%3d/0,گاز طبیعی,مترمکعب,24172321.0,37931.0,916880.0,246810049.0,35258.0,8701924.0,1403-08,1403,2024-11-20
ارفع,آهن و فولاد ارفع,steel,1403/09/30,گزارش فعالیت ماهانه دوره ۱ ماهه منتهی به  ۱۴۰۳/۰۹/۳۰(اصلاحیه),۱۴۰۳/۱۰/۳۰ ۰۹:۱۰:۵۰,1297310,True,https://excel.codal.ir/service/Excel/GetAll/81WKukv6CtZBKxPawIR89A%3d%3d/0,آب,مترمکعب,97107.0,1644238.0,159667.0,1187003.0,1766376.0,2096694.0,1403-09,1403,2024-12-20
ارفع,آهن و فولاد ارفع,steel,1403/09/30,گزارش فعالیت ماهانه دوره ۱ ماهه منتهی به  ۱۴۰۳/۰۹/۳۰(اصلاحیه),۱۴۰۳/۱۰/۳۰ ۰۹:۱۰:۵۰,1297310,True,https://excel.codal.ir/service/Excel/GetAll/81WKukv6CtZBKxPawIR89A%3d%3d/0,برق,مگاوات ساعت,72995.0,17476087.0,1275667.0,610960.0,17476033.0,10677157.0,1403-09,1403,2024-12-20
ارفع,آهن و فولاد ارفع,steel,1403/09/30,گزارش فعالیت ماهانه دوره ۱ ماهه منتهی به  ۱۴۰۳/۰۹/۳۰(اصلاحیه),۱۴۰۳/۱۰/۳۰ ۰۹:۱۰:۵۰,1297310,True,https://excel.codal.ir/service/Excel/GetAll/81WKukv6CtZBKxPawIR89A%3d%3d/0,گاز طبیعی,مترمکعب,20085732.0,41733.0,838237.0,267856371.0,37547.0,10057096.0,1403-09,1403,2024-12-20
ارفع,آهن و فولاد ارفع,steel,1403/10/30,گزارش فعالیت ماهانه دوره ۱ ماهه منتهی به  ۱۴۰۳/۱۰/۳۰,۱۴۰۳/۱۱/۰۲ ۱۶:۲۳:۰۷,1298802,False,https://excel.codal.ir/service/Excel/GetAll/BSDw7VXHTrUwfxtzZT3QQQaQQQQQ%3d%3d/0,آب,مترمکعب,127574.0,1872764.0,238916.0,1643098.0,1500629.0,2465680.0,1403-10,1403,2025-01-19
ارفع,آهن و فولاد ارفع,steel,1403/10/30,گزارش فعالیت ماهانه دوره ۱ ماهه منتهی به  ۱۴۰۳/۱۰/۳۰,۱۴۰۳/۱۱/۰۲ ۱۶:۲۳:۰۷,1298802,False,https://excel.codal.ir/service/Excel/GetAll/BSDw7VXHTrUwfxtzZT3QQQaQQQQQ%3d%3d/0,برق,مگاوات ساعت,53074.0,17305931.0,918495.0,666313.0,17306189.0,11531339.0,1403-10,1403,2025-01-19
ارفع,آهن و فولاد ارفع,steel,1403/10/30,گزارش فعالیت ماهانه دوره ۱ ماهه منتهی به  ۱۴۰۳/۱۰/۳۰,۱۴۰۳/۱۱/۰۲ ۱۶:۲۳:۰۷,1298802,False,https://excel.codal.ir/service/Excel/GetAll/BSDw7VXHTrUwfxtzZT3QQQaQQQQQ%3d%3d/0,گاز طبیعی,مترمکعب,15923685.0,41734.0,664559.0,283780056.0,37782.0,10721655.0,1403-10,1403,2025-01-19
ارفع,آهن و فولاد ارفع,steel,1403/11/30,گزارش فعالیت ماهانه دوره ۱ ماهه منتهی به  ۱۴۰۳/۱۱/۳۰,۱۴۰۳/۱۲/۰۵ ۱۵:۲۹:۳۱,1309762,False,https://excel.codal.ir/service/Excel/GetAll/xGS1ES2T0PObpTq7g8h76A%3d%3d/0,آب,مترمکعب,53581.0,2198914.0,117820.0,1696679.0,1522680.0,2583500.0,1403-11,1403,2025-02-18
ارفع,آهن و فولاد ارفع,steel,1403/11/30,گزارش فعالیت ماهانه دوره ۱ ماهه منتهی به  ۱۴۰۳/۱۱/۳۰,۱۴۰۳/۱۲/۰۵ ۱۵:۲۹:۳۱,1309762,False,https://excel.codal.ir/service/Excel/GetAll/xGS1ES2T0PObpTq7g8h76A%3d%3d/0,برق,مگاوات ساعت,24956.0,16594005.0,414120.0,697695.0,17220025.0,12014325.0,1403-11,1403,2025-02-18
ارفع,آهن و فولاد ارفع,steel,1403/11/30,گزارش فعالیت ماهانه دوره ۱ ماهه منتهی به  ۱۴۰۳/۱۱/۳۰,۱۴۰۳/۱۲/۰۵ ۱۵:۲۹:۳۱,1309762,False,https://excel.codal.ir/service/Excel/GetAll/xGS1ES2T0PObpTq7g8h76A%3d%3d/0,گاز طبیعی,مترمکعب,5776432.0,76133.0,439777.0,287592519.0,38862.0,11176430.0,1403-11,1403,2025-02-18
ارفع,آهن و فولاد ارفع,steel,1403/12/30,گزارش فعالیت ماهانه دوره ۱ ماهه منتهی به  ۱۴۰۳/۱۲/۳۰(اصلاحیه),۱۴۰۴/۰۱/۳۱ ۱۱:۰۷:۲۸,1332532,True,https://excel.codal.ir/service/Excel/GetAll/9iQmxE9N1tFekU9sAM1QIg%3d%3d/0,آب,مترمکعب,118000.0,3086525.0,364210.0,1809809.0,1615345.0,2923466.0,1403-12,1403,2025-03-20
ارفع,آهن و فولاد ارفع,steel,1403/12/30,گزارش فعالیت ماهانه دوره ۱ ماهه منتهی به  ۱۴۰۳/۱۲/۳۰(اصلاحیه),۱۴۰۴/۰۱/۳۱ ۱۱:۰۷:۲۸,1332532,True,https://excel.codal.ir/service/Excel/GetAll/9iQmxE9N1tFekU9sAM1QIg%3d%3d/0,برق,مگاوات ساعت,52763.0,16594091.0,875554.0,758656.0,16892963.0,12815948.0,1403-12,1403,2025-03-20
ارفع,آهن و فولاد ارفع,steel,1403/12/30,گزارش فعالیت ماهانه دوره ۱ ماهه منتهی به  ۱۴۰۳/۱۲/۳۰(اصلاحیه),۱۴۰۴/۰۱/۳۱ ۱۱:۰۷:۲۸,1332532,True,https://excel.codal.ir/service/Excel/GetAll/9iQmxE9N1tFekU9sAM1QIg%3d%3d/0,گاز طبیعی,مترمکعب,24687273.0,85696.0,2115600.0,310353392.0,42463.0,13178663.0,1403-12,1403,2025-03-20
ارفع,آهن و فولاد ارفع,steel,1404/01/31,گزارش فعالیت ماهانه دوره ۱ ماهه منتهی به  ۱۴۰۴/۰۱/۳۱,۱۴۰۴/۰۲/۰۶ ۱۶:۳۸:۵۱,1335302,False,https://excel.codal.ir/service/Excel/GetAll/hPKGKmedYJCbRjj8iFJyBg%3d%3d/0,آب,مترمکعب,186991.0,4087571.0,764339.0,186991.0,4087571.0,764339.0,1404-01,1404,2025-04-20
ارفع,آهن و فولاد ارفع,steel,1404/01/31,گزارش فعالیت ماهانه دوره ۱ ماهه منتهی به  ۱۴۰۴/۰۱/۳۱,۱۴۰۴/۰۲/۰۶ ۱۶:۳۸:۵۱,1335302,False,https://excel.codal.ir/service/Excel/GetAll/hPKGKmedYJCbRjj8iFJyBg%3d%3d/0,برق,مگاوات ساعت,99378.0,16769949.0,1666564.0,99378.0,16769949.0,1666564.0,1404-01,1404,2025-04-20
ارفع,آهن و فولاد ارفع,steel,1404/01/31,گزارش فعالیت ماهانه دوره ۱ ماهه منتهی به  ۱۴۰۴/۰۱/۳۱,۱۴۰۴/۰۲/۰۶ ۱۶:۳۸:۵۱,1335302,False,https://excel.codal.ir/service/Excel/GetAll/hPKGKmedYJCbRjj8iFJyBg%3d%3d/0,گاز طبیعی,مترمکعب,32452390.0,96994.0,3147686.0,32452390.0,96994.0,3147686.0,1404-01,1404,2025-04-20
ارفع,آهن و فولاد ارفع,steel,1404/02/31,گزارش فعالیت ماهانه دوره ۱ ماهه منتهی به  ۱۴۰۴/۰۲/۳۱(اصلاحیه),۱۴۰۴/۰۳/۱۰ ۱۴:۴۱:۲۱,1353147,True,https://excel.codal.ir/service/Excel/GetAll/BLI0xuMj81o0Xvi0O42TiA%3d%3d/0,آب,مترمکعب,200000.0,4039140.0,807828.0,386991.0,4062542.0,1572167.0,1404-02,1404,2025-05-21
ارفع,آهن و فولاد ارفع,steel,1404/02/31,گزارش فعالیت ماهانه دوره ۱ ماهه منتهی به  ۱۴۰۴/۰۲/۳۱(اصلاحیه),۱۴۰۴/۰۳/۱۰ ۱۴:۴۱:۲۱,1353147,True,https://excel.codal.ir/service/Excel/GetAll/BLI0xuMj81o0Xvi0O42TiA%3d%3d/0,برق,مگاوات ساعت,77835.0,45633288.0,3551867.0,165139.0,29313705.0,4840836.0,1404-02,1404,2025-05-21
ارفع,آهن و فولاد ارفع,steel,1404/03/31,گزارش فعالیت ماهانه دوره ۱ ماهه منتهی به  ۱۴۰۴/۰۳/۳۱(اصلاحیه),۱۴۰۴/۰۴/۱۱ ۱۶:۱۷:۴۳,1365550,True,https://excel.codal.ir/service/Excel/GetAll/3SDaGz21FQQQaQQQUkGWM5xJDoOOObOOOw%3d%3d/0,آب,مترمکعب,196475.0,4144110.0,814214.0,598454.0,4088735.0,2446920.0,1404-03,1404,2025-06-21
ارفع,آهن و فولاد ارفع,steel,1404/03/31,گزارش فعالیت ماهانه دوره ۱ ماهه منتهی به  ۱۴۰۴/۰۳/۳۱(اصلاحیه),۱۴۰۴/۰۴/۱۱ ۱۶:۱۷:۴۳,1365550,True,https://excel.codal.ir/service/Excel/GetAll/3SDaGz21FQQQaQQQUkGWM5xJDoOOObOOOw%3d%3d/0,برق,مگاوات ساعت,41695.0,66800456.0,2785245.0,206834.0,36870539.0,7626081.0,1404-03,1404,2025-06-21
ارفع,آهن و فولاد ارفع,steel,1404/04/31,گزارش فعالیت ماهانه دوره ۱ ماهه منتهی به  ۱۴۰۴/۰۴/۳۱(اصلاحیه),۱۴۰۴/۰۵/۲۱ ۱۴:۱۲:۳۲,1387629,True,https://excel.codal.ir/service/Excel/GetAll/8q5e1y9hpKw8GomW3WmnKw%3d%3d/0,آب,مترمکعب,229663.0,3054201.0,701437.0,828117.0,3801826.0,3148357.0,1404-04,1404,2025-07-22
ارفع,آهن و فولاد ارفع,steel,1404/04/31,گزارش فعالیت ماهانه دوره ۱ ماهه منتهی به  ۱۴۰۴/۰۴/۳۱(اصلاحیه),۱۴۰۴/۰۵/۲۱ ۱۴:۱۲:۳۲,1387629,True,https://excel.codal.ir/service/Excel/GetAll/8q5e1y9hpKw8GomW3WmnKw%3d%3d/0,برق,مگاوات ساعت,79378.0,56579606.0,4491176.0,287032.0,44293873.0,12713759.0,1404-04,1404,2025-07-22
ارفع,آهن و فولاد ارفع,steel,1404/05/31,گزارش فعالیت ماهانه دوره ۱ ماهه منتهی به  ۱۴۰۴/۰۵/۳۱(اصلاحیه),۱۴۰۴/۰۷/۰۲ ۱۳:۴۹:۴۴,1409322,True,https://excel.codal.ir/service/Excel/GetAll/nSGP20q01v3TqtXjFRBEJA%3d%3d/0,آب,مترمکعب,219659.0,3093413.0,679496.0,1047776.0,3653312.0,3827853.0,1404-05,1404,2025-08-22
ارفع,آهن و فولاد ارفع,steel,1404/05/31,گزارش فعالیت ماهانه دوره ۱ ماهه منتهی به  ۱۴۰۴/۰۵/۳۱(اصلاحیه),۱۴۰۴/۰۷/۰۲ ۱۳:۴۹:۴۴,1409322,True,https://excel.codal.ir/service/Excel/GetAll/nSGP20q01v3TqtXjFRBEJA%3d%3d/0,برق,مگاوات ساعت,67642.0,71212442.0,4816952.0,354849.0,52129672.0,18498162.0,1404-05,1404,2025-08-22
ارفع,آهن و فولاد ارفع,steel,1404/06/31,گزارش فعالیت ماهانه دوره ۱ ماهه منتهی به  ۱۴۰۴/۰۶/۳۱(اصلاحیه),۱۴۰۴/۰۷/۳۰ ۰۸:۵۰:۵۵,1423731,True,https://excel.codal.ir/service/Excel/GetAll/PHkJGBQrwEFpQQQaQQQF70pNIAdQ%3d%3d/0,آب,مترمکعب,196590.0,3018506.0,593408.0,1244366.0,3060710.0,3808643.0,1404-06,1404,2025-09-22
ارفع,آهن و فولاد ارفع,steel,1404/06/31,گزارش فعالیت ماهانه دوره ۱ ماهه منتهی به  ۱۴۰۴/۰۶/۳۱(اصلاحیه),۱۴۰۴/۰۷/۳۰ ۰۸:۵۰:۵۵,1423731,True,https://excel.codal.ir/service/Excel/GetAll/PHkJGBQrwEFpQQQaQQQF70pNIAdQ%3d%3d/0,برق,مگاوات ساعت,80499.0,73488677.0,5915765.0,435470.0,57063536.0,24849458.0,1404-06,1404,2025-09-22
ارفع,آهن و فولاد ارفع,steel,1404/07/30,گزارش فعالیت ماهانه دوره ۱ ماهه منتهی به  ۱۴۰۴/۰۷/۳۰,۱۴۰۴/۰۸/۰۶ ۱۴:۴۶:۴۴,1427527,False,https://excel.codal.ir/service/Excel/GetAll/lR3DGN32khUQQQaQQQDjAIMhztbw%3d%3d/0,آب,مترمکعب,207359.0,3452679.0,715944.0,1451725.0,3116697.0,4524587.0,1404-07,1404,2025-10-22
ارفع,آهن و فولاد ارفع,steel,1404/07/30,گزارش فعالیت ماهانه دوره ۱ ماهه منتهی به  ۱۴۰۴/۰۷/۳۰,۱۴۰۴/۰۸/۰۶ ۱۴:۴۶:۴۴,1427527,False,https://excel.codal.ir/service/Excel/GetAll/lR3DGN32khUQQQaQQQDjAIMhztbw%3d%3d/0,برق,مگاوات ساعت,79960.0,17338907.0,1386419.0,515430.0,50900951.0,26235877.0,1404-07,1404,2025-10-22
ارفع,آهن و فولاد ارفع,steel,1404/08/30,گزارش فعالیت ماهانه دوره ۱ ماهه منتهی به  ۱۴۰۴/۰۸/۳۰,۱۴۰۴/۰۹/۰۸ ۱۵:۴۱:۴۸,1444104,False,https://excel.codal.ir/service/Excel/GetAll/ZFVN6SPDCSziKpX8EUP5IA%3d%3d/0,آب,مترمکعب,171948.0,2804848.0,482288.0,1623673.0,3083672.0,5006875.0,1404-08,1404,2025-11-21
ارفع,آهن و فولاد ارفع,steel,1404/08/30,گزارش فعالیت ماهانه دوره ۱ ماهه منتهی به  ۱۴۰۴/۰۸/۳۰,۱۴۰۴/۰۹/۰۸ ۱۵:۴۱:۴۸,1444104,False,https://excel.codal.ir/service/Excel/GetAll/ZFVN6SPDCSziKpX8EUP5IA%3d%3d/0,برق,مگاوات ساعت,82177.0,21495577.0,1766442.0,597611.0,47477473.0,28373060.0,1404-08,1404,2025-11-21
ارفع,آهن و فولاد ارفع,steel,1404/09/30,گزارش فعالیت ماهانه دوره ۱ ماهه منتهی به  ۱۴۰۴/۰۹/۳۰(اصلاحیه),۱۴۰۴/۱۰/۳۰ ۱۷:۵۱:۳۱,1474741,True,https://excel.codal.ir/service/Excel/GetAll/9S4b7zMRabkre2TVPoHfbw%3d%3d/0,آب,مترمکعب,162966.0,2866715.0,467177.0,1786639.0,3063883.0,5474052.0,1404-09,1404,2025-12-21
ارفع,آهن و فولاد ارفع,steel,1404/09/30,گزارش فعالیت ماهانه دوره ۱ ماهه منتهی به  ۱۴۰۴/۰۹/۳۰(اصلاحیه),۱۴۰۴/۱۰/۳۰ ۱۷:۵۱:۳۱,1474741,True,https://excel.codal.ir/service/Excel/GetAll/9S4b7zMRabkre2TVPoHfbw%3d%3d/0,برق,مگاوات ساعت,83074.0,22934697.0,1905277.0,680751.0,45349489.0,30871710.0,1404-09,1404,2025-12-21
ارفع,آهن و فولاد ارفع,steel,1404/10/30,گزارش فعالیت ماهانه دوره ۱ ماهه منتهی به  ۱۴۰۴/۱۰/۳۰,۱۴۰۴/۱۱/۰۶ ۱۸:۱۷:۱۳,1478426,False,https://excel.codal.ir/service/Excel/GetAll/XJUuswbIhqITZsilE04GMQ%3d%3d/0,آب,مترمکعب,140266.0,4547353.0,637839.0,1926905.0,3171869.0,6111891.0,1404-10,1404,2026-01-20
ارفع,آهن و فولاد ارفع,steel,1404/10/30,گزارش فعالیت ماهانه دوره ۱ ماهه منتهی به  ۱۴۰۴/۱۰/۳۰,۱۴۰۴/۱۱/۰۶ ۱۸:۱۷:۱۳,1478426,False,https://excel.codal.ir/service/Excel/GetAll/XJUuswbIhqITZsilE04GMQ%3d%3d/0,برق,مگاوات ساعت,78340.0,30567590.0,2394665.0,759091.0,43823962.0,33266375.0,1404-10,1404,2026-01-20
ارفع,آهن و فولاد ارفع,steel,1404/11/30,گزارش فعالیت ماهانه دوره ۱ ماهه منتهی به  ۱۴۰۴/۱۱/۳۰,۱۴۰۴/۱۲/۰۶ ۱۶:۴۷:۰۳,1491969,False,https://excel.codal.ir/service/Excel/GetAll/0mNgwEGWUMsyOOObOOOjn8HJz3Wg%3d%3d/0,آب,مترمکعب,144398.0,5097287.0,736038.0,2071303.0,3306097.0,6847929.0,1404-11,1404,2026-02-19
ارفع,آهن و فولاد ارفع,steel,1404/11/30,گزارش فعالیت ماهانه دوره ۱ ماهه منتهی به  ۱۴۰۴/۱۱/۳۰,۱۴۰۴/۱۲/۰۶ ۱۶:۴۷:۰۳,1491969,False,https://excel.codal.ir/service/Excel/GetAll/0mNgwEGWUMsyOOObOOOjn8HJz3Wg%3d%3d/0,برق,مگاوات ساعت,67509.0,41517057.0,2802775.0,848258.0,43237810.0,36676818.0,1404-11,1404,2026-02-19
ارفع,آهن و فولاد ارفع,steel,1404/12/29,گزارش فعالیت ماهانه دوره ۱ ماهه منتهی به  ۱۴۰۴/۱۲/۲۹(اصلاحیه),۱۴۰۵/۰۲/۲۳ ۱۴:۲۴:۳۲,1525310,True,https://excel.codal.ir/service/Excel/GetAll/nllOOObOOOTRQQQaQQQmQIZcf1rHQHgj3w%3d%3d/0,آب,مترمکعب,131104.0,5772867.0,756846.0,2202408.0,3819456.0,8412001.0,1404-12,1404,2026-03-20
ارفع,آهن و فولاد ارفع,steel,1404/12/29,گزارش فعالیت ماهانه دوره ۱ ماهه منتهی به  ۱۴۰۴/۱۲/۲۹(اصلاحیه),۱۴۰۵/۰۲/۲۳ ۱۴:۲۴:۳۲,1525310,True,https://excel.codal.ir/service/Excel/GetAll/nllOOObOOOTRQQQaQQQmQIZcf1rHQHgj3w%3d%3d/0,برق,مگاوات ساعت,74451.0,20903091.0,1556256.0,901184.0,45785735.0,41261372.0,1404-12,1404,2026-03-20
ارفع,آهن و فولاد ارفع,steel,1405/01/31,گزارش فعالیت ماهانه دوره ۱ ماهه منتهی به  ۱۴۰۵/۰۱/۳۱(اصلاحیه),۱۴۰۵/۰۳/۱۷ ۱۰:۳۵:۲۹,1544658,True,https://excel.codal.ir/service/Excel/GetAll/tRjlEYGMFvmo6OOObOOO5OOObOOOJusH6w%3d%3d/0,آب,مترمکعب,162762.0,5368323.0,873759.0,162762.0,5368323.0,873759.0,1405-01,1405,2026-04-20
ارفع,آهن و فولاد ارفع,steel,1405/01/31,گزارش فعالیت ماهانه دوره ۱ ماهه منتهی به  ۱۴۰۵/۰۱/۳۱(اصلاحیه),۱۴۰۵/۰۳/۱۷ ۱۰:۳۵:۲۹,1544658,True,https://excel.codal.ir/service/Excel/GetAll/tRjlEYGMFvmo6OOObOOO5OOObOOOJusH6w%3d%3d/0,برق,مگاوات ساعت,76484.0,23516029.0,1798600.0,76484.0,23516029.0,1798600.0,1405-01,1405,2026-04-20
ارفع,آهن و فولاد ارفع,steel,1405/02/31,گزارش فعالیت ماهانه دوره ۱ ماهه منتهی به  ۱۴۰۵/۰۲/۳۱(اصلاحیه),۱۴۰۵/۰۳/۱۷ ۱۰:۳۶:۲۹,1544666,True,https://excel.codal.ir/service/Excel/GetAll/oDWci6IxlnQasYXFAq5XRw%3d%3d/0,آب,مترمکعب,198012.0,6927242.0,1371677.0,360774.0,6223941.0,2245436.0,1405-02,1405,2026-05-21
ارفع,آهن و فولاد ارفع,steel,1405/02/31,گزارش فعالیت ماهانه دوره ۱ ماهه منتهی به  ۱۴۰۵/۰۲/۳۱(اصلاحیه),۱۴۰۵/۰۳/۱۷ ۱۰:۳۶:۲۹,1544666,True,https://excel.codal.ir/service/Excel/GetAll/oDWci6IxlnQasYXFAq5XRw%3d%3d/0,برق,مگاوات ساعت,84630.0,26626397.0,2253392.0,161114.0,25149844.0,4051992.0,1405-02,1405,2026-05-21
ارفع,آهن و فولاد ارفع,steel,1405/03/31,گزارش فعالیت ماهانه دوره ۱ ماهه منتهی به  ۱۴۰۵/۰۳/۳۱(اصلاحیه),۱۴۰۵/۰۴/۲۷ ۱۱:۱۳:۱۱,1569442,True,https://excel.codal.ir/service/Excel/GetAll/U3rG1NCltCTjdEG7dfcfcw%3d%3d/0,آب,مترمکعب,223557.0,6433277.0,1438204.0,584331.0,6304030.0,3683640.0,1405-03,1405,2026-06-21
ارفع,آهن و فولاد ارفع,steel,1405/03/31,گزارش فعالیت ماهانه دوره ۱ ماهه منتهی به  ۱۴۰۵/۰۳/۳۱(اصلاحیه),۱۴۰۵/۰۴/۲۷ ۱۱:۱۳:۱۱,1569442,True,https://excel.codal.ir/service/Excel/GetAll/U3rG1NCltCTjdEG7dfcfcw%3d%3d/0,برق,مگاوات ساعت,85747.0,93979871.0,8058492.0,246953.0,52844400.0,13050083.0,1405-03,1405,2026-06-21
فسبزوار,فولاد سبزوار,steel,1401/07/30,گزارش فعالیت ماهانه دوره ۱ ماهه منتهی به  ۱۴۰۱/۰۷/۳۰,۱۴۰۱/۰۸/۰۳ ۱۶:۵۷:۰۱,950455,False,https://excel.codal.ir/service/Excel/GetAll/vQ3d5Z2vYFrgBROfqD8Y6A%3d%3d/0,گاز طبیعی,مترمکعب,6195064.0,24336.0,150761.0,54904287.0,25628.0,1407095.0,1401-07,1401,2022-10-22
فسبزوار,فولاد سبزوار,steel,1401/08/30,گزارش فعالیت ماهانه دوره ۱ ماهه منتهی به  ۱۴۰۱/۰۸/۳۰,۱۴۰۱/۰۹/۰۴ ۱۶:۱۱:۱۲,962883,False,https://excel.codal.ir/service/Excel/GetAll/f2vt1E1xvd6BFzIwtq5cgg%3d%3d/0,گاز طبیعی,مترمکعب,8160570.0,24511.0,200025.0,63064857.0,25484.0,1607120.0,1401-08,1401,2022-11-21
فسبزوار,فولاد سبزوار,steel,1401/09/30,گزارش فعالیت ماهانه دوره ۱ ماهه منتهی به  ۱۴۰۱/۰۹/۳۰,۱۴۰۱/۱۰/۰۴ ۱۶:۳۱:۱۰,974182,False,https://excel.codal.ir/service/Excel/GetAll/cmPUQPEIQQQaQQQYeCjoFcFdszbg%3d%3d/0,گاز طبیعی,مترمکعب,4329828.0,23526.0,101862.0,67394685.0,25238.0,1700877.0,1401-09,1401,2022-12-21
فسبزوار,فولاد سبزوار,steel,1401/10/30,گزارش فعالیت ماهانه دوره ۱ ماهه منتهی به  ۱۴۰۱/۱۰/۳۰,۱۴۰۱/۱۱/۰۴ ۱۰:۵۱:۴۴,986076,False,https://excel.codal.ir/service/Excel/GetAll/FZvgQQQaQQQ6H7mhSe1jYjRchCbw%3d%3d/0,گاز طبیعی,مترمکعب,1789204.0,21943.0,39260.0,56693491.0,25512.0,1446355.0,1401-10,1401,2023-01-20
فسبزوار,فولاد سبزوار,steel,1401/11/30,گزارش فعالیت ماهانه دوره ۱ ماهه منتهی به  ۱۴۰۱/۱۱/۳۰,۱۴۰۱/۱۲/۰۴ ۱۹:۳۸:۰۵,996520,False,https://excel.codal.ir/service/Excel/GetAll/uEIJu0ifPh0bLQhSfDLhWQ%3d%3d/0,گاز طبیعی,مترمکعب,781160.0,21727.0,16972.0,2554234.0,21976.0,56131.0,1401-11,1401,2023-02-19
فسبزوار,فولاد سبزوار,steel,1401/12/29,گزارش فعالیت ماهانه دوره ۱ ماهه منتهی به  ۱۴۰۱/۱۲/۲۹(اصلاحیه),۱۴۰۲/۰۱/۳۰ ۱۱:۴۲:۰۲,1015010,True,https://excel.codal.ir/service/Excel/GetAll/TR43WXJHeRyG0VqETBUIHQ%3d%3d/0,گاز طبیعی,مترمکعب,4987663.0,21538.0,107424.0,6582148.0,24120.0,158762.0,1401-12,1401,2023-03-20
فسبزوار,فولاد سبزوار,steel,1402/01/31,گزارش فعالیت ماهانه دوره ۱ ماهه منتهی به  ۱۴۰۲/۰۱/۳۱,۱۴۰۲/۰۲/۰۵ ۱۰:۰۰:۲۷,1016287,False,https://excel.codal.ir/service/Excel/GetAll/Ankd3eAlqC2RxnFeAJHLUA%3d%3d/0,گاز طبیعی,مترمکعب,8180885.0,21643.0,177058.0,14763033.0,22835.0,337117.0,1402-01,1402,2023-04-20
فسبزوار,فولاد سبزوار,steel,1402/02/31,گزارش فعالیت ماهانه دوره ۱ ماهه منتهی به  ۱۴۰۲/۰۲/۳۱,۱۴۰۲/۰۳/۰۵ ۱۱:۱۸:۱۶,1031010,False,https://excel.codal.ir/service/Excel/GetAll/UpuQ33LvZ1OOObOOOhiWDQO8xOHg%3d%3d/0,گاز طبیعی,مترمکعب,8256392.0,20401.0,168436.0,23019425.0,21939.0,505026.0,1402-02,1402,2023-05-21
فسبزوار,فولاد سبزوار,steel,1402/03/31,گزارش فعالیت ماهانه دوره ۱ ماهه منتهی به  ۱۴۰۲/۰۳/۳۱,۱۴۰۲/۰۴/۰۴ ۱۴:۰۶:۵۹,1045285,False,https://excel.codal.ir/service/Excel/GetAll/Gbna1c12cJ3qWOOObOOO5ts9d1tw%3d%3d/0,گاز طبیعی,مترمکعب,7924001.0,22092.0,175054.0,30943426.0,21978.0,680080.0,1402-03,1402,2023-06-21
فسبزوار,فولاد سبزوار,steel,1402/04/31,گزارش فعالیت ماهانه دوره ۱ ماهه منتهی به  ۱۴۰۲/۰۴/۳۱,۱۴۰۲/۰۵/۰۴ ۱۶:۲۵:۲۳,1064508,False,https://excel.codal.ir/service/Excel/GetAll/0OVe8fS1ivbX6TI6BDTGTw%3d%3d/0,گاز طبیعی,مترمکعب,8721695.0,36458.0,317972.0,39665121.0,25210.0,999956.0,1402-04,1402,2023-07-22
فسبزوار,فولاد سبزوار,steel,1402/05/31,گزارش فعالیت ماهانه دوره ۱ ماهه منتهی به  ۱۴۰۲/۰۵/۳۱,۱۴۰۲/۰۶/۰۳ ۰۰:۱۵:۴۰,1074629,False,https://excel.codal.ir/service/Excel/GetAll/DmhYTOOObOOOfnUO91LHcJ9UhsEg%3d%3d/0,گاز طبیعی,مترمکعب,8473898.0,42474.0,359921.0,48139019.0,29862.0,1437534.0,1402-05,1402,2023-08-22
فسبزوار,فولاد سبزوار,steel,1402/06/31,گزارش فعالیت ماهانه دوره ۱ ماهه منتهی به  ۱۴۰۲/۰۶/۳۱,۱۴۰۲/۰۷/۰۴ ۲۱:۱۱:۳۹,1086591,False,https://excel.codal.ir/service/Excel/GetAll/1fnVSwKZ7ReSr0RYJ2XaaA%3d%3d/0,گاز طبیعی,مترمکعب,8496220.0,42544.0,361465.0,56635239.0,31922.0,1807901.0,1402-06,1402,2023-09-22
فسبزوار,فولاد سبزوار,steel,1402/07/30,گزارش فعالیت ماهانه دوره ۱ ماهه منتهی به  ۱۴۰۲/۰۷/۳۰,۱۴۰۲/۰۸/۰۵ ۱۱:۱۸:۳۹,1097932,False,https://excel.codal.ir/service/Excel/GetAll/KiHXXLmLsczWVRbvzlMQ6g%3d%3d/0,گاز طبیعی,مترمکعب,8507187.0,44301.0,376879.0,65142426.0,33539.0,2184780.0,1402-07,1402,2023-10-22
فسبزوار,فولاد سبزوار,steel,1402/08/30,گزارش فعالیت ماهانه دوره ۱ ماهه منتهی به  ۱۴۰۲/۰۸/۳۰,۱۴۰۲/۰۹/۰۴ ۱۵:۴۸:۲۹,1111995,False,https://excel.codal.ir/service/Excel/GetAll/ehueisqrSUJYWJKP8OCgLw%3d%3d/0,گاز طبیعی,مترمکعب,8302548.0,34551.0,286864.0,73444974.0,33649.0,2471340.0,1402-08,1402,2023-11-21
فسبزوار,فولاد سبزوار,steel,1402/09/30,گزارش فعالیت ماهانه دوره ۱ ماهه منتهی به  ۱۴۰۲/۰۹/۳۰(اصلاحیه),۱۴۰۲/۱۰/۳۰ ۱۴:۲۹:۰۰,1143099,True,https://excel.codal.ir/service/Excel/GetAll/LufIESGqZgHr5tIuGhotqA%3d%3d/0,گاز طبیعی,مترمکعب,6288872.0,85179.0,535681.0,79733846.0,37919.0,3023395.0,1402-09,1402,2023-12-21
فسبزوار,فولاد سبزوار,steel,1402/10/30,گزارش فعالیت ماهانه دوره ۱ ماهه منتهی به  ۱۴۰۲/۱۰/۳۰,۱۴۰۲/۱۱/۰۵ ۱۳:۰۷:۳۳,1146822,False,https://excel.codal.ir/service/Excel/GetAll/j3PNzQQQaQQQMAOiKIieHAqspzBQ%3d%3d/0,گاز طبیعی,مترمکعب,15938943.0,37036.0,590319.0,15938943.0,37036.0,590319.0,1402-10,1402,2024-01-20
فسبزوار,فولاد سبزوار,steel,1402/11/30,گزارش فعالیت ماهانه دوره ۱ ماهه منتهی به  ۱۴۰۲/۱۱/۳۰,۱۴۰۲/۱۲/۰۵ ۱۴:۲۹:۱۹,1158022,False,https://excel.codal.ir/service/Excel/GetAll/C82Zndb9M2x112wMMmAkEA%3d%3d/0,گاز طبیعی,مترمکعب,14519297.0,37325.0,541926.0,30458240.0,37174.0,1132245.0,1402-11,1402,2024-02-19
فسبزوار,فولاد سبزوار,steel,1402/12/29,گزارش فعالیت ماهانه دوره ۱ ماهه منتهی به  ۱۴۰۲/۱۲/۲۹,۱۴۰۳/۰۱/۰۵ ۲۲:۰۰:۳۵,1171922,False,https://excel.codal.ir/service/Excel/GetAll/uonY9tYA4KLIaAMNg3WZZQ%3d%3d/0,گاز طبیعی,مترمکعب,10043825.0,82016.0,823750.0,40502065.0,48294.0,1955995.0,1402-12,1402,2024-03-19
فسبزوار,فولاد سبزوار,steel,1403/02/31,گزارش فعالیت ماهانه دوره ۱ ماهه منتهی به  ۱۴۰۳/۰۲/۳۱,۱۴۰۳/۰۳/۰۲ ۱۵:۵۳:۴۷,1194386,False,https://excel.codal.ir/service/Excel/GetAll/DPbdN2L7dAM5L1H8kFSdvA%3d%3d/0,گاز طبیعی,مترمکعب,23469697.0,35639.0,836447.0,85805450.0,43052.0,3694055.0,1403-02,1403,2024-05-20
فسبزوار,فولاد سبزوار,steel,1403/03/31,گزارش فعالیت ماهانه دوره ۱ ماهه منتهی به  ۱۴۰۳/۰۳/۳۱(اصلاحیه),۱۴۰۳/۰۴/۲۴ ۱۳:۱۴:۲۰,1218403,True,https://excel.codal.ir/service/Excel/GetAll/6CqRNO3cUQcYgP9NPi9MXg%3d%3d/0,گاز طبیعی,مترمکعب,22618718.0,33083.0,748300.0,108424168.0,40872.0,4431517.0,1403-03,1403,2024-06-20
فسبزوار,فولاد سبزوار,steel,1403/04/31,گزارش فعالیت ماهانه دوره ۱ ماهه منتهی به  ۱۴۰۳/۰۴/۳۱,۱۴۰۳/۰۵/۰۶ ۱۲:۲۵:۱۳,1225095,False,https://excel.codal.ir/service/Excel/GetAll/krKVVY0yQ5PvlQXGpWdU7Q%3d%3d/0,گاز طبیعی,مترمکعب,20582756.0,33240.0,684181.0,129006924.0,39654.0,5115698.0,1403-04,1403,2024-07-21
فسبزوار,فولاد سبزوار,steel,1403/05/31,گزارش فعالیت ماهانه دوره ۱ ماهه منتهی به  ۱۴۰۳/۰۵/۳۱,۱۴۰۳/۰۶/۰۵ ۱۴:۲۷:۴۰,1239577,False,https://excel.codal.ir/service/Excel/GetAll/DEEXYg6zqJ4e0kJ1hqfBvA%3d%3d/0,گاز طبیعی,مترمکعب,21327530.0,32073.0,684042.0,150334454.0,38579.0,5799740.0,1403-05,1403,2024-08-21
فسبزوار,فولاد سبزوار,steel,1403/06/31,گزارش فعالیت ماهانه دوره ۱ ماهه منتهی به  ۱۴۰۳/۰۶/۳۱(اصلاحیه),۱۴۰۳/۰۷/۲۹ ۱۲:۱۶:۳۷,1258269,True,https://excel.codal.ir/service/Excel/GetAll/a2RXkkUM5bVpIBrZ0yA0fw%3d%3d/0,گاز طبیعی,مترمکعب,9747024.0,32264.0,314479.0,160081478.0,38194.0,6114219.0,1403-06,1403,2024-09-21
فسبزوار,فولاد سبزوار,steel,1403/07/30,گزارش فعالیت ماهانه دوره ۱ ماهه منتهی به  ۱۴۰۳/۰۷/۳۰,۱۴۰۳/۰۸/۰۵ ۲۰:۱۰:۲۷,1262094,False,https://excel.codal.ir/service/Excel/GetAll/t3Icr5g8z4W0BAIHGtktfg%3d%3d/0,گاز طبیعی,مترمکعب,22467610.0,30761.0,691126.0,182549088.0,21094.0,3850668.0,1403-07,1403,2024-10-21
فسبزوار,فولاد سبزوار,steel,1403/08/30,گزارش فعالیت ماهانه دوره ۱ ماهه منتهی به  ۱۴۰۳/۰۸/۳۰,۱۴۰۳/۰۹/۰۵ ۱۵:۵۲:۴۷,1275548,False,https://excel.codal.ir/service/Excel/GetAll/cekcO9Tge2QhSK1Wj6vk2g%3d%3d/0,گاز طبیعی,مترمکعب,19065748.0,33021.0,629565.0,201614836.0,22222.0,4480234.0,1403-08,1403,2024-11-20
فسبزوار,فولاد سبزوار,steel,1403/09/30,گزارش فعالیت ماهانه دوره ۱ ماهه منتهی به  ۱۴۰۳/۰۹/۳۰,۱۴۰۳/۱۰/۰۵ ۱۶:۰۹:۲۹,1288479,False,https://excel.codal.ir/service/Excel/GetAll/ZQQQaQQQqeku643RRSuBJ6uqM0Qg%3d%3d/0,گاز طبیعی,مترمکعب,18948741.0,52528.0,995339.0,220563577.0,28334.0,6249536.0,1403-09,1403,2024-12-20
فسبزوار,فولاد سبزوار,steel,1403/10/30,گزارش فعالیت ماهانه دوره ۱ ماهه منتهی به  ۱۴۰۳/۱۰/۳۰,۱۴۰۳/۱۱/۰۴ ۱۵:۳۸:۵۴,1300688,False,https://excel.codal.ir/service/Excel/GetAll/WZDvq91KqUCv9Oy1nGOOObOOO0TQ%3d%3d/0,گاز طبیعی,مترمکعب,18534318.0,70000.0,1297403.0,18534318.0,70000.0,1297403.0,1403-10,1403,2025-01-19
فسبزوار,فولاد سبزوار,steel,1403/11/30,گزارش فعالیت ماهانه دوره ۱ ماهه منتهی به  ۱۴۰۳/۱۱/۳۰,۱۴۰۳/۱۲/۰۵ ۱۰:۴۰:۲۱,1311800,False,https://excel.codal.ir/service/Excel/GetAll/9sfOYu1EJrDiE4IQQQaQQQU5jP4A%3d%3d/0,گاز طبیعی,مترمکعب,12038850.0,52534.0,632454.0,30573168.0,63123.0,1929857.0,1403-11,1403,2025-02-18
فسبزوار,فولاد سبزوار,steel,1403/12/30,گزارش فعالیت ماهانه دوره ۱ ماهه منتهی به  ۱۴۰۳/۱۲/۳۰(اصلاحیه),۱۴۰۴/۰۱/۳۰ ۲۱:۳۷:۴۴,1332394,True,https://excel.codal.ir/service/Excel/GetAll/H5SVOOObOOOY0yyI59WdMWpBUOZQ%3d%3d/0,گاز طبیعی,مترمکعب,16869426.0,124427.0,2099009.0,47442594.0,86946.0,4124932.0,1403-12,1403,2025-03-20
فسبزوار,فولاد سبزوار,steel,1404/01/31,گزارش فعالیت ماهانه دوره ۱ ماهه منتهی به  ۱۴۰۴/۰۱/۳۱,۱۴۰۴/۰۲/۰۶ ۰۸:۴۸:۲۷,1335282,False,https://excel.codal.ir/service/Excel/GetAll/bD3NVdQQQaQQQxIg9HJjdCQULBew%3d%3d/0,گاز طبیعی,مترمکعب,24814232.0,92007.0,2283086.0,72256826.0,88684.0,6408018.0,1404-01,1404,2025-04-20
فسبزوار,فولاد سبزوار,steel,1404/02/31,گزارش فعالیت ماهانه دوره ۱ ماهه منتهی به  ۱۴۰۴/۰۲/۳۱,۱۴۰۴/۰۳/۰۵ ۱۶:۵۳:۰۰,1345341,False,https://excel.codal.ir/service/Excel/GetAll/8cC2UHModAMk79gTQyw38w%3d%3d/0,برق,مگاوات ساعت,8825.0,15675241.0,138334.0,37450.0,15925207.0,596399.0,1404-02,1404,2025-05-21
فسبزوار,فولاد سبزوار,steel,1404/03/31,گزارش فعالیت ماهانه دوره ۱ ماهه منتهی به  ۱۴۰۴/۰۳/۳۱,۱۴۰۴/۰۴/۰۵ ۱۵:۴۸:۵۲,1361697,False,https://excel.codal.ir/service/Excel/GetAll/Gm0t1qjQQQaQQQQHyAtd6d6LU2MQ%3d%3d/0,برق,مگاوات ساعت,8772.0,95775194.0,840140.0,46222.0,31079118.0,1436539.0,1404-03,1404,2025-06-21
فسبزوار,فولاد سبزوار,steel,1404/04/31,گزارش فعالیت ماهانه دوره ۱ ماهه منتهی به  ۱۴۰۴/۰۴/۳۱,۱۴۰۴/۰۵/۰۵ ۱۸:۴۲:۲۱,1381075,False,https://excel.codal.ir/service/Excel/GetAll/lc5y4xdVlayXxUuCksJk2w%3d%3d/0,برق,مگاوات ساعت,8765.0,51005819.0,447066.0,54987.0,34255460.0,1883605.0,1404-04,1404,2025-07-22
فسبزوار,فولاد سبزوار,steel,1404/05/31,گزارش فعالیت ماهانه دوره ۱ ماهه منتهی به  ۱۴۰۴/۰۵/۳۱,۱۴۰۴/۰۶/۰۵ ۱۷:۱۰:۵۹,1397891,False,https://excel.codal.ir/service/Excel/GetAll/f0rQQQaQQQEbdj432XvPKOOObOOOpxuKYA%3d%3d/0,برق,مگاوات ساعت,9351.0,72054967.0,673786.0,64338.0,39749308.0,2557391.0,1404-05,1404,2025-08-22
فسبزوار,فولاد سبزوار,steel,1404/06/31,گزارش فعالیت ماهانه دوره ۱ ماهه منتهی به  ۱۴۰۴/۰۶/۳۱,۱۴۰۴/۰۷/۰۵ ۱۶:۲۶:۱۹,1409739,False,https://excel.codal.ir/service/Excel/GetAll/sXVjeIHQfK6OOObOOOi978dmVC2A%3d%3d/0,برق,مگاوات ساعت,9404.0,67221927.0,632155.0,73742.0,43252773.0,3189546.0,1404-06,1404,2025-09-22
فسبزوار,فولاد سبزوار,steel,1404/07/30,گزارش فعالیت ماهانه دوره ۱ ماهه منتهی به  ۱۴۰۴/۰۷/۳۰,۱۴۰۴/۰۸/۰۵ ۱۴:۴۳:۳۰,1424709,False,https://excel.codal.ir/service/Excel/GetAll/bxeSOaf0gFTSPofGIsPT3w%3d%3d/0,آب,مترمکعب,75020.0,770794.0,57825.0,695847.0,896706.0,623970.0,1404-07,1404,2025-10-22
فسبزوار,فولاد سبزوار,steel,1404/07/30,گزارش فعالیت ماهانه دوره ۱ ماهه منتهی به  ۱۴۰۴/۰۷/۳۰,۱۴۰۴/۰۸/۰۵ ۱۴:۴۳:۳۰,1424709,False,https://excel.codal.ir/service/Excel/GetAll/bxeSOaf0gFTSPofGIsPT3w%3d%3d/0,برق,مگاوات ساعت,8777.0,20776575.0,182356.0,82519.0,40862129.0,3371902.0,1404-07,1404,2025-10-22
فسبزوار,فولاد سبزوار,steel,1404/08/30,گزارش فعالیت ماهانه دوره ۱ ماهه منتهی به  ۱۴۰۴/۰۸/۳۰,۱۴۰۴/۰۹/۰۵ ۲۱:۳۷:۳۱,1442957,False,https://excel.codal.ir/service/Excel/GetAll/1LCxjN3p9TymCpaLOK9ajA%3d%3d/0,آب,مترمکعب,78502.0,481083.0,37766.0,774349.0,854571.0,661736.0,1404-08,1404,2025-11-21
فسبزوار,فولاد سبزوار,steel,1404/08/30,گزارش فعالیت ماهانه دوره ۱ ماهه منتهی به  ۱۴۰۴/۰۸/۳۰,۱۴۰۴/۰۹/۰۵ ۲۱:۳۷:۳۱,1442957,False,https://excel.codal.ir/service/Excel/GetAll/1LCxjN3p9TymCpaLOK9ajA%3d%3d/0,برق,مگاوات ساعت,8956.0,21233251.0,190165.0,91474.0,38939983.0,3561996.0,1404-08,1404,2025-11-21
فسبزوار,فولاد سبزوار,steel,1404/09/30,گزارش فعالیت ماهانه دوره ۱ ماهه منتهی به  ۱۴۰۴/۰۹/۳۰,۱۴۰۴/۱۰/۰۵ ۲۳:۰۳:۰۱,1461759,False,https://excel.codal.ir/service/Excel/GetAll/BaNZMOOObOOOEpjrfsgAz5l7J00A%3d%3d/0,آب,مترمکعب,62869.0,930236.0,58483.0,837218.0,860253.0,720219.0,1404-09,1404,2025-12-21
فسبزوار,فولاد سبزوار,steel,1404/09/30,گزارش فعالیت ماهانه دوره ۱ ماهه منتهی به  ۱۴۰۴/۰۹/۳۰,۱۴۰۴/۱۰/۰۵ ۲۳:۰۳:۰۱,1461759,False,https://excel.codal.ir/service/Excel/GetAll/BaNZMOOObOOOEpjrfsgAz5l7J00A%3d%3d/0,برق,مگاوات ساعت,7847.0,39239327.0,307911.0,99321.0,38963633.0,3869907.0,1404-09,1404,2025-12-21
فسبزوار,فولاد سبزوار,steel,1404/10/30,گزارش فعالیت ماهانه دوره ۱ ماهه منتهی به  ۱۴۰۴/۱۰/۳۰,۱۴۰۴/۱۱/۰۵ ۱۷:۰۰:۰۶,1477353,False,https://excel.codal.ir/service/Excel/GetAll/OOObOOOv8vJid3K7FygpOOObOOOGzEL5LA%3d%3d/0,آب,مترمکعب,51012.0,1191680.0,60790.0,51012.0,1191680.0,60790.0,1404-10,1404,2026-01-20
فسبزوار,فولاد سبزوار,steel,1404/10/30,گزارش فعالیت ماهانه دوره ۱ ماهه منتهی به  ۱۴۰۴/۱۰/۳۰,۱۴۰۴/۱۱/۰۵ ۱۷:۰۰:۰۶,1477353,False,https://excel.codal.ir/service/Excel/GetAll/OOObOOOv8vJid3K7FygpOOObOOOGzEL5LA%3d%3d/0,برق,مگاوات ساعت,6094.0,28217919.0,171960.0,6094.0,28217919.0,171960.0,1404-10,1404,2026-01-20
فسبزوار,فولاد سبزوار,steel,1404/11/30,گزارش فعالیت ماهانه دوره ۱ ماهه منتهی به  ۱۴۰۴/۱۱/۳۰,۱۴۰۴/۱۲/۰۵ ۱۷:۴۲:۱۱,1493962,False,https://excel.codal.ir/service/Excel/GetAll/TYkOkifHmDxlmguxjT5Z1w%3d%3d/0,آب,مترمکعب,53074.0,941930.0,49992.0,104086.0,1064331.0,110782.0,1404-11,1404,2026-02-19
فسبزوار,فولاد سبزوار,steel,1404/11/30,گزارش فعالیت ماهانه دوره ۱ ماهه منتهی به  ۱۴۰۴/۱۱/۳۰,۱۴۰۴/۱۲/۰۵ ۱۷:۴۲:۱۱,1493962,False,https://excel.codal.ir/service/Excel/GetAll/TYkOkifHmDxlmguxjT5Z1w%3d%3d/0,برق,مگاوات ساعت,6609.0,23239068.0,153587.0,12703.0,25627568.0,325547.0,1404-11,1404,2026-02-19
فسبزوار,فولاد سبزوار,steel,1404/12/29,گزارش فعالیت ماهانه دوره ۱ ماهه منتهی به  ۱۴۰۴/۱۲/۲۹,۱۴۰۵/۰۱/۰۶ ۰۹:۱۷:۴۹,1503534,False,https://excel.codal.ir/service/Excel/GetAll/1E7vRVd9iLv9iMLG0f9DDQ%3d%3d/0,آب,مترمکعب,58534.0,712406.0,41700.0,162620.0,937658.0,152482.0,1404-12,1404,2026-03-20
فسبزوار,فولاد سبزوار,steel,1404/12/29,گزارش فعالیت ماهانه دوره ۱ ماهه منتهی به  ۱۴۰۴/۱۲/۲۹,۱۴۰۵/۰۱/۰۶ ۰۹:۱۷:۴۹,1503534,False,https://excel.codal.ir/service/Excel/GetAll/1E7vRVd9iLv9iMLG0f9DDQ%3d%3d/0,برق,مگاوات ساعت,7836.0,23364982.0,183088.0,20539.0,24764351.0,508635.0,1404-12,1404,2026-03-20
فسبزوار,فولاد سبزوار,steel,1405/01/31,گزارش فعالیت ماهانه دوره ۱ ماهه منتهی به  ۱۴۰۵/۰۱/۳۱,۱۴۰۵/۰۲/۰۵ ۱۳:۵۳:۱۲,1512443,False,https://excel.codal.ir/service/Excel/GetAll/FzrG4HwxdKiZHVuhkFBYyA%3d%3d/0,آب,مترمکعب,56988.0,53.0,3.0,219608.0,694351.0,152485.0,1405-01,1405,2026-04-20
فسبزوار,فولاد سبزوار,steel,1405/01/31,گزارش فعالیت ماهانه دوره ۱ ماهه منتهی به  ۱۴۰۵/۰۱/۳۱,۱۴۰۵/۰۲/۰۵ ۱۳:۵۳:۱۲,1512443,False,https://excel.codal.ir/service/Excel/GetAll/FzrG4HwxdKiZHVuhkFBYyA%3d%3d/0,برق,مگاوات ساعت,7306.0,23984533.0,175231.0,27846.0,25043812.0,697370.0,1405-01,1405,2026-04-20
فسبزوار,فولاد سبزوار,steel,1405/02/31,گزارش فعالیت ماهانه دوره ۱ ماهه منتهی به  ۱۴۰۵/۰۲/۳۱,۱۴۰۵/۰۳/۰۵ ۱۳:۳۵:۲۵,1532047,False,https://excel.codal.ir/service/Excel/GetAll/IsX5YGR3cq7tuOOObOOOCOhpreow%3d%3d/0,آب,مترمکعب,68731.0,701445.0,48211.0,288340.0,941021.0,271334.0,1405-02,1405,2026-05-21
فسبزوار,فولاد سبزوار,steel,1405/02/31,گزارش فعالیت ماهانه دوره ۱ ماهه منتهی به  ۱۴۰۵/۰۲/۳۱,۱۴۰۵/۰۳/۰۵ ۱۳:۳۵:۲۵,1532047,False,https://excel.codal.ir/service/Excel/GetAll/IsX5YGR3cq7tuOOObOOOCOhpreow%3d%3d/0,برق,مگاوات ساعت,8725.0,99920344.0,871805.0,36571.0,42907632.0,1569175.0,1405-02,1405,2026-05-21
فسبزوار,فولاد سبزوار,steel,1405/03/31,گزارش فعالیت ماهانه دوره ۱ ماهه منتهی به  ۱۴۰۵/۰۳/۳۱,۱۴۰۵/۰۴/۰۲ ۱۴:۵۲:۱۱,1554470,False,https://excel.codal.ir/service/Excel/GetAll/lIfPOlzSEMXmAAVCfcxX6A%3d%3d/0,آب,مترمکعب,73785.0,1342129.0,99029.0,362125.0,1022749.0,370363.0,1405-03,1405,2026-06-21
فسبزوار,فولاد سبزوار,steel,1405/03/31,گزارش فعالیت ماهانه دوره ۱ ماهه منتهی به  ۱۴۰۵/۰۳/۳۱,۱۴۰۵/۰۴/۰۲ ۱۴:۵۲:۱۱,1554470,False,https://excel.codal.ir/service/Excel/GetAll/lIfPOlzSEMXmAAVCfcxX6A%3d%3d/0,برق,مگاوات ساعت,8893.0,96466209.0,857874.0,45464.0,53383974.0,2427049.0,1405-03,1405,2026-06-21
فصبا,صبا فولاد خلیج فارس,steel,1400/10/30,گزارش فعالیت ماهانه دوره ۱ ماهه منتهی به  ۱۴۰۰/۱۰/۳۰,۱۴۰۲/۰۲/۰۷ ۱۴:۳۹:۰۷,1018032,False,https://excel.codal.ir/service/Excel/GetAll/IxDGl2U1R6Q8HcNZRBqjrQ%3d%3d/0,برق,مگاوات ساعت,10510.0,4356898.0,45791.0,10510.0,4356898.0,45791.0,1400-10,1400,2022-01-20
فصبا,صبا فولاد خلیج فارس,steel,1400/11/30,گزارش فعالیت ماهانه دوره ۱ ماهه منتهی به  ۱۴۰۰/۱۱/۳۰,۱۴۰۲/۰۲/۰۷ ۱۶:۵۲:۳۱,1018221,False,https://excel.codal.ir/service/Excel/GetAll/ddFaWTHavOOObOOOnGPgNOOObOOOZQQQaQQQpHqQ%3d%3d/0,برق,مگاوات ساعت,10710.0,4612045.0,49395.0,21220.0,4485674.0,95186.0,1400-11,1400,2022-02-19
فصبا,صبا فولاد خلیج فارس,steel,1400/12/29,گزارش فعالیت ماهانه دوره ۱ ماهه منتهی به  ۱۴۰۰/۱۲/۲۹,۱۴۰۲/۰۲/۰۷ ۱۷:۲۱:۴۱,1018246,False,https://excel.codal.ir/service/Excel/GetAll/QQQQaQQQtMpMsYwmYrElnLhOOObOOO1QQQaQQQTw%3d%3d/0,برق,مگاوات ساعت,11867.0,4576220.0,54306.0,32547.0,4593112.0,149492.0,1400-12,1400,2022-03-20
فصبا,صبا فولاد خلیج فارس,steel,1401/01/31,گزارش فعالیت ماهانه دوره ۱ ماهه منتهی به  ۱۴۰۱/۰۱/۳۱,۱۴۰۲/۰۲/۰۷ ۱۷:۴۲:۵۳,1018252,False,https://excel.codal.ir/service/Excel/GetAll/n4OOObOOOkLKjB5goMX7eQQQaQQQj89fRA%3d%3d/0,برق,مگاوات ساعت,12881.0,4184768.0,53904.0,45428.0,4477327.0,203396.0,1401-01,1401,2022-04-20
فصبا,صبا فولاد خلیج فارس,steel,1401/02/31,گزارش فعالیت ماهانه دوره ۱ ماهه منتهی به  ۱۴۰۱/۰۲/۳۱,۱۴۰۲/۰۲/۰۷ ۱۷:۵۵:۰۵,1018255,False,https://excel.codal.ir/service/Excel/GetAll/NBFOVN57lOVKfmI35vl3SA%3d%3d/0,برق,مگاوات ساعت,13114.0,4682172.0,61402.0,58542.0,4523214.0,264798.0,1401-02,1401,2022-05-21
فصبا,صبا فولاد خلیج فارس,steel,1401/03/31,گزارش فعالیت ماهانه دوره ۱ ماهه منتهی به  ۱۴۰۱/۰۳/۳۱,۱۴۰۲/۰۲/۰۷ ۱۸:۱۸:۴۸,1018257,False,https://excel.codal.ir/service/Excel/GetAll/LkhRLcbOOObOOOMzOOObOOOnAZmOOObOOOCiQQQaQQQPiw%3d%3d/0,برق,مگاوات ساعت,12178.0,5747495.0,69993.0,70720.0,4734036.0,334791.0,1401-03,1401,2022-06-21
فصبا,صبا فولاد خلیج فارس,steel,1401/04/31,گزارش فعالیت ماهانه دوره ۱ ماهه منتهی به  ۱۴۰۱/۰۴/۳۱,۱۴۰۲/۰۲/۰۷ ۱۸:۵۳:۲۸,1018260,False,https://excel.codal.ir/service/Excel/GetAll/Q1MtAE7ahFK8S0SBEQQQaQQQlQuQ%3d%3d/0,برق,مگاوات ساعت,14626.0,7283673.0,106531.0,85346.0,5170975.0,441322.0,1401-04,1401,2022-07-22
فصبا,صبا فولاد خلیج فارس,steel,1401/05/31,گزارش فعالیت ماهانه دوره ۱ ماهه منتهی به  ۱۴۰۱/۰۵/۳۱,۱۴۰۲/۰۲/۰۸ ۱۰:۲۸:۲۰,1018263,False,https://excel.codal.ir/service/Excel/GetAll/JhOOObOOOaTf8e8MnVOOObOOOPcU8QQQaQQQWHsA%3d%3d/0,برق,مگاوات ساعت,14536.0,7274216.0,105738.0,99882.0,5477063.0,547060.0,1401-05,1401,2022-08-22
فصبا,صبا فولاد خلیج فارس,steel,1401/06/31,گزارش فعالیت ماهانه دوره ۱ ماهه منتهی به  ۱۴۰۱/۰۶/۳۱,۱۴۰۲/۰۲/۰۸ ۱۱:۰۲:۲۲,1018274,False,https://excel.codal.ir/service/Excel/GetAll/WaUomaPNamM1FgUq0Y2j5A%3d%3d/0,برق,مگاوات ساعت,15113.0,6195593.0,93634.0,114995.0,5571494.0,640694.0,1401-06,1401,2022-09-22
فصبا,صبا فولاد خلیج فارس,steel,1401/07/30,گزارش فعالیت ماهانه دوره ۱ ماهه منتهی به  ۱۴۰۱/۰۷/۳۰,۱۴۰۲/۰۲/۰۸ ۱۱:۳۰:۲۸,1018276,False,https://excel.codal.ir/service/Excel/GetAll/gJWsfiZWEIwMiu5QQQaQQQLA5wVg%3d%3d/0,برق,مگاوات ساعت,14618.0,5466206.0,79905.0,129613.0,5559620.0,720599.0,1401-07,1401,2022-10-22
فصبا,صبا فولاد خلیج فارس,steel,1401/08/30,گزارش فعالیت ماهانه دوره ۱ ماهه منتهی به  ۱۴۰۱/۰۸/۳۰,۱۴۰۲/۰۲/۰۸ ۱۱:۴۹:۵۷,1018280,False,https://excel.codal.ir/service/Excel/GetAll/DicEjP9mltClH6YXVQQQaQQQWcKQ%3d%3d/0,برق,مگاوات ساعت,12608.0,5242386.0,66096.0,142221.0,5531497.0,786695.0,1401-08,1401,2022-11-21
فصبا,صبا فولاد خلیج فارس,steel,1401/09/30,گزارش فعالیت ماهانه دوره ۱ ماهه منتهی به  ۱۴۰۱/۰۹/۳۰,۱۴۰۲/۰۲/۰۸ ۱۲:۵۵:۵۱,1018281,False,https://excel.codal.ir/service/Excel/GetAll/UTA4IrnGZ5jmqRHKSt6Ggw%3d%3d/0,برق,مگاوات ساعت,13428.0,5590632.0,75071.0,155649.0,5536598.0,861766.0,1401-09,1401,2022-12-21
فصبا,صبا فولاد خلیج فارس,steel,1401/10/30,گزارش فعالیت ماهانه دوره ۱ ماهه منتهی به  ۱۴۰۱/۱۰/۳۰,۱۴۰۲/۰۲/۱۰ ۱۵:۵۱:۲۹,1001183,False,https://excel.codal.ir/service/Excel/GetAll/QQQaQQQw7HSOOObOOOZndpimffk5G1yxXw%3d%3d/0,برق,مگاوات ساعت,1634.0,5252754.0,8583.0,1634.0,5252754.0,8583.0,1401-10,1401,2023-01-20
فصبا,صبا فولاد خلیج فارس,steel,1401/11/30,گزارش فعالیت ماهانه دوره ۱ ماهه منتهی به  ۱۴۰۱/۱۱/۳۰,۱۴۰۲/۰۲/۱۰ ۱۶:۴۸:۳۷,1019544,False,https://excel.codal.ir/service/Excel/GetAll/0Ha6NmQzF80WfXzFguDmNw%3d%3d/0,برق,مگاوات ساعت,5065.0,5763870.0,29194.0,6699.0,5639200.0,37777.0,1401-11,1401,2023-02-19
فصبا,صبا فولاد خلیج فارس,steel,1401/12/29,گزارش فعالیت ماهانه دوره ۱ ماهه منتهی به  ۱۴۰۱/۱۲/۲۹(اصلاحیه),۱۴۰۲/۰۲/۲۵ ۱۲:۲۷:۴۱,1025908,True,https://excel.codal.ir/service/Excel/GetAll/fjt8Tku32gYj9ALRM1KNag%3d%3d/0,برق,مگاوات ساعت,13059.0,5806647.0,75829.0,19758.0,5749873.0,113606.0,1401-12,1401,2023-03-20
فصبا,صبا فولاد خلیج فارس,steel,1402/01/31,گزارش فعالیت ماهانه دوره ۱ ماهه منتهی به  ۱۴۰۲/۰۱/۳۱(اصلاحیه),۱۴۰۲/۰۳/۰۷ ۱۰:۲۴:۵۴,1031990,True,https://excel.codal.ir/service/Excel/GetAll/Np8RJGfgT7N0JGgQvMcHDw%3d%3d/0,برق,مگاوات ساعت,15539.0,5771543.0,89684.0,35297.0,5759413.0,203290.0,1402-01,1402,2023-04-20
فصبا,صبا فولاد خلیج فارس,steel,1402/02/31,گزارش فعالیت ماهانه دوره ۱ ماهه منتهی به  ۱۴۰۲/۰۲/۳۱,۱۴۰۲/۰۳/۰۷ ۱۱:۴۳:۲۲,1032128,False,https://excel.codal.ir/service/Excel/GetAll/RlyHnqXblzL6IWjHH4jgIg%3d%3d/0,برق,مگاوات ساعت,10286.0,5699883.0,58629.0,45583.0,5745980.0,261919.0,1402-02,1402,2023-05-21
فصبا,صبا فولاد خلیج فارس,steel,1402/03/31,گزارش فعالیت ماهانه دوره ۱ ماهه منتهی به  ۱۴۰۲/۰۳/۳۱,۱۴۰۲/۰۴/۰۷ ۱۲:۲۱:۵۷,1047235,False,https://excel.codal.ir/service/Excel/GetAll/KNdukHDEqu7UHXOO09zH2Q%3d%3d/0,برق,مگاوات ساعت,16692.0,5499880.0,91804.0,63486.0,5512160.0,349945.0,1402-03,1402,2023-06-21
فصبا,صبا فولاد خلیج فارس,steel,1402/04/31,گزارش فعالیت ماهانه دوره ۱ ماهه منتهی به  ۱۴۰۲/۰۴/۳۱,۱۴۰۲/۰۵/۰۴ ۱۲:۲۶:۱۶,1064235,False,https://excel.codal.ir/service/Excel/GetAll/wmspHTiXClEiMQ7xUkf9lw%3d%3d/0,برق,مگاوات ساعت,12194835.0,5500.0,67072.0,12257345.0,33591.0,411732.0,1402-04,1402,2023-07-22
فصبا,صبا فولاد خلیج فارس,steel,1402/05/31,گزارش فعالیت ماهانه دوره ۱ ماهه منتهی به  ۱۴۰۲/۰۵/۳۱,۱۴۰۲/۰۶/۰۷ ۱۷:۴۶:۳۷,1076901,False,https://excel.codal.ir/service/Excel/GetAll/McFEhemfbOOObOOO2t8umSDmCaiw%3d%3d/0,برق,مگاوات ساعت,14740.0,5500000.0,81070.0,91608.0,5460735.0,500247.0,1402-05,1402,2023-08-22
فصبا,صبا فولاد خلیج فارس,steel,1402/06/31,گزارش فعالیت ماهانه دوره ۱ ماهه منتهی به  ۱۴۰۲/۰۶/۳۱,۱۴۰۲/۰۷/۰۴ ۱۶:۲۹:۰۷,1085984,False,https://excel.codal.ir/service/Excel/GetAll/jQQQaQQQxzWi75nuCTwQiHYQQQaQQQieYw%3d%3d/0,برق,مگاوات ساعت,17865.0,4999888.0,89323.0,110196.0,5194562.0,572420.0,1402-06,1402,2023-09-22
فصبا,صبا فولاد خلیج فارس,steel,1402/07/30,گزارش فعالیت ماهانه دوره ۱ ماهه منتهی به  ۱۴۰۲/۰۷/۳۰,۱۴۰۲/۰۸/۰۷ ۱۸:۵۲:۳۷,1098895,False,https://excel.codal.ir/service/Excel/GetAll/cZTpC4xk2MCYyjCbneVzDw%3d%3d/0,برق,مگاوات ساعت,14164.0,5000071.0,70821.0,123109.0,5280499.0,650077.0,1402-07,1402,2023-10-22
فصبا,صبا فولاد خلیج فارس,steel,1402/08/30,گزارش فعالیت ماهانه دوره ۱ ماهه منتهی به  ۱۴۰۲/۰۸/۳۰,۱۴۰۲/۰۹/۰۷ ۱۰:۱۰:۱۲,1113735,False,https://excel.codal.ir/service/Excel/GetAll/8bMNvJwptl7N3OOObOOOMOOObOOOQQQaQQQzK4XQ%3d%3d/0,برق,مگاوات ساعت,16225.0,5499846.0,89235.0,139593.0,5677871.0,792591.0,1402-08,1402,2023-11-21
فصبا,صبا فولاد خلیج فارس,steel,1402/09/30,گزارش فعالیت ماهانه دوره ۱ ماهه منتهی به  ۱۴۰۲/۰۹/۳۰(اصلاحیه),۱۴۰۳/۰۱/۱۹ ۱۸:۵۹:۴۳,1175162,True,https://excel.codal.ir/service/Excel/GetAll/uTyhvOOObOOOsVuaeRJP25zzjhug%3d%3d/0,برق,مگاوات ساعت,14450.0,10114394.0,146153.0,153633.0,6535106.0,1004008.0,1402-09,1402,2023-12-21
فصبا,صبا فولاد خلیج فارس,steel,1402/10/30,گزارش فعالیت ماهانه دوره ۱ ماهه منتهی به  ۱۴۰۲/۱۰/۳۰(اصلاحیه),۱۴۰۲/۱۱/۱۸ ۱۵:۴۹:۰۴,1151888,True,https://excel.codal.ir/service/Excel/GetAll/y9EbpJ1KUQV4gkPBYwNrgg%3d%3d/0,برق,مگاوات ساعت,13555.0,6535153.0,88584.0,13555.0,6535153.0,88584.0,1402-10,1402,2024-01-20
فصبا,صبا فولاد خلیج فارس,steel,1402/11/30,گزارش فعالیت ماهانه دوره ۱ ماهه منتهی به  ۱۴۰۲/۱۱/۳۰,۱۴۰۲/۱۲/۰۷ ۱۷:۱۶:۳۶,1159321,False,https://excel.codal.ir/service/Excel/GetAll/FBUorozcSQPYiUJfk9hRIA%3d%3d/0,برق,مگاوات ساعت,15758.0,8986102.0,141603.0,29350.0,9616286.0,282238.0,1402-11,1402,2024-02-19
فصبا,صبا فولاد خلیج فارس,steel,1402/12/29,گزارش فعالیت ماهانه دوره ۱ ماهه منتهی به  ۱۴۰۲/۱۲/۲۹(اصلاحیه),۱۴۰۳/۰۲/۰۵ ۱۹:۳۹:۱۳,1182877,True,https://excel.codal.ir/service/Excel/GetAll/KERYcE31Asguf9a6bDbfig%3d%3d/0,برق,مگاوات ساعت,3330.0,12006907.0,39983.0,31678.0,12007071.0,380360.0,1402-12,1402,2024-03-19
فصبا,صبا فولاد خلیج فارس,steel,1403/01/31,گزارش فعالیت ماهانه دوره ۱ ماهه منتهی به  ۱۴۰۳/۰۱/۳۱,۱۴۰۳/۰۲/۰۵ ۲۰:۴۱:۳۹,1182888,False,https://excel.codal.ir/service/Excel/GetAll/ERAMbPEIqm3a6FuIgekh4A%3d%3d/0,برق,مگاوات ساعت,17399.0,12007069.0,208911.0,50997.0,12946860.0,660251.0,1403-01,1403,2024-04-19
فصبا,صبا فولاد خلیج فارس,steel,1403/03/31,گزارش فعالیت ماهانه دوره ۱ ماهه منتهی به  ۱۴۰۳/۰۳/۳۱,۱۴۰۳/۰۴/۰۹ ۱۳:۳۸:۳۳,1209962,False,https://excel.codal.ir/service/Excel/GetAll/tYzOHotMLJZafeibERwtOOObOOOw%3d%3d/0,برق,مگاوات ساعت,16155.0,15419313.0,249099.0,81643.0,14213307.0,1160417.0,1403-03,1403,2024-06-20
فصبا,صبا فولاد خلیج فارس,steel,1403/04/31,گزارش فعالیت ماهانه دوره ۱ ماهه منتهی به  ۱۴۰۳/۰۴/۳۱(اصلاحیه),۱۴۰۳/۰۵/۰۹ ۱۵:۳۰:۵۹,1228139,True,https://excel.codal.ir/service/Excel/GetAll/aKHe8H1gi29FJZW1fqhOOObOOOFQ%3d%3d/0,برق,مگاوات ساعت,15410.0,16000065.0,246561.0,96721.0,14699393.0,1421740.0,1403-04,1403,2024-07-21
فصبا,صبا فولاد خلیج فارس,steel,1403/05/31,گزارش فعالیت ماهانه دوره ۱ ماهه منتهی به  ۱۴۰۳/۰۵/۳۱,۱۴۰۳/۰۶/۱۰ ۱۷:۱۳:۰۵,1241968,False,https://excel.codal.ir/service/Excel/GetAll/htdVQT69Gr5YOncIi0oWRA%3d%3d/0,برق,مگاوات ساعت,12907.0,17000155.0,219421.0,110103.0,15185817.0,1672004.0,1403-05,1403,2024-08-21
فصبا,صبا فولاد خلیج فارس,steel,1403/07/30,گزارش فعالیت ماهانه دوره ۱ ماهه منتهی به  ۱۴۰۳/۰۷/۳۰,۱۴۰۳/۰۸/۰۶ ۱۹:۱۰:۴۸,1262796,False,https://excel.codal.ir/service/Excel/GetAll/xGDWOOObOOOrsZrgx3TRQQQaQQQKdP9HNQ%3d%3d/0,برق,مگاوات ساعت,10377.0,16999615.0,176405.0,138698.0,15654097.0,2171192.0,1403-07,1403,2024-10-21
فصبا,صبا فولاد خلیج فارس,steel,1403/08/30,گزارش فعالیت ماهانه دوره ۱ ماهه منتهی به  ۱۴۰۳/۰۸/۳۰,۱۴۰۳/۰۹/۰۵ ۱۲:۳۶:۱۸,1274424,False,https://excel.codal.ir/service/Excel/GetAll/GrBHrdKclVzNTsqzRgIuGw%3d%3d/0,برق,مگاوات ساعت,14248.0,16999930.0,242215.0,153563.0,17287237.0,2654680.0,1403-08,1403,2024-11-20
فصبا,صبا فولاد خلیج فارس,steel,1403/09/30,گزارش فعالیت ماهانه دوره ۱ ماهه منتهی به  ۱۴۰۳/۰۹/۳۰(اصلاحیه),۱۴۰۴/۰۱/۲۰ ۱۵:۳۸:۲۰,1329030,True,https://excel.codal.ir/service/Excel/GetAll/03QQQaQQQEtgvS2DOOObOOOB3tB50O1Jzw%3d%3d/0,برق,مگاوات ساعت,13746.0,18389422.0,252781.0,168056.0,17262895.0,2901133.0,1403-09,1403,2024-12-20
فصبا,صبا فولاد خلیج فارس,steel,1403/10/30,گزارش فعالیت ماهانه دوره ۱ ماهه منتهی به  ۱۴۰۳/۱۰/۳۰,۱۴۰۳/۱۱/۰۷ ۱۶:۴۷:۲۹,1301165,False,https://excel.codal.ir/service/Excel/GetAll/FKTZ2p1DSkTz6PiSWIIcqA%3d%3d/0,برق,مگاوات ساعت,11542.0,16999307.0,196206.0,11542.0,16999307.0,196206.0,1403-10,1403,2025-01-19
فصبا,صبا فولاد خلیج فارس,steel,1403/11/30,گزارش فعالیت ماهانه دوره ۱ ماهه منتهی به  ۱۴۰۳/۱۱/۳۰,۱۴۰۳/۱۲/۰۷ ۱۵:۱۰:۵۸,1312940,False,https://excel.codal.ir/service/Excel/GetAll/jhQQQaQQQx2LKBWrSFmGNobcElJA%3d%3d/0,برق,مگاوات ساعت,1297.0,17000000.0,22049.0,14320.0,16604539.0,237777.0,1403-11,1403,2025-02-18
فصبا,صبا فولاد خلیج فارس,steel,1403/12/30,گزارش فعالیت ماهانه دوره ۱ ماهه منتهی به  ۱۴۰۳/۱۲/۳۰(اصلاحیه),۱۴۰۴/۰۲/۲۹ ۱۱:۴۴:۵۳,1343047,True,https://excel.codal.ir/service/Excel/GetAll/O0mhYaC60652MVu4QQQaQQQtWRSw%3d%3d/0,برق,مگاوات ساعت,2208.0,16209239.0,35790.0,17548.0,16955437.0,297534.0,1403-12,1403,2025-03-20
فصبا,صبا فولاد خلیج فارس,steel,1404/01/31,گزارش فعالیت ماهانه دوره ۱ ماهه منتهی به  ۱۴۰۴/۰۱/۳۱(اصلاحیه),۱۴۰۴/۰۳/۰۷ ۱۳:۱۸:۰۱,1352367,True,https://excel.codal.ir/service/Excel/GetAll/Ycp0qQqPlRw6CPcaLunoLQ%3d%3d/0,برق,مگاوات ساعت,20316.0,16999606.0,345364.0,37864.0,16979136.0,642898.0,1404-01,1404,2025-04-20
فصبا,صبا فولاد خلیج فارس,steel,1404/02/31,گزارش فعالیت ماهانه دوره ۱ ماهه منتهی به  ۱۴۰۴/۰۲/۳۱(اصلاحیه),۱۴۰۴/۰۳/۱۰ ۱۰:۱۹:۴۰,1353207,True,https://excel.codal.ir/service/Excel/GetAll/sLIY2CsAN38L90pOOObOOO22MrYw%3d%3d/0,برق,مگاوات ساعت,15677.0,17212668.0,269843.0,60092.0,14643031.0,879929.0,1404-02,1404,2025-05-21
فصبا,صبا فولاد خلیج فارس,steel,1404/03/31,گزارش فعالیت ماهانه دوره ۱ ماهه منتهی به  ۱۴۰۴/۰۳/۳۱(اصلاحیه),۱۴۰۴/۰۵/۲۸ ۱۵:۴۲:۰۰,1394585,True,https://excel.codal.ir/service/Excel/GetAll/Qt6JwMUQQQaQQQ83qHPOOObOOOBUXOOObOOOI3ug%3d%3d/0,برق,مگاوات ساعت,14893.0,17955550.0,267412.0,75705.0,16713612.0,1265304.0,1404-03,1404,2025-06-21
فصبا,صبا فولاد خلیج فارس,steel,1404/04/31,گزارش فعالیت ماهانه دوره ۱ ماهه منتهی به  ۱۴۰۴/۰۴/۳۱(اصلاحیه),۱۴۰۴/۰۶/۰۶ ۱۳:۲۱:۱۷,1398725,True,https://excel.codal.ir/service/Excel/GetAll/WYxzHMEaTp97KrQgnOOObOOO9ErA%3d%3d/0,برق,مگاوات ساعت,15265.0,21999803.0,335827.0,91733.0,18433922.0,1690999.0,1404-04,1404,2025-07-22
فصبا,صبا فولاد خلیج فارس,steel,1404/05/31,گزارش فعالیت ماهانه دوره ۱ ماهه منتهی به  ۱۴۰۴/۰۵/۳۱,۱۴۰۴/۰۶/۰۸ ۱۶:۳۰:۴۱,1399468,False,https://excel.codal.ir/service/Excel/GetAll/iEjEVKU167uQS3QQf0aZSg%3d%3d/0,برق,مگاوات ساعت,12041.0,25000498.0,301031.0,103774.0,19195849.0,1992030.0,1404-05,1404,2025-08-22
فصبا,صبا فولاد خلیج فارس,steel,1404/06/31,گزارش فعالیت ماهانه دوره ۱ ماهه منتهی به  ۱۴۰۴/۰۶/۳۱,۱۴۰۴/۰۷/۰۶ ۱۶:۲۱:۵۱,1410661,False,https://excel.codal.ir/service/Excel/GetAll/dMK34UUXUoOaUZpXGoiVsQ%3d%3d/0,برق,مگاوات ساعت,15390.0,28529370.0,439067.0,121136.0,22341888.0,2706407.0,1404-06,1404,2025-09-22
فصبا,صبا فولاد خلیج فارس,steel,1404/07/30,گزارش فعالیت ماهانه دوره ۱ ماهه منتهی به  ۱۴۰۴/۰۷/۳۰,۱۴۰۴/۰۸/۰۶ ۲۰:۱۵:۴۹,1428190,False,https://excel.codal.ir/service/Excel/GetAll/ElPdIO0pvQcP27CCLRbQCg%3d%3d/0,برق,مگاوات ساعت,14085.0,29500390.0,415513.0,136912.0,23350225.0,3196926.0,1404-07,1404,2025-10-22
فصبا,صبا فولاد خلیج فارس,steel,1404/08/30,گزارش فعالیت ماهانه دوره ۱ ماهه منتهی به  ۱۴۰۴/۰۸/۳۰,۱۴۰۴/۰۹/۰۸ ۱۶:۱۸:۴۹,1444150,False,https://excel.codal.ir/service/Excel/GetAll/tov97bEXaAOOObOOORExNL5QQQaQQQkLRA%3d%3d/0,برق,مگاوات ساعت,14750.0,29498576.0,435104.0,153228.0,23926717.0,3666243.0,1404-08,1404,2025-11-21
فصبا,صبا فولاد خلیج فارس,steel,1404/09/30,گزارش فعالیت ماهانه دوره ۱ ماهه منتهی به  ۱۴۰۴/۰۹/۳۰(اصلاحیه),۱۴۰۴/۱۱/۲۹ ۱۸:۵۳:۲۵,1490703,True,https://excel.codal.ir/service/Excel/GetAll/OOObOOOw6GQra9QQQaQQQ6OOObOOO3dtar3C8i9w%3d%3d/0,برق,مگاوات ساعت,15404.0,24499935.0,377397.0,169470.0,23296412.0,3948043.0,1404-09,1404,2025-12-21
فصبا,صبا فولاد خلیج فارس,steel,1404/10/30,گزارش فعالیت ماهانه دوره ۱ ماهه منتهی به  ۱۴۰۴/۱۰/۳۰,۱۴۰۴/۱۱/۰۷ ۱۲:۱۰:۵۳,1478744,False,https://excel.codal.ir/service/Excel/GetAll/npqSbnMxiz74e3oWgmffOOObOOOA%3d%3d/0,برق,مگاوات ساعت,13026.0,24499770.0,319134.0,13026.0,24499770.0,319134.0,1404-10,1404,2026-01-20
فصبا,صبا فولاد خلیج فارس,steel,1404/11/30,گزارش فعالیت ماهانه دوره ۱ ماهه منتهی به  ۱۴۰۴/۱۱/۳۰,۱۴۰۴/۱۲/۰۶ ۱۶:۴۵:۰۹,1499181,False,https://excel.codal.ir/service/Excel/GetAll/SpV5SA9QQQaQQQlJaDvwZLQ1THJg%3d%3d/0,برق,مگاوات ساعت,10312.0,23998933.0,247477.0,23893.0,24064287.0,574968.0,1404-11,1404,2026-02-19
فصبا,صبا فولاد خلیج فارس,steel,1404/12/29,گزارش فعالیت ماهانه دوره ۱ ماهه منتهی به  ۱۴۰۴/۱۲/۲۹(اصلاحیه),۱۴۰۵/۰۱/۳۰ ۱۲:۵۱:۲۱,1509825,True,https://excel.codal.ir/service/Excel/GetAll/1zgKFVkFPOOObOOOLZU4QQQaQQQrefPhzg%3d%3d/0,برق,مگاوات ساعت,12440.0,23249839.0,289228.0,36333.0,23785429.0,864196.0,1404-12,1404,2026-03-20
فصبا,صبا فولاد خلیج فارس,steel,1405/01/31,گزارش فعالیت ماهانه دوره ۱ ماهه منتهی به  ۱۴۰۵/۰۱/۳۱(اصلاحیه),۱۴۰۵/۰۲/۰۸ ۱۱:۱۹:۲۴,1515484,True,https://excel.codal.ir/service/Excel/GetAll/8C0mIVMOOObOOOnEBMcCoPbyX2Kw%3d%3d/0,برق,مگاوات ساعت,11493.0,30000261.0,344793.0,37069.0,31486741.0,1167182.0,1405-01,1405,2026-04-20
فصبا,صبا فولاد خلیج فارس,steel,1405/02/31,گزارش فعالیت ماهانه دوره ۱ ماهه منتهی به  ۱۴۰۵/۰۲/۳۱,۱۴۰۵/۰۳/۰۹ ۱۵:۴۹:۱۵,1535120,False,https://excel.codal.ir/service/Excel/GetAll/0epvqHTRgLNAiaj7hILNBQ%3d%3d/0,برق,مگاوات ساعت,15551.0,29500225.0,458758.0,53236.0,30780261.0,1638618.0,1405-02,1405,2026-05-21
فصبا,صبا فولاد خلیج فارس,steel,1405/03/31,گزارش فعالیت ماهانه دوره ۱ ماهه منتهی به  ۱۴۰۵/۰۳/۳۱(اصلاحیه),۱۴۰۵/۰۴/۰۸ ۱۶:۰۸:۰۲,1559247,True,https://excel.codal.ir/service/Excel/GetAll/amLXuIHZZFaRrBOOObOOOMpsnFLQ%3d%3d/0,برق,مگاوات ساعت,10561.0,39998864.0,422428.0,64536.0,35243198.0,2274455.0,1405-03,1405,2026-06-21
کاوه,فولاد کاوه جنوب کیش,steel,1401/07/30,گزارش فعالیت ماهانه دوره ۱ ماهه منتهی به  ۱۴۰۱/۰۷/۳۰,۱۴۰۱/۰۸/۰۷ ۱۶:۰۵:۲۱,952207,False,https://excel.codal.ir/service/Excel/GetAll/itU637qiHOOObOOOFkgsQQQaQQQ06Vg7Cw%3d%3d/0,برق,مگاوات ساعت,133329.0,6957879.0,927687.0,969940.0,6258670.0,6070534.0,1401-07,1401,2022-10-22
کاوه,فولاد کاوه جنوب کیش,steel,1401/08/30,گزارش فعالیت ماهانه دوره ۱ ماهه منتهی به  ۱۴۰۱/۰۸/۳۰,۱۴۰۱/۰۹/۰۵ ۱۶:۳۶:۳۸,963143,False,https://excel.codal.ir/service/Excel/GetAll/5ekVvPr92QUGIWe5UQWwPA%3d%3d/0,برق,مگاوات ساعت,142827.0,6200844.0,885648.0,1122265.0,6160882.0,6914142.0,1401-08,1401,2022-11-21
کاوه,فولاد کاوه جنوب کیش,steel,1401/09/30,گزارش فعالیت ماهانه دوره ۱ ماهه منتهی به  ۱۴۰۱/۰۹/۳۰,۱۴۰۱/۱۰/۰۷ ۱۷:۲۵:۱۳,975012,False,https://excel.codal.ir/service/Excel/GetAll/JfXqt86fwASujemahJtihQ%3d%3d/0,برق,مگاوات ساعت,131753.0,5844504.0,770031.0,1242945.0,6089212.0,7568556.0,1401-09,1401,2022-12-21
کاوه,فولاد کاوه جنوب کیش,steel,1401/10/30,گزارش فعالیت ماهانه دوره ۱ ماهه منتهی به  ۱۴۰۱/۱۰/۳۰,۱۴۰۱/۱۱/۰۵ ۱۳:۴۷:۲۱,986555,False,https://excel.codal.ir/service/Excel/GetAll/N0UCxjSVIJJIW3KL5ChLOA%3d%3d/0,برق,مگاوات ساعت,127890.0,5987990.0,765804.0,1366973.0,6093853.0,8330133.0,1401-10,1401,2023-01-20
کاوه,فولاد کاوه جنوب کیش,steel,1401/11/30,گزارش فعالیت ماهانه دوره ۱ ماهه منتهی به  ۱۴۰۱/۱۱/۳۰,۱۴۰۱/۱۲/۰۶ ۱۴:۲۰:۳۲,996033,False,https://excel.codal.ir/service/Excel/GetAll/xzcgzOZ38AtjxdFUSos9qg%3d%3d/0,برق,مگاوات ساعت,79240.0,8731651.0,691896.0,1398416.0,6398755.0,8948122.0,1401-11,1401,2023-02-19
کاوه,فولاد کاوه جنوب کیش,steel,1401/12/29,گزارش فعالیت ماهانه دوره ۱ ماهه منتهی به  ۱۴۰۱/۱۲/۲۹(اصلاحیه),۱۴۰۲/۰۲/۳۱ ۱۵:۴۸:۲۹,1027666,True,https://excel.codal.ir/service/Excel/GetAll/jpOOObOOOdssAvOEw8Qb7Wg5Z3EA%3d%3d/0,برق,مگاوات ساعت,77712.0,5908959.0,459197.0,1473746.0,6225375.0,9174621.0,1401-12,1401,2023-03-20
کاوه,فولاد کاوه جنوب کیش,steel,1402/01/31,گزارش فعالیت ماهانه دوره ۱ ماهه منتهی به  ۱۴۰۲/۰۱/۳۱,۱۴۰۲/۰۲/۰۹ ۱۸:۳۳:۳۶,1017603,False,https://excel.codal.ir/service/Excel/GetAll/QCtT6OevchtvFiKVNO5eWg%3d%3d/0,برق,مگاوات ساعت,139940.0,6380756.0,892923.0,139940.0,6380756.0,892923.0,1402-01,1402,2023-04-20
کاوه,فولاد کاوه جنوب کیش,steel,1402/02/31,گزارش فعالیت ماهانه دوره ۱ ماهه منتهی به  ۱۴۰۲/۰۲/۳۱,۱۴۰۲/۰۳/۰۶ ۱۸:۵۸:۳۷,1031328,False,https://excel.codal.ir/service/Excel/GetAll/gJAiOOObOOOUk2ACpNNQkgRhmfjA%3d%3d/0,برق,مگاوات ساعت,162216.0,6618965.0,1073702.0,324432.0,6618965.0,2147404.0,1402-02,1402,2023-05-21
کاوه,فولاد کاوه جنوب کیش,steel,1402/03/31,گزارش فعالیت ماهانه دوره ۱ ماهه منتهی به  ۱۴۰۲/۰۳/۳۱,۱۴۰۲/۰۴/۰۶ ۰۹:۱۱:۲۲,1045271,False,https://excel.codal.ir/service/Excel/GetAll/i3YZlXDEv1oK6x8PYum1hg%3d%3d/0,برق,مگاوات ساعت,136555.0,6376456.0,870737.0,463808.0,6376462.0,2957454.0,1402-03,1402,2023-06-21
کاوه,فولاد کاوه جنوب کیش,steel,1402/04/31,گزارش فعالیت ماهانه دوره ۱ ماهه منتهی به  ۱۴۰۲/۰۴/۳۱,۱۴۰۲/۰۵/۰۴ ۱۲:۵۹:۴۷,1063465,False,https://excel.codal.ir/service/Excel/GetAll/aZD2ffZYkUKcYbVyK6HzZQ%3d%3d/0,برق,مگاوات ساعت,111470.0,6404405.0,713899.0,584032.0,6404397.0,3740373.0,1402-04,1402,2023-07-22
کاوه,فولاد کاوه جنوب کیش,steel,1402/05/31,گزارش فعالیت ماهانه دوره ۱ ماهه منتهی به  ۱۴۰۲/۰۵/۳۱,۱۴۰۲/۰۶/۰۵ ۱۵:۲۹:۰۱,1075362,False,https://excel.codal.ir/service/Excel/GetAll/Cj6MMGZ6coribnbq88I47w%3d%3d/0,برق,مگاوات ساعت,58261.0,6196117.0,360992.0,660323.0,6345189.0,4189874.0,1402-05,1402,2023-08-22
کاوه,فولاد کاوه جنوب کیش,steel,1402/06/31,گزارش فعالیت ماهانه دوره ۱ ماهه منتهی به  ۱۴۰۲/۰۶/۳۱(اصلاحیه),۱۴۰۲/۰۹/۰۸ ۱۵:۲۶:۵۹,1111817,True,https://excel.codal.ir/service/Excel/GetAll/FVOvK2wjdZQQQaQQQQQQaQQQ4DHVbno70w%3d%3d/0,برق,مگاوات ساعت,134653.0,6266077.0,843746.0,812104.0,6266090.0,5088717.0,1402-06,1402,2023-09-22
کاوه,فولاد کاوه جنوب کیش,steel,1402/09/30,گزارش فعالیت ماهانه دوره ۱ ماهه منتهی به  ۱۴۰۲/۰۹/۳۰(اصلاحیه),۱۴۰۲/۱۰/۳۰ ۱۸:۳۵:۱۵,1141564,True,https://excel.codal.ir/service/Excel/GetAll/FaCLIhZ5haYiIFEsV2QLJA%3d%3d/0,برق,مگاوات ساعت,149230.0,6208664.0,926519.0,1264348.0,6224014.0,7869320.0,1402-09,1402,2023-12-21
کاوه,فولاد کاوه جنوب کیش,steel,1402/10/30,گزارش فعالیت ماهانه دوره ۱ ماهه منتهی به  ۱۴۰۲/۱۰/۳۰,۱۴۰۲/۱۱/۰۷ ۱۵:۰۰:۲۹,1146602,False,https://excel.codal.ir/service/Excel/GetAll/JMirpDXAJYTdSrcjfCte4Q%3d%3d/0,برق,مگاوات ساعت,78899.0,6712683.0,529624.0,1341328.0,6740995.0,9041886.0,1402-10,1402,2024-01-20
کاوه,فولاد کاوه جنوب کیش,steel,1402/11/30,گزارش فعالیت ماهانه دوره ۱ ماهه منتهی به  ۱۴۰۲/۱۱/۳۰,۱۴۰۲/۱۲/۰۷ ۱۲:۴۵:۰۷,1158966,False,https://excel.codal.ir/service/Excel/GetAll/h7u8J60PW87tgboY51q4Bw%3d%3d/0,برق,مگاوات ساعت,98503.0,6721227.0,662061.0,1444424.0,6930314.0,10010312.0,1402-11,1402,2024-02-19
کاوه,فولاد کاوه جنوب کیش,steel,1402/12/29,گزارش فعالیت ماهانه دوره ۱ ماهه منتهی به  ۱۴۰۲/۱۲/۲۹(اصلاحیه),۱۴۰۳/۰۳/۲۲ ۱۴:۵۲:۵۲,1200817,True,https://excel.codal.ir/service/Excel/GetAll/oIATT6pa7xDNe3Iw6aXx0A%3d%3d/0,برق,مگاوات ساعت,104616.0,14179045.0,1483355.0,1555153.0,7931175.0,12334191.0,1402-12,1402,2024-03-19
کاوه,فولاد کاوه جنوب کیش,steel,1403/01/31,گزارش فعالیت ماهانه دوره ۱ ماهه منتهی به  ۱۴۰۳/۰۱/۳۱,۱۴۰۳/۰۲/۰۵ ۱۱:۵۵:۰۲,1180911,False,https://excel.codal.ir/service/Excel/GetAll/TIsh9iu3s0uttKaFCCxaZA%3d%3d/0,برق,مگاوات ساعت,175336.0,14170712.0,2484636.0,175336.0,14170712.0,2484636.0,1403-01,1403,2024-04-19
کاوه,فولاد کاوه جنوب کیش,steel,1403/02/31,گزارش فعالیت ماهانه دوره ۱ ماهه منتهی به  ۱۴۰۳/۰۲/۳۱,۱۴۰۳/۰۳/۰۶ ۰۹:۲۴:۵۸,1195188,False,https://excel.codal.ir/service/Excel/GetAll/4IsGwO8mLcdkM9rfrJBigg%3d%3d/0,برق,مگاوات ساعت,175336.0,13700227.0,2402143.0,351289.0,13700218.0,4812736.0,1403-02,1403,2024-05-20
کاوه,فولاد کاوه جنوب کیش,steel,1403/03/31,گزارش فعالیت ماهانه دوره ۱ ماهه منتهی به  ۱۴۰۳/۰۳/۳۱(اصلاحیه),۱۴۰۳/۰۴/۳۰ ۱۵:۴۶:۲۱,1218966,True,https://excel.codal.ir/service/Excel/GetAll/rKLHF9Eedh9Kf4vly31JMw%3d%3d/0,برق,مگاوات ساعت,125427.0,18099588.0,2270177.0,472349.0,16798111.0,7934571.0,1403-03,1403,2024-06-20
کاوه,فولاد کاوه جنوب کیش,steel,1403/04/31,گزارش فعالیت ماهانه دوره ۱ ماهه منتهی به  ۱۴۰۳/۰۴/۳۱,۱۴۰۳/۰۵/۰۴ ۱۲:۱۹:۵۴,1225669,False,https://excel.codal.ir/service/Excel/GetAll/qbevp4AvGkm6yw7XwOOObOOOQ3eA%3d%3d/0,برق,مگاوات ساعت,56694.0,19469044.0,1103778.0,534415.0,17429432.0,9314550.0,1403-04,1403,2024-07-21
کاوه,فولاد کاوه جنوب کیش,steel,1403/05/31,گزارش فعالیت ماهانه دوره ۱ ماهه منتهی به  ۱۴۰۳/۰۵/۳۱,۱۴۰۳/۰۶/۰۷ ۱۶:۰۸:۴۱,1239656,False,https://excel.codal.ir/service/Excel/GetAll/Y0xJ6yOOObOOO63CZMaQPMZtuQnA%3d%3d/0,برق,مگاوات ساعت,29318.0,19470257.0,570829.0,582184.0,17662210.0,10282656.0,1403-05,1403,2024-08-21
کاوه,فولاد کاوه جنوب کیش,steel,1403/06/31,گزارش فعالیت ماهانه دوره ۱ ماهه منتهی به  ۱۴۰۳/۰۶/۳۱(اصلاحیه),۱۴۰۳/۰۷/۳۰ ۱۲:۳۲:۱۱,1258803,True,https://excel.codal.ir/service/Excel/GetAll/1DbnGiPxQQQaQQQekiVFx1zFDH4w%3d%3d/0,برق,مگاوات ساعت,88029.0,20232242.0,1781024.0,691477.0,18100844.0,12516317.0,1403-06,1403,2024-09-21
کاوه,فولاد کاوه جنوب کیش,steel,1403/07/30,گزارش فعالیت ماهانه دوره ۱ ماهه منتهی به  ۱۴۰۳/۰۷/۳۰(اصلاحیه),۱۴۰۳/۰۸/۰۶ ۱۴:۰۱:۵۶,1262515,True,https://excel.codal.ir/service/Excel/GetAll/PhaNRv5eEMqHlKphRZV9mQ%3d%3d/0,برق,مگاوات ساعت,157285.0,14867597.0,2338450.0,862170.0,17291267.0,14908012.0,1403-07,1403,2024-10-21
کاوه,فولاد کاوه جنوب کیش,steel,1403/08/30,گزارش فعالیت ماهانه دوره ۱ ماهه منتهی به  ۱۴۰۳/۰۸/۳۰,۱۴۰۳/۰۹/۰۵ ۱۲:۴۸:۲۹,1275550,False,https://excel.codal.ir/service/Excel/GetAll/rfrlNIMmNdiIKXiDm3qAWw%3d%3d/0,برق,مگاوات ساعت,143102.0,19725217.0,2822718.0,992536.0,19245526.0,19101877.0,1403-08,1403,2024-11-20
کاوه,فولاد کاوه جنوب کیش,steel,1403/09/30,گزارش فعالیت ماهانه دوره ۱ ماهه منتهی به  ۱۴۰۳/۰۹/۳۰,۱۴۰۳/۱۰/۰۵ ۱۰:۳۳:۵۲,1287999,False,https://excel.codal.ir/service/Excel/GetAll/Qj8P41ntTORviEMKygSglw%3d%3d/0,برق,مگاوات ساعت,67778.0,20050031.0,1358951.0,1068037.0,19345888.0,20662124.0,1403-09,1403,2024-12-20
کاوه,فولاد کاوه جنوب کیش,steel,1403/10/30,گزارش فعالیت ماهانه دوره ۱ ماهه منتهی به  ۱۴۰۳/۱۰/۳۰,۱۴۰۳/۱۱/۰۶ ۱۴:۵۱:۱۶,1300878,False,https://excel.codal.ir/service/Excel/GetAll/mObUUs79UdOOObOOORl4OOObOOOxE2Vnaw%3d%3d/0,برق,مگاوات ساعت,67825.0,20373785.0,1381852.0,1155212.0,19809702.0,22884405.0,1403-10,1403,2025-01-19
کاوه,فولاد کاوه جنوب کیش,steel,1403/11/30,گزارش فعالیت ماهانه دوره ۱ ماهه منتهی به  ۱۴۰۳/۱۱/۳۰,۱۴۰۳/۱۲/۰۶ ۱۳:۲۴:۰۱,1312572,False,https://excel.codal.ir/service/Excel/GetAll/OOObOOOseu0dnjB1ZEf27Dzgc2Ow%3d%3d/0,برق,مگاوات ساعت,57306.0,19603776.0,1123414.0,1223783.0,19755480.0,24176421.0,1403-11,1403,2025-02-18
کاوه,فولاد کاوه جنوب کیش,steel,1403/12/30,گزارش فعالیت ماهانه دوره ۱ ماهه منتهی به  ۱۴۰۳/۱۲/۳۰(اصلاحیه),۱۴۰۴/۰۴/۱۱ ۱۳:۵۵:۵۶,1365412,True,https://excel.codal.ir/service/Excel/GetAll/dwe9ZkZ7iQDXdsIVOOObOOOO9ZzQ%3d%3d/0,برق,مگاوات ساعت,78243.0,19081234.0,1492973.0,1316706.0,19849723.0,26136250.0,1403-12,1403,2025-03-20
کاوه,فولاد کاوه جنوب کیش,steel,1404/01/31,گزارش فعالیت ماهانه دوره ۱ ماهه منتهی به  ۱۴۰۴/۰۱/۳۱(اصلاحیه),۱۴۰۴/۰۲/۲۸ ۱۲:۵۴:۳۹,1342476,True,https://excel.codal.ir/service/Excel/GetAll/P7qmEwfOhIohOrl4iQG8mQ%3d%3d/0,آب,مترمکعب,612064.0,425573.0,260478.0,612064.0,425573.0,260478.0,1404-01,1404,2025-04-20
کاوه,فولاد کاوه جنوب کیش,steel,1404/01/31,گزارش فعالیت ماهانه دوره ۱ ماهه منتهی به  ۱۴۰۴/۰۱/۳۱(اصلاحیه),۱۴۰۴/۰۲/۲۸ ۱۲:۵۴:۳۹,1342476,True,https://excel.codal.ir/service/Excel/GetAll/P7qmEwfOhIohOrl4iQG8mQ%3d%3d/0,برق,مگاوات ساعت,158187.0,19605069.0,3101267.0,158187.0,19605069.0,3101267.0,1404-01,1404,2025-04-20
کاوه,فولاد کاوه جنوب کیش,steel,1404/02/31,گزارش فعالیت ماهانه دوره ۱ ماهه منتهی به  ۱۴۰۴/۰۲/۳۱,۱۴۰۴/۰۳/۰۷ ۱۳:۴۳:۲۵,1350831,False,https://excel.codal.ir/service/Excel/GetAll/QTplzq6oOOObOOODk9NU3OzorfHA%3d%3d/0,آب,مترمکعب,568075.0,425572.0,241757.0,1109832.0,425573.0,472314.0,1404-02,1404,2025-05-21
کاوه,فولاد کاوه جنوب کیش,steel,1404/02/31,گزارش فعالیت ماهانه دوره ۱ ماهه منتهی به  ۱۴۰۴/۰۲/۳۱,۱۴۰۴/۰۳/۰۷ ۱۳:۴۳:۲۵,1350831,False,https://excel.codal.ir/service/Excel/GetAll/QTplzq6oOOObOOODk9NU3OzorfHA%3d%3d/0,برق,مگاوات ساعت,138504.0,19705640.0,2729310.0,296757.0,19705638.0,5847786.0,1404-02,1404,2025-05-21
کاوه,فولاد کاوه جنوب کیش,steel,1404/03/31,گزارش فعالیت ماهانه دوره ۱ ماهه منتهی به  ۱۴۰۴/۰۳/۳۱,۱۴۰۴/۰۴/۰۷ ۱۶:۵۷:۱۰,1362460,False,https://excel.codal.ir/service/Excel/GetAll/QQQaQQQQQQaQQQ9DzCEPfwYPZIVznfLF8w%3d%3d/0,آب,مترمکعب,371756.0,339965.0,126384.0,1481588.0,339965.0,503688.0,1404-03,1404,2025-06-21
کاوه,فولاد کاوه جنوب کیش,steel,1404/03/31,گزارش فعالیت ماهانه دوره ۱ ماهه منتهی به  ۱۴۰۴/۰۳/۳۱,۱۴۰۴/۰۴/۰۷ ۱۶:۵۷:۱۰,1362460,False,https://excel.codal.ir/service/Excel/GetAll/QQQaQQQQQQaQQQ9DzCEPfwYPZIVznfLF8w%3d%3d/0,برق,مگاوات ساعت,97686.0,42581916.0,4159657.0,399666.0,33740298.0,13484850.0,1404-03,1404,2025-06-21
کاوه,فولاد کاوه جنوب کیش,steel,1404/04/31,گزارش فعالیت ماهانه دوره ۱ ماهه منتهی به  ۱۴۰۴/۰۴/۳۱,۱۴۰۴/۰۵/۰۷ ۱۷:۴۲:۲۶,1381706,False,https://excel.codal.ir/service/Excel/GetAll/2zde9TZxS6OewhyngxkTyA%3d%3d/0,آب,مترمکعب,444540.0,339965.0,151128.0,1926128.0,339965.0,654816.0,1404-04,1404,2025-07-22
کاوه,فولاد کاوه جنوب کیش,steel,1404/04/31,گزارش فعالیت ماهانه دوره ۱ ماهه منتهی به  ۱۴۰۴/۰۴/۳۱,۱۴۰۴/۰۵/۰۷ ۱۷:۴۲:۲۶,1381706,False,https://excel.codal.ir/service/Excel/GetAll/2zde9TZxS6OewhyngxkTyA%3d%3d/0,برق,مگاوات ساعت,101626.0,42760829.0,4345612.0,516593.0,35879321.0,18535006.0,1404-04,1404,2025-07-22
کاوه,فولاد کاوه جنوب کیش,steel,1404/05/31,گزارش فعالیت ماهانه دوره ۱ ماهه منتهی به  ۱۴۰۴/۰۵/۳۱,۱۴۰۴/۰۶/۰۴ ۱۸:۰۸:۲۵,1397198,False,https://excel.codal.ir/service/Excel/GetAll/bCjpD6zQsm7VunqcBA0OOObOOOew%3d%3d/0,آب,مترمکعب,442795.0,339965.0,150535.0,2368923.0,339965.0,805351.0,1404-05,1404,2025-08-22
کاوه,فولاد کاوه جنوب کیش,steel,1404/05/31,گزارش فعالیت ماهانه دوره ۱ ماهه منتهی به  ۱۴۰۴/۰۵/۳۱,۱۴۰۴/۰۶/۰۴ ۱۸:۰۸:۲۵,1397198,False,https://excel.codal.ir/service/Excel/GetAll/bCjpD6zQsm7VunqcBA0OOObOOOew%3d%3d/0,برق,مگاوات ساعت,99781.0,42760836.0,4266719.0,634782.0,38078832.0,24171757.0,1404-05,1404,2025-08-22
کاوه,فولاد کاوه جنوب کیش,steel,1404/06/31,گزارش فعالیت ماهانه دوره ۱ ماهه منتهی به  ۱۴۰۴/۰۶/۳۱(اصلاحیه),۱۴۰۴/۰۷/۳۰ ۱۵:۲۰:۱۱,1424287,True,https://excel.codal.ir/service/Excel/GetAll/7v1wIKPe5Jhalsji1Qtoqw%3d%3d/0,آب,مترمکعب,479870.0,339967.0,163140.0,2848793.0,339965.0,968491.0,1404-06,1404,2025-09-22
کاوه,فولاد کاوه جنوب کیش,steel,1404/06/31,گزارش فعالیت ماهانه دوره ۱ ماهه منتهی به  ۱۴۰۴/۰۶/۳۱(اصلاحیه),۱۴۰۴/۰۷/۳۰ ۱۵:۲۰:۱۱,1424287,True,https://excel.codal.ir/service/Excel/GetAll/7v1wIKPe5Jhalsji1Qtoqw%3d%3d/0,برق,مگاوات ساعت,123106.0,43394351.0,5342105.0,792340.0,40958510.0,32453066.0,1404-06,1404,2025-09-22
کاوه,فولاد کاوه جنوب کیش,steel,1404/07/30,گزارش فعالیت ماهانه دوره ۱ ماهه منتهی به  ۱۴۰۴/۰۷/۳۰,۱۴۰۴/۰۸/۰۵ ۱۱:۳۰:۱۹,1426123,False,https://excel.codal.ir/service/Excel/GetAll/QQQaQQQ9cENxfadXiOOObOOO7yqrUaFCMw%3d%3d/0,آب,مترمکعب,478239.0,693843.0,331823.0,3330034.0,693218.0,2308441.0,1404-07,1404,2025-10-22
کاوه,فولاد کاوه جنوب کیش,steel,1404/07/30,گزارش فعالیت ماهانه دوره ۱ ماهه منتهی به  ۱۴۰۴/۰۷/۳۰,۱۴۰۴/۰۸/۰۵ ۱۱:۳۰:۱۹,1426123,False,https://excel.codal.ir/service/Excel/GetAll/QQQaQQQ9cENxfadXiOOObOOO7yqrUaFCMw%3d%3d/0,برق,مگاوات ساعت,161441.0,50650876.0,8177128.0,953782.0,43412224.0,41405798.0,1404-07,1404,2025-10-22
کاوه,فولاد کاوه جنوب کیش,steel,1404/08/30,گزارش فعالیت ماهانه دوره ۱ ماهه منتهی به  ۱۴۰۴/۰۸/۳۰,۱۴۰۴/۰۹/۰۶ ۱۵:۱۱:۳۶,1443933,False,https://excel.codal.ir/service/Excel/GetAll/4Z8yWGCz3PRDPtILk6Xf0A%3d%3d/0,آب,مترمکعب,504944.0,693843.0,350352.0,3834978.0,693301.0,2658793.0,1404-08,1404,2025-11-21
کاوه,فولاد کاوه جنوب کیش,steel,1404/08/30,گزارش فعالیت ماهانه دوره ۱ ماهه منتهی به  ۱۴۰۴/۰۸/۳۰,۱۴۰۴/۰۹/۰۶ ۱۵:۱۱:۳۶,1443933,False,https://excel.codal.ir/service/Excel/GetAll/4Z8yWGCz3PRDPtILk6Xf0A%3d%3d/0,برق,مگاوات ساعت,158582.0,37224307.0,5903105.0,1105833.0,40305520.0,44571174.0,1404-08,1404,2025-11-21
کاوه,فولاد کاوه جنوب کیش,steel,1404/09/30,گزارش فعالیت ماهانه دوره ۱ ماهه منتهی به  ۱۴۰۴/۰۹/۳۰,۱۴۰۴/۱۰/۰۷ ۰۹:۰۹:۰۵,1462438,False,https://excel.codal.ir/service/Excel/GetAll/OOObOOOLETxbFdBEhvM7xI5cc9NA%3d%3d/0,آب,مترمکعب,478347.0,693844.0,331898.0,4313325.0,693361.0,2990691.0,1404-09,1404,2025-12-21
کاوه,فولاد کاوه جنوب کیش,steel,1404/09/30,گزارش فعالیت ماهانه دوره ۱ ماهه منتهی به  ۱۴۰۴/۰۹/۳۰,۱۴۰۴/۱۰/۰۷ ۰۹:۰۹:۰۵,1462438,False,https://excel.codal.ir/service/Excel/GetAll/OOObOOOLETxbFdBEhvM7xI5cc9NA%3d%3d/0,برق,مگاوات ساعت,135584.0,35083771.0,4756798.0,1243547.0,39293445.0,48863246.0,1404-09,1404,2025-12-21
کاوه,فولاد کاوه جنوب کیش,steel,1404/10/30,گزارش فعالیت ماهانه دوره ۱ ماهه منتهی به  ۱۴۰۴/۱۰/۳۰,۱۴۰۴/۱۱/۰۷ ۰۸:۵۸:۵۸,1478605,False,https://excel.codal.ir/service/Excel/GetAll/MbWNXGeh9GOOObOOOnQQQaQQQUJxcL1A2Q%3d%3d/0,آب,مترمکعب,333551.0,693843.0,231432.0,4646876.0,693396.0,3222123.0,1404-10,1404,2026-01-20
کاوه,فولاد کاوه جنوب کیش,steel,1404/10/30,گزارش فعالیت ماهانه دوره ۱ ماهه منتهی به  ۱۴۰۴/۱۰/۳۰,۱۴۰۴/۱۱/۰۷ ۰۸:۵۸:۵۸,1478605,False,https://excel.codal.ir/service/Excel/GetAll/MbWNXGeh9GOOObOOOnQQQaQQQUJxcL1A2Q%3d%3d/0,برق,مگاوات ساعت,84965.0,36218808.0,3077331.0,1335883.0,39201327.0,52368386.0,1404-10,1404,2026-01-20
کاوه,فولاد کاوه جنوب کیش,steel,1404/11/30,گزارش فعالیت ماهانه دوره ۱ ماهه منتهی به  ۱۴۰۴/۱۱/۳۰,۱۴۰۴/۱۲/۰۶ ۱۳:۰۵:۰۰,1499157,False,https://excel.codal.ir/service/Excel/GetAll/3TgC1XwpRzh5bNptLMRLQQQaQQQg%3d%3d/0,آب,مترمکعب,382785.0,693844.0,265593.0,5029661.0,693430.0,3487716.0,1404-11,1404,2026-02-19
کاوه,فولاد کاوه جنوب کیش,steel,1404/11/30,گزارش فعالیت ماهانه دوره ۱ ماهه منتهی به  ۱۴۰۴/۱۱/۳۰,۱۴۰۴/۱۲/۰۶ ۱۳:۰۵:۰۰,1499157,False,https://excel.codal.ir/service/Excel/GetAll/3TgC1XwpRzh5bNptLMRLQQQaQQQg%3d%3d/0,برق,مگاوات ساعت,95787788.0,36267.0,3473968.0,97123671.0,574961.0,55842354.0,1404-11,1404,2026-02-19
کاوه,فولاد کاوه جنوب کیش,steel,1404/12/29,گزارش فعالیت ماهانه دوره ۱ ماهه منتهی به  ۱۴۰۴/۱۲/۲۹,۱۴۰۵/۰۱/۱۵ ۱۱:۴۷:۳۹,1505170,False,https://excel.codal.ir/service/Excel/GetAll/9QQQaQQQf5KnWyltvtWyoXLedD2w%3d%3d/0,آب,مترمکعب,348960.0,693845.0,242124.0,5378621.0,693457.0,3729840.0,1404-12,1404,2026-03-20
کاوه,فولاد کاوه جنوب کیش,steel,1404/12/29,گزارش فعالیت ماهانه دوره ۱ ماهه منتهی به  ۱۴۰۴/۱۲/۲۹,۱۴۰۵/۰۱/۱۵ ۱۱:۴۷:۳۹,1505170,False,https://excel.codal.ir/service/Excel/GetAll/9QQQaQQQf5KnWyltvtWyoXLedD2w%3d%3d/0,برق,مگاوات ساعت,79212.0,36267409.0,2872814.0,1510883.0,38861492.0,58715168.0,1404-12,1404,2026-03-20
کاوه,فولاد کاوه جنوب کیش,steel,1405/01/31,گزارش فعالیت ماهانه دوره ۱ ماهه منتهی به  ۱۴۰۵/۰۱/۳۱,۱۴۰۵/۰۲/۰۳ ۱۴:۰۶:۱۱,1512449,False,https://excel.codal.ir/service/Excel/GetAll/tnLLYxOPWkv0i3uBHomlTA%3d%3d/0,آب,مترمکعب,309225.0,693844.0,214554.0,309225.0,693844.0,214554.0,1405-01,1405,2026-04-20
کاوه,فولاد کاوه جنوب کیش,steel,1405/01/31,گزارش فعالیت ماهانه دوره ۱ ماهه منتهی به  ۱۴۰۵/۰۱/۳۱,۱۴۰۵/۰۲/۰۳ ۱۴:۰۶:۱۱,1512449,False,https://excel.codal.ir/service/Excel/GetAll/tnLLYxOPWkv0i3uBHomlTA%3d%3d/0,برق,مگاوات ساعت,63408.0,38685418.0,2452965.0,63408.0,38685418.0,2452965.0,1405-01,1405,2026-04-20
کاوه,فولاد کاوه جنوب کیش,steel,1405/02/31,گزارش فعالیت ماهانه دوره ۱ ماهه منتهی به  ۱۴۰۵/۰۲/۳۱,۱۴۰۵/۰۳/۱۰ ۱۸:۴۰:۲۳,1540210,False,https://excel.codal.ir/service/Excel/GetAll/7u31h1jOfy2PUvMK5NNYqA%3d%3d/0,آب,مترمکعب,552394.0,693844.0,383275.0,861619.0,693844.0,597829.0,1405-02,1405,2026-05-21
کاوه,فولاد کاوه جنوب کیش,steel,1405/02/31,گزارش فعالیت ماهانه دوره ۱ ماهه منتهی به  ۱۴۰۵/۰۲/۳۱,۱۴۰۵/۰۳/۱۰ ۱۸:۴۰:۲۳,1540210,False,https://excel.codal.ir/service/Excel/GetAll/7u31h1jOfy2PUvMK5NNYqA%3d%3d/0,برق,مگاوات ساعت,138845.0,68210580.0,9470698.0,207646.0,68210594.0,14163657.0,1405-02,1405,2026-05-21
کاوه,فولاد کاوه جنوب کیش,steel,1405/03/31,گزارش فعالیت ماهانه دوره ۱ ماهه منتهی به  ۱۴۰۵/۰۳/۳۱,۱۴۰۵/۰۴/۰۸ ۱۵:۲۵:۱۳,1558319,False,https://excel.codal.ir/service/Excel/GetAll/XlwHX2V38jbi2sUeNz0BQQQaQQQA%3d%3d/0,آب,مترمکعب,615554.0,693843.0,427098.0,1477173.0,693844.0,1024927.0,1405-03,1405,2026-06-21
کاوه,فولاد کاوه جنوب کیش,steel,1405/03/31,گزارش فعالیت ماهانه دوره ۱ ماهه منتهی به  ۱۴۰۵/۰۳/۳۱,۱۴۰۵/۰۴/۰۸ ۱۵:۲۵:۱۳,1558319,False,https://excel.codal.ir/service/Excel/GetAll/XlwHX2V38jbi2sUeNz0BQQQaQQQA%3d%3d/0,برق,مگاوات ساعت,156494.0,94072699.0,14721813.0,376048.0,69037921.0,25961572.0,1405-03,1405,2026-06-21
کنور,توسعه معدنی و صنعتی صبانور,iron_ore,1401/07/30,گزارش فعالیت ماهانه دوره ۱ ماهه منتهی به  ۱۴۰۱/۰۷/۳۰(اصلاحیه),۱۴۰۱/۰۸/۲۴ ۱۵:۰۶:۱۸,958210,True,https://excel.codal.ir/service/Excel/GetAll/A1dw3ZOOObOOOicTi2zokF5gLOOObOOOTw%3d%3d/0,برق,مگاوات ساعت,5137.0,3825384.0,19651.0,35963.0,4219225.0,151736.0,1401-07,1401,2022-10-22
کنور,توسعه معدنی و صنعتی صبانور,iron_ore,1401/08/30,گزارش فعالیت ماهانه دوره ۱ ماهه منتهی به  ۱۴۰۱/۰۸/۳۰,۱۴۰۱/۰۹/۰۵ ۱۷:۴۳:۰۷,962914,False,https://excel.codal.ir/service/Excel/GetAll/wUoJ2dLrleqb9dSCgbNWnQ%3d%3d/0,برق,مگاوات ساعت,6459.0,4464623.0,28837.0,42422.0,4256589.0,180573.0,1401-08,1401,2022-11-21
کنور,توسعه معدنی و صنعتی صبانور,iron_ore,1401/09/30,گزارش فعالیت ماهانه دوره ۱ ماهه منتهی به  ۱۴۰۱/۰۹/۳۰(اصلاحیه),۱۴۰۱/۱۱/۰۴ ۱۴:۰۶:۴۲,987018,True,https://excel.codal.ir/service/Excel/GetAll/RxFvubFeO8VDOOObOOOeyR2cvNdQ%3d%3d/0,برق,مگاوات ساعت,6482.0,4444616.0,28810.0,48904.0,4281511.0,209383.0,1401-09,1401,2022-12-21
کنور,توسعه معدنی و صنعتی صبانور,iron_ore,1401/10/30,گزارش فعالیت ماهانه دوره ۱ ماهه منتهی به  ۱۴۰۱/۱۰/۳۰,۱۴۰۱/۱۱/۰۵ ۱۵:۴۵:۳۸,987728,False,https://excel.codal.ir/service/Excel/GetAll/iT35z5s34T5tXkNEs2CoNQ%3d%3d/0,برق,مگاوات ساعت,4918.0,4470110.0,21984.0,53822.0,4298744.0,231367.0,1401-10,1401,2023-01-20
کنور,توسعه معدنی و صنعتی صبانور,iron_ore,1401/11/30,گزارش فعالیت ماهانه دوره ۱ ماهه منتهی به  ۱۴۰۱/۱۱/۳۰(اصلاحیه),۱۴۰۱/۱۲/۰۷ ۱۱:۱۷:۵۸,997080,True,https://excel.codal.ir/service/Excel/GetAll/Yja0m2gDJQQQaQQQCaGJbw6eMRvw%3d%3d/0,برق,مگاوات ساعت,3745.0,4472630.0,16750.0,57567.0,4310056.0,248117.0,1401-11,1401,2023-02-19
کنور,توسعه معدنی و صنعتی صبانور,iron_ore,1401/12/29,گزارش فعالیت ماهانه دوره ۱ ماهه منتهی به  ۱۴۰۱/۱۲/۲۹(اصلاحیه),۱۴۰۲/۰۳/۰۶ ۱۸:۱۵:۳۰,1030778,True,https://excel.codal.ir/service/Excel/GetAll/OOObOOOSzA9siGt9WLvhbQQQaQQQEY1YMA%3d%3d/0,برق,مگاوات ساعت,7568.0,4372093.0,33088.0,65135.0,4317264.0,281205.0,1401-12,1401,2023-03-20
کنور,توسعه معدنی و صنعتی صبانور,iron_ore,1402/01/31,گزارش فعالیت ماهانه دوره ۱ ماهه منتهی به  ۱۴۰۲/۰۱/۳۱,۱۴۰۲/۰۲/۰۵ ۱۸:۱۹:۰۸,1016926,False,https://excel.codal.ir/service/Excel/GetAll/tzVvTdhOOObOOO3YTC0K9OOObOOO1QQQaQQQZi8w%3d%3d/0,آب,مترمکعب,28517.0,1756040.0,50077.0,28517.0,1756040.0,50077.0,1402-01,1402,2023-04-20
کنور,توسعه معدنی و صنعتی صبانور,iron_ore,1402/01/31,گزارش فعالیت ماهانه دوره ۱ ماهه منتهی به  ۱۴۰۲/۰۱/۳۱,۱۴۰۲/۰۲/۰۵ ۱۸:۱۹:۰۸,1016926,False,https://excel.codal.ir/service/Excel/GetAll/tzVvTdhOOObOOO3YTC0K9OOObOOO1QQQaQQQZi8w%3d%3d/0,برق,مگاوات ساعت,3978.0,712167.0,2833.0,3978.0,712167.0,2833.0,1402-01,1402,2023-04-20
کنور,توسعه معدنی و صنعتی صبانور,iron_ore,1402/02/31,گزارش فعالیت ماهانه دوره ۱ ماهه منتهی به  ۱۴۰۲/۰۲/۳۱,۱۴۰۲/۰۳/۰۶ ۱۷:۴۳:۳۱,1030481,False,https://excel.codal.ir/service/Excel/GetAll/B9pLYXSVOXfpXWHubMNarg%3d%3d/0,آب,مترمکعب,90379.0,1780391.0,160910.0,118896.0,1774551.0,210987.0,1402-02,1402,2023-05-21
کنور,توسعه معدنی و صنعتی صبانور,iron_ore,1402/02/31,گزارش فعالیت ماهانه دوره ۱ ماهه منتهی به  ۱۴۰۲/۰۲/۳۱,۱۴۰۲/۰۳/۰۶ ۱۷:۴۳:۳۱,1030481,False,https://excel.codal.ir/service/Excel/GetAll/B9pLYXSVOXfpXWHubMNarg%3d%3d/0,برق,مگاوات ساعت,6662.0,900030.0,5996.0,10640.0,829793.0,8829.0,1402-02,1402,2023-05-21
کنور,توسعه معدنی و صنعتی صبانور,iron_ore,1402/03/31,گزارش فعالیت ماهانه دوره ۱ ماهه منتهی به  ۱۴۰۲/۰۳/۳۱(اصلاحیه),۱۴۰۲/۰۴/۳۱ ۱۹:۳۸:۲۹,1058072,True,https://excel.codal.ir/service/Excel/GetAll/RqV1AlGXBYoFBgMnrSldUw%3d%3d/0,آب,مترمکعب,56976.0,1825558.0,104013.0,175872.0,1791075.0,315000.0,1402-03,1402,2023-06-21
کنور,توسعه معدنی و صنعتی صبانور,iron_ore,1402/03/31,گزارش فعالیت ماهانه دوره ۱ ماهه منتهی به  ۱۴۰۲/۰۳/۳۱(اصلاحیه),۱۴۰۲/۰۴/۳۱ ۱۹:۳۸:۲۹,1058072,True,https://excel.codal.ir/service/Excel/GetAll/RqV1AlGXBYoFBgMnrSldUw%3d%3d/0,برق,مگاوات ساعت,7050.0,1090355.0,7687.0,17690.0,933635.0,16516.0,1402-03,1402,2023-06-21
کنور,توسعه معدنی و صنعتی صبانور,iron_ore,1402/04/31,گزارش فعالیت ماهانه دوره ۱ ماهه منتهی به  ۱۴۰۲/۰۴/۳۱,۱۴۰۲/۰۵/۰۴ ۱۶:۵۷:۳۸,1063147,False,https://excel.codal.ir/service/Excel/GetAll/iOZCeicFeZJYXZDLQQQaQQQnobYg%3d%3d/0,آب,مترمکعب,54767.0,1825552.0,99980.0,230639.0,1799262.0,414980.0,1402-04,1402,2023-07-22
کنور,توسعه معدنی و صنعتی صبانور,iron_ore,1402/04/31,گزارش فعالیت ماهانه دوره ۱ ماهه منتهی به  ۱۴۰۲/۰۴/۳۱,۱۴۰۲/۰۵/۰۴ ۱۶:۵۷:۳۸,1063147,False,https://excel.codal.ir/service/Excel/GetAll/iOZCeicFeZJYXZDLQQQaQQQnobYg%3d%3d/0,برق,مگاوات ساعت,7630.0,1999738.0,15258.0,25320.0,1254897.0,31774.0,1402-04,1402,2023-07-22
کنور,توسعه معدنی و صنعتی صبانور,iron_ore,1402/05/31,گزارش فعالیت ماهانه دوره ۱ ماهه منتهی به  ۱۴۰۲/۰۵/۳۱,۱۴۰۲/۰۶/۰۵ ۱۹:۱۲:۵۹,1075654,False,https://excel.codal.ir/service/Excel/GetAll/7aOOObOOOXs5x0QXcVkbKv979sQQ%3d%3d/0,آب,مترمکعب,75334.0,2241365.0,168851.0,305973.0,1908113.0,583831.0,1402-05,1402,2023-08-22
کنور,توسعه معدنی و صنعتی صبانور,iron_ore,1402/05/31,گزارش فعالیت ماهانه دوره ۱ ماهه منتهی به  ۱۴۰۲/۰۵/۳۱,۱۴۰۲/۰۶/۰۵ ۱۹:۱۲:۵۹,1075654,False,https://excel.codal.ir/service/Excel/GetAll/7aOOObOOOXs5x0QXcVkbKv979sQQ%3d%3d/0,برق,مگاوات ساعت,6616.0,8939389.0,59143.0,31936.0,2846850.0,90917.0,1402-05,1402,2023-08-22
کنور,توسعه معدنی و صنعتی صبانور,iron_ore,1402/06/31,گزارش فعالیت ماهانه دوره ۱ ماهه منتهی به  ۱۴۰۲/۰۶/۳۱(اصلاحیه),۱۴۰۲/۰۷/۲۲ ۱۹:۳۰:۱۸,1091948,True,https://excel.codal.ir/service/Excel/GetAll/h9BEEmwaawlBU0MCh16O3g%3d%3d/0,آب,مترمکعب,92498.0,2241367.0,207322.0,398471.0,1985472.0,791153.0,1402-06,1402,2023-09-22
کنور,توسعه معدنی و صنعتی صبانور,iron_ore,1402/06/31,گزارش فعالیت ماهانه دوره ۱ ماهه منتهی به  ۱۴۰۲/۰۶/۳۱(اصلاحیه),۱۴۰۲/۰۷/۲۲ ۱۹:۳۰:۱۸,1091948,True,https://excel.codal.ir/service/Excel/GetAll/h9BEEmwaawlBU0MCh16O3g%3d%3d/0,برق,مگاوات ساعت,7540.0,9219496.0,69515.0,39476.0,4064039.0,160432.0,1402-06,1402,2023-09-22
کنور,توسعه معدنی و صنعتی صبانور,iron_ore,1402/07/30,گزارش فعالیت ماهانه دوره ۱ ماهه منتهی به  ۱۴۰۲/۰۷/۳۰,۱۴۰۲/۰۸/۰۳ ۱۷:۵۹:۳۵,1097366,False,https://excel.codal.ir/service/Excel/GetAll/wcHvVQQQaQQQ4RNbRyIxOxT8L7FA%3d%3d/0,آب,مترمکعب,76708.0,2241357.0,171930.0,475179.0,2026779.0,963083.0,1402-07,1402,2023-10-22
کنور,توسعه معدنی و صنعتی صبانور,iron_ore,1402/07/30,گزارش فعالیت ماهانه دوره ۱ ماهه منتهی به  ۱۴۰۲/۰۷/۳۰,۱۴۰۲/۰۸/۰۳ ۱۷:۵۹:۳۵,1097366,False,https://excel.codal.ir/service/Excel/GetAll/wcHvVQQQaQQQ4RNbRyIxOxT8L7FA%3d%3d/0,برق,مگاوات ساعت,6644.0,10391481.0,69041.0,46120.0,4975564.0,229473.0,1402-07,1402,2023-10-22
کنور,توسعه معدنی و صنعتی صبانور,iron_ore,1402/08/30,گزارش فعالیت ماهانه دوره ۱ ماهه منتهی به  ۱۴۰۲/۰۸/۳۰,۱۴۰۲/۰۹/۱۳ ۱۶:۴۲:۱۹,1112214,False,https://excel.codal.ir/service/Excel/GetAll/tOVQQQaQQQ5M2GAY2mqu0BwufAUQ%3d%3d/0,آب,مترمکعب,75264.0,1638406.0,123313.0,550443.0,1973676.0,1086396.0,1402-08,1402,2023-11-21
کنور,توسعه معدنی و صنعتی صبانور,iron_ore,1402/08/30,گزارش فعالیت ماهانه دوره ۱ ماهه منتهی به  ۱۴۰۲/۰۸/۳۰,۱۴۰۲/۰۹/۱۳ ۱۶:۴۲:۱۹,1112214,False,https://excel.codal.ir/service/Excel/GetAll/tOVQQQaQQQ5M2GAY2mqu0BwufAUQ%3d%3d/0,برق,مگاوات ساعت,7461.0,7763839.0,57926.0,53581.0,5363823.0,287399.0,1402-08,1402,2023-11-21
کنور,توسعه معدنی و صنعتی صبانور,iron_ore,1402/09/30,گزارش فعالیت ماهانه دوره ۱ ماهه منتهی به  ۱۴۰۲/۰۹/۳۰(اصلاحیه),۱۴۰۲/۱۰/۳۰ ۲۱:۰۴:۵۵,1143845,True,https://excel.codal.ir/service/Excel/GetAll/Ty0Fi5s3xexyqQQQaQQQB3tTrtQQQaQQQg%3d%3d/0,آب,مترمکعب,67938.0,1554962.0,105641.0,618381.0,1617863.0,1000456.0,1402-09,1402,2023-12-21
کنور,توسعه معدنی و صنعتی صبانور,iron_ore,1402/09/30,گزارش فعالیت ماهانه دوره ۱ ماهه منتهی به  ۱۴۰۲/۰۹/۳۰(اصلاحیه),۱۴۰۲/۱۰/۳۰ ۲۱:۰۴:۵۵,1143845,True,https://excel.codal.ir/service/Excel/GetAll/Ty0Fi5s3xexyqQQQaQQQB3tTrtQQQaQQQg%3d%3d/0,برق,مگاوات ساعت,8027.0,6423321.0,51560.0,61608.0,5501867.0,338959.0,1402-09,1402,2023-12-21
کنور,توسعه معدنی و صنعتی صبانور,iron_ore,1402/10/30,گزارش فعالیت ماهانه دوره ۱ ماهه منتهی به  ۱۴۰۲/۱۰/۳۰,۱۴۰۲/۱۱/۰۴ ۱۷:۳۸:۴۳,1146792,False,https://excel.codal.ir/service/Excel/GetAll/Dm5BYBSiNaXTyYHjbOOObOOOa9AQ%3d%3d/0,آب,مترمکعب,66584.0,1554968.0,103536.0,684965.0,1611750.0,1103992.0,1402-10,1402,2024-01-20
کنور,توسعه معدنی و صنعتی صبانور,iron_ore,1402/10/30,گزارش فعالیت ماهانه دوره ۱ ماهه منتهی به  ۱۴۰۲/۱۰/۳۰,۱۴۰۲/۱۱/۰۴ ۱۷:۳۸:۴۳,1146792,False,https://excel.codal.ir/service/Excel/GetAll/Dm5BYBSiNaXTyYHjbOOObOOOa9AQ%3d%3d/0,برق,مگاوات ساعت,6148.0,5501789.0,33825.0,67756.0,5501860.0,372784.0,1402-10,1402,2024-01-20
کنور,توسعه معدنی و صنعتی صبانور,iron_ore,1402/11/30,گزارش فعالیت ماهانه دوره ۱ ماهه منتهی به  ۱۴۰۲/۱۱/۳۰,۱۴۰۲/۱۲/۰۵ ۰۹:۴۵:۲۱,1158059,False,https://excel.codal.ir/service/Excel/GetAll/UcMIHOOOObOOOr1HHJnp6P8RIHqw%3d%3d/0,آب,مترمکعب,61250.0,1611429.0,98700.0,746215.0,1611723.0,1202692.0,1402-11,1402,2024-02-19
کنور,توسعه معدنی و صنعتی صبانور,iron_ore,1402/11/30,گزارش فعالیت ماهانه دوره ۱ ماهه منتهی به  ۱۴۰۲/۱۱/۳۰,۱۴۰۲/۱۲/۰۵ ۰۹:۴۵:۲۱,1158059,False,https://excel.codal.ir/service/Excel/GetAll/UcMIHOOOObOOOr1HHJnp6P8RIHqw%3d%3d/0,برق,مگاوات ساعت,5180.0,5308880.0,27500.0,72936.0,5488154.0,400284.0,1402-11,1402,2024-02-19
کنور,توسعه معدنی و صنعتی صبانور,iron_ore,1402/12/29,گزارش فعالیت ماهانه دوره ۱ ماهه منتهی به  ۱۴۰۲/۱۲/۲۹(اصلاحیه),۱۴۰۳/۰۳/۰۱ ۱۶:۵۹:۱۴,1193150,True,https://excel.codal.ir/service/Excel/GetAll/2OtR9RZNECMC6aBEWHHQqg%3d%3d/0,آب,مترمکعب,76280.0,1540981.0,117546.0,745967.0,1372317.0,1023703.0,1402-12,1402,2024-03-19
کنور,توسعه معدنی و صنعتی صبانور,iron_ore,1402/12/29,گزارش فعالیت ماهانه دوره ۱ ماهه منتهی به  ۱۴۰۲/۱۲/۲۹(اصلاحیه),۱۴۰۳/۰۳/۰۱ ۱۶:۵۹:۱۴,1193150,True,https://excel.codal.ir/service/Excel/GetAll/2OtR9RZNECMC6aBEWHHQqg%3d%3d/0,برق,مگاوات ساعت,6053.0,5309599.0,32139.0,88924.0,11321218.0,1006728.0,1402-12,1402,2024-03-19
کنور,توسعه معدنی و صنعتی صبانور,iron_ore,1403/02/31,گزارش فعالیت ماهانه دوره ۱ ماهه منتهی به  ۱۴۰۳/۰۲/۳۱(اصلاحیه),۱۴۰۳/۰۴/۰۹ ۱۶:۳۹:۵۷,1195579,True,https://excel.codal.ir/service/Excel/GetAll/iGOQQQaQQQTiBifGjBU3pOOObOOOeF9efw%3d%3d/0,آب,مترمکعب,41877.0,1541276.0,64544.0,125725.0,1541277.0,193777.0,1403-02,1403,2024-05-20
کنور,توسعه معدنی و صنعتی صبانور,iron_ore,1403/02/31,گزارش فعالیت ماهانه دوره ۱ ماهه منتهی به  ۱۴۰۳/۰۲/۳۱(اصلاحیه),۱۴۰۳/۰۴/۰۹ ۱۶:۳۹:۵۷,1195579,True,https://excel.codal.ir/service/Excel/GetAll/iGOQQQaQQQTiBifGjBU3pOOObOOOeF9efw%3d%3d/0,برق,مگاوات ساعت,8626.0,14960121.0,129046.0,17297.0,14960109.0,258765.0,1403-02,1403,2024-05-20
کنور,توسعه معدنی و صنعتی صبانور,iron_ore,1403/03/31,گزارش فعالیت ماهانه دوره ۱ ماهه منتهی به  ۱۴۰۳/۰۳/۳۱(اصلاحیه),۱۴۰۳/۰۴/۳۰ ۲۰:۴۹:۳۸,1220828,True,https://excel.codal.ir/service/Excel/GetAll/1OfXcM2FasVthdzMdWnNNA%3d%3d/0,آب,مترمکعب,59376.0,1422814.0,84481.0,185101.0,1503277.0,278258.0,1403-03,1403,2024-06-20
کنور,توسعه معدنی و صنعتی صبانور,iron_ore,1403/03/31,گزارش فعالیت ماهانه دوره ۱ ماهه منتهی به  ۱۴۰۳/۰۳/۳۱(اصلاحیه),۱۴۰۳/۰۴/۳۰ ۲۰:۴۹:۳۸,1220828,True,https://excel.codal.ir/service/Excel/GetAll/1OfXcM2FasVthdzMdWnNNA%3d%3d/0,برق,مگاوات ساعت,8413.0,14960537.0,125863.0,25710.0,14960249.0,384628.0,1403-03,1403,2024-06-20
کنور,توسعه معدنی و صنعتی صبانور,iron_ore,1403/04/31,گزارش فعالیت ماهانه دوره ۱ ماهه منتهی به  ۱۴۰۳/۰۴/۳۱,۱۴۰۳/۰۵/۰۶ ۱۶:۲۱:۱۸,1225900,False,https://excel.codal.ir/service/Excel/GetAll/IfD1WRTFjRXOOObOOOiRKY8Y5OOObOOO8w%3d%3d/0,آب,مترمکعب,69957.0,1554483.0,108747.0,255058.0,1517322.0,387005.0,1403-04,1403,2024-07-21
کنور,توسعه معدنی و صنعتی صبانور,iron_ore,1403/04/31,گزارش فعالیت ماهانه دوره ۱ ماهه منتهی به  ۱۴۰۳/۰۴/۳۱,۱۴۰۳/۰۵/۰۶ ۱۶:۲۱:۱۸,1225900,False,https://excel.codal.ir/service/Excel/GetAll/IfD1WRTFjRXOOObOOOiRKY8Y5OOObOOO8w%3d%3d/0,برق,مگاوات ساعت,8123.0,14960606.0,121525.0,33833.0,14960335.0,506153.0,1403-04,1403,2024-07-21
کنور,توسعه معدنی و صنعتی صبانور,iron_ore,1403/05/31,گزارش فعالیت ماهانه دوره ۱ ماهه منتهی به  ۱۴۰۳/۰۵/۳۱,۱۴۰۳/۰۶/۰۶ ۱۷:۱۳:۱۷,1239409,False,https://excel.codal.ir/service/Excel/GetAll/j4fKYOTekc7U9mQrPd292A%3d%3d/0,آب,مترمکعب,62647.0,1643239.0,102944.0,317705.0,1542151.0,489949.0,1403-05,1403,2024-08-21
کنور,توسعه معدنی و صنعتی صبانور,iron_ore,1403/05/31,گزارش فعالیت ماهانه دوره ۱ ماهه منتهی به  ۱۴۰۳/۰۵/۳۱,۱۴۰۳/۰۶/۰۶ ۱۷:۱۳:۱۷,1239409,False,https://excel.codal.ir/service/Excel/GetAll/j4fKYOTekc7U9mQrPd292A%3d%3d/0,برق,مگاوات ساعت,7697.0,14960504.0,115151.0,41530.0,14960366.0,621304.0,1403-05,1403,2024-08-21
کنور,توسعه معدنی و صنعتی صبانور,iron_ore,1403/06/31,گزارش فعالیت ماهانه دوره ۱ ماهه منتهی به  ۱۴۰۳/۰۶/۳۱(اصلاحیه),۱۴۰۳/۰۸/۰۱ ۲۱:۰۳:۲۶,1260527,True,https://excel.codal.ir/service/Excel/GetAll/CZO9Csi5eBTXRBD3NtAw7w%3d%3d/0,آب,مترمکعب,66035.0,1685727.0,111317.0,156770.0,3387204.0,531012.0,1403-06,1403,2024-09-21
کنور,توسعه معدنی و صنعتی صبانور,iron_ore,1403/06/31,گزارش فعالیت ماهانه دوره ۱ ماهه منتهی به  ۱۴۰۳/۰۶/۳۱(اصلاحیه),۱۴۰۳/۰۸/۰۱ ۲۱:۰۳:۲۶,1260527,True,https://excel.codal.ir/service/Excel/GetAll/CZO9Csi5eBTXRBD3NtAw7w%3d%3d/0,برق,مگاوات ساعت,7796.0,14962032.0,116644.0,49157.0,18176150.0,893485.0,1403-06,1403,2024-09-21
کنور,توسعه معدنی و صنعتی صبانور,iron_ore,1403/07/30,گزارش فعالیت ماهانه دوره ۱ ماهه منتهی به  ۱۴۰۳/۰۷/۳۰,۱۴۰۳/۰۸/۰۵ ۱۷:۵۳:۲۱,1261799,False,https://excel.codal.ir/service/Excel/GetAll/aI186tkOOObOOOw7hR1I66Gb1XQQQaQQQw%3d%3d/0,آب,مترمکعب,73000.0,1692479.0,123551.0,229770.0,2848775.0,654563.0,1403-07,1403,2024-10-21
کنور,توسعه معدنی و صنعتی صبانور,iron_ore,1403/07/30,گزارش فعالیت ماهانه دوره ۱ ماهه منتهی به  ۱۴۰۳/۰۷/۳۰,۱۴۰۳/۰۸/۰۵ ۱۷:۵۳:۲۱,1261799,False,https://excel.codal.ir/service/Excel/GetAll/aI186tkOOObOOOw7hR1I66Gb1XQQQaQQQw%3d%3d/0,برق,مگاوات ساعت,7871.0,18177106.0,143072.0,57028.0,18176282.0,1036557.0,1403-07,1403,2024-10-21
کنور,توسعه معدنی و صنعتی صبانور,iron_ore,1403/08/30,گزارش فعالیت ماهانه دوره ۱ ماهه منتهی به  ۱۴۰۳/۰۸/۳۰,۱۴۰۳/۰۹/۰۵ ۱۴:۵۷:۱۰,1274823,False,https://excel.codal.ir/service/Excel/GetAll/bn0tnFHGasKylYX0IgbOOObOOOmA%3d%3d/0,آب,مترمکعب,80366.0,1227036.0,98612.0,310136.0,2428531.0,753175.0,1403-08,1403,2024-11-20
کنور,توسعه معدنی و صنعتی صبانور,iron_ore,1403/08/30,گزارش فعالیت ماهانه دوره ۱ ماهه منتهی به  ۱۴۰۳/۰۸/۳۰,۱۴۰۳/۰۹/۰۵ ۱۴:۵۷:۱۰,1274823,False,https://excel.codal.ir/service/Excel/GetAll/bn0tnFHGasKylYX0IgbOOObOOOmA%3d%3d/0,برق,مگاوات ساعت,7540.0,18176127.0,137048.0,64568.0,18176264.0,1173605.0,1403-08,1403,2024-11-20
کنور,توسعه معدنی و صنعتی صبانور,iron_ore,1403/09/30,گزارش فعالیت ماهانه دوره ۱ ماهه منتهی به  ۱۴۰۳/۰۹/۳۰(اصلاحیه),۱۴۰۳/۱۰/۳۰ ۱۸:۳۶:۲۸,1296881,True,https://excel.codal.ir/service/Excel/GetAll/VZQ1jnmeC05cvnbt00xOyA%3d%3d/0,آب,مترمکعب,63974.0,957952.0,61284.0,601080.0,1356997.0,815664.0,1403-09,1403,2024-12-20
کنور,توسعه معدنی و صنعتی صبانور,iron_ore,1403/09/30,گزارش فعالیت ماهانه دوره ۱ ماهه منتهی به  ۱۴۰۳/۰۹/۳۰(اصلاحیه),۱۴۰۳/۱۰/۳۰ ۱۸:۳۶:۲۸,1296881,True,https://excel.codal.ir/service/Excel/GetAll/VZQ1jnmeC05cvnbt00xOyA%3d%3d/0,برق,مگاوات ساعت,6044.0,18178193.0,109869.0,70782.0,20936043.0,1481895.0,1403-09,1403,2024-12-20
کنور,توسعه معدنی و صنعتی صبانور,iron_ore,1403/10/30,گزارش فعالیت ماهانه دوره ۱ ماهه منتهی به  ۱۴۰۳/۱۰/۳۰,۱۴۰۳/۱۱/۰۶ ۱۶:۴۴:۳۷,1300753,False,https://excel.codal.ir/service/Excel/GetAll/QQ1fQPdzCOOObOOO8M9DmQkmE9pQ%3d%3d/0,آب,مترمکعب,64738.0,1356993.0,87849.0,665818.0,1356997.0,903513.0,1403-10,1403,2025-01-19
کنور,توسعه معدنی و صنعتی صبانور,iron_ore,1403/10/30,گزارش فعالیت ماهانه دوره ۱ ماهه منتهی به  ۱۴۰۳/۱۰/۳۰,۱۴۰۳/۱۱/۰۶ ۱۶:۴۴:۳۷,1300753,False,https://excel.codal.ir/service/Excel/GetAll/QQ1fQPdzCOOObOOO8M9DmQkmE9pQ%3d%3d/0,برق,مگاوات ساعت,6195.0,20939144.0,129718.0,76977.0,20936293.0,1611613.0,1403-10,1403,2025-01-19
کنور,توسعه معدنی و صنعتی صبانور,iron_ore,1403/11/30,گزارش فعالیت ماهانه دوره ۱ ماهه منتهی به  ۱۴۰۳/۱۱/۳۰,۱۴۰۳/۱۲/۰۵ ۱۴:۰۶:۳۲,1311756,False,https://excel.codal.ir/service/Excel/GetAll/rkUnU7Hgp6YVLiQQQaQQQQmgjQDQ%3d%3d/0,آب,مترمکعب,47280.0,1357001.0,64159.0,713098.0,1356997.0,967672.0,1403-11,1403,2025-02-18
کنور,توسعه معدنی و صنعتی صبانور,iron_ore,1403/11/30,گزارش فعالیت ماهانه دوره ۱ ماهه منتهی به  ۱۴۰۳/۱۱/۳۰,۱۴۰۳/۱۲/۰۵ ۱۴:۰۶:۳۲,1311756,False,https://excel.codal.ir/service/Excel/GetAll/rkUnU7Hgp6YVLiQQQaQQQQmgjQDQ%3d%3d/0,برق,مگاوات ساعت,6360.0,20936006.0,133153.0,83337.0,20936271.0,1744766.0,1403-11,1403,2025-02-18
کنور,توسعه معدنی و صنعتی صبانور,iron_ore,1403/12/30,گزارش فعالیت ماهانه دوره ۱ ماهه منتهی به  ۱۴۰۳/۱۲/۳۰(اصلاحیه),۱۴۰۴/۰۲/۳۱ ۲۰:۴۰:۵۹,1347699,True,https://excel.codal.ir/service/Excel/GetAll/tXkHrIPfI7ohOOObOOOjihXqSABA%3d%3d/0,آب,مترمکعب,46918.0,1357006.0,63668.0,760016.0,1658786.0,1260704.0,1403-12,1403,2025-03-20
کنور,توسعه معدنی و صنعتی صبانور,iron_ore,1403/12/30,گزارش فعالیت ماهانه دوره ۱ ماهه منتهی به  ۱۴۰۳/۱۲/۳۰(اصلاحیه),۱۴۰۴/۰۲/۳۱ ۲۰:۴۰:۵۹,1347699,True,https://excel.codal.ir/service/Excel/GetAll/tXkHrIPfI7ohOOObOOOjihXqSABA%3d%3d/0,برق,مگاوات ساعت,7522.0,20936320.0,157483.0,90859.0,20225921.0,1837707.0,1403-12,1403,2025-03-20
کنور,توسعه معدنی و صنعتی صبانور,iron_ore,1404/01/31,گزارش فعالیت ماهانه دوره ۱ ماهه منتهی به  ۱۴۰۴/۰۱/۳۱,۱۴۰۴/۰۲/۰۶ ۱۶:۳۰:۳۱,1335272,False,https://excel.codal.ir/service/Excel/GetAll/Y9tj9pBb8wFwojpXm2QPDQ%3d%3d/0,آب,مترمکعب,33230.0,1356997.0,45093.0,33230.0,1356997.0,45093.0,1404-01,1404,2025-04-20
کنور,توسعه معدنی و صنعتی صبانور,iron_ore,1404/01/31,گزارش فعالیت ماهانه دوره ۱ ماهه منتهی به  ۱۴۰۴/۰۱/۳۱,۱۴۰۴/۰۲/۰۶ ۱۶:۳۰:۳۱,1335272,False,https://excel.codal.ir/service/Excel/GetAll/Y9tj9pBb8wFwojpXm2QPDQ%3d%3d/0,برق,مگاوات ساعت,7791.0,20938262.0,163130.0,7791.0,20938262.0,163130.0,1404-01,1404,2025-04-20
کنور,توسعه معدنی و صنعتی صبانور,iron_ore,1404/02/31,گزارش فعالیت ماهانه دوره ۱ ماهه منتهی به  ۱۴۰۴/۰۲/۳۱,۱۴۰۴/۰۳/۰۵ ۱۷:۰۱:۲۲,1349971,False,https://excel.codal.ir/service/Excel/GetAll/BgCUVUwZQVVfKP77ZmHsTA%3d%3d/0,آب,مترمکعب,56877.0,1658790.0,94347.0,90107.0,1547494.0,139440.0,1404-02,1404,2025-05-21
کنور,توسعه معدنی و صنعتی صبانور,iron_ore,1404/02/31,گزارش فعالیت ماهانه دوره ۱ ماهه منتهی به  ۱۴۰۴/۰۲/۳۱,۱۴۰۴/۰۳/۰۵ ۱۷:۰۱:۲۲,1349971,False,https://excel.codal.ir/service/Excel/GetAll/BgCUVUwZQVVfKP77ZmHsTA%3d%3d/0,برق,مگاوات ساعت,7660.0,20228068.0,154947.0,15451.0,20586176.0,318077.0,1404-02,1404,2025-05-21
کنور,توسعه معدنی و صنعتی صبانور,iron_ore,1404/03/31,گزارش فعالیت ماهانه دوره ۱ ماهه منتهی به  ۱۴۰۴/۰۳/۳۱(اصلاحیه),۱۴۰۴/۰۴/۳۰ ۲۱:۵۷:۲۴,1367035,True,https://excel.codal.ir/service/Excel/GetAll/SN715eXIIZr3y3c1sTHQQQaQQQzg%3d%3d/0,آب,مترمکعب,77820.0,1658790.0,129087.0,167927.0,3367612.0,565513.0,1404-03,1404,2025-06-21
کنور,توسعه معدنی و صنعتی صبانور,iron_ore,1404/03/31,گزارش فعالیت ماهانه دوره ۱ ماهه منتهی به  ۱۴۰۴/۰۳/۳۱(اصلاحیه),۱۴۰۴/۰۴/۳۰ ۲۱:۵۷:۲۴,1367035,True,https://excel.codal.ir/service/Excel/GetAll/SN715eXIIZr3y3c1sTHQQQaQQQzg%3d%3d/0,برق,مگاوات ساعت,8074.0,20229750.0,163335.0,23525.0,36049352.0,848061.0,1404-03,1404,2025-06-21
کنور,توسعه معدنی و صنعتی صبانور,iron_ore,1404/04/31,گزارش فعالیت ماهانه دوره ۱ ماهه منتهی به  ۱۴۰۴/۰۴/۳۱(اصلاحیه),۱۴۰۴/۰۵/۲۱ ۱۴:۳۵:۱۹,1392045,True,https://excel.codal.ir/service/Excel/GetAll/VXKCkRIBolBYbAYhvCN0wg%3d%3d/0,آب,مترمکعب,86394.0,3367607.0,290941.0,254321.0,3367610.0,856454.0,1404-04,1404,2025-07-22
کنور,توسعه معدنی و صنعتی صبانور,iron_ore,1404/04/31,گزارش فعالیت ماهانه دوره ۱ ماهه منتهی به  ۱۴۰۴/۰۴/۳۱(اصلاحیه),۱۴۰۴/۰۵/۲۱ ۱۴:۳۵:۱۹,1392045,True,https://excel.codal.ir/service/Excel/GetAll/VXKCkRIBolBYbAYhvCN0wg%3d%3d/0,برق,مگاوات ساعت,6434.0,36050202.0,231947.0,29959.0,36049534.0,1080008.0,1404-04,1404,2025-07-22
کنور,توسعه معدنی و صنعتی صبانور,iron_ore,1404/06/31,گزارش فعالیت ماهانه دوره ۱ ماهه منتهی به  ۱۴۰۴/۰۶/۳۱(اصلاحیه),۱۴۰۴/۰۹/۱۲ ۲۰:۳۸:۳۳,1447701,True,https://excel.codal.ir/service/Excel/GetAll/FY2f5w730LOOObOOOiRQivtf9X9g%3d%3d/0,آب,مترمکعب,78837.0,4107500.0,323823.0,428032.0,2732431.0,1169568.0,1404-06,1404,2025-09-22
کنور,توسعه معدنی و صنعتی صبانور,iron_ore,1404/06/31,گزارش فعالیت ماهانه دوره ۱ ماهه منتهی به  ۱۴۰۴/۰۶/۳۱(اصلاحیه),۱۴۰۴/۰۹/۱۲ ۲۰:۳۸:۳۳,1447701,True,https://excel.codal.ir/service/Excel/GetAll/FY2f5w730LOOObOOOiRQivtf9X9g%3d%3d/0,برق,مگاوات ساعت,7791.0,74708253.0,582052.0,45938.0,53018851.0,2435580.0,1404-06,1404,2025-09-22
کنور,توسعه معدنی و صنعتی صبانور,iron_ore,1404/07/30,گزارش فعالیت ماهانه دوره ۱ ماهه منتهی به  ۱۴۰۴/۰۷/۳۰(اصلاحیه),۱۴۰۴/۱۰/۰۳ ۱۳:۴۶:۵۵,1462705,True,https://excel.codal.ir/service/Excel/GetAll/qLfCB5xRncCvXjQlrjtC9A%3d%3d/0,آب,مترمکعب,75680.0,2732426.0,206790.0,503712.0,2732430.0,1376358.0,1404-07,1404,2025-10-22
کنور,توسعه معدنی و صنعتی صبانور,iron_ore,1404/07/30,گزارش فعالیت ماهانه دوره ۱ ماهه منتهی به  ۱۴۰۴/۰۷/۳۰(اصلاحیه),۱۴۰۴/۱۰/۰۳ ۱۳:۴۶:۵۵,1462705,True,https://excel.codal.ir/service/Excel/GetAll/qLfCB5xRncCvXjQlrjtC9A%3d%3d/0,برق,مگاوات ساعت,8155.0,53018761.0,432368.0,54093.0,53018838.0,2867948.0,1404-07,1404,2025-10-22
کنور,توسعه معدنی و صنعتی صبانور,iron_ore,1404/08/30,گزارش فعالیت ماهانه دوره ۱ ماهه منتهی به  ۱۴۰۴/۰۸/۳۰(اصلاحیه),۱۴۰۴/۱۰/۰۳ ۱۴:۰۵:۰۴,1462748,True,https://excel.codal.ir/service/Excel/GetAll/3xE59TKSKRF3brhwd49jDA%3d%3d/0,آب,مترمکعب,74611.0,2732426.0,203869.0,578323.0,2732430.0,1580227.0,1404-08,1404,2025-11-21
کنور,توسعه معدنی و صنعتی صبانور,iron_ore,1404/08/30,گزارش فعالیت ماهانه دوره ۱ ماهه منتهی به  ۱۴۰۴/۰۸/۳۰(اصلاحیه),۱۴۰۴/۱۰/۰۳ ۱۴:۰۵:۰۴,1462748,True,https://excel.codal.ir/service/Excel/GetAll/3xE59TKSKRF3brhwd49jDA%3d%3d/0,برق,مگاوات ساعت,8055.0,53018746.0,427066.0,62148.0,53018826.0,3295014.0,1404-08,1404,2025-11-21
کنور,توسعه معدنی و صنعتی صبانور,iron_ore,1404/09/30,گزارش فعالیت ماهانه دوره ۱ ماهه منتهی به  ۱۴۰۴/۰۹/۳۰(اصلاحیه),۱۴۰۴/۱۰/۳۰ ۱۶:۵۴:۵۸,1475273,True,https://excel.codal.ir/service/Excel/GetAll/zwOOObOOOuBlQCvJ0XOIZGbNRTfQ%3d%3d/0,آب,مترمکعب,56581.0,2732437.0,154604.0,634903.0,2586351.0,1642082.0,1404-09,1404,2025-12-21
کنور,توسعه معدنی و صنعتی صبانور,iron_ore,1404/09/30,گزارش فعالیت ماهانه دوره ۱ ماهه منتهی به  ۱۴۰۴/۰۹/۳۰(اصلاحیه),۱۴۰۴/۱۰/۳۰ ۱۶:۵۴:۵۸,1475273,True,https://excel.codal.ir/service/Excel/GetAll/zwOOObOOOuBlQCvJ0XOIZGbNRTfQ%3d%3d/0,برق,مگاوات ساعت,8191.0,53018801.0,434277.0,70338.0,42362365.0,2979684.0,1404-09,1404,2025-12-21
کنور,توسعه معدنی و صنعتی صبانور,iron_ore,1404/10/30,گزارش فعالیت ماهانه دوره ۱ ماهه منتهی به  ۱۴۰۴/۱۰/۳۰,۱۴۰۴/۱۱/۰۶ ۱۸:۵۶:۱۵,1477392,False,https://excel.codal.ir/service/Excel/GetAll/kgoR7t8PJA79wGE8HOxBnA%3d%3d/0,آب,مترمکعب,56129.0,2586346.0,145169.0,691032.0,2586351.0,1787251.0,1404-10,1404,2026-01-20
کنور,توسعه معدنی و صنعتی صبانور,iron_ore,1404/10/30,گزارش فعالیت ماهانه دوره ۱ ماهه منتهی به  ۱۴۰۴/۱۰/۳۰,۱۴۰۴/۱۱/۰۶ ۱۸:۵۶:۱۵,1477392,False,https://excel.codal.ir/service/Excel/GetAll/kgoR7t8PJA79wGE8HOxBnA%3d%3d/0,برق,مگاوات ساعت,8204.0,42362262.0,347540.0,78542.0,42362354.0,3327224.0,1404-10,1404,2026-01-20
کنور,توسعه معدنی و صنعتی صبانور,iron_ore,1404/11/30,گزارش فعالیت ماهانه دوره ۱ ماهه منتهی به  ۱۴۰۴/۱۱/۳۰,۱۴۰۴/۱۲/۰۵ ۱۵:۳۹:۳۸,1493504,False,https://excel.codal.ir/service/Excel/GetAll/V1A1ppwKRvCWRn1KYDCROg%3d%3d/0,آب,مترمکعب,42746.0,2587423.0,110602.0,733778.0,2586413.0,1897853.0,1404-11,1404,2026-02-19
کنور,توسعه معدنی و صنعتی صبانور,iron_ore,1404/11/30,گزارش فعالیت ماهانه دوره ۱ ماهه منتهی به  ۱۴۰۴/۱۱/۳۰,۱۴۰۴/۱۲/۰۵ ۱۵:۳۹:۳۸,1493504,False,https://excel.codal.ir/service/Excel/GetAll/V1A1ppwKRvCWRn1KYDCROg%3d%3d/0,برق,مگاوات ساعت,8118.0,42362281.0,343897.0,86660.0,42362347.0,3671121.0,1404-11,1404,2026-02-19
کنور,توسعه معدنی و صنعتی صبانور,iron_ore,1404/12/29,گزارش فعالیت ماهانه دوره ۱ ماهه منتهی به  ۱۴۰۴/۱۲/۲۹(اصلاحیه),۱۴۰۵/۰۳/۱۸ ۱۷:۰۴:۵۶,1545944,True,https://excel.codal.ir/service/Excel/GetAll/HgOKQGhyViCcHBnvbLGfZw%3d%3d/0,آب,مترمکعب,94174.0,2586351.0,243567.0,827953.0,2655590.0,2198704.0,1404-12,1404,2026-03-20
کنور,توسعه معدنی و صنعتی صبانور,iron_ore,1404/12/29,گزارش فعالیت ماهانه دوره ۱ ماهه منتهی به  ۱۴۰۴/۱۲/۲۹(اصلاحیه),۱۴۰۵/۰۳/۱۸ ۱۷:۰۴:۵۶,1545944,True,https://excel.codal.ir/service/Excel/GetAll/HgOKQGhyViCcHBnvbLGfZw%3d%3d/0,برق,مگاوات ساعت,7269.0,42288073.0,307392.0,93930.0,38274524.0,3595126.0,1404-12,1404,2026-03-20
کنور,توسعه معدنی و صنعتی صبانور,iron_ore,1405/01/31,گزارش فعالیت ماهانه دوره ۱ ماهه منتهی به  ۱۴۰۵/۰۱/۳۱,۱۴۰۵/۰۲/۰۷ ۱۵:۳۵:۳۰,1507892,False,https://excel.codal.ir/service/Excel/GetAll/A9OOObOOO5se7TDHZNngPT1tfOQQQaQQQw%3d%3d/0,آب,مترمکعب,24977.0,2586339.0,64599.0,24977.0,2586339.0,64599.0,1405-01,1405,2026-04-20
کنور,توسعه معدنی و صنعتی صبانور,iron_ore,1405/01/31,گزارش فعالیت ماهانه دوره ۱ ماهه منتهی به  ۱۴۰۵/۰۱/۳۱,۱۴۰۵/۰۲/۰۷ ۱۵:۳۵:۳۰,1507892,False,https://excel.codal.ir/service/Excel/GetAll/A9OOObOOO5se7TDHZNngPT1tfOQQQaQQQw%3d%3d/0,برق,مگاوات ساعت,6146.0,42363814.0,260368.0,6146.0,42363814.0,260368.0,1405-01,1405,2026-04-20
کنور,توسعه معدنی و صنعتی صبانور,iron_ore,1405/02/31,گزارش فعالیت ماهانه دوره ۱ ماهه منتهی به  ۱۴۰۵/۰۲/۳۱,۱۴۰۵/۰۳/۰۹ ۱۸:۵۸:۱۷,1530927,False,https://excel.codal.ir/service/Excel/GetAll/YfRiaJeDEBOOObOOOsEu0MTCyLCQ%3d%3d/0,آب,مترمکعب,69834.0,2586348.0,180615.0,94811.0,2586345.0,245214.0,1405-02,1405,2026-05-21
کنور,توسعه معدنی و صنعتی صبانور,iron_ore,1405/02/31,گزارش فعالیت ماهانه دوره ۱ ماهه منتهی به  ۱۴۰۵/۰۲/۳۱,۱۴۰۵/۰۳/۰۹ ۱۸:۵۸:۱۷,1530927,False,https://excel.codal.ir/service/Excel/GetAll/YfRiaJeDEBOOObOOOsEu0MTCyLCQ%3d%3d/0,برق,مگاوات ساعت,8276.0,42362252.0,350590.0,14422.0,42362918.0,610958.0,1405-02,1405,2026-05-21
کنور,توسعه معدنی و صنعتی صبانور,iron_ore,1405/03/31,گزارش فعالیت ماهانه دوره ۱ ماهه منتهی به  ۱۴۰۵/۰۳/۳۱(اصلاحیه),۱۴۰۵/۰۴/۳۰ ۱۸:۳۱:۱۴,1570845,True,https://excel.codal.ir/service/Excel/GetAll/vj2DSpGIjpOOObOOOfYNf0hGv6BQ%3d%3d/0,آب,مترمکعب,57427.0,5034008.0,289088.0,152239.0,259368.0,39486.0,1405-03,1405,2026-06-21
کنور,توسعه معدنی و صنعتی صبانور,iron_ore,1405/03/31,گزارش فعالیت ماهانه دوره ۱ ماهه منتهی به  ۱۴۰۵/۰۳/۳۱(اصلاحیه),۱۴۰۵/۰۴/۳۰ ۱۸:۳۱:۱۴,1570845,True,https://excel.codal.ir/service/Excel/GetAll/vj2DSpGIjpOOObOOOfYNf0hGv6BQ%3d%3d/0,برق,مگاوات ساعت,8128.0,66500000.0,540512.0,22551.0,58551461.0,1320394.0,1405-03,1405,2026-06-21
کچاد,معدنی و صنعتی چادرملو,iron_ore,1401/07/30,گزارش فعالیت ماهانه دوره ۱ ماهه منتهی به  ۱۴۰۱/۰۷/۳۰(اصلاحیه),۱۴۰۱/۱۰/۰۸ ۱۳:۵۰:۳۹,975964,True,https://excel.codal.ir/service/Excel/GetAll/Ob1soJiEIvkWQklkpegPZw%3d%3d/0,آب,مترمکعب,620391.0,613584.0,380662.0,620391.0,613584.0,380662.0,1401-07,1401,2022-10-22
کچاد,معدنی و صنعتی چادرملو,iron_ore,1401/07/30,گزارش فعالیت ماهانه دوره ۱ ماهه منتهی به  ۱۴۰۱/۰۷/۳۰(اصلاحیه),۱۴۰۱/۱۰/۰۸ ۱۳:۵۰:۳۹,975964,True,https://excel.codal.ir/service/Excel/GetAll/Ob1soJiEIvkWQklkpegPZw%3d%3d/0,برق,مگاوات ساعت,128486.0,7965343.0,1023435.0,128486.0,7965343.0,1023435.0,1401-07,1401,2022-10-22
کچاد,معدنی و صنعتی چادرملو,iron_ore,1401/07/30,گزارش فعالیت ماهانه دوره ۱ ماهه منتهی به  ۱۴۰۱/۰۷/۳۰(اصلاحیه),۱۴۰۱/۱۰/۰۸ ۱۳:۵۰:۳۹,975964,True,https://excel.codal.ir/service/Excel/GetAll/Ob1soJiEIvkWQklkpegPZw%3d%3d/0,گاز طبیعی,مترمکعب,48732907.0,22840.0,1113079.0,48732907.0,22840.0,1113079.0,1401-07,1401,2022-10-22
کچاد,معدنی و صنعتی چادرملو,iron_ore,1401/08/30,گزارش فعالیت ماهانه دوره ۱ ماهه منتهی به  ۱۴۰۱/۰۸/۳۰(اصلاحیه),۱۴۰۱/۱۰/۰۸ ۱۳:۵۴:۵۸,975963,True,https://excel.codal.ir/service/Excel/GetAll/mmTgIBxhTB3bVkiueWq2iA%3d%3d/0,آب,مترمکعب,829397.0,398582.0,330583.0,7473836.0,410540.0,3068306.0,1401-08,1401,2022-11-21
کچاد,معدنی و صنعتی چادرملو,iron_ore,1401/08/30,گزارش فعالیت ماهانه دوره ۱ ماهه منتهی به  ۱۴۰۱/۰۸/۳۰(اصلاحیه),۱۴۰۱/۱۰/۰۸ ۱۳:۵۴:۵۸,975963,True,https://excel.codal.ir/service/Excel/GetAll/mmTgIBxhTB3bVkiueWq2iA%3d%3d/0,برق,مگاوات ساعت,146835.0,6104335.0,896330.0,1091987.0,6306634.0,6886762.0,1401-08,1401,2022-11-21
کچاد,معدنی و صنعتی چادرملو,iron_ore,1401/08/30,گزارش فعالیت ماهانه دوره ۱ ماهه منتهی به  ۱۴۰۱/۰۸/۳۰(اصلاحیه),۱۴۰۱/۱۰/۰۸ ۱۳:۵۴:۵۸,975963,True,https://excel.codal.ir/service/Excel/GetAll/mmTgIBxhTB3bVkiueWq2iA%3d%3d/0,گاز طبیعی,مترمکعب,52363002.0,22325.0,1169021.0,394306428.0,22434.0,8845819.0,1401-08,1401,2022-11-21
کچاد,معدنی و صنعتی چادرملو,iron_ore,1401/09/30,گزارش فعالیت ماهانه دوره ۱ ماهه منتهی به  ۱۴۰۱/۰۹/۳۰(اصلاحیه),۱۴۰۱/۱۰/۲۸ ۲۱:۱۵:۰۳,984352,True,https://excel.codal.ir/service/Excel/GetAll/9UEwJ1CSRpCD81PvKOOObOOORm2g%3d%3d/0,آب,مترمکعب,1011934.0,346419.0,350553.0,8485770.0,402893.0,3418859.0,1401-09,1401,2022-12-21
کچاد,معدنی و صنعتی چادرملو,iron_ore,1401/09/30,گزارش فعالیت ماهانه دوره ۱ ماهه منتهی به  ۱۴۰۱/۰۹/۳۰(اصلاحیه),۱۴۰۱/۱۰/۲۸ ۲۱:۱۵:۰۳,984352,True,https://excel.codal.ir/service/Excel/GetAll/9UEwJ1CSRpCD81PvKOOObOOORm2g%3d%3d/0,برق,مگاوات ساعت,147089.0,5768569.0,848493.0,1239076.0,6242761.0,7735255.0,1401-09,1401,2022-12-21
کچاد,معدنی و صنعتی چادرملو,iron_ore,1401/09/30,گزارش فعالیت ماهانه دوره ۱ ماهه منتهی به  ۱۴۰۱/۰۹/۳۰(اصلاحیه),۱۴۰۱/۱۰/۲۸ ۲۱:۱۵:۰۳,984352,True,https://excel.codal.ir/service/Excel/GetAll/9UEwJ1CSRpCD81PvKOOObOOORm2g%3d%3d/0,گاز طبیعی,مترمکعب,43565658.0,25454.0,1108900.0,437872086.0,22734.0,9954719.0,1401-09,1401,2022-12-21
کچاد,معدنی و صنعتی چادرملو,iron_ore,1401/10/30,گزارش فعالیت ماهانه دوره ۱ ماهه منتهی به  ۱۴۰۱/۱۰/۳۰,۱۴۰۱/۱۱/۰۵ ۱۲:۵۷:۴۸,987369,False,https://excel.codal.ir/service/Excel/GetAll/0QQQaQQQ9vO8sZhIoZGvvFpRorEw%3d%3d/0,آب,مترمکعب,1011935.0,346334.0,350468.0,9497705.0,396867.0,3769327.0,1401-10,1401,2023-01-20
کچاد,معدنی و صنعتی چادرملو,iron_ore,1401/10/30,گزارش فعالیت ماهانه دوره ۱ ماهه منتهی به  ۱۴۰۱/۱۰/۳۰,۱۴۰۱/۱۱/۰۵ ۱۲:۵۷:۴۸,987369,False,https://excel.codal.ir/service/Excel/GetAll/0QQQaQQQ9vO8sZhIoZGvvFpRorEw%3d%3d/0,برق,مگاوات ساعت,143196.0,6096008.0,872924.0,1382272.0,6227558.0,8608179.0,1401-10,1401,2023-01-20
کچاد,معدنی و صنعتی چادرملو,iron_ore,1401/10/30,گزارش فعالیت ماهانه دوره ۱ ماهه منتهی به  ۱۴۰۱/۱۰/۳۰,۱۴۰۱/۱۱/۰۵ ۱۲:۵۷:۴۸,987369,False,https://excel.codal.ir/service/Excel/GetAll/0QQQaQQQ9vO8sZhIoZGvvFpRorEw%3d%3d/0,گاز طبیعی,مترمکعب,28182867.0,24980.0,704011.0,466054953.0,22870.0,10658730.0,1401-10,1401,2023-01-20
کچاد,معدنی و صنعتی چادرملو,iron_ore,1401/11/30,گزارش فعالیت ماهانه دوره ۱ ماهه منتهی به  ۱۴۰۱/۱۱/۳۰,۱۴۰۱/۱۲/۰۴ ۱۴:۵۰:۲۰,996355,False,https://excel.codal.ir/service/Excel/GetAll/uQQQaQQQWJ11pzJuOOObOOOnubxWeiCBXA%3d%3d/0,آب,مترمکعب,842893.0,302093.0,254632.0,10340598.0,389142.0,4023959.0,1401-11,1401,2023-02-19
کچاد,معدنی و صنعتی چادرملو,iron_ore,1401/11/30,گزارش فعالیت ماهانه دوره ۱ ماهه منتهی به  ۱۴۰۱/۱۱/۳۰,۱۴۰۱/۱۲/۰۴ ۱۴:۵۰:۲۰,996355,False,https://excel.codal.ir/service/Excel/GetAll/uQQQaQQQWJ11pzJuOOObOOOnubxWeiCBXA%3d%3d/0,برق,مگاوات ساعت,131407.0,9052387.0,1189547.0,1513679.0,6472790.0,9797726.0,1401-11,1401,2023-02-19
کچاد,معدنی و صنعتی چادرملو,iron_ore,1401/11/30,گزارش فعالیت ماهانه دوره ۱ ماهه منتهی به  ۱۴۰۱/۱۱/۳۰,۱۴۰۱/۱۲/۰۴ ۱۴:۵۰:۲۰,996355,False,https://excel.codal.ir/service/Excel/GetAll/uQQQaQQQWJ11pzJuOOObOOOnubxWeiCBXA%3d%3d/0,گاز طبیعی,مترمکعب,28182867.0,22014.0,620410.0,494237820.0,22821.0,11279140.0,1401-11,1401,2023-02-19
کچاد,معدنی و صنعتی چادرملو,iron_ore,1401/12/29,گزارش فعالیت ماهانه دوره ۱ ماهه منتهی به  ۱۴۰۱/۱۲/۲۹(اصلاحیه),۱۴۰۲/۰۳/۲۷ ۲۳:۰۰:۲۲,1040847,True,https://excel.codal.ir/service/Excel/GetAll/or66mnzojoeFVYSUagIdzw%3d%3d/0,آب,مترمکعب,99678.0,3696132.0,368423.0,11079563.0,368026.0,4077566.0,1401-12,1401,2023-03-20
کچاد,معدنی و صنعتی چادرملو,iron_ore,1401/12/29,گزارش فعالیت ماهانه دوره ۱ ماهه منتهی به  ۱۴۰۱/۱۲/۲۹(اصلاحیه),۱۴۰۲/۰۳/۲۷ ۲۳:۰۰:۲۲,1040847,True,https://excel.codal.ir/service/Excel/GetAll/or66mnzojoeFVYSUagIdzw%3d%3d/0,برق,مگاوات ساعت,119418.0,7284203.0,869865.0,1608879.0,6595861.0,10611942.0,1401-12,1401,2023-03-20
کچاد,معدنی و صنعتی چادرملو,iron_ore,1401/12/29,گزارش فعالیت ماهانه دوره ۱ ماهه منتهی به  ۱۴۰۱/۱۲/۲۹(اصلاحیه),۱۴۰۲/۰۳/۲۷ ۲۳:۰۰:۲۲,1040847,True,https://excel.codal.ir/service/Excel/GetAll/or66mnzojoeFVYSUagIdzw%3d%3d/0,گاز طبیعی,مترمکعب,39697819.0,23111.0,917443.0,514896914.0,22498.0,11584074.0,1401-12,1401,2023-03-20
کچاد,معدنی و صنعتی چادرملو,iron_ore,1402/01/31,گزارش فعالیت ماهانه دوره ۱ ماهه منتهی به  ۱۴۰۲/۰۱/۳۱,۱۴۰۲/۰۲/۰۷ ۰۹:۵۷:۲۷,1018039,False,https://excel.codal.ir/service/Excel/GetAll/Jj2bEUjbpOOObOOO4VehXCQQQaQQQnoYHQ%3d%3d/0,آب,مترمکعب,1006972.0,365222.0,367768.0,1006972.0,365222.0,367768.0,1402-01,1402,2023-04-20
کچاد,معدنی و صنعتی چادرملو,iron_ore,1402/01/31,گزارش فعالیت ماهانه دوره ۱ ماهه منتهی به  ۱۴۰۲/۰۱/۳۱,۱۴۰۲/۰۲/۰۷ ۰۹:۵۷:۲۷,1018039,False,https://excel.codal.ir/service/Excel/GetAll/Jj2bEUjbpOOObOOO4VehXCQQQaQQQnoYHQ%3d%3d/0,برق,مگاوات ساعت,149451.0,8541763.0,1276575.0,149451.0,8541763.0,1276575.0,1402-01,1402,2023-04-20
کچاد,معدنی و صنعتی چادرملو,iron_ore,1402/01/31,گزارش فعالیت ماهانه دوره ۱ ماهه منتهی به  ۱۴۰۲/۰۱/۳۱,۱۴۰۲/۰۲/۰۷ ۰۹:۵۷:۲۷,1018039,False,https://excel.codal.ir/service/Excel/GetAll/Jj2bEUjbpOOObOOO4VehXCQQQaQQQnoYHQ%3d%3d/0,گاز طبیعی,مترمکعب,51863670.0,24296.0,1260102.0,51863670.0,24296.0,1260102.0,1402-01,1402,2023-04-20
کچاد,معدنی و صنعتی چادرملو,iron_ore,1402/02/31,گزارش فعالیت ماهانه دوره ۱ ماهه منتهی به  ۱۴۰۲/۰۲/۳۱,۱۴۰۲/۰۳/۰۷ ۱۲:۳۷:۴۸,1032182,False,https://excel.codal.ir/service/Excel/GetAll/gHpJHHEPJPsTyRJrw6NyQA%3d%3d/0,آب,مترمکعب,843027.0,37770.0,31841.0,1849999.0,216005.0,399609.0,1402-02,1402,2023-05-21
کچاد,معدنی و صنعتی چادرملو,iron_ore,1402/02/31,گزارش فعالیت ماهانه دوره ۱ ماهه منتهی به  ۱۴۰۲/۰۲/۳۱,۱۴۰۲/۰۳/۰۷ ۱۲:۳۷:۴۸,1032182,False,https://excel.codal.ir/service/Excel/GetAll/gHpJHHEPJPsTyRJrw6NyQA%3d%3d/0,برق,مگاوات ساعت,147690.0,6004821.0,886852.0,297141.0,7280809.0,2163427.0,1402-02,1402,2023-05-21
کچاد,معدنی و صنعتی چادرملو,iron_ore,1402/02/31,گزارش فعالیت ماهانه دوره ۱ ماهه منتهی به  ۱۴۰۲/۰۲/۳۱,۱۴۰۲/۰۳/۰۷ ۱۲:۳۷:۴۸,1032182,False,https://excel.codal.ir/service/Excel/GetAll/gHpJHHEPJPsTyRJrw6NyQA%3d%3d/0,گاز طبیعی,مترمکعب,51536719.0,23127.0,1191897.0,103400389.0,23714.0,2451999.0,1402-02,1402,2023-05-21
کچاد,معدنی و صنعتی چادرملو,iron_ore,1402/03/31,گزارش فعالیت ماهانه دوره ۱ ماهه منتهی به  ۱۴۰۲/۰۳/۳۱(اصلاحیه),۱۴۰۲/۰۴/۲۹ ۱۹:۱۱:۵۸,1060413,True,https://excel.codal.ir/service/Excel/GetAll/DjOOObOOO3EgJzhFluBfqEQQQaQQQXzCiA%3d%3d/0,آب,مترمکعب,1033987.0,562705.0,581830.0,3077656.0,555318.0,1709078.0,1402-03,1402,2023-06-21
کچاد,معدنی و صنعتی چادرملو,iron_ore,1402/03/31,گزارش فعالیت ماهانه دوره ۱ ماهه منتهی به  ۱۴۰۲/۰۳/۳۱(اصلاحیه),۱۴۰۲/۰۴/۲۹ ۱۹:۱۱:۵۸,1060413,True,https://excel.codal.ir/service/Excel/GetAll/DjOOObOOO3EgJzhFluBfqEQQQaQQQXzCiA%3d%3d/0,برق,مگاوات ساعت,153208.0,6356169.0,973816.0,438468.0,6180604.0,2709997.0,1402-03,1402,2023-06-21
کچاد,معدنی و صنعتی چادرملو,iron_ore,1402/03/31,گزارش فعالیت ماهانه دوره ۱ ماهه منتهی به  ۱۴۰۲/۰۳/۳۱(اصلاحیه),۱۴۰۲/۰۴/۲۹ ۱۹:۱۱:۵۸,1060413,True,https://excel.codal.ir/service/Excel/GetAll/DjOOObOOO3EgJzhFluBfqEQQQaQQQXzCiA%3d%3d/0,گاز طبیعی,مترمکعب,42364052.0,23730.0,1005286.0,136591774.0,23945.0,3270674.0,1402-03,1402,2023-06-21
کچاد,معدنی و صنعتی چادرملو,iron_ore,1402/04/31,گزارش فعالیت ماهانه دوره ۱ ماهه منتهی به  ۱۴۰۲/۰۴/۳۱,۱۴۰۲/۰۵/۰۴ ۱۱:۱۹:۱۶,1064194,False,https://excel.codal.ir/service/Excel/GetAll/3Gu4a09gG8lDtCve7VdIug%3d%3d/0,آب,مترمکعب,1060001.0,273555.0,289969.0,4137657.0,483135.0,1999047.0,1402-04,1402,2023-07-22
کچاد,معدنی و صنعتی چادرملو,iron_ore,1402/04/31,گزارش فعالیت ماهانه دوره ۱ ماهه منتهی به  ۱۴۰۲/۰۴/۳۱,۱۴۰۲/۰۵/۰۴ ۱۱:۱۹:۱۶,1064194,False,https://excel.codal.ir/service/Excel/GetAll/3Gu4a09gG8lDtCve7VdIug%3d%3d/0,برق,مگاوات ساعت,152012.0,6640364.0,1009415.0,590480.0,6298964.0,3719412.0,1402-04,1402,2023-07-22
کچاد,معدنی و صنعتی چادرملو,iron_ore,1402/04/31,گزارش فعالیت ماهانه دوره ۱ ماهه منتهی به  ۱۴۰۲/۰۴/۳۱,۱۴۰۲/۰۵/۰۴ ۱۱:۱۹:۱۶,1064194,False,https://excel.codal.ir/service/Excel/GetAll/3Gu4a09gG8lDtCve7VdIug%3d%3d/0,گاز طبیعی,مترمکعب,48013251.0,51366.0,2466232.0,184605025.0,31077.0,5736906.0,1402-04,1402,2023-07-22
کچاد,معدنی و صنعتی چادرملو,iron_ore,1402/05/31,گزارش فعالیت ماهانه دوره ۱ ماهه منتهی به  ۱۴۰۲/۰۵/۳۱,۱۴۰۲/۰۶/۰۵ ۱۳:۳۶:۳۵,1075534,False,https://excel.codal.ir/service/Excel/GetAll/rgdCQQQaQQQHiQP3uo93Zw2OTVGw%3d%3d/0,آب,مترمکعب,1039152.0,429243.0,446049.0,5176809.0,472317.0,2445096.0,1402-05,1402,2023-08-22
کچاد,معدنی و صنعتی چادرملو,iron_ore,1402/05/31,گزارش فعالیت ماهانه دوره ۱ ماهه منتهی به  ۱۴۰۲/۰۵/۳۱,۱۴۰۲/۰۶/۰۵ ۱۳:۳۶:۳۵,1075534,False,https://excel.codal.ir/service/Excel/GetAll/rgdCQQQaQQQHiQP3uo93Zw2OTVGw%3d%3d/0,برق,مگاوات ساعت,148022.0,6779621.0,1003533.0,738502.0,6395304.0,4722945.0,1402-05,1402,2023-08-22
کچاد,معدنی و صنعتی چادرملو,iron_ore,1402/05/31,گزارش فعالیت ماهانه دوره ۱ ماهه منتهی به  ۱۴۰۲/۰۵/۳۱,۱۴۰۲/۰۶/۰۵ ۱۳:۳۶:۳۵,1075534,False,https://excel.codal.ir/service/Excel/GetAll/rgdCQQQaQQQHiQP3uo93Zw2OTVGw%3d%3d/0,گاز طبیعی,مترمکعب,43848476.0,57676.0,2528989.0,228453501.0,36182.0,8265895.0,1402-05,1402,2023-08-22
کچاد,معدنی و صنعتی چادرملو,iron_ore,1402/06/31,گزارش فعالیت ماهانه دوره ۱ ماهه منتهی به  ۱۴۰۲/۰۶/۳۱(اصلاحیه),۱۴۰۲/۰۹/۱۵ ۱۹:۳۸:۱۷,1118404,True,https://excel.codal.ir/service/Excel/GetAll/GHOOObOOOIYWWS2fQQQaQQQiwOOObOOOpLTn51nA%3d%3d/0,آب,مترمکعب,943822.0,253682.0,239431.0,5914780.0,328171.0,1941061.0,1402-06,1402,2023-09-22
کچاد,معدنی و صنعتی چادرملو,iron_ore,1402/06/31,گزارش فعالیت ماهانه دوره ۱ ماهه منتهی به  ۱۴۰۲/۰۶/۳۱(اصلاحیه),۱۴۰۲/۰۹/۱۵ ۱۹:۳۸:۱۷,1118404,True,https://excel.codal.ir/service/Excel/GetAll/GHOOObOOOIYWWS2fQQQaQQQiwOOObOOOpLTn51nA%3d%3d/0,برق,مگاوات ساعت,88216.0,7165673.0,632127.0,754175.0,6587641.0,4968234.0,1402-06,1402,2023-09-22
کچاد,معدنی و صنعتی چادرملو,iron_ore,1402/06/31,گزارش فعالیت ماهانه دوره ۱ ماهه منتهی به  ۱۴۰۲/۰۶/۳۱(اصلاحیه),۱۴۰۲/۰۹/۱۵ ۱۹:۳۸:۱۷,1118404,True,https://excel.codal.ir/service/Excel/GetAll/GHOOObOOOIYWWS2fQQQaQQQiwOOObOOOpLTn51nA%3d%3d/0,گاز طبیعی,مترمکعب,50598179.0,52715.0,2667297.0,292764893.0,38212.0,11187147.0,1402-06,1402,2023-09-22
کچاد,معدنی و صنعتی چادرملو,iron_ore,1402/09/30,گزارش فعالیت ماهانه دوره ۱ ماهه منتهی به  ۱۴۰۲/۰۹/۳۰(اصلاحیه),۱۴۰۲/۱۰/۳۰ ۰۸:۴۴:۲۳,1141867,True,https://excel.codal.ir/service/Excel/GetAll/T8wQjlKAckdi7VfQQQaQQQCa0HYg%3d%3d/0,آب,مترمکعب,851864.0,85103.0,72496.0,8963224.0,371965.0,3334003.0,1402-09,1402,2023-12-21
کچاد,معدنی و صنعتی چادرملو,iron_ore,1402/09/30,گزارش فعالیت ماهانه دوره ۱ ماهه منتهی به  ۱۴۰۲/۰۹/۳۰(اصلاحیه),۱۴۰۲/۱۰/۳۰ ۰۸:۴۴:۲۳,1141867,True,https://excel.codal.ir/service/Excel/GetAll/T8wQjlKAckdi7VfQQQaQQQCa0HYg%3d%3d/0,برق,مگاوات ساعت,142033.0,6687002.0,949775.0,1237922.0,6683861.0,8274099.0,1402-09,1402,2023-12-21
کچاد,معدنی و صنعتی چادرملو,iron_ore,1402/09/30,گزارش فعالیت ماهانه دوره ۱ ماهه منتهی به  ۱۴۰۲/۰۹/۳۰(اصلاحیه),۱۴۰۲/۱۰/۳۰ ۰۸:۴۴:۲۳,1141867,True,https://excel.codal.ir/service/Excel/GetAll/T8wQjlKAckdi7VfQQQaQQQCa0HYg%3d%3d/0,گاز طبیعی,مترمکعب,46942660.0,44070.0,2068745.0,439077645.0,45447.0,19954964.0,1402-09,1402,2023-12-21
کچاد,معدنی و صنعتی چادرملو,iron_ore,1402/10/30,گزارش فعالیت ماهانه دوره ۱ ماهه منتهی به  ۱۴۰۲/۱۰/۳۰,۱۴۰۲/۱۱/۰۷ ۱۴:۰۹:۲۳,1146537,False,https://excel.codal.ir/service/Excel/GetAll/RpVNCzpZ8UHn64OvqfSOOObOOOZg%3d%3d/0,آب,مترمکعب,794741.0,176348.0,140151.0,9340560.0,436321.0,4075482.0,1402-10,1402,2024-01-20
کچاد,معدنی و صنعتی چادرملو,iron_ore,1402/10/30,گزارش فعالیت ماهانه دوره ۱ ماهه منتهی به  ۱۴۰۲/۱۰/۳۰,۱۴۰۲/۱۱/۰۷ ۱۴:۰۹:۲۳,1146537,False,https://excel.codal.ir/service/Excel/GetAll/RpVNCzpZ8UHn64OvqfSOOObOOOZg%3d%3d/0,برق,مگاوات ساعت,119348.0,13606763.0,1623940.0,1334586.0,7921711.0,10572205.0,1402-10,1402,2024-01-20
کچاد,معدنی و صنعتی چادرملو,iron_ore,1402/10/30,گزارش فعالیت ماهانه دوره ۱ ماهه منتهی به  ۱۴۰۲/۱۰/۳۰,۱۴۰۲/۱۱/۰۷ ۱۴:۰۹:۲۳,1146537,False,https://excel.codal.ir/service/Excel/GetAll/RpVNCzpZ8UHn64OvqfSOOObOOOZg%3d%3d/0,گاز طبیعی,مترمکعب,30572442.0,38778.0,1185544.0,465187495.0,40277.0,18736277.0,1402-10,1402,2024-01-20
کچاد,معدنی و صنعتی چادرملو,iron_ore,1402/11/30,گزارش فعالیت ماهانه دوره ۱ ماهه منتهی به  ۱۴۰۲/۱۱/۳۰,۱۴۰۲/۱۲/۰۷ ۱۸:۴۸:۵۹,1159267,False,https://excel.codal.ir/service/Excel/GetAll/pXlOOObOOOCDSJQnevFYyDhEXhWQ%3d%3d/0,آب,مترمکعب,776047.0,179179.0,139051.0,10097913.0,523998.0,5291286.0,1402-11,1402,2024-02-19
کچاد,معدنی و صنعتی چادرملو,iron_ore,1402/11/30,گزارش فعالیت ماهانه دوره ۱ ماهه منتهی به  ۱۴۰۲/۱۱/۳۰,۱۴۰۲/۱۲/۰۷ ۱۸:۴۸:۵۹,1159267,False,https://excel.codal.ir/service/Excel/GetAll/pXlOOObOOOCDSJQnevFYyDhEXhWQ%3d%3d/0,برق,مگاوات ساعت,141092.0,9556169.0,1348299.0,1522890.0,7646556.0,11644863.0,1402-11,1402,2024-02-19
کچاد,معدنی و صنعتی چادرملو,iron_ore,1402/11/30,گزارش فعالیت ماهانه دوره ۱ ماهه منتهی به  ۱۴۰۲/۱۱/۳۰,۱۴۰۲/۱۲/۰۷ ۱۸:۴۸:۵۹,1159267,False,https://excel.codal.ir/service/Excel/GetAll/pXlOOObOOOCDSJQnevFYyDhEXhWQ%3d%3d/0,گاز طبیعی,مترمکعب,13074346.0,44828.0,586095.0,478261841.0,40401.0,19322372.0,1402-11,1402,2024-02-19
کچاد,معدنی و صنعتی چادرملو,iron_ore,1402/12/29,گزارش فعالیت ماهانه دوره ۱ ماهه منتهی به  ۱۴۰۲/۱۲/۲۹(اصلاحیه),۱۴۰۳/۰۳/۲۶ ۲۰:۰۴:۳۴,1203804,True,https://excel.codal.ir/service/Excel/GetAll/Amiy48dOlj8J9fs86NhTzw%3d%3d/0,آب,مترمکعب,894140.0,179405.0,160413.0,12235103.0,455963.0,5578756.0,1402-12,1402,2024-03-19
کچاد,معدنی و صنعتی چادرملو,iron_ore,1402/12/29,گزارش فعالیت ماهانه دوره ۱ ماهه منتهی به  ۱۴۰۲/۱۲/۲۹(اصلاحیه),۱۴۰۳/۰۳/۲۶ ۲۰:۰۴:۳۴,1203804,True,https://excel.codal.ir/service/Excel/GetAll/Amiy48dOlj8J9fs86NhTzw%3d%3d/0,برق,مگاوات ساعت,104508.0,18419088.0,1924942.0,1590814.0,8892585.0,14146448.0,1402-12,1402,2024-03-19
کچاد,معدنی و صنعتی چادرملو,iron_ore,1402/12/29,گزارش فعالیت ماهانه دوره ۱ ماهه منتهی به  ۱۴۰۲/۱۲/۲۹(اصلاحیه),۱۴۰۳/۰۳/۲۶ ۲۰:۰۴:۳۴,1203804,True,https://excel.codal.ir/service/Excel/GetAll/Amiy48dOlj8J9fs86NhTzw%3d%3d/0,گاز طبیعی,مترمکعب,21586783.0,77188.0,1666246.0,499002055.0,41810.0,20863266.0,1402-12,1402,2024-03-19
کچاد,معدنی و صنعتی چادرملو,iron_ore,1403/01/31,گزارش فعالیت ماهانه دوره ۱ ماهه منتهی به  ۱۴۰۳/۰۱/۳۱,۱۴۰۳/۰۲/۰۵ ۱۴:۰۲:۱۲,1182373,False,https://excel.codal.ir/service/Excel/GetAll/IHMILXuPDkImRTS05CeJAw%3d%3d/0,آب,مترمکعب,1222996.0,779692.0,953560.0,1222996.0,779692.0,953560.0,1403-01,1403,2024-04-19
کچاد,معدنی و صنعتی چادرملو,iron_ore,1403/01/31,گزارش فعالیت ماهانه دوره ۱ ماهه منتهی به  ۱۴۰۳/۰۱/۳۱,۱۴۰۳/۰۲/۰۵ ۱۴:۰۲:۱۲,1182373,False,https://excel.codal.ir/service/Excel/GetAll/IHMILXuPDkImRTS05CeJAw%3d%3d/0,برق,مگاوات ساعت,145000.0,14606076.0,2117881.0,145000.0,14606076.0,2117881.0,1403-01,1403,2024-04-19
کچاد,معدنی و صنعتی چادرملو,iron_ore,1403/01/31,گزارش فعالیت ماهانه دوره ۱ ماهه منتهی به  ۱۴۰۳/۰۱/۳۱,۱۴۰۳/۰۲/۰۵ ۱۴:۰۲:۱۲,1182373,False,https://excel.codal.ir/service/Excel/GetAll/IHMILXuPDkImRTS05CeJAw%3d%3d/0,گاز طبیعی,مترمکعب,46549757.0,45860.0,2134758.0,46549757.0,45860.0,2134758.0,1403-01,1403,2024-04-19
کچاد,معدنی و صنعتی چادرملو,iron_ore,1403/02/31,گزارش فعالیت ماهانه دوره ۱ ماهه منتهی به  ۱۴۰۳/۰۲/۳۱,۱۴۰۳/۰۳/۰۷ ۱۶:۲۶:۳۶,1196141,False,https://excel.codal.ir/service/Excel/GetAll/wvQAyPBnigOOObOOOfqW4gpZoJjA%3d%3d/0,آب,مترمکعب,1022996.0,945037.0,966769.0,2245992.0,855003.0,1920329.0,1403-02,1403,2024-05-20
کچاد,معدنی و صنعتی چادرملو,iron_ore,1403/02/31,گزارش فعالیت ماهانه دوره ۱ ماهه منتهی به  ۱۴۰۳/۰۲/۳۱,۱۴۰۳/۰۳/۰۷ ۱۶:۲۶:۳۶,1196141,False,https://excel.codal.ir/service/Excel/GetAll/wvQAyPBnigOOObOOOfqW4gpZoJjA%3d%3d/0,برق,مگاوات ساعت,153479.0,11639514.0,1786421.0,298479.0,13080659.0,3904302.0,1403-02,1403,2024-05-20
کچاد,معدنی و صنعتی چادرملو,iron_ore,1403/02/31,گزارش فعالیت ماهانه دوره ۱ ماهه منتهی به  ۱۴۰۳/۰۲/۳۱,۱۴۰۳/۰۳/۰۷ ۱۶:۲۶:۳۶,1196141,False,https://excel.codal.ir/service/Excel/GetAll/wvQAyPBnigOOObOOOfqW4gpZoJjA%3d%3d/0,گاز طبیعی,مترمکعب,47592399.0,41670.0,1983157.0,94142156.0,43741.0,4117915.0,1403-02,1403,2024-05-20
کچاد,معدنی و صنعتی چادرملو,iron_ore,1403/03/31,گزارش فعالیت ماهانه دوره ۱ ماهه منتهی به  ۱۴۰۳/۰۳/۳۱(اصلاحیه),۱۴۰۳/۰۴/۳۰ ۲۳:۵۳:۵۸,1221819,True,https://excel.codal.ir/service/Excel/GetAll/wtOTNL4x2eXovFDj1L2NKw%3d%3d/0,آب,مترمکعب,1418323.0,790515.0,1121206.0,4197518.0,780183.0,3274833.0,1403-03,1403,2024-06-20
کچاد,معدنی و صنعتی چادرملو,iron_ore,1403/03/31,گزارش فعالیت ماهانه دوره ۱ ماهه منتهی به  ۱۴۰۳/۰۳/۳۱(اصلاحیه),۱۴۰۳/۰۴/۳۰ ۲۳:۵۳:۵۸,1221819,True,https://excel.codal.ir/service/Excel/GetAll/wtOTNL4x2eXovFDj1L2NKw%3d%3d/0,برق,مگاوات ساعت,151109.0,13073649.0,1975546.0,451457.0,13075983.0,5903244.0,1403-03,1403,2024-06-20
کچاد,معدنی و صنعتی چادرملو,iron_ore,1403/03/31,گزارش فعالیت ماهانه دوره ۱ ماهه منتهی به  ۱۴۰۳/۰۳/۳۱(اصلاحیه),۱۴۰۳/۰۴/۳۰ ۲۳:۵۳:۵۸,1221819,True,https://excel.codal.ir/service/Excel/GetAll/wtOTNL4x2eXovFDj1L2NKw%3d%3d/0,گاز طبیعی,مترمکعب,48340046.0,33083.0,1599250.0,142883528.0,33948.0,4850542.0,1403-03,1403,2024-06-20
کچاد,معدنی و صنعتی چادرملو,iron_ore,1403/04/31,گزارش فعالیت ماهانه دوره ۱ ماهه منتهی به  ۱۴۰۳/۰۴/۳۱,۱۴۰۳/۰۵/۰۶ ۱۶:۱۷:۲۸,1225309,False,https://excel.codal.ir/service/Excel/GetAll/gqcgaOMs85CklWOOm3RZww%3d%3d/0,آب,مترمکعب,1600974.0,756134.0,1210551.0,5981143.0,762650.0,4561520.0,1403-04,1403,2024-07-21
کچاد,معدنی و صنعتی چادرملو,iron_ore,1403/04/31,گزارش فعالیت ماهانه دوره ۱ ماهه منتهی به  ۱۴۰۳/۰۴/۳۱,۱۴۰۳/۰۵/۰۶ ۱۶:۱۷:۲۸,1225309,False,https://excel.codal.ir/service/Excel/GetAll/gqcgaOMs85CklWOOm3RZww%3d%3d/0,برق,مگاوات ساعت,133543.0,14087567.0,1881296.0,567435.0,13552722.0,7690289.0,1403-04,1403,2024-07-21
کچاد,معدنی و صنعتی چادرملو,iron_ore,1403/04/31,گزارش فعالیت ماهانه دوره ۱ ماهه منتهی به  ۱۴۰۳/۰۴/۳۱,۱۴۰۳/۰۵/۰۶ ۱۶:۱۷:۲۸,1225309,False,https://excel.codal.ir/service/Excel/GetAll/gqcgaOMs85CklWOOm3RZww%3d%3d/0,گاز طبیعی,مترمکعب,46285672.0,32277.0,1493953.0,192238241.0,32952.0,6334666.0,1403-04,1403,2024-07-21
کچاد,معدنی و صنعتی چادرملو,iron_ore,1403/05/31,گزارش فعالیت ماهانه دوره ۱ ماهه منتهی به  ۱۴۰۳/۰۵/۳۱,۱۴۰۳/۰۶/۱۰ ۱۷:۱۹:۰۹,1241889,False,https://excel.codal.ir/service/Excel/GetAll/QqW81bjHD6cZCiJ1Lf5ElA%3d%3d/0,آب,مترمکعب,1356943.0,801936.0,1088182.0,7094055.0,779257.0,5528090.0,1403-05,1403,2024-08-21
کچاد,معدنی و صنعتی چادرملو,iron_ore,1403/05/31,گزارش فعالیت ماهانه دوره ۱ ماهه منتهی به  ۱۴۰۳/۰۵/۳۱,۱۴۰۳/۰۶/۱۰ ۱۷:۱۹:۰۹,1241889,False,https://excel.codal.ir/service/Excel/GetAll/QqW81bjHD6cZCiJ1Lf5ElA%3d%3d/0,برق,مگاوات ساعت,104784.0,10888733.0,1140965.0,643462.0,13574217.0,8734493.0,1403-05,1403,2024-08-21
کچاد,معدنی و صنعتی چادرملو,iron_ore,1403/05/31,گزارش فعالیت ماهانه دوره ۱ ماهه منتهی به  ۱۴۰۳/۰۵/۳۱,۱۴۰۳/۰۶/۱۰ ۱۷:۱۹:۰۹,1241889,False,https://excel.codal.ir/service/Excel/GetAll/QqW81bjHD6cZCiJ1Lf5ElA%3d%3d/0,گاز طبیعی,مترمکعب,43104423.0,34259.0,1476720.0,239418221.0,33120.0,7929534.0,1403-05,1403,2024-08-21
کچاد,معدنی و صنعتی چادرملو,iron_ore,1403/06/31,گزارش فعالیت ماهانه دوره ۱ ماهه منتهی به  ۱۴۰۳/۰۶/۳۱(اصلاحیه),۱۴۰۳/۰۹/۲۴ ۱۴:۵۳:۴۳,1283522,True,https://excel.codal.ir/service/Excel/GetAll/cbDAHdztBNNfL3F46CZ8QQQaQQQw%3d%3d/0,آب,مترمکعب,1269576.0,760330.0,965297.0,8276264.0,765030.0,6331592.0,1403-06,1403,2024-09-21
کچاد,معدنی و صنعتی چادرملو,iron_ore,1403/06/31,گزارش فعالیت ماهانه دوره ۱ ماهه منتهی به  ۱۴۰۳/۰۶/۳۱(اصلاحیه),۱۴۰۳/۰۹/۲۴ ۱۴:۵۳:۴۳,1283522,True,https://excel.codal.ir/service/Excel/GetAll/cbDAHdztBNNfL3F46CZ8QQQaQQQw%3d%3d/0,برق,مگاوات ساعت,101695.0,8333478.0,847473.0,742067.0,12517030.0,9288475.0,1403-06,1403,2024-09-21
کچاد,معدنی و صنعتی چادرملو,iron_ore,1403/06/31,گزارش فعالیت ماهانه دوره ۱ ماهه منتهی به  ۱۴۰۳/۰۶/۳۱(اصلاحیه),۱۴۰۳/۰۹/۲۴ ۱۴:۵۳:۴۳,1283522,True,https://excel.codal.ir/service/Excel/GetAll/cbDAHdztBNNfL3F46CZ8QQQaQQQw%3d%3d/0,گاز طبیعی,مترمکعب,38694232.0,35683.0,1380726.0,278600382.0,33601.0,9361275.0,1403-06,1403,2024-09-21
کچاد,معدنی و صنعتی چادرملو,iron_ore,1403/07/30,گزارش فعالیت ماهانه دوره ۱ ماهه منتهی به  ۱۴۰۳/۰۷/۳۰(اصلاحیه),۱۴۰۳/۱۰/۰۵ ۱۵:۳۰:۱۴,1288494,True,https://excel.codal.ir/service/Excel/GetAll/XutKLLFUGVcWkak7OSZlXQ%3d%3d/0,آب,مترمکعب,1564272.0,748757.0,1171259.0,9840536.0,762443.0,7502851.0,1403-07,1403,2024-10-21
کچاد,معدنی و صنعتی چادرملو,iron_ore,1403/07/30,گزارش فعالیت ماهانه دوره ۱ ماهه منتهی به  ۱۴۰۳/۰۷/۳۰(اصلاحیه),۱۴۰۳/۱۰/۰۵ ۱۵:۳۰:۱۴,1288494,True,https://excel.codal.ir/service/Excel/GetAll/XutKLLFUGVcWkak7OSZlXQ%3d%3d/0,برق,مگاوات ساعت,128458.0,8328551.0,1069869.0,870525.0,11898962.0,10358344.0,1403-07,1403,2024-10-21
کچاد,معدنی و صنعتی چادرملو,iron_ore,1403/07/30,گزارش فعالیت ماهانه دوره ۱ ماهه منتهی به  ۱۴۰۳/۰۷/۳۰(اصلاحیه),۱۴۰۳/۱۰/۰۵ ۱۵:۳۰:۱۴,1288494,True,https://excel.codal.ir/service/Excel/GetAll/XutKLLFUGVcWkak7OSZlXQ%3d%3d/0,گاز طبیعی,مترمکعب,44080057.0,30318.0,1336411.0,322680439.0,33153.0,10697686.0,1403-07,1403,2024-10-21
کچاد,معدنی و صنعتی چادرملو,iron_ore,1403/08/30,گزارش فعالیت ماهانه دوره ۱ ماهه منتهی به  ۱۴۰۳/۰۸/۳۰(اصلاحیه),۱۴۰۳/۱۰/۰۵ ۱۵:۳۱:۰۱,1288493,True,https://excel.codal.ir/service/Excel/GetAll/uTKEMqIX5t0qQQQaQQQN8MypoFkw%3d%3d/0,آب,مترمکعب,1392120.0,966432.0,1345389.0,11232656.0,787725.0,8848240.0,1403-08,1403,2024-11-20
کچاد,معدنی و صنعتی چادرملو,iron_ore,1403/08/30,گزارش فعالیت ماهانه دوره ۱ ماهه منتهی به  ۱۴۰۳/۰۸/۳۰(اصلاحیه),۱۴۰۳/۱۰/۰۵ ۱۵:۳۱:۰۱,1288493,True,https://excel.codal.ir/service/Excel/GetAll/uTKEMqIX5t0qQQQaQQQN8MypoFkw%3d%3d/0,برق,مگاوات ساعت,132254.0,12486980.0,1651453.0,1002779.0,11976514.0,12009797.0,1403-08,1403,2024-11-20
کچاد,معدنی و صنعتی چادرملو,iron_ore,1403/08/30,گزارش فعالیت ماهانه دوره ۱ ماهه منتهی به  ۱۴۰۳/۰۸/۳۰(اصلاحیه),۱۴۰۳/۱۰/۰۵ ۱۵:۳۱:۰۱,1288493,True,https://excel.codal.ir/service/Excel/GetAll/uTKEMqIX5t0qQQQaQQQN8MypoFkw%3d%3d/0,گاز طبیعی,مترمکعب,43825355.0,15104.0,661941.0,366505794.0,30994.0,11359627.0,1403-08,1403,2024-11-20
کچاد,معدنی و صنعتی چادرملو,iron_ore,1403/09/30,گزارش فعالیت ماهانه دوره ۱ ماهه منتهی به  ۱۴۰۳/۰۹/۳۰(اصلاحیه),۱۴۰۳/۱۰/۳۰ ۱۶:۵۱:۱۷,1298233,True,https://excel.codal.ir/service/Excel/GetAll/DSqwmcc0bOOObOOOAvlNEALKx6QQQaQQQg%3d%3d/0,آب,مترمکعب,1281070.0,928654.0,1189671.0,12513726.0,802152.0,10037911.0,1403-09,1403,2024-12-20
کچاد,معدنی و صنعتی چادرملو,iron_ore,1403/09/30,گزارش فعالیت ماهانه دوره ۱ ماهه منتهی به  ۱۴۰۳/۰۹/۳۰(اصلاحیه),۱۴۰۳/۱۰/۳۰ ۱۶:۵۱:۱۷,1298233,True,https://excel.codal.ir/service/Excel/GetAll/DSqwmcc0bOOObOOOAvlNEALKx6QQQaQQQg%3d%3d/0,برق,مگاوات ساعت,141157.0,4476526.0,631893.0,1143936.0,11051047.0,12641690.0,1403-09,1403,2024-12-20
کچاد,معدنی و صنعتی چادرملو,iron_ore,1403/09/30,گزارش فعالیت ماهانه دوره ۱ ماهه منتهی به  ۱۴۰۳/۰۹/۳۰(اصلاحیه),۱۴۰۳/۱۰/۳۰ ۱۶:۵۱:۱۷,1298233,True,https://excel.codal.ir/service/Excel/GetAll/DSqwmcc0bOOObOOOAvlNEALKx6QQQaQQQg%3d%3d/0,گاز طبیعی,مترمکعب,35839552.0,42765.0,1532696.0,405946682.0,23261.0,9442829.0,1403-09,1403,2024-12-20
کچاد,معدنی و صنعتی چادرملو,iron_ore,1403/10/30,گزارش فعالیت ماهانه دوره ۱ ماهه منتهی به  ۱۴۰۳/۱۰/۳۰,۱۴۰۳/۱۱/۰۷ ۱۳:۵۷:۱۸,1301425,False,https://excel.codal.ir/service/Excel/GetAll/68OE1yfawwhvD73m5alh6g%3d%3d/0,آب,مترمکعب,1381103.0,777310.0,1073545.0,13894829.0,799683.0,11111456.0,1403-10,1403,2025-01-19
کچاد,معدنی و صنعتی چادرملو,iron_ore,1403/10/30,گزارش فعالیت ماهانه دوره ۱ ماهه منتهی به  ۱۴۰۳/۱۰/۳۰,۱۴۰۳/۱۱/۰۷ ۱۳:۵۷:۱۸,1301425,False,https://excel.codal.ir/service/Excel/GetAll/68OE1yfawwhvD73m5alh6g%3d%3d/0,برق,مگاوات ساعت,136509.0,3812012.0,520374.0,1280445.0,10279289.0,13162064.0,1403-10,1403,2025-01-19
کچاد,معدنی و صنعتی چادرملو,iron_ore,1403/10/30,گزارش فعالیت ماهانه دوره ۱ ماهه منتهی به  ۱۴۰۳/۱۰/۳۰,۱۴۰۳/۱۱/۰۷ ۱۳:۵۷:۱۸,1301425,False,https://excel.codal.ir/service/Excel/GetAll/68OE1yfawwhvD73m5alh6g%3d%3d/0,گاز طبیعی,مترمکعب,31979940.0,43658.0,1396172.0,437926622.0,24751.0,10839001.0,1403-10,1403,2025-01-19
کچاد,معدنی و صنعتی چادرملو,iron_ore,1403/11/30,گزارش فعالیت ماهانه دوره ۱ ماهه منتهی به  ۱۴۰۳/۱۱/۳۰,۱۴۰۳/۱۲/۰۷ ۱۷:۱۲:۵۲,1313509,False,https://excel.codal.ir/service/Excel/GetAll/R8lXhJOyqaDqoCn2oz87hw%3d%3d/0,آب,مترمکعب,1156989.0,1020024.0,1180156.0,15051818.0,816620.0,12291612.0,1403-11,1403,2025-02-18
کچاد,معدنی و صنعتی چادرملو,iron_ore,1403/11/30,گزارش فعالیت ماهانه دوره ۱ ماهه منتهی به  ۱۴۰۳/۱۱/۳۰,۱۴۰۳/۱۲/۰۷ ۱۷:۱۲:۵۲,1313509,False,https://excel.codal.ir/service/Excel/GetAll/R8lXhJOyqaDqoCn2oz87hw%3d%3d/0,برق,مگاوات ساعت,128725.0,4195828.0,540108.0,1409170.0,9723576.0,13702172.0,1403-11,1403,2025-02-18
کچاد,معدنی و صنعتی چادرملو,iron_ore,1403/11/30,گزارش فعالیت ماهانه دوره ۱ ماهه منتهی به  ۱۴۰۳/۱۱/۳۰,۱۴۰۳/۱۲/۰۷ ۱۷:۱۲:۵۲,1313509,False,https://excel.codal.ir/service/Excel/GetAll/R8lXhJOyqaDqoCn2oz87hw%3d%3d/0,گاز طبیعی,مترمکعب,20927913.0,25280.0,529064.0,458854535.0,24775.0,11368065.0,1403-11,1403,2025-02-18
کچاد,معدنی و صنعتی چادرملو,iron_ore,1403/12/30,گزارش فعالیت ماهانه دوره ۱ ماهه منتهی به  ۱۴۰۳/۱۲/۳۰(اصلاحیه),۱۴۰۴/۰۳/۲۷ ۱۴:۰۱:۲۰,1359693,True,https://excel.codal.ir/service/Excel/GetAll/cUZrv1MujZM7YcWlnFwHgA%3d%3d/0,آب,مترمکعب,1440324.0,2496751.0,3596131.0,16492142.0,963352.0,15887743.0,1403-12,1403,2025-03-20
کچاد,معدنی و صنعتی چادرملو,iron_ore,1403/12/30,گزارش فعالیت ماهانه دوره ۱ ماهه منتهی به  ۱۴۰۳/۱۲/۳۰(اصلاحیه),۱۴۰۴/۰۳/۲۷ ۱۴:۰۱:۲۰,1359693,True,https://excel.codal.ir/service/Excel/GetAll/cUZrv1MujZM7YcWlnFwHgA%3d%3d/0,برق,مگاوات ساعت,120863.0,2233645.0,269965.0,1530033.0,9131919.0,13972137.0,1403-12,1403,2025-03-20
کچاد,معدنی و صنعتی چادرملو,iron_ore,1403/12/30,گزارش فعالیت ماهانه دوره ۱ ماهه منتهی به  ۱۴۰۳/۱۲/۳۰(اصلاحیه),۱۴۰۴/۰۳/۲۷ ۱۴:۰۱:۲۰,1359693,True,https://excel.codal.ir/service/Excel/GetAll/cUZrv1MujZM7YcWlnFwHgA%3d%3d/0,گاز طبیعی,مترمکعب,32413754.0,183892.0,5960614.0,491268289.0,40398.0,19846394.0,1403-12,1403,2025-03-20
کچاد,معدنی و صنعتی چادرملو,iron_ore,1404/01/31,گزارش فعالیت ماهانه دوره ۱ ماهه منتهی به  ۱۴۰۴/۰۱/۳۱,۱۴۰۴/۰۲/۰۷ ۱۷:۳۷:۱۸,1336674,False,https://excel.codal.ir/service/Excel/GetAll/OBJOOObOOOIJAqmv9pTJ5ELtUQQQaQQQSg%3d%3d/0,آب,مترمکعب,1327411.0,1081269.0,1435288.0,1327411.0,1081269.0,1435288.0,1404-01,1404,2025-04-20
کچاد,معدنی و صنعتی چادرملو,iron_ore,1404/01/31,گزارش فعالیت ماهانه دوره ۱ ماهه منتهی به  ۱۴۰۴/۰۱/۳۱,۱۴۰۴/۰۲/۰۷ ۱۷:۳۷:۱۸,1336674,False,https://excel.codal.ir/service/Excel/GetAll/OBJOOObOOOIJAqmv9pTJ5ELtUQQQaQQQSg%3d%3d/0,برق,مگاوات ساعت,124494.0,3339301.0,415723.0,124494.0,3339301.0,415723.0,1404-01,1404,2025-04-20
کچاد,معدنی و صنعتی چادرملو,iron_ore,1404/01/31,گزارش فعالیت ماهانه دوره ۱ ماهه منتهی به  ۱۴۰۴/۰۱/۳۱,۱۴۰۴/۰۲/۰۷ ۱۷:۳۷:۱۸,1336674,False,https://excel.codal.ir/service/Excel/GetAll/OBJOOObOOOIJAqmv9pTJ5ELtUQQQaQQQSg%3d%3d/0,گاز طبیعی,مترمکعب,49946072.0,96719.0,4830733.0,49946072.0,96719.0,4830733.0,1404-01,1404,2025-04-20
کچاد,معدنی و صنعتی چادرملو,iron_ore,1404/02/31,گزارش فعالیت ماهانه دوره ۱ ماهه منتهی به  ۱۴۰۴/۰۲/۳۱,۱۴۰۴/۰۳/۰۷ ۱۸:۴۳:۱۱,1352111,False,https://excel.codal.ir/service/Excel/GetAll/Ku5OOObOOOO99ZyCrSUwR3tpxJSw%3d%3d/0,آب,مترمکعب,1246574.0,981250.0,1223201.0,2573985.0,1032830.0,2658489.0,1404-02,1404,2025-05-21
کچاد,معدنی و صنعتی چادرملو,iron_ore,1404/02/31,گزارش فعالیت ماهانه دوره ۱ ماهه منتهی به  ۱۴۰۴/۰۲/۳۱,۱۴۰۴/۰۳/۰۷ ۱۸:۴۳:۱۱,1352111,False,https://excel.codal.ir/service/Excel/GetAll/Ku5OOObOOOO99ZyCrSUwR3tpxJSw%3d%3d/0,برق,مگاوات ساعت,152865.0,3352631.0,512500.0,277359.0,3346648.0,928223.0,1404-02,1404,2025-05-21
کچاد,معدنی و صنعتی چادرملو,iron_ore,1404/02/31,گزارش فعالیت ماهانه دوره ۱ ماهه منتهی به  ۱۴۰۴/۰۲/۳۱,۱۴۰۴/۰۳/۰۷ ۱۸:۴۳:۱۱,1352111,False,https://excel.codal.ir/service/Excel/GetAll/Ku5OOObOOOO99ZyCrSUwR3tpxJSw%3d%3d/0,گاز طبیعی,مترمکعب,48461301.0,88446.0,4286205.0,98407373.0,92645.0,9116938.0,1404-02,1404,2025-05-21
کچاد,معدنی و صنعتی چادرملو,iron_ore,1404/03/31,گزارش فعالیت ماهانه دوره ۱ ماهه منتهی به  ۱۴۰۴/۰۳/۳۱,۱۴۰۴/۰۴/۰۹ ۱۹:۲۳:۰۵,1364023,False,https://excel.codal.ir/service/Excel/GetAll/uj5OOObOOOVwPb4coI4sYY4h0BGA%3d%3d/0,آب,مترمکعب,1246574.0,981250.0,1223201.0,4244101.0,1179015.0,5003860.0,1404-03,1404,2025-06-21
کچاد,معدنی و صنعتی چادرملو,iron_ore,1404/03/31,گزارش فعالیت ماهانه دوره ۱ ماهه منتهی به  ۱۴۰۴/۰۳/۳۱,۱۴۰۴/۰۴/۰۹ ۱۹:۲۳:۰۵,1364023,False,https://excel.codal.ir/service/Excel/GetAll/uj5OOObOOOVwPb4coI4sYY4h0BGA%3d%3d/0,برق,مگاوات ساعت,152825.0,4448264.0,679806.0,430184.0,3738003.0,1608029.0,1404-03,1404,2025-06-21
کچاد,معدنی و صنعتی چادرملو,iron_ore,1404/03/31,گزارش فعالیت ماهانه دوره ۱ ماهه منتهی به  ۱۴۰۴/۰۳/۳۱,۱۴۰۴/۰۴/۰۹ ۱۹:۲۳:۰۵,1364023,False,https://excel.codal.ir/service/Excel/GetAll/uj5OOObOOOVwPb4coI4sYY4h0BGA%3d%3d/0,گاز طبیعی,مترمکعب,51390180.0,93891.0,4825063.0,149797553.0,93072.0,13942001.0,1404-03,1404,2025-06-21
کچاد,معدنی و صنعتی چادرملو,iron_ore,1404/04/31,گزارش فعالیت ماهانه دوره ۱ ماهه منتهی به  ۱۴۰۴/۰۴/۳۱,۱۴۰۴/۰۵/۰۷ ۱۹:۱۰:۲۵,1385767,False,https://excel.codal.ir/service/Excel/GetAll/0z7oq3JdGnYZKCjm2tc8Mw%3d%3d/0,آب,مترمکعب,1934993.0,1597815.0,3091761.0,7131743.0,1510910.0,10775419.0,1404-04,1404,2025-07-22
کچاد,معدنی و صنعتی چادرملو,iron_ore,1404/04/31,گزارش فعالیت ماهانه دوره ۱ ماهه منتهی به  ۱۴۰۴/۰۴/۳۱,۱۴۰۴/۰۵/۰۷ ۱۹:۱۰:۲۵,1385767,False,https://excel.codal.ir/service/Excel/GetAll/0z7oq3JdGnYZKCjm2tc8Mw%3d%3d/0,برق,مگاوات ساعت,153889.0,4500764.0,692618.0,613469.0,4201586.0,2577543.0,1404-04,1404,2025-07-22
کچاد,معدنی و صنعتی چادرملو,iron_ore,1404/04/31,گزارش فعالیت ماهانه دوره ۱ ماهه منتهی به  ۱۴۰۴/۰۴/۳۱,۱۴۰۴/۰۵/۰۷ ۱۹:۱۰:۲۵,1385767,False,https://excel.codal.ir/service/Excel/GetAll/0z7oq3JdGnYZKCjm2tc8Mw%3d%3d/0,گاز طبیعی,مترمکعب,45141301.0,95870.0,4327679.0,192438777.0,96187.0,18510105.0,1404-04,1404,2025-07-22
کچاد,معدنی و صنعتی چادرملو,iron_ore,1404/05/31,گزارش فعالیت ماهانه دوره ۱ ماهه منتهی به  ۱۴۰۴/۰۵/۳۱(اصلاحیه),۱۴۰۴/۰۶/۲۷ ۱۲:۴۷:۴۷,1401130,True,https://excel.codal.ir/service/Excel/GetAll/oY2etPdi3UrSwnGyTWGz9A%3d%3d/0,آب,مترمکعب,2164667.0,1733615.0,3752699.0,9296410.0,1562766.0,14528118.0,1404-05,1404,2025-08-22
کچاد,معدنی و صنعتی چادرملو,iron_ore,1404/05/31,گزارش فعالیت ماهانه دوره ۱ ماهه منتهی به  ۱۴۰۴/۰۵/۳۱(اصلاحیه),۱۴۰۴/۰۶/۲۷ ۱۲:۴۷:۴۷,1401130,True,https://excel.codal.ir/service/Excel/GetAll/oY2etPdi3UrSwnGyTWGz9A%3d%3d/0,برق,مگاوات ساعت,146846.0,3451126.0,506784.0,760315.0,4056644.0,3084327.0,1404-05,1404,2025-08-22
کچاد,معدنی و صنعتی چادرملو,iron_ore,1404/05/31,گزارش فعالیت ماهانه دوره ۱ ماهه منتهی به  ۱۴۰۴/۰۵/۳۱(اصلاحیه),۱۴۰۴/۰۶/۲۷ ۱۲:۴۷:۴۷,1401130,True,https://excel.codal.ir/service/Excel/GetAll/oY2etPdi3UrSwnGyTWGz9A%3d%3d/0,گاز طبیعی,مترمکعب,40240650.0,73773.0,2968687.0,236866344.0,78811.0,18667563.0,1404-05,1404,2025-08-22
کچاد,معدنی و صنعتی چادرملو,iron_ore,1404/06/31,گزارش فعالیت ماهانه دوره ۱ ماهه منتهی به  ۱۴۰۴/۰۶/۳۱(اصلاحیه),۱۴۰۴/۰۹/۲۸ ۱۴:۲۹:۰۹,1460311,True,https://excel.codal.ir/service/Excel/GetAll/JpYMP3H7IVE21mSeig13cg%3d%3d/0,آب,مترمکعب,1975374.0,1483383.0,2930236.0,12959089.0,1542066.0,19983765.0,1404-06,1404,2025-09-22
کچاد,معدنی و صنعتی چادرملو,iron_ore,1404/06/31,گزارش فعالیت ماهانه دوره ۱ ماهه منتهی به  ۱۴۰۴/۰۶/۳۱(اصلاحیه),۱۴۰۴/۰۹/۲۸ ۱۴:۲۹:۰۹,1460311,True,https://excel.codal.ir/service/Excel/GetAll/JpYMP3H7IVE21mSeig13cg%3d%3d/0,برق,مگاوات ساعت,151390.0,6642618.0,1005626.0,909205.0,4842649.0,4402961.0,1404-06,1404,2025-09-22
کچاد,معدنی و صنعتی چادرملو,iron_ore,1404/06/31,گزارش فعالیت ماهانه دوره ۱ ماهه منتهی به  ۱۴۰۴/۰۶/۳۱(اصلاحیه),۱۴۰۴/۰۹/۲۸ ۱۴:۲۹:۰۹,1460311,True,https://excel.codal.ir/service/Excel/GetAll/JpYMP3H7IVE21mSeig13cg%3d%3d/0,گاز طبیعی,مترمکعب,48043283.0,76478.0,3674244.0,291943471.0,77938.0,22753390.0,1404-06,1404,2025-09-22
کچاد,معدنی و صنعتی چادرملو,iron_ore,1404/07/30,گزارش فعالیت ماهانه دوره ۱ ماهه منتهی به  ۱۴۰۴/۰۷/۳۰(اصلاحیه),۱۴۰۴/۱۰/۰۷ ۱۵:۴۰:۳۱,1465532,True,https://excel.codal.ir/service/Excel/GetAll/RSR5U1lLX3nS7YzOC2T7Yw%3d%3d/0,آب,مترمکعب,1654959.0,1330113.0,2201283.0,14614048.0,1518063.0,22185048.0,1404-07,1404,2025-10-22
کچاد,معدنی و صنعتی چادرملو,iron_ore,1404/07/30,گزارش فعالیت ماهانه دوره ۱ ماهه منتهی به  ۱۴۰۴/۰۷/۳۰(اصلاحیه),۱۴۰۴/۱۰/۰۷ ۱۵:۴۰:۳۱,1465532,True,https://excel.codal.ir/service/Excel/GetAll/RSR5U1lLX3nS7YzOC2T7Yw%3d%3d/0,برق,مگاوات ساعت,151359.0,6243144.0,944956.0,1060564.0,5042522.0,5347917.0,1404-07,1404,2025-10-22
کچاد,معدنی و صنعتی چادرملو,iron_ore,1404/07/30,گزارش فعالیت ماهانه دوره ۱ ماهه منتهی به  ۱۴۰۴/۰۷/۳۰(اصلاحیه),۱۴۰۴/۱۰/۰۷ ۱۵:۴۰:۳۱,1465532,True,https://excel.codal.ir/service/Excel/GetAll/RSR5U1lLX3nS7YzOC2T7Yw%3d%3d/0,گاز طبیعی,مترمکعب,54870455.0,74235.0,4073304.0,346813926.0,77352.0,26826694.0,1404-07,1404,2025-10-22
کچاد,معدنی و صنعتی چادرملو,iron_ore,1404/08/30,گزارش فعالیت ماهانه دوره ۱ ماهه منتهی به  ۱۴۰۴/۰۸/۳۰(اصلاحیه),۱۴۰۴/۱۰/۰۷ ۱۸:۴۴:۳۶,1465531,True,https://excel.codal.ir/service/Excel/GetAll/k0HCLjB2JW7H0r9gebntnw%3d%3d/0,آب,مترمکعب,1463780.0,1451293.0,2124373.0,15796993.0,1535512.0,24256470.0,1404-08,1404,2025-11-21
کچاد,معدنی و صنعتی چادرملو,iron_ore,1404/08/30,گزارش فعالیت ماهانه دوره ۱ ماهه منتهی به  ۱۴۰۴/۰۸/۳۰(اصلاحیه),۱۴۰۴/۱۰/۰۷ ۱۸:۴۴:۳۶,1465531,True,https://excel.codal.ir/service/Excel/GetAll/k0HCLjB2JW7H0r9gebntnw%3d%3d/0,برق,مگاوات ساعت,146742.0,6655347.0,976619.0,1202658.0,5234679.0,6295529.0,1404-08,1404,2025-11-21
کچاد,معدنی و صنعتی چادرملو,iron_ore,1404/08/30,گزارش فعالیت ماهانه دوره ۱ ماهه منتهی به  ۱۴۰۴/۰۸/۳۰(اصلاحیه),۱۴۰۴/۱۰/۰۷ ۱۸:۴۴:۳۶,1465531,True,https://excel.codal.ir/service/Excel/GetAll/k0HCLjB2JW7H0r9gebntnw%3d%3d/0,گاز طبیعی,مترمکعب,57084832.0,73668.0,4205333.0,403898759.0,76846.0,31037889.0,1404-08,1404,2025-11-21
کچاد,معدنی و صنعتی چادرملو,iron_ore,1404/09/30,گزارش فعالیت ماهانه دوره ۱ ماهه منتهی به  ۱۴۰۴/۰۹/۳۰(اصلاحیه),۱۴۰۵/۰۲/۲۳ ۱۵:۱۹:۱۱,1525306,True,https://excel.codal.ir/service/Excel/GetAll/ZTPJfn2Qjmlifta4ZfSfig%3d%3d/0,آب,مترمکعب,1308993.0,1511255.0,1978222.0,12682894.0,953956.0,12098921.0,1404-09,1404,2025-12-21
کچاد,معدنی و صنعتی چادرملو,iron_ore,1404/09/30,گزارش فعالیت ماهانه دوره ۱ ماهه منتهی به  ۱۴۰۴/۰۹/۳۰(اصلاحیه),۱۴۰۵/۰۲/۲۳ ۱۵:۱۹:۱۱,1525306,True,https://excel.codal.ir/service/Excel/GetAll/ZTPJfn2Qjmlifta4ZfSfig%3d%3d/0,برق,مگاوات ساعت,146683.0,6416749.0,941228.0,1178752.0,10443713.0,12310547.0,1404-09,1404,2025-12-21
کچاد,معدنی و صنعتی چادرملو,iron_ore,1404/09/30,گزارش فعالیت ماهانه دوره ۱ ماهه منتهی به  ۱۴۰۴/۰۹/۳۰(اصلاحیه),۱۴۰۵/۰۲/۲۳ ۱۵:۱۹:۱۱,1525306,True,https://excel.codal.ir/service/Excel/GetAll/ZTPJfn2Qjmlifta4ZfSfig%3d%3d/0,گاز طبیعی,مترمکعب,36368664.0,68596.0,2494732.0,402087070.0,36366.0,14622201.0,1404-09,1404,2025-12-21
کچاد,معدنی و صنعتی چادرملو,iron_ore,1404/10/30,گزارش فعالیت ماهانه دوره ۱ ماهه منتهی به  ۱۴۰۴/۱۰/۳۰,۱۴۰۴/۱۱/۰۷ ۱۹:۴۷:۴۲,1479542,False,https://excel.codal.ir/service/Excel/GetAll/9JF8ZNThz08i0iKcJZcJCg%3d%3d/0,آب,مترمکعب,1177623.0,2050543.0,2414767.0,1177623.0,2050543.0,2414767.0,1404-10,1404,2026-01-20
کچاد,معدنی و صنعتی چادرملو,iron_ore,1404/10/30,گزارش فعالیت ماهانه دوره ۱ ماهه منتهی به  ۱۴۰۴/۱۰/۳۰,۱۴۰۴/۱۱/۰۷ ۱۹:۴۷:۴۲,1479542,False,https://excel.codal.ir/service/Excel/GetAll/9JF8ZNThz08i0iKcJZcJCg%3d%3d/0,برق,مگاوات ساعت,147935.0,8076845.0,1194848.0,147935.0,8076845.0,1194848.0,1404-10,1404,2026-01-20
کچاد,معدنی و صنعتی چادرملو,iron_ore,1404/10/30,گزارش فعالیت ماهانه دوره ۱ ماهه منتهی به  ۱۴۰۴/۱۰/۳۰,۱۴۰۴/۱۱/۰۷ ۱۹:۴۷:۴۲,1479542,False,https://excel.codal.ir/service/Excel/GetAll/9JF8ZNThz08i0iKcJZcJCg%3d%3d/0,گاز طبیعی,مترمکعب,15290719.0,91246.0,1395220.0,15290719.0,91246.0,1395220.0,1404-10,1404,2026-01-20
کچاد,معدنی و صنعتی چادرملو,iron_ore,1404/11/30,گزارش فعالیت ماهانه دوره ۱ ماهه منتهی به  ۱۴۰۴/۱۱/۳۰,۱۴۰۴/۱۲/۰۶ ۱۸:۲۶:۰۳,1499596,False,https://excel.codal.ir/service/Excel/GetAll/749EAlEK6OOObOOOtokyipxV96SQ%3d%3d/0,آب,مترمکعب,1087606.0,2512263.0,2732352.0,2212909.0,2237898.0,4952264.0,1404-11,1404,2026-02-19
کچاد,معدنی و صنعتی چادرملو,iron_ore,1404/11/30,گزارش فعالیت ماهانه دوره ۱ ماهه منتهی به  ۱۴۰۴/۱۱/۳۰,۱۴۰۴/۱۲/۰۶ ۱۸:۲۶:۰۳,1499596,False,https://excel.codal.ir/service/Excel/GetAll/749EAlEK6OOObOOOtokyipxV96SQ%3d%3d/0,برق,مگاوات ساعت,132509.0,7714246.0,1022207.0,255777.0,7778972.0,1989682.0,1404-11,1404,2026-02-19
کچاد,معدنی و صنعتی چادرملو,iron_ore,1404/11/30,گزارش فعالیت ماهانه دوره ۱ ماهه منتهی به  ۱۴۰۴/۱۱/۳۰,۱۴۰۴/۱۲/۰۶ ۱۸:۲۶:۰۳,1499596,False,https://excel.codal.ir/service/Excel/GetAll/749EAlEK6OOObOOOtokyipxV96SQ%3d%3d/0,گاز طبیعی,مترمکعب,27570487.0,88539.0,2441065.0,42861207.0,86497.0,3707350.0,1404-11,1404,2026-02-19
کچاد,معدنی و صنعتی چادرملو,iron_ore,1404/12/29,گزارش فعالیت ماهانه دوره ۱ ماهه منتهی به  ۱۴۰۴/۱۲/۲۹,۱۴۰۵/۰۱/۱۱ ۱۰:۳۴:۴۵,1504530,False,https://excel.codal.ir/service/Excel/GetAll/B0UB938pHDMzpywaHmztKA%3d%3d/0,آب,مترمکعب,1087606.0,2512263.0,2732352.0,3354896.0,2297974.0,7709464.0,1404-12,1404,2026-03-20
کچاد,معدنی و صنعتی چادرملو,iron_ore,1404/12/29,گزارش فعالیت ماهانه دوره ۱ ماهه منتهی به  ۱۴۰۴/۱۲/۲۹,۱۴۰۵/۰۱/۱۱ ۱۰:۳۴:۴۵,1504530,False,https://excel.codal.ir/service/Excel/GetAll/B0UB938pHDMzpywaHmztKA%3d%3d/0,برق,مگاوات ساعت,125107.0,9155443.0,1145410.0,371667.0,8708677.0,3236728.0,1404-12,1404,2026-03-20
کچاد,معدنی و صنعتی چادرملو,iron_ore,1404/12/29,گزارش فعالیت ماهانه دوره ۱ ماهه منتهی به  ۱۴۰۴/۱۲/۲۹,۱۴۰۵/۰۱/۱۱ ۱۰:۳۴:۴۵,1504530,False,https://excel.codal.ir/service/Excel/GetAll/B0UB938pHDMzpywaHmztKA%3d%3d/0,گاز طبیعی,مترمکعب,41119755.0,87070.0,3580310.0,83980961.0,85373.0,7169715.0,1404-12,1404,2026-03-20
کچاد,معدنی و صنعتی چادرملو,iron_ore,1405/01/31,گزارش فعالیت ماهانه دوره ۱ ماهه منتهی به  ۱۴۰۵/۰۱/۳۱,۱۴۰۵/۰۲/۰۷ ۱۳:۲۶:۵۶,1514402,False,https://excel.codal.ir/service/Excel/GetAll/TnuldQ7MIrG0qs3njXBk7w%3d%3d/0,آب,مترمکعب,1140000.0,2216378.0,2526671.0,4606937.0,2254747.0,10387479.0,1405-01,1405,2026-04-20
کچاد,معدنی و صنعتی چادرملو,iron_ore,1405/01/31,گزارش فعالیت ماهانه دوره ۱ ماهه منتهی به  ۱۴۰۵/۰۱/۳۱,۱۴۰۵/۰۲/۰۷ ۱۳:۲۶:۵۶,1514402,False,https://excel.codal.ir/service/Excel/GetAll/TnuldQ7MIrG0qs3njXBk7w%3d%3d/0,برق,مگاوات ساعت,123736.0,5472797.0,677182.0,495755.0,6950373.0,3445682.0,1405-01,1405,2026-04-20
کچاد,معدنی و صنعتی چادرملو,iron_ore,1405/01/31,گزارش فعالیت ماهانه دوره ۱ ماهه منتهی به  ۱۴۰۵/۰۱/۳۱,۱۴۰۵/۰۲/۰۷ ۱۳:۲۶:۵۶,1514402,False,https://excel.codal.ir/service/Excel/GetAll/TnuldQ7MIrG0qs3njXBk7w%3d%3d/0,گاز طبیعی,مترمکعب,38063981.0,112388.0,4277937.0,118989168.0,133214.0,15851013.0,1405-01,1405,2026-04-20
کچاد,معدنی و صنعتی چادرملو,iron_ore,1405/02/31,گزارش فعالیت ماهانه دوره ۱ ماهه منتهی به  ۱۴۰۵/۰۲/۳۱,۱۴۰۵/۰۳/۰۹ ۱۶:۰۵:۵۶,1534372,False,https://excel.codal.ir/service/Excel/GetAll/rsbE6cQQQQaQQQ60gzeWkeD7hdbg%3d%3d/0,آب,مترمکعب,1153743.0,2755991.0,3179705.0,5774423.0,2462621.0,14220218.0,1405-02,1405,2026-05-21
کچاد,معدنی و صنعتی چادرملو,iron_ore,1405/02/31,گزارش فعالیت ماهانه دوره ۱ ماهه منتهی به  ۱۴۰۵/۰۲/۳۱,۱۴۰۵/۰۳/۰۹ ۱۶:۰۵:۵۶,1534372,False,https://excel.codal.ir/service/Excel/GetAll/rsbE6cQQQQaQQQ60gzeWkeD7hdbg%3d%3d/0,برق,مگاوات ساعت,123852.0,7283944.0,902131.0,644251.0,9286644.0,5982930.0,1405-02,1405,2026-05-21
کچاد,معدنی و صنعتی چادرملو,iron_ore,1405/02/31,گزارش فعالیت ماهانه دوره ۱ ماهه منتهی به  ۱۴۰۵/۰۲/۳۱,۱۴۰۵/۰۳/۰۹ ۱۶:۰۵:۵۶,1534372,False,https://excel.codal.ir/service/Excel/GetAll/rsbE6cQQQQaQQQ60gzeWkeD7hdbg%3d%3d/0,گاز طبیعی,مترمکعب,37178746.0,187018.0,6953105.0,155282679.0,164477.0,25540378.0,1405-02,1405,2026-05-21
کچاد,معدنی و صنعتی چادرملو,iron_ore,1405/03/31,گزارش فعالیت ماهانه دوره ۱ ماهه منتهی به  ۱۴۰۵/۰۳/۳۱,۱۴۰۵/۰۴/۰۸ ۱۷:۰۲:۱۹,1558875,False,https://excel.codal.ir/service/Excel/GetAll/o82ru1ebtJ5yfoq0wlqNHQ%3d%3d/0,آب,مترمکعب,1355039.0,2949123.0,3996177.0,7349773.0,2589586.0,19032867.0,1405-03,1405,2026-06-21
کچاد,معدنی و صنعتی چادرملو,iron_ore,1405/03/31,گزارش فعالیت ماهانه دوره ۱ ماهه منتهی به  ۱۴۰۵/۰۳/۳۱,۱۴۰۵/۰۴/۰۸ ۱۷:۰۲:۱۹,1558875,False,https://excel.codal.ir/service/Excel/GetAll/o82ru1ebtJ5yfoq0wlqNHQ%3d%3d/0,برق,مگاوات ساعت,143705.0,8723934.0,1253673.0,807810.0,9393477.0,7588145.0,1405-03,1405,2026-06-21
کچاد,معدنی و صنعتی چادرملو,iron_ore,1405/03/31,گزارش فعالیت ماهانه دوره ۱ ماهه منتهی به  ۱۴۰۵/۰۳/۳۱,۱۴۰۵/۰۴/۰۸ ۱۷:۰۲:۱۹,1558875,False,https://excel.codal.ir/service/Excel/GetAll/o82ru1ebtJ5yfoq0wlqNHQ%3d%3d/0,گاز طبیعی,مترمکعب,45772500.0,140330.0,6423274.0,209648933.0,149936.0,31433820.0,1405-03,1405,2026-06-21
کگل,معدنی و صنعتی گل‌گهر,iron_ore,1401/07/30,گزارش فعالیت ماهانه دوره ۱ ماهه منتهی به  ۱۴۰۱/۰۷/۳۰(اصلاحیه),۱۴۰۱/۱۰/۰۷ ۱۵:۱۰:۴۶,975782,True,https://excel.codal.ir/service/Excel/GetAll/79Rl0tgZgSg2GFrOrhPn7Q%3d%3d/0,آب,مترمکعب,911455.0,469691.0,428102.0,7463124.0,448187.0,3344873.0,1401-07,1401,2022-10-22
کگل,معدنی و صنعتی گل‌گهر,iron_ore,1401/07/30,گزارش فعالیت ماهانه دوره ۱ ماهه منتهی به  ۱۴۰۱/۰۷/۳۰(اصلاحیه),۱۴۰۱/۱۰/۰۷ ۱۵:۱۰:۴۶,975782,True,https://excel.codal.ir/service/Excel/GetAll/79Rl0tgZgSg2GFrOrhPn7Q%3d%3d/0,برق,مگاوات ساعت,73757.0,7409941.0,546535.0,547857.0,6699067.0,3670131.0,1401-07,1401,2022-10-22
کگل,معدنی و صنعتی گل‌گهر,iron_ore,1401/07/30,گزارش فعالیت ماهانه دوره ۱ ماهه منتهی به  ۱۴۰۱/۰۷/۳۰(اصلاحیه),۱۴۰۱/۱۰/۰۷ ۱۵:۱۰:۴۶,975782,True,https://excel.codal.ir/service/Excel/GetAll/79Rl0tgZgSg2GFrOrhPn7Q%3d%3d/0,گاز طبیعی,مترمکعب,12807942.0,22016.0,281979.0,81672037.0,22007.0,1797362.0,1401-07,1401,2022-10-22
کگل,معدنی و صنعتی گل‌گهر,iron_ore,1401/08/30,گزارش فعالیت ماهانه دوره ۱ ماهه منتهی به  ۱۴۰۱/۰۸/۳۰(اصلاحیه),۱۴۰۱/۱۰/۰۷ ۱۵:۱۶:۲۶,976072,True,https://excel.codal.ir/service/Excel/GetAll/s52zrFc1XPQiZexn2JiByQ%3d%3d/0,آب,مترمکعب,872503.0,490661.0,428103.0,8296674.0,454758.0,3772979.0,1401-08,1401,2022-11-21
کگل,معدنی و صنعتی گل‌گهر,iron_ore,1401/08/30,گزارش فعالیت ماهانه دوره ۱ ماهه منتهی به  ۱۴۰۱/۰۸/۳۰(اصلاحیه),۱۴۰۱/۱۰/۰۷ ۱۵:۱۶:۲۶,976072,True,https://excel.codal.ir/service/Excel/GetAll/s52zrFc1XPQiZexn2JiByQ%3d%3d/0,برق,مگاوات ساعت,74436.0,6037186.0,449384.0,622971.0,6456744.0,4022364.0,1401-08,1401,2022-11-21
کگل,معدنی و صنعتی گل‌گهر,iron_ore,1401/08/30,گزارش فعالیت ماهانه دوره ۱ ماهه منتهی به  ۱۴۰۱/۰۸/۳۰(اصلاحیه),۱۴۰۱/۱۰/۰۷ ۱۵:۱۶:۲۶,976072,True,https://excel.codal.ir/service/Excel/GetAll/s52zrFc1XPQiZexn2JiByQ%3d%3d/0,گاز طبیعی,مترمکعب,11659930.0,22018.0,256723.0,93331967.0,22008.0,2054085.0,1401-08,1401,2022-11-21
کگل,معدنی و صنعتی گل‌گهر,iron_ore,1401/09/30,گزارش فعالیت ماهانه دوره ۱ ماهه منتهی به  ۱۴۰۱/۰۹/۳۰(اصلاحیه),۱۴۰۱/۱۰/۳۰ ۱۹:۲۰:۵۶,984721,True,https://excel.codal.ir/service/Excel/GetAll/LUgNqstPP507HQQQaQQQOOObOOOJQYQQQaQQQQQQaQQQhg%3d%3d/0,آب,مترمکعب,919688.0,541696.0,498191.0,9263547.0,468639.0,4341259.0,1401-09,1401,2022-12-21
کگل,معدنی و صنعتی گل‌گهر,iron_ore,1401/09/30,گزارش فعالیت ماهانه دوره ۱ ماهه منتهی به  ۱۴۰۱/۰۹/۳۰(اصلاحیه),۱۴۰۱/۱۰/۳۰ ۱۹:۲۰:۵۶,984721,True,https://excel.codal.ir/service/Excel/GetAll/LUgNqstPP507HQQQaQQQOOObOOOJQYQQQaQQQQQQaQQQhg%3d%3d/0,برق,مگاوات ساعت,71889.0,5765500.0,414476.0,692313.0,6358299.0,4401933.0,1401-09,1401,2022-12-21
کگل,معدنی و صنعتی گل‌گهر,iron_ore,1401/09/30,گزارش فعالیت ماهانه دوره ۱ ماهه منتهی به  ۱۴۰۱/۰۹/۳۰(اصلاحیه),۱۴۰۱/۱۰/۳۰ ۱۹:۲۰:۵۶,984721,True,https://excel.codal.ir/service/Excel/GetAll/LUgNqstPP507HQQQaQQQOOObOOOJQYQQQaQQQQQQaQQQhg%3d%3d/0,گاز طبیعی,مترمکعب,9917464.0,22021.0,218388.0,103090069.0,22010.0,2268966.0,1401-09,1401,2022-12-21
کگل,معدنی و صنعتی گل‌گهر,iron_ore,1401/10/30,گزارش فعالیت ماهانه دوره ۱ ماهه منتهی به  ۱۴۰۱/۱۰/۳۰,۱۴۰۱/۱۱/۰۵ ۱۸:۱۲:۰۰,987134,False,https://excel.codal.ir/service/Excel/GetAll/yBwnxSNcD2oWN5ctb9UFeQ%3d%3d/0,آب,مترمکعب,887126.0,591116.0,524394.0,10118111.0,483475.0,4891856.0,1401-10,1401,2023-01-20
کگل,معدنی و صنعتی گل‌گهر,iron_ore,1401/10/30,گزارش فعالیت ماهانه دوره ۱ ماهه منتهی به  ۱۴۰۱/۱۰/۳۰,۱۴۰۱/۱۱/۰۵ ۱۸:۱۲:۰۰,987134,False,https://excel.codal.ir/service/Excel/GetAll/yBwnxSNcD2oWN5ctb9UFeQ%3d%3d/0,برق,مگاوات ساعت,65019.0,5761747.0,374623.0,750462.0,6311716.0,4736703.0,1401-10,1401,2023-01-20
کگل,معدنی و صنعتی گل‌گهر,iron_ore,1401/10/30,گزارش فعالیت ماهانه دوره ۱ ماهه منتهی به  ۱۴۰۱/۱۰/۳۰,۱۴۰۱/۱۱/۰۵ ۱۸:۱۲:۰۰,987134,False,https://excel.codal.ir/service/Excel/GetAll/yBwnxSNcD2oWN5ctb9UFeQ%3d%3d/0,گاز طبیعی,مترمکعب,9509508.0,22021.0,209413.0,112852731.0,22011.0,2483949.0,1401-10,1401,2023-01-20
کگل,معدنی و صنعتی گل‌گهر,iron_ore,1401/11/30,گزارش فعالیت ماهانه دوره ۱ ماهه منتهی به  ۱۴۰۱/۱۱/۳۰,۱۴۰۱/۱۲/۰۷ ۱۴:۱۱:۳۰,996329,False,https://excel.codal.ir/service/Excel/GetAll/plEIIinOWWaDse7mDp1ftQ%3d%3d/0,آب,مترمکعب,814547.0,646526.0,526626.0,10860079.0,501062.0,5441572.0,1401-11,1401,2023-02-19
کگل,معدنی و صنعتی گل‌گهر,iron_ore,1401/11/30,گزارش فعالیت ماهانه دوره ۱ ماهه منتهی به  ۱۴۰۱/۱۱/۳۰,۱۴۰۱/۱۲/۰۷ ۱۴:۱۱:۳۰,996329,False,https://excel.codal.ir/service/Excel/GetAll/plEIIinOWWaDse7mDp1ftQ%3d%3d/0,برق,مگاوات ساعت,54971.0,8314584.0,457061.0,795385.0,6633520.0,5276202.0,1401-11,1401,2023-02-19
کگل,معدنی و صنعتی گل‌گهر,iron_ore,1401/11/30,گزارش فعالیت ماهانه دوره ۱ ماهه منتهی به  ۱۴۰۱/۱۱/۳۰,۱۴۰۱/۱۲/۰۷ ۱۴:۱۱:۳۰,996329,False,https://excel.codal.ir/service/Excel/GetAll/plEIIinOWWaDse7mDp1ftQ%3d%3d/0,گاز طبیعی,مترمکعب,8644522.0,22024.0,190384.0,120525986.0,22012.0,2652965.0,1401-11,1401,2023-02-19
کگل,معدنی و صنعتی گل‌گهر,iron_ore,1401/12/29,گزارش فعالیت ماهانه دوره ۱ ماهه منتهی به  ۱۴۰۱/۱۲/۲۹(اصلاحیه),۱۴۰۲/۰۴/۰۶ ۱۹:۳۵:۲۴,1046647,True,https://excel.codal.ir/service/Excel/GetAll/94iP9BPXluwbTcQQQaQQQ5JzoNlg%3d%3d/0,آب,مترمکعب,762334.0,651911.0,496974.0,11570200.0,510699.0,5908894.0,1401-12,1401,2023-03-20
کگل,معدنی و صنعتی گل‌گهر,iron_ore,1401/12/29,گزارش فعالیت ماهانه دوره ۱ ماهه منتهی به  ۱۴۰۱/۱۲/۲۹(اصلاحیه),۱۴۰۲/۰۴/۰۶ ۱۹:۳۵:۲۴,1046647,True,https://excel.codal.ir/service/Excel/GetAll/94iP9BPXluwbTcQQQaQQQ5JzoNlg%3d%3d/0,برق,مگاوات ساعت,59072.0,6021431.0,355698.0,858558.0,6441658.0,5530537.0,1401-12,1401,2023-03-20
کگل,معدنی و صنعتی گل‌گهر,iron_ore,1401/12/29,گزارش فعالیت ماهانه دوره ۱ ماهه منتهی به  ۱۴۰۱/۱۲/۲۹(اصلاحیه),۱۴۰۲/۰۴/۰۶ ۱۹:۳۵:۲۴,1046647,True,https://excel.codal.ir/service/Excel/GetAll/94iP9BPXluwbTcQQQaQQQ5JzoNlg%3d%3d/0,گاز طبیعی,مترمکعب,11075588.0,0.0,0.0,132459059.0,19310.0,2557773.0,1401-12,1401,2023-03-20
کگل,معدنی و صنعتی گل‌گهر,iron_ore,1402/01/31,گزارش فعالیت ماهانه دوره ۱ ماهه منتهی به  ۱۴۰۲/۰۱/۳۱,۱۴۰۲/۰۲/۱۰ ۱۴:۵۰:۱۹,1017454,False,https://excel.codal.ir/service/Excel/GetAll/OPcTXpo5GQVa8WjhGHGTtg%3d%3d/0,آب,مترمکعب,789027.0,851673.0,671993.0,789027.0,851673.0,671993.0,1402-01,1402,2023-04-20
کگل,معدنی و صنعتی گل‌گهر,iron_ore,1402/01/31,گزارش فعالیت ماهانه دوره ۱ ماهه منتهی به  ۱۴۰۲/۰۱/۳۱,۱۴۰۲/۰۲/۱۰ ۱۴:۵۰:۱۹,1017454,False,https://excel.codal.ir/service/Excel/GetAll/OPcTXpo5GQVa8WjhGHGTtg%3d%3d/0,برق,مگاوات ساعت,64717.0,6228549.0,403093.0,64717.0,6228549.0,403093.0,1402-01,1402,2023-04-20
کگل,معدنی و صنعتی گل‌گهر,iron_ore,1402/01/31,گزارش فعالیت ماهانه دوره ۱ ماهه منتهی به  ۱۴۰۲/۰۱/۳۱,۱۴۰۲/۰۲/۱۰ ۱۴:۵۰:۱۹,1017454,False,https://excel.codal.ir/service/Excel/GetAll/OPcTXpo5GQVa8WjhGHGTtg%3d%3d/0,گاز طبیعی,مترمکعب,11549310.0,16518.0,190768.0,11549310.0,16518.0,190768.0,1402-01,1402,2023-04-20
کگل,معدنی و صنعتی گل‌گهر,iron_ore,1402/02/31,گزارش فعالیت ماهانه دوره ۱ ماهه منتهی به  ۱۴۰۲/۰۲/۳۱,۱۴۰۲/۰۳/۰۷ ۱۶:۰۱:۰۳,1031494,False,https://excel.codal.ir/service/Excel/GetAll/RaUgXrri01gDTzXkH1cXDg%3d%3d/0,آب,مترمکعب,810416.0,880169.0,713303.0,1620832.0,880169.0,1426606.0,1402-02,1402,2023-05-21
کگل,معدنی و صنعتی گل‌گهر,iron_ore,1402/02/31,گزارش فعالیت ماهانه دوره ۱ ماهه منتهی به  ۱۴۰۲/۰۲/۳۱,۱۴۰۲/۰۳/۰۷ ۱۶:۰۱:۰۳,1031494,False,https://excel.codal.ir/service/Excel/GetAll/RaUgXrri01gDTzXkH1cXDg%3d%3d/0,برق,مگاوات ساعت,66666.0,7116401.0,474422.0,133332.0,7116401.0,948844.0,1402-02,1402,2023-05-21
کگل,معدنی و صنعتی گل‌گهر,iron_ore,1402/02/31,گزارش فعالیت ماهانه دوره ۱ ماهه منتهی به  ۱۴۰۲/۰۲/۳۱,۱۴۰۲/۰۳/۰۷ ۱۶:۰۱:۰۳,1031494,False,https://excel.codal.ir/service/Excel/GetAll/RaUgXrri01gDTzXkH1cXDg%3d%3d/0,گاز طبیعی,مترمکعب,9671202.0,16521.0,159779.0,21825111.0,16519.0,360529.0,1402-02,1402,2023-05-21
کگل,معدنی و صنعتی گل‌گهر,iron_ore,1402/03/31,گزارش فعالیت ماهانه دوره ۱ ماهه منتهی به  ۱۴۰۲/۰۳/۳۱(اصلاحیه),۱۴۰۲/۰۵/۰۱ ۱۵:۴۵:۰۵,1062061,True,https://excel.codal.ir/service/Excel/GetAll/gyNhQQQaQQQUeXYHiav0qOOObOOOohP98Q%3d%3d/0,آب,مترمکعب,1024628.0,816672.0,836785.0,2859672.0,842393.0,2408969.0,1402-03,1402,2023-06-21
کگل,معدنی و صنعتی گل‌گهر,iron_ore,1402/03/31,گزارش فعالیت ماهانه دوره ۱ ماهه منتهی به  ۱۴۰۲/۰۳/۳۱(اصلاحیه),۱۴۰۲/۰۵/۰۱ ۱۵:۴۵:۰۵,1062061,True,https://excel.codal.ir/service/Excel/GetAll/gyNhQQQaQQQUeXYHiav0qOOObOOOohP98Q%3d%3d/0,برق,مگاوات ساعت,74932.0,6519711.0,488535.0,216530.0,6703422.0,1451492.0,1402-03,1402,2023-06-21
کگل,معدنی و صنعتی گل‌گهر,iron_ore,1402/03/31,گزارش فعالیت ماهانه دوره ۱ ماهه منتهی به  ۱۴۰۲/۰۳/۳۱(اصلاحیه),۱۴۰۲/۰۵/۰۱ ۱۵:۴۵:۰۵,1062061,True,https://excel.codal.ir/service/Excel/GetAll/gyNhQQQaQQQUeXYHiav0qOOObOOOohP98Q%3d%3d/0,گاز طبیعی,مترمکعب,11493268.0,16518.0,189843.0,35066994.0,16518.0,579231.0,1402-03,1402,2023-06-21
کگل,معدنی و صنعتی گل‌گهر,iron_ore,1402/04/31,گزارش فعالیت ماهانه دوره ۱ ماهه منتهی به  ۱۴۰۲/۰۴/۳۱,۱۴۰۲/۰۵/۰۴ ۱۳:۵۰:۳۱,1063583,False,https://excel.codal.ir/service/Excel/GetAll/dEyWxzWp9TmT2bDOOObOOOxi3g8Q%3d%3d/0,آب,مترمکعب,1193587.0,764381.0,912355.0,4222218.0,804528.0,3396894.0,1402-04,1402,2023-07-22
کگل,معدنی و صنعتی گل‌گهر,iron_ore,1402/04/31,گزارش فعالیت ماهانه دوره ۱ ماهه منتهی به  ۱۴۰۲/۰۴/۳۱,۱۴۰۲/۰۵/۰۴ ۱۳:۵۰:۳۱,1063583,False,https://excel.codal.ir/service/Excel/GetAll/dEyWxzWp9TmT2bDOOObOOOxi3g8Q%3d%3d/0,برق,مگاوات ساعت,81033.0,7044895.0,570869.0,303663.0,6931019.0,2104694.0,1402-04,1402,2023-07-22
کگل,معدنی و صنعتی گل‌گهر,iron_ore,1402/04/31,گزارش فعالیت ماهانه دوره ۱ ماهه منتهی به  ۱۴۰۲/۰۴/۳۱,۱۴۰۲/۰۵/۰۴ ۱۳:۵۰:۳۱,1063583,False,https://excel.codal.ir/service/Excel/GetAll/dEyWxzWp9TmT2bDOOObOOOxi3g8Q%3d%3d/0,گاز طبیعی,مترمکعب,12115882.0,33483.0,405681.0,47350278.0,20859.0,987681.0,1402-04,1402,2023-07-22
کگل,معدنی و صنعتی گل‌گهر,iron_ore,1402/05/31,گزارش فعالیت ماهانه دوره ۱ ماهه منتهی به  ۱۴۰۲/۰۵/۳۱,۱۴۰۲/۰۶/۰۷ ۱۶:۱۷:۳۶,1076629,False,https://excel.codal.ir/service/Excel/GetAll/UAUelrurZY5ZFODLYnFhyQ%3d%3d/0,آب,مترمکعب,1291799.0,695992.0,899082.0,5612229.0,763102.0,4282704.0,1402-05,1402,2023-08-22
کگل,معدنی و صنعتی گل‌گهر,iron_ore,1402/05/31,گزارش فعالیت ماهانه دوره ۱ ماهه منتهی به  ۱۴۰۲/۰۵/۳۱,۱۴۰۲/۰۶/۰۷ ۱۶:۱۷:۳۶,1076629,False,https://excel.codal.ir/service/Excel/GetAll/UAUelrurZY5ZFODLYnFhyQ%3d%3d/0,برق,مگاوات ساعت,95232.0,6142683.0,584980.0,413094.0,6545205.0,2703785.0,1402-05,1402,2023-08-22
کگل,معدنی و صنعتی گل‌گهر,iron_ore,1402/05/31,گزارش فعالیت ماهانه دوره ۱ ماهه منتهی به  ۱۴۰۲/۰۵/۳۱,۱۴۰۲/۰۶/۰۷ ۱۶:۱۷:۳۶,1076629,False,https://excel.codal.ir/service/Excel/GetAll/UAUelrurZY5ZFODLYnFhyQ%3d%3d/0,گاز طبیعی,مترمکعب,0.0,,378208.0,47087851.0,28763.0,1354409.0,1402-05,1402,2023-08-22
کگل,معدنی و صنعتی گل‌گهر,iron_ore,1402/09/30,گزارش فعالیت ماهانه دوره ۱ ماهه منتهی به  ۱۴۰۲/۰۹/۳۰(اصلاحیه),۱۴۰۲/۱۰/۳۰ ۲۰:۵۵:۰۸,1143764,True,https://excel.codal.ir/service/Excel/GetAll/pR6ppsdcUfkzNqyBYRTo6g%3d%3d/0,آب,مترمکعب,1089920.0,672702.0,733191.0,10336341.0,725818.0,7502306.0,1402-09,1402,2023-12-21
کگل,معدنی و صنعتی گل‌گهر,iron_ore,1402/09/30,گزارش فعالیت ماهانه دوره ۱ ماهه منتهی به  ۱۴۰۲/۰۹/۳۰(اصلاحیه),۱۴۰۲/۱۰/۳۰ ۲۰:۵۵:۰۸,1143764,True,https://excel.codal.ir/service/Excel/GetAll/pR6ppsdcUfkzNqyBYRTo6g%3d%3d/0,برق,مگاوات ساعت,93016.0,5576804.0,518732.0,772899.0,7253705.0,5606381.0,1402-09,1402,2023-12-21
کگل,معدنی و صنعتی گل‌گهر,iron_ore,1402/09/30,گزارش فعالیت ماهانه دوره ۱ ماهه منتهی به  ۱۴۰۲/۰۹/۳۰(اصلاحیه),۱۴۰۲/۱۰/۳۰ ۲۰:۵۵:۰۸,1143764,True,https://excel.codal.ir/service/Excel/GetAll/pR6ppsdcUfkzNqyBYRTo6g%3d%3d/0,گاز طبیعی,مترمکعب,12469950.0,28144.0,350949.0,106609101.0,29418.0,3136277.0,1402-09,1402,2023-12-21
کگل,معدنی و صنعتی گل‌گهر,iron_ore,1402/10/30,گزارش فعالیت ماهانه دوره ۱ ماهه منتهی به  ۱۴۰۲/۱۰/۳۰,۱۴۰۲/۱۱/۰۷ ۱۶:۳۶:۳۹,1147455,False,https://excel.codal.ir/service/Excel/GetAll/2RWq0A2N75DjL6x2fhckeQ%3d%3d/0,آب,مترمکعب,1050342.0,683917.0,718347.0,11347105.0,723163.0,8205809.0,1402-10,1402,2024-01-20
کگل,معدنی و صنعتی گل‌گهر,iron_ore,1402/10/30,گزارش فعالیت ماهانه دوره ۱ ماهه منتهی به  ۱۴۰۲/۱۰/۳۰,۱۴۰۲/۱۱/۰۷ ۱۶:۳۶:۳۹,1147455,False,https://excel.codal.ir/service/Excel/GetAll/2RWq0A2N75DjL6x2fhckeQ%3d%3d/0,برق,مگاوات ساعت,95349.0,9404409.0,896701.0,870581.0,7903976.0,6881051.0,1402-10,1402,2024-01-20
کگل,معدنی و صنعتی گل‌گهر,iron_ore,1402/10/30,گزارش فعالیت ماهانه دوره ۱ ماهه منتهی به  ۱۴۰۲/۱۰/۳۰,۱۴۰۲/۱۱/۰۷ ۱۶:۳۶:۳۹,1147455,False,https://excel.codal.ir/service/Excel/GetAll/2RWq0A2N75DjL6x2fhckeQ%3d%3d/0,گاز طبیعی,مترمکعب,11253968.0,31774.0,357588.0,118580063.0,33109.0,3926088.0,1402-10,1402,2024-01-20
کگل,معدنی و صنعتی گل‌گهر,iron_ore,1402/11/30,گزارش فعالیت ماهانه دوره ۱ ماهه منتهی به  ۱۴۰۲/۱۱/۳۰,۱۴۰۲/۱۲/۰۸ ۱۶:۴۲:۵۴,1159967,False,https://excel.codal.ir/service/Excel/GetAll/MHAtRElNXo7SUiql8z3Z3A%3d%3d/0,آب,مترمکعب,1223777.0,623750.0,763331.0,12946402.0,699739.0,9059108.0,1402-11,1402,2024-02-19
کگل,معدنی و صنعتی گل‌گهر,iron_ore,1402/11/30,گزارش فعالیت ماهانه دوره ۱ ماهه منتهی به  ۱۴۰۲/۱۱/۳۰,۱۴۰۲/۱۲/۰۸ ۱۶:۴۲:۵۴,1159967,False,https://excel.codal.ir/service/Excel/GetAll/MHAtRElNXo7SUiql8z3Z3A%3d%3d/0,برق,مگاوات ساعت,92050.0,9491092.0,873655.0,959333.0,7746694.0,7431659.0,1402-11,1402,2024-02-19
کگل,معدنی و صنعتی گل‌گهر,iron_ore,1402/11/30,گزارش فعالیت ماهانه دوره ۱ ماهه منتهی به  ۱۴۰۲/۱۱/۳۰,۱۴۰۲/۱۲/۰۸ ۱۶:۴۲:۵۴,1159967,False,https://excel.codal.ir/service/Excel/GetAll/MHAtRElNXo7SUiql8z3Z3A%3d%3d/0,گاز طبیعی,مترمکعب,14725668.0,31769.0,467827.0,134780715.0,32948.0,4440752.0,1402-11,1402,2024-02-19
کگل,معدنی و صنعتی گل‌گهر,iron_ore,1402/12/29,گزارش فعالیت ماهانه دوره ۱ ماهه منتهی به  ۱۴۰۲/۱۲/۲۹(اصلاحیه),۱۴۰۳/۰۴/۰۴ ۰۰:۲۵:۳۴,1207451,True,https://excel.codal.ir/service/Excel/GetAll/T2RaCrigke3Avv7lPvwjlQ%3d%3d/0,آب,مترمکعب,1038142.0,536286.0,556741.0,13392818.0,692170.0,9270106.0,1402-12,1402,2024-03-19
کگل,معدنی و صنعتی گل‌گهر,iron_ore,1402/12/29,گزارش فعالیت ماهانه دوره ۱ ماهه منتهی به  ۱۴۰۲/۱۲/۲۹(اصلاحیه),۱۴۰۳/۰۴/۰۴ ۰۰:۲۵:۳۴,1207451,True,https://excel.codal.ir/service/Excel/GetAll/T2RaCrigke3Avv7lPvwjlQ%3d%3d/0,برق,مگاوات ساعت,92306.0,10583797.0,976948.0,1051896.0,8032673.0,8449537.0,1402-12,1402,2024-03-19
کگل,معدنی و صنعتی گل‌گهر,iron_ore,1402/12/29,گزارش فعالیت ماهانه دوره ۱ ماهه منتهی به  ۱۴۰۲/۱۲/۲۹(اصلاحیه),۱۴۰۳/۰۴/۰۴ ۰۰:۲۵:۳۴,1207451,True,https://excel.codal.ir/service/Excel/GetAll/T2RaCrigke3Avv7lPvwjlQ%3d%3d/0,گاز طبیعی,مترمکعب,10401472.0,35696.0,371291.0,143968678.0,34211.0,4925332.0,1402-12,1402,2024-03-19
کگل,معدنی و صنعتی گل‌گهر,iron_ore,1403/02/31,گزارش فعالیت ماهانه دوره ۱ ماهه منتهی به  ۱۴۰۳/۰۲/۳۱,۱۴۰۳/۰۳/۰۸ ۱۷:۴۱:۱۲,1196767,False,https://excel.codal.ir/service/Excel/GetAll/5gP1FQ1W9Lrzv8WP6K0M9A%3d%3d/0,آب,مترمکعب,1044783.0,603210.0,630224.0,2089567.0,603210.0,1260447.0,1403-02,1403,2024-05-20
کگل,معدنی و صنعتی گل‌گهر,iron_ore,1403/02/31,گزارش فعالیت ماهانه دوره ۱ ماهه منتهی به  ۱۴۰۳/۰۲/۳۱,۱۴۰۳/۰۳/۰۸ ۱۷:۴۱:۱۲,1196767,False,https://excel.codal.ir/service/Excel/GetAll/5gP1FQ1W9Lrzv8WP6K0M9A%3d%3d/0,برق,مگاوات ساعت,102591.0,13380491.0,1372718.0,205183.0,13380421.0,2745435.0,1403-02,1403,2024-05-20
کگل,معدنی و صنعتی گل‌گهر,iron_ore,1403/02/31,گزارش فعالیت ماهانه دوره ۱ ماهه منتهی به  ۱۴۰۳/۰۲/۳۱,۱۴۰۳/۰۳/۰۸ ۱۷:۴۱:۱۲,1196767,False,https://excel.codal.ir/service/Excel/GetAll/5gP1FQ1W9Lrzv8WP6K0M9A%3d%3d/0,گاز طبیعی,مترمکعب,12925498.0,28710.0,371097.0,26554961.0,32293.0,857551.0,1403-02,1403,2024-05-20
کگل,معدنی و صنعتی گل‌گهر,iron_ore,1403/03/31,گزارش فعالیت ماهانه دوره ۱ ماهه منتهی به  ۱۴۰۳/۰۳/۳۱(اصلاحیه),۱۴۰۳/۰۴/۳۱ ۲۲:۵۳:۳۸,1221163,True,https://excel.codal.ir/service/Excel/GetAll/drhUA2Y4iPgASiZx0BOFeQ%3d%3d/0,آب,مترمکعب,1022408.0,565149.0,577813.0,3089599.0,578020.0,1785850.0,1403-03,1403,2024-06-20
کگل,معدنی و صنعتی گل‌گهر,iron_ore,1403/03/31,گزارش فعالیت ماهانه دوره ۱ ماهه منتهی به  ۱۴۰۳/۰۳/۳۱(اصلاحیه),۱۴۰۳/۰۴/۳۱ ۲۲:۵۳:۳۸,1221163,True,https://excel.codal.ir/service/Excel/GetAll/drhUA2Y4iPgASiZx0BOFeQ%3d%3d/0,برق,مگاوات ساعت,99538.0,13770429.0,1370681.0,301667.0,13637819.0,4114080.0,1403-03,1403,2024-06-20
کگل,معدنی و صنعتی گل‌گهر,iron_ore,1403/03/31,گزارش فعالیت ماهانه دوره ۱ ماهه منتهی به  ۱۴۰۳/۰۳/۳۱(اصلاحیه),۱۴۰۳/۰۴/۳۱ ۲۲:۵۳:۳۸,1221163,True,https://excel.codal.ir/service/Excel/GetAll/drhUA2Y4iPgASiZx0BOFeQ%3d%3d/0,گاز طبیعی,مترمکعب,11399686.0,28713.0,327317.0,37953556.0,31218.0,1184844.0,1403-03,1403,2024-06-20
کگل,معدنی و صنعتی گل‌گهر,iron_ore,1403/04/31,گزارش فعالیت ماهانه دوره ۱ ماهه منتهی به  ۱۴۰۳/۰۴/۳۱,۱۴۰۳/۰۵/۰۴ ۱۴:۳۵:۴۹,1225536,False,https://excel.codal.ir/service/Excel/GetAll/i9SOCN8Lr88Xuja4mSGRzg%3d%3d/0,آب,مترمکعب,1150983.0,555971.0,639913.0,4369157.0,569415.0,2487863.0,1403-04,1403,2024-07-21
کگل,معدنی و صنعتی گل‌گهر,iron_ore,1403/04/31,گزارش فعالیت ماهانه دوره ۱ ماهه منتهی به  ۱۴۰۳/۰۴/۳۱,۱۴۰۳/۰۵/۰۴ ۱۴:۳۵:۴۹,1225536,False,https://excel.codal.ir/service/Excel/GetAll/i9SOCN8Lr88Xuja4mSGRzg%3d%3d/0,برق,مگاوات ساعت,99825.0,20035061.0,2000000.0,401779.0,15330316.0,6159399.0,1403-04,1403,2024-07-21
کگل,معدنی و صنعتی گل‌گهر,iron_ore,1403/04/31,گزارش فعالیت ماهانه دوره ۱ ماهه منتهی به  ۱۴۰۳/۰۴/۳۱,۱۴۰۳/۰۵/۰۴ ۱۴:۳۵:۴۹,1225536,False,https://excel.codal.ir/service/Excel/GetAll/i9SOCN8Lr88Xuja4mSGRzg%3d%3d/0,گاز طبیعی,مترمکعب,10670786.0,28147.0,300348.0,48958403.0,30462.0,1491361.0,1403-04,1403,2024-07-21
کگل,معدنی و صنعتی گل‌گهر,iron_ore,1403/05/31,گزارش فعالیت ماهانه دوره ۱ ماهه منتهی به  ۱۴۰۳/۰۵/۳۱,۱۴۰۳/۰۶/۱۰ ۱۵:۰۲:۳۳,1241882,False,https://excel.codal.ir/service/Excel/GetAll/f9OlqTRTc6hzdEEpImxXIg%3d%3d/0,آب,مترمکعب,1151651.0,569924.0,656353.0,5521476.0,572430.0,3160656.0,1403-05,1403,2024-08-21
کگل,معدنی و صنعتی گل‌گهر,iron_ore,1403/05/31,گزارش فعالیت ماهانه دوره ۱ ماهه منتهی به  ۱۴۰۳/۰۵/۳۱,۱۴۰۳/۰۶/۱۰ ۱۵:۰۲:۳۳,1241882,False,https://excel.codal.ir/service/Excel/GetAll/f9OlqTRTc6hzdEEpImxXIg%3d%3d/0,برق,مگاوات ساعت,90350.0,20933747.0,1891364.0,476654.0,18492068.0,8814318.0,1403-05,1403,2024-08-21
کگل,معدنی و صنعتی گل‌گهر,iron_ore,1403/05/31,گزارش فعالیت ماهانه دوره ۱ ماهه منتهی به  ۱۴۰۳/۰۵/۳۱,۱۴۰۳/۰۶/۱۰ ۱۵:۰۲:۳۳,1241882,False,https://excel.codal.ir/service/Excel/GetAll/f9OlqTRTc6hzdEEpImxXIg%3d%3d/0,گاز طبیعی,مترمکعب,9156832.0,28537.0,261304.0,58537378.0,30144.0,1764545.0,1403-05,1403,2024-08-21
کگل,معدنی و صنعتی گل‌گهر,iron_ore,1403/06/31,گزارش فعالیت ماهانه دوره ۱ ماهه منتهی به  ۱۴۰۳/۰۶/۳۱(اصلاحیه),۱۴۰۳/۰۹/۳۰ ۱۷:۱۲:۰۰,1285492,True,https://excel.codal.ir/service/Excel/GetAll/G73anXDcKLJtlNRfIQwefg%3d%3d/0,آب,مترمکعب,1293593.0,592671.0,766675.0,6957012.0,580372.0,4037653.0,1403-06,1403,2024-09-21
کگل,معدنی و صنعتی گل‌گهر,iron_ore,1403/06/31,گزارش فعالیت ماهانه دوره ۱ ماهه منتهی به  ۱۴۰۳/۰۶/۳۱(اصلاحیه),۱۴۰۳/۰۹/۳۰ ۱۷:۱۲:۰۰,1285492,True,https://excel.codal.ir/service/Excel/GetAll/G73anXDcKLJtlNRfIQwefg%3d%3d/0,برق,مگاوات ساعت,81350.0,23406355.0,1904107.0,545201.0,19692350.0,10736289.0,1403-06,1403,2024-09-21
کگل,معدنی و صنعتی گل‌گهر,iron_ore,1403/06/31,گزارش فعالیت ماهانه دوره ۱ ماهه منتهی به  ۱۴۰۳/۰۶/۳۱(اصلاحیه),۱۴۰۳/۰۹/۳۰ ۱۷:۱۲:۰۰,1285492,True,https://excel.codal.ir/service/Excel/GetAll/G73anXDcKLJtlNRfIQwefg%3d%3d/0,گاز طبیعی,مترمکعب,11162116.0,28147.0,314182.0,69795831.0,29771.0,2077908.0,1403-06,1403,2024-09-21
کگل,معدنی و صنعتی گل‌گهر,iron_ore,1403/07/30,گزارش فعالیت ماهانه دوره ۱ ماهه منتهی به  ۱۴۰۳/۰۷/۳۰(اصلاحیه),۱۴۰۳/۱۰/۰۵ ۱۵:۴۳:۱۶,1288161,True,https://excel.codal.ir/service/Excel/GetAll/LIwM7IGclEHPLRvRGvjGbw%3d%3d/0,آب,مترمکعب,1276695.0,669067.0,854194.0,8216808.0,724304.0,5951469.0,1403-07,1403,2024-10-21
کگل,معدنی و صنعتی گل‌گهر,iron_ore,1403/07/30,گزارش فعالیت ماهانه دوره ۱ ماهه منتهی به  ۱۴۰۳/۰۷/۳۰(اصلاحیه),۱۴۰۳/۱۰/۰۵ ۱۵:۴۳:۱۶,1288161,True,https://excel.codal.ir/service/Excel/GetAll/LIwM7IGclEHPLRvRGvjGbw%3d%3d/0,برق,مگاوات ساعت,88126.0,16407110.0,1445893.0,640103.0,20256963.0,12966543.0,1403-07,1403,2024-10-21
کگل,معدنی و صنعتی گل‌گهر,iron_ore,1403/07/30,گزارش فعالیت ماهانه دوره ۱ ماهه منتهی به  ۱۴۰۳/۰۷/۳۰(اصلاحیه),۱۴۰۳/۱۰/۰۵ ۱۵:۴۳:۱۶,1288161,True,https://excel.codal.ir/service/Excel/GetAll/LIwM7IGclEHPLRvRGvjGbw%3d%3d/0,گاز طبیعی,مترمکعب,11271912.0,26232.0,295683.0,81327586.0,29275.0,2380899.0,1403-07,1403,2024-10-21
کگل,معدنی و صنعتی گل‌گهر,iron_ore,1403/08/30,گزارش فعالیت ماهانه دوره ۱ ماهه منتهی به  ۱۴۰۳/۰۸/۳۰(اصلاحیه),۱۴۰۳/۱۰/۰۵ ۱۹:۱۲:۲۰,1288568,True,https://excel.codal.ir/service/Excel/GetAll/kb61KhfsWaUUJ2w8u9GkSQ%3d%3d/0,آب,مترمکعب,1306261.0,854915.0,1116742.0,9552635.0,767407.0,7330759.0,1403-08,1403,2024-11-20
کگل,معدنی و صنعتی گل‌گهر,iron_ore,1403/08/30,گزارش فعالیت ماهانه دوره ۱ ماهه منتهی به  ۱۴۰۳/۰۸/۳۰(اصلاحیه),۱۴۰۳/۱۰/۰۵ ۱۹:۱۲:۲۰,1288568,True,https://excel.codal.ir/service/Excel/GetAll/kb61KhfsWaUUJ2w8u9GkSQ%3d%3d/0,برق,مگاوات ساعت,88358.0,15329387.0,1354474.0,728694.0,19535070.0,14235088.0,1403-08,1403,2024-11-20
کگل,معدنی و صنعتی گل‌گهر,iron_ore,1403/08/30,گزارش فعالیت ماهانه دوره ۱ ماهه منتهی به  ۱۴۰۳/۰۸/۳۰(اصلاحیه),۱۴۰۳/۱۰/۰۵ ۱۹:۱۲:۲۰,1288568,True,https://excel.codal.ir/service/Excel/GetAll/kb61KhfsWaUUJ2w8u9GkSQ%3d%3d/0,گاز طبیعی,مترمکعب,11737134.0,26231.0,307877.0,92962914.0,25742.0,2393093.0,1403-08,1403,2024-11-20
کگل,معدنی و صنعتی گل‌گهر,iron_ore,1403/09/30,گزارش فعالیت ماهانه دوره ۱ ماهه منتهی به  ۱۴۰۳/۰۹/۳۰(اصلاحیه),۱۴۰۳/۱۰/۳۰ ۲۱:۴۸:۵۲,1298460,True,https://excel.codal.ir/service/Excel/GetAll/o1fqml2gQYZWRjvqH2t64A%3d%3d/0,آب,مترمکعب,1465329.0,821032.0,1203082.0,11177032.0,771241.0,8620181.0,1403-09,1403,2024-12-20
کگل,معدنی و صنعتی گل‌گهر,iron_ore,1403/09/30,گزارش فعالیت ماهانه دوره ۱ ماهه منتهی به  ۱۴۰۳/۰۹/۳۰(اصلاحیه),۱۴۰۳/۱۰/۳۰ ۲۱:۴۸:۵۲,1298460,True,https://excel.codal.ir/service/Excel/GetAll/o1fqml2gQYZWRjvqH2t64A%3d%3d/0,برق,مگاوات ساعت,90777.0,14522357.0,1318296.0,821890.0,18878077.0,15515703.0,1403-09,1403,2024-12-20
کگل,معدنی و صنعتی گل‌گهر,iron_ore,1403/09/30,گزارش فعالیت ماهانه دوره ۱ ماهه منتهی به  ۱۴۰۳/۰۹/۳۰(اصلاحیه),۱۴۰۳/۱۰/۳۰ ۲۱:۴۸:۵۲,1298460,True,https://excel.codal.ir/service/Excel/GetAll/o1fqml2gQYZWRjvqH2t64A%3d%3d/0,گاز طبیعی,مترمکعب,12678016.0,23102.0,292890.0,105862113.0,22464.0,2378106.0,1403-09,1403,2024-12-20
کگل,معدنی و صنعتی گل‌گهر,iron_ore,1403/10/30,گزارش فعالیت ماهانه دوره ۱ ماهه منتهی به  ۱۴۰۳/۱۰/۳۰,۱۴۰۳/۱۱/۰۷ ۱۷:۲۲:۱۳,1301967,False,https://excel.codal.ir/service/Excel/GetAll/CiXrwRfrI8i99ahoRH4Gjg%3d%3d/0,آب,مترمکعب,1171077.0,882994.0,1034054.0,12053858.0,786902.0,9485207.0,1403-10,1403,2025-01-19
کگل,معدنی و صنعتی گل‌گهر,iron_ore,1403/10/30,گزارش فعالیت ماهانه دوره ۱ ماهه منتهی به  ۱۴۰۳/۱۰/۳۰,۱۴۰۳/۱۱/۰۷ ۱۷:۲۲:۱۳,1301967,False,https://excel.codal.ir/service/Excel/GetAll/CiXrwRfrI8i99ahoRH4Gjg%3d%3d/0,برق,مگاوات ساعت,90398.0,14276676.0,1290583.0,911908.0,18399414.0,16778573.0,1403-10,1403,2025-01-19
کگل,معدنی و صنعتی گل‌گهر,iron_ore,1403/10/30,گزارش فعالیت ماهانه دوره ۱ ماهه منتهی به  ۱۴۰۳/۱۰/۳۰,۱۴۰۳/۱۱/۰۷ ۱۷:۲۲:۱۳,1301967,False,https://excel.codal.ir/service/Excel/GetAll/CiXrwRfrI8i99ahoRH4Gjg%3d%3d/0,گاز طبیعی,مترمکعب,11570438.0,35581.0,411691.0,115881407.0,23599.0,2734637.0,1403-10,1403,2025-01-19
کگل,معدنی و صنعتی گل‌گهر,iron_ore,1403/11/30,گزارش فعالیت ماهانه دوره ۱ ماهه منتهی به  ۱۴۰۳/۱۱/۳۰,۱۴۰۳/۱۲/۰۷ ۲۲:۵۶:۰۴,1314043,False,https://excel.codal.ir/service/Excel/GetAll/zDzYEt5q8OOObOOOOOObOOO0hGRZz5iE2g%3d%3d/0,آب,مترمکعب,1192455.0,935377.0,1115395.0,13267691.0,829386.0,11004042.0,1403-11,1403,2025-02-18
کگل,معدنی و صنعتی گل‌گهر,iron_ore,1403/11/30,گزارش فعالیت ماهانه دوره ۱ ماهه منتهی به  ۱۴۰۳/۱۱/۳۰,۱۴۰۳/۱۲/۰۷ ۲۲:۵۶:۰۴,1314043,False,https://excel.codal.ir/service/Excel/GetAll/zDzYEt5q8OOObOOOOOObOOO0hGRZz5iE2g%3d%3d/0,برق,مگاوات ساعت,99494.0,14609353.0,1453543.0,1020497.0,18011464.0,18380645.0,1403-11,1403,2025-02-18
کگل,معدنی و صنعتی گل‌گهر,iron_ore,1403/11/30,گزارش فعالیت ماهانه دوره ۱ ماهه منتهی به  ۱۴۰۳/۱۱/۳۰,۱۴۰۳/۱۲/۰۷ ۲۲:۵۶:۰۴,1314043,False,https://excel.codal.ir/service/Excel/GetAll/zDzYEt5q8OOObOOOOOObOOO0hGRZz5iE2g%3d%3d/0,گاز طبیعی,مترمکعب,12325968.0,35580.0,438559.0,128299969.0,24758.0,3176489.0,1403-11,1403,2025-02-18
کگل,معدنی و صنعتی گل‌گهر,iron_ore,1403/12/30,گزارش فعالیت ماهانه دوره ۱ ماهه منتهی به  ۱۴۰۳/۱۲/۳۰(اصلاحیه),۱۴۰۴/۰۴/۱۳ ۱۹:۳۳:۵۴,1366989,True,https://excel.codal.ir/service/Excel/GetAll/KZnW1iOSOfAhWUUd11rnsQ%3d%3d/0,آب,مترمکعب,951620.0,1318215.0,1254440.0,14055526.0,839478.0,11799306.0,1403-12,1403,2025-03-20
کگل,معدنی و صنعتی گل‌گهر,iron_ore,1403/12/30,گزارش فعالیت ماهانه دوره ۱ ماهه منتهی به  ۱۴۰۳/۱۲/۳۰(اصلاحیه),۱۴۰۴/۰۴/۱۳ ۱۹:۳۳:۵۴,1366989,True,https://excel.codal.ir/service/Excel/GetAll/KZnW1iOSOfAhWUUd11rnsQ%3d%3d/0,برق,مگاوات ساعت,66821.0,15484354.0,1034680.0,1081915.0,17911863.0,19379113.0,1403-12,1403,2025-03-20
کگل,معدنی و صنعتی گل‌گهر,iron_ore,1403/12/30,گزارش فعالیت ماهانه دوره ۱ ماهه منتهی به  ۱۴۰۳/۱۲/۳۰(اصلاحیه),۱۴۰۴/۰۴/۱۳ ۱۹:۳۳:۵۴,1366989,True,https://excel.codal.ir/service/Excel/GetAll/KZnW1iOSOfAhWUUd11rnsQ%3d%3d/0,گاز طبیعی,مترمکعب,8774340.0,71489.0,627272.0,137221655.0,38004.0,5214913.0,1403-12,1403,2025-03-20
کگل,معدنی و صنعتی گل‌گهر,iron_ore,1404/01/31,گزارش فعالیت ماهانه دوره ۱ ماهه منتهی به  ۱۴۰۴/۰۱/۳۱,۱۴۰۴/۰۲/۰۷ ۲۱:۵۱:۲۴,1336847,False,https://excel.codal.ir/service/Excel/GetAll/Aa8uOw6wbSSpNctOYTPHCA%3d%3d/0,آب,مترمکعب,951620.0,1207979.0,1149537.0,951620.0,1207979.0,1149537.0,1404-01,1404,2025-04-20
کگل,معدنی و صنعتی گل‌گهر,iron_ore,1404/01/31,گزارش فعالیت ماهانه دوره ۱ ماهه منتهی به  ۱۴۰۴/۰۱/۳۱,۱۴۰۴/۰۲/۰۷ ۲۱:۵۱:۲۴,1336847,False,https://excel.codal.ir/service/Excel/GetAll/Aa8uOw6wbSSpNctOYTPHCA%3d%3d/0,برق,مگاوات ساعت,94091.0,14966660.0,1408228.0,94091.0,14966660.0,1408228.0,1404-01,1404,2025-04-20
کگل,معدنی و صنعتی گل‌گهر,iron_ore,1404/01/31,گزارش فعالیت ماهانه دوره ۱ ماهه منتهی به  ۱۴۰۴/۰۱/۳۱,۱۴۰۴/۰۲/۰۷ ۲۱:۵۱:۲۴,1336847,False,https://excel.codal.ir/service/Excel/GetAll/Aa8uOw6wbSSpNctOYTPHCA%3d%3d/0,گاز طبیعی,مترمکعب,12373933.0,74286.0,919216.0,12373933.0,74286.0,919216.0,1404-01,1404,2025-04-20
کگل,معدنی و صنعتی گل‌گهر,iron_ore,1404/02/31,گزارش فعالیت ماهانه دوره ۱ ماهه منتهی به  ۱۴۰۴/۰۲/۳۱,۱۴۰۴/۰۳/۰۷ ۲۰:۱۵:۱۵,1351767,False,https://excel.codal.ir/service/Excel/GetAll/86KudMATFwX7a3cJWmCPLw%3d%3d/0,آب,مترمکعب,981200.0,1602317.0,1572193.0,1962400.0,1602317.0,3144386.0,1404-02,1404,2025-05-21
کگل,معدنی و صنعتی گل‌گهر,iron_ore,1404/02/31,گزارش فعالیت ماهانه دوره ۱ ماهه منتهی به  ۱۴۰۴/۰۲/۳۱,۱۴۰۴/۰۳/۰۷ ۲۰:۱۵:۱۵,1351767,False,https://excel.codal.ir/service/Excel/GetAll/86KudMATFwX7a3cJWmCPLw%3d%3d/0,برق,مگاوات ساعت,90123.0,14873229.0,1340420.0,180246.0,14873229.0,2680840.0,1404-02,1404,2025-05-21
کگل,معدنی و صنعتی گل‌گهر,iron_ore,1404/02/31,گزارش فعالیت ماهانه دوره ۱ ماهه منتهی به  ۱۴۰۴/۰۲/۳۱,۱۴۰۴/۰۳/۰۷ ۲۰:۱۵:۱۵,1351767,False,https://excel.codal.ir/service/Excel/GetAll/86KudMATFwX7a3cJWmCPLw%3d%3d/0,گاز طبیعی,مترمکعب,11414764.0,125909.0,1437226.0,23788697.0,104250.0,2479976.0,1404-02,1404,2025-05-21
کگل,معدنی و صنعتی گل‌گهر,iron_ore,1404/03/31,گزارش فعالیت ماهانه دوره ۱ ماهه منتهی به  ۱۴۰۴/۰۳/۳۱(اصلاحیه),۱۴۰۴/۰۴/۳۰ ۲۳:۴۷:۵۱,1377182,True,https://excel.codal.ir/service/Excel/GetAll/A15OOObOOOOOObOOOqh9rdEsnO4ybiAw1g%3d%3d/0,آب,مترمکعب,1180033.0,1319035.0,1556505.0,3191070.0,1267579.0,4044934.0,1404-03,1404,2025-06-21
کگل,معدنی و صنعتی گل‌گهر,iron_ore,1404/03/31,گزارش فعالیت ماهانه دوره ۱ ماهه منتهی به  ۱۴۰۴/۰۳/۳۱(اصلاحیه),۱۴۰۴/۰۴/۳۰ ۲۳:۴۷:۵۱,1377182,True,https://excel.codal.ir/service/Excel/GetAll/A15OOObOOOOOObOOOqh9rdEsnO4ybiAw1g%3d%3d/0,برق,مگاوات ساعت,102009.0,26739984.0,2727719.0,288907.0,21031851.0,6076249.0,1404-03,1404,2025-06-21
کگل,معدنی و صنعتی گل‌گهر,iron_ore,1404/03/31,گزارش فعالیت ماهانه دوره ۱ ماهه منتهی به  ۱۴۰۴/۰۳/۳۱(اصلاحیه),۱۴۰۴/۰۴/۳۰ ۲۳:۴۷:۵۱,1377182,True,https://excel.codal.ir/service/Excel/GetAll/A15OOObOOOOOObOOOqh9rdEsnO4ybiAw1g%3d%3d/0,گاز طبیعی,مترمکعب,10256036.0,81673.0,837638.0,33989143.0,71467.0,2429092.0,1404-03,1404,2025-06-21
کگل,معدنی و صنعتی گل‌گهر,iron_ore,1404/04/31,گزارش فعالیت ماهانه دوره ۱ ماهه منتهی به  ۱۴۰۴/۰۴/۳۱,۱۴۰۴/۰۵/۰۷ ۲۱:۴۱:۱۷,1384081,False,https://excel.codal.ir/service/Excel/GetAll/6rrOOObOOOK59UnXGsQsAR4OOObOOO1Ohw%3d%3d/0,آب,مترمکعب,1180033.0,1374261.0,1621673.0,4371103.0,1424907.0,6228416.0,1404-04,1404,2025-07-22
کگل,معدنی و صنعتی گل‌گهر,iron_ore,1404/04/31,گزارش فعالیت ماهانه دوره ۱ ماهه منتهی به  ۱۴۰۴/۰۴/۳۱,۱۴۰۴/۰۵/۰۷ ۲۱:۴۱:۱۷,1384081,False,https://excel.codal.ir/service/Excel/GetAll/6rrOOObOOOK59UnXGsQsAR4OOObOOO1Ohw%3d%3d/0,برق,مگاوات ساعت,102009.0,26739984.0,2727719.0,390916.0,22675774.0,8864323.0,1404-04,1404,2025-07-22
کگل,معدنی و صنعتی گل‌گهر,iron_ore,1404/04/31,گزارش فعالیت ماهانه دوره ۱ ماهه منتهی به  ۱۴۰۴/۰۴/۳۱,۱۴۰۴/۰۵/۰۷ ۲۱:۴۱:۱۷,1384081,False,https://excel.codal.ir/service/Excel/GetAll/6rrOOObOOOK59UnXGsQsAR4OOObOOO1Ohw%3d%3d/0,گاز طبیعی,مترمکعب,9070536.0,81675.0,740835.0,43059679.0,81464.0,3507821.0,1404-04,1404,2025-07-22
کگل,معدنی و صنعتی گل‌گهر,iron_ore,1404/05/31,گزارش فعالیت ماهانه دوره ۱ ماهه منتهی به  ۱۴۰۴/۰۵/۳۱,۱۴۰۴/۰۶/۰۸ ۲۲:۴۸:۳۷,1397363,False,https://excel.codal.ir/service/Excel/GetAll/jKQQQaQQQv9njvUjDgKXFKtNExew%3d%3d/0,آب,مترمکعب,1183356.0,1478510.0,1749604.0,5557782.0,1461088.0,8120411.0,1404-05,1404,2025-08-22
کگل,معدنی و صنعتی گل‌گهر,iron_ore,1404/05/31,گزارش فعالیت ماهانه دوره ۱ ماهه منتهی به  ۱۴۰۴/۰۵/۳۱,۱۴۰۴/۰۶/۰۸ ۲۲:۴۸:۳۷,1397363,False,https://excel.codal.ir/service/Excel/GetAll/jKQQQaQQQv9njvUjDgKXFKtNExew%3d%3d/0,برق,مگاوات ساعت,95877.0,25956684.0,2488649.0,480662.0,22806140.0,10962045.0,1404-05,1404,2025-08-22
کگل,معدنی و صنعتی گل‌گهر,iron_ore,1404/05/31,گزارش فعالیت ماهانه دوره ۱ ماهه منتهی به  ۱۴۰۴/۰۵/۳۱,۱۴۰۴/۰۶/۰۸ ۲۲:۴۸:۳۷,1397363,False,https://excel.codal.ir/service/Excel/GetAll/jKQQQaQQQv9njvUjDgKXFKtNExew%3d%3d/0,گاز طبیعی,مترمکعب,9247972.0,63759.0,589639.0,53534877.0,76482.0,4094449.0,1404-05,1404,2025-08-22
کگل,معدنی و صنعتی گل‌گهر,iron_ore,1404/06/31,گزارش فعالیت ماهانه دوره ۱ ماهه منتهی به  ۱۴۰۴/۰۶/۳۱(اصلاحیه),۱۴۰۴/۱۰/۱۰ ۲۲:۵۶:۴۸,1467629,True,https://excel.codal.ir/service/Excel/GetAll/eiXd61XcPRHuCIdGRQTafA%3d%3d/0,آب,مترمکعب,1180171.0,1450347.0,1711658.0,6658166.0,1576475.0,10496435.0,1404-06,1404,2025-09-22
کگل,معدنی و صنعتی گل‌گهر,iron_ore,1404/06/31,گزارش فعالیت ماهانه دوره ۱ ماهه منتهی به  ۱۴۰۴/۰۶/۳۱(اصلاحیه),۱۴۰۴/۱۰/۱۰ ۲۲:۵۶:۴۸,1467629,True,https://excel.codal.ir/service/Excel/GetAll/eiXd61XcPRHuCIdGRQTafA%3d%3d/0,برق,مگاوات ساعت,89834.0,26034720.0,2338803.0,567357.0,26698236.0,15147431.0,1404-06,1404,2025-09-22
کگل,معدنی و صنعتی گل‌گهر,iron_ore,1404/06/31,گزارش فعالیت ماهانه دوره ۱ ماهه منتهی به  ۱۴۰۴/۰۶/۳۱(اصلاحیه),۱۴۰۴/۱۰/۱۰ ۲۲:۵۶:۴۸,1467629,True,https://excel.codal.ir/service/Excel/GetAll/eiXd61XcPRHuCIdGRQTafA%3d%3d/0,گاز طبیعی,مترمکعب,10510972.0,63756.0,670135.0,65796780.0,74115.0,4876507.0,1404-06,1404,2025-09-22
کگل,معدنی و صنعتی گل‌گهر,iron_ore,1404/07/30,گزارش فعالیت ماهانه دوره ۱ ماهه منتهی به  ۱۴۰۴/۰۷/۳۰,۱۴۰۴/۰۸/۰۷ ۲۲:۳۷:۱۰,1428299,False,https://excel.codal.ir/service/Excel/GetAll/KggqYk51KwQQQaQQQ3GKOOObOOOA0QQQaQQQCDQQQaQQQw%3d%3d/0,آب,مترمکعب,1103569.0,1618241.0,1785841.0,7761735.0,1582414.0,12282276.0,1404-07,1404,2025-10-22
کگل,معدنی و صنعتی گل‌گهر,iron_ore,1404/07/30,گزارش فعالیت ماهانه دوره ۱ ماهه منتهی به  ۱۴۰۴/۰۷/۳۰,۱۴۰۴/۰۸/۰۷ ۲۲:۳۷:۱۰,1428299,False,https://excel.codal.ir/service/Excel/GetAll/KggqYk51KwQQQaQQQ3GKOOObOOOA0QQQaQQQCDQQQaQQQw%3d%3d/0,برق,مگاوات ساعت,92738.0,31642725.0,2934483.0,660095.0,27392896.0,18081914.0,1404-07,1404,2025-10-22
کگل,معدنی و صنعتی گل‌گهر,iron_ore,1404/07/30,گزارش فعالیت ماهانه دوره ۱ ماهه منتهی به  ۱۴۰۴/۰۷/۳۰,۱۴۰۴/۰۸/۰۷ ۲۲:۳۷:۱۰,1428299,False,https://excel.codal.ir/service/Excel/GetAll/KggqYk51KwQQQaQQQ3GKOOObOOOA0QQQaQQQCDQQQaQQQw%3d%3d/0,گاز طبیعی,مترمکعب,10372462.0,63756.0,661307.0,76169242.0,72704.0,5537814.0,1404-07,1404,2025-10-22
کگل,معدنی و صنعتی گل‌گهر,iron_ore,1404/08/30,گزارش فعالیت ماهانه دوره ۱ ماهه منتهی به  ۱۴۰۴/۰۸/۳۰(اصلاحیه),۱۴۰۴/۱۰/۰۳ ۱۵:۲۸:۵۳,1446569,True,https://excel.codal.ir/service/Excel/GetAll/3JsY446abxPWZ1PVBsI7pQ%3d%3d/0,آب,مترمکعب,1114361.0,1492507.0,1663192.0,8886889.0,1555749.0,13825765.0,1404-08,1404,2025-11-21
کگل,معدنی و صنعتی گل‌گهر,iron_ore,1404/08/30,گزارش فعالیت ماهانه دوره ۱ ماهه منتهی به  ۱۴۰۴/۰۸/۳۰(اصلاحیه),۱۴۰۴/۱۰/۰۳ ۱۵:۲۸:۵۳,1446569,True,https://excel.codal.ir/service/Excel/GetAll/3JsY446abxPWZ1PVBsI7pQ%3d%3d/0,برق,مگاوات ساعت,95273.0,20562132.0,1959016.0,757904.0,25493863.0,19321901.0,1404-08,1404,2025-11-21
کگل,معدنی و صنعتی گل‌گهر,iron_ore,1404/08/30,گزارش فعالیت ماهانه دوره ۱ ماهه منتهی به  ۱۴۰۴/۰۸/۳۰(اصلاحیه),۱۴۰۴/۱۰/۰۳ ۱۵:۲۸:۵۳,1446569,True,https://excel.codal.ir/service/Excel/GetAll/3JsY446abxPWZ1PVBsI7pQ%3d%3d/0,گاز طبیعی,مترمکعب,10667396.0,58777.0,627000.0,88114891.0,70888.0,6246282.0,1404-08,1404,2025-11-21
کگل,معدنی و صنعتی گل‌گهر,iron_ore,1404/09/30,گزارش فعالیت ماهانه دوره ۱ ماهه منتهی به  ۱۴۰۴/۰۹/۳۰(اصلاحیه),۱۴۰۵/۰۲/۲۸ ۰۹:۲۶:۴۴,1526774,True,https://excel.codal.ir/service/Excel/GetAll/9wc7Y9Ky0sa9vONbWm8bHw%3d%3d/0,آب,مترمکعب,1043327.0,1594124.0,1663193.0,9685486.0,1656219.0,16041283.0,1404-09,1404,2025-12-21
کگل,معدنی و صنعتی گل‌گهر,iron_ore,1404/09/30,گزارش فعالیت ماهانه دوره ۱ ماهه منتهی به  ۱۴۰۴/۰۹/۳۰(اصلاحیه),۱۴۰۵/۰۲/۲۸ ۰۹:۲۶:۴۴,1526774,True,https://excel.codal.ir/service/Excel/GetAll/9wc7Y9Ky0sa9vONbWm8bHw%3d%3d/0,برق,مگاوات ساعت,92322.0,21353361.0,1971385.0,851113.0,25141158.0,21397966.0,1404-09,1404,2025-12-21
کگل,معدنی و صنعتی گل‌گهر,iron_ore,1404/09/30,گزارش فعالیت ماهانه دوره ۱ ماهه منتهی به  ۱۴۰۴/۰۹/۳۰(اصلاحیه),۱۴۰۵/۰۲/۲۸ ۰۹:۲۶:۴۴,1526774,True,https://excel.codal.ir/service/Excel/GetAll/9wc7Y9Ky0sa9vONbWm8bHw%3d%3d/0,گاز طبیعی,مترمکعب,12473878.0,59278.0,739429.0,100695352.0,65517.0,6597222.0,1404-09,1404,2025-12-21
کگل,معدنی و صنعتی گل‌گهر,iron_ore,1404/10/30,گزارش فعالیت ماهانه دوره ۱ ماهه منتهی به  ۱۴۰۴/۱۰/۳۰,۱۴۰۴/۱۱/۰۷ ۲۲:۴۹:۰۹,1473903,False,https://excel.codal.ir/service/Excel/GetAll/AFF8k5fejQmzOOObOOOcQQQaQQQtx3UN9w%3d%3d/0,آب,مترمکعب,888112.0,2277224.0,2022430.0,888112.0,2277224.0,2022430.0,1404-10,1404,2026-01-20
کگل,معدنی و صنعتی گل‌گهر,iron_ore,1404/10/30,گزارش فعالیت ماهانه دوره ۱ ماهه منتهی به  ۱۴۰۴/۱۰/۳۰,۱۴۰۴/۱۱/۰۷ ۲۲:۴۹:۰۹,1473903,False,https://excel.codal.ir/service/Excel/GetAll/AFF8k5fejQmzOOObOOOcQQQaQQQtx3UN9w%3d%3d/0,برق,مگاوات ساعت,96161.0,21400214.0,2057866.0,96161.0,21400214.0,2057866.0,1404-10,1404,2026-01-20
کگل,معدنی و صنعتی گل‌گهر,iron_ore,1404/10/30,گزارش فعالیت ماهانه دوره ۱ ماهه منتهی به  ۱۴۰۴/۱۰/۳۰,۱۴۰۴/۱۱/۰۷ ۲۲:۴۹:۰۹,1473903,False,https://excel.codal.ir/service/Excel/GetAll/AFF8k5fejQmzOOObOOOcQQQaQQQtx3UN9w%3d%3d/0,گاز طبیعی,مترمکعب,13605868.0,69531.0,946030.0,13605868.0,69531.0,946030.0,1404-10,1404,2026-01-20
کگل,معدنی و صنعتی گل‌گهر,iron_ore,1404/11/30,گزارش فعالیت ماهانه دوره ۱ ماهه منتهی به  ۱۴۰۴/۱۱/۳۰,۱۴۰۴/۱۲/۰۶ ۲۳:۱۰:۰۸,1494402,False,https://excel.codal.ir/service/Excel/GetAll/9bJ2JaZWx0J0OOObOOOvJpZzXzVw%3d%3d/0,آب,مترمکعب,894643.0,2604885.0,2330442.0,1789286.0,2604885.0,4660885.0,1404-11,1404,2026-02-19
کگل,معدنی و صنعتی گل‌گهر,iron_ore,1404/11/30,گزارش فعالیت ماهانه دوره ۱ ماهه منتهی به  ۱۴۰۴/۱۱/۳۰,۱۴۰۴/۱۲/۰۶ ۲۳:۱۰:۰۸,1494402,False,https://excel.codal.ir/service/Excel/GetAll/9bJ2JaZWx0J0OOObOOOvJpZzXzVw%3d%3d/0,برق,مگاوات ساعت,92285.0,19995601.0,1845294.0,184570.0,19995601.0,3690588.0,1404-11,1404,2026-02-19
کگل,معدنی و صنعتی گل‌گهر,iron_ore,1404/11/30,گزارش فعالیت ماهانه دوره ۱ ماهه منتهی به  ۱۴۰۴/۱۱/۳۰,۱۴۰۴/۱۲/۰۶ ۲۳:۱۰:۰۸,1494402,False,https://excel.codal.ir/service/Excel/GetAll/9bJ2JaZWx0J0OOObOOOvJpZzXzVw%3d%3d/0,گاز طبیعی,مترمکعب,8940354.0,70235.0,627929.0,21892555.0,69380.0,1518902.0,1404-11,1404,2026-02-19
کگل,معدنی و صنعتی گل‌گهر,iron_ore,1404/12/29,گزارش فعالیت ماهانه دوره ۱ ماهه منتهی به  ۱۴۰۴/۱۲/۲۹(اصلاحیه),۱۴۰۵/۰۲/۰۱ ۱۳:۳۴:۴۲,1509593,True,https://excel.codal.ir/service/Excel/GetAll/f2QnbSH8HpnkvvWi6yZQwg%3d%3d/0,آب,مترمکعب,894643.0,2604885.0,2330442.0,2457865.0,2963548.0,7284000.0,1404-12,1404,2026-03-20
کگل,معدنی و صنعتی گل‌گهر,iron_ore,1404/12/29,گزارش فعالیت ماهانه دوره ۱ ماهه منتهی به  ۱۴۰۴/۱۲/۲۹(اصلاحیه),۱۴۰۵/۰۲/۰۱ ۱۳:۳۴:۴۲,1509593,True,https://excel.codal.ir/service/Excel/GetAll/f2QnbSH8HpnkvvWi6yZQwg%3d%3d/0,برق,مگاوات ساعت,92285.0,13969898.0,1289212.0,262083.0,24676713.0,6467347.0,1404-12,1404,2026-03-20
کگل,معدنی و صنعتی گل‌گهر,iron_ore,1404/12/29,گزارش فعالیت ماهانه دوره ۱ ماهه منتهی به  ۱۴۰۴/۱۲/۲۹(اصلاحیه),۱۴۰۵/۰۲/۰۱ ۱۳:۳۴:۴۲,1509593,True,https://excel.codal.ir/service/Excel/GetAll/f2QnbSH8HpnkvvWi6yZQwg%3d%3d/0,گاز طبیعی,مترمکعب,12562972.0,69845.0,877456.0,33476991.0,87113.0,2916284.0,1404-12,1404,2026-03-20
کگل,معدنی و صنعتی گل‌گهر,iron_ore,1405/01/31,گزارش فعالیت ماهانه دوره ۱ ماهه منتهی به  ۱۴۰۵/۰۱/۳۱,۱۴۰۵/۰۲/۰۷ ۱۳:۴۵:۳۱,1514013,False,https://excel.codal.ir/service/Excel/GetAll/wnhgnTOlrv7SVzGZrD4QAw%3d%3d/0,آب,مترمکعب,864170.0,3031193.0,2619466.0,3322036.0,2931776.0,9739464.0,1405-01,1405,2026-04-20
کگل,معدنی و صنعتی گل‌گهر,iron_ore,1405/01/31,گزارش فعالیت ماهانه دوره ۱ ماهه منتهی به  ۱۴۰۵/۰۱/۳۱,۱۴۰۵/۰۲/۰۷ ۱۳:۴۵:۳۱,1514013,False,https://excel.codal.ir/service/Excel/GetAll/wnhgnTOlrv7SVzGZrD4QAw%3d%3d/0,برق,مگاوات ساعت,77513.0,22019235.0,1706777.0,339594.0,20698122.0,7028958.0,1405-01,1405,2026-04-20
کگل,معدنی و صنعتی گل‌گهر,iron_ore,1405/01/31,گزارش فعالیت ماهانه دوره ۱ ماهه منتهی به  ۱۴۰۵/۰۱/۳۱,۱۴۰۵/۰۲/۰۷ ۱۳:۴۵:۳۱,1514013,False,https://excel.codal.ir/service/Excel/GetAll/wnhgnTOlrv7SVzGZrD4QAw%3d%3d/0,گاز طبیعی,مترمکعب,9726949.0,119163.0,1159097.0,43203941.0,83135.0,3591770.0,1405-01,1405,2026-04-20
کگل,معدنی و صنعتی گل‌گهر,iron_ore,1405/02/31,گزارش فعالیت ماهانه دوره ۱ ماهه منتهی به  ۱۴۰۵/۰۲/۳۱,۱۴۰۵/۰۳/۱۰ ۰۷:۴۳:۴۵,1534760,False,https://excel.codal.ir/service/Excel/GetAll/kNPB0s1VFb8ZOOObOOOWWZFsVkuw%3d%3d/0,آب,مترمکعب,668579.0,3875511.0,2591085.0,3795023.0,3264009.0,12386991.0,1405-02,1405,2026-05-21
کگل,معدنی و صنعتی گل‌گهر,iron_ore,1405/02/31,گزارش فعالیت ماهانه دوره ۱ ماهه منتهی به  ۱۴۰۵/۰۲/۳۱,۱۴۰۵/۰۳/۱۰ ۰۷:۴۳:۴۵,1534760,False,https://excel.codal.ir/service/Excel/GetAll/kNPB0s1VFb8ZOOObOOOWWZFsVkuw%3d%3d/0,برق,مگاوات ساعت,69553.0,33676808.0,2342323.0,401188.0,24849240.0,9969217.0,1405-02,1405,2026-05-21
کگل,معدنی و صنعتی گل‌گهر,iron_ore,1405/02/31,گزارش فعالیت ماهانه دوره ۱ ماهه منتهی به  ۱۴۰۵/۰۲/۳۱,۱۴۰۵/۰۳/۱۰ ۰۷:۴۳:۴۵,1534760,False,https://excel.codal.ir/service/Excel/GetAll/kNPB0s1VFb8ZOOObOOOWWZFsVkuw%3d%3d/0,گاز طبیعی,مترمکعب,11155876.0,113156.0,1262356.0,54841160.0,112620.0,6176192.0,1405-02,1405,2026-05-21
کگل,معدنی و صنعتی گل‌گهر,iron_ore,1405/03/31,گزارش فعالیت ماهانه دوره ۱ ماهه منتهی به  ۱۴۰۵/۰۳/۳۱(اصلاحیه),۱۴۰۵/۰۴/۳۰ ۲۱:۲۳:۲۳,1572921,True,https://excel.codal.ir/service/Excel/GetAll/wkHknnTjhpT1rrXY9p4rpg%3d%3d/0,آب,مترمکعب,1085754.0,3291367.0,3573615.0,5508402.0,3332283.0,18355554.0,1405-03,1405,2026-06-21
کگل,معدنی و صنعتی گل‌گهر,iron_ore,1405/03/31,گزارش فعالیت ماهانه دوره ۱ ماهه منتهی به  ۱۴۰۵/۰۳/۳۱(اصلاحیه),۱۴۰۵/۰۴/۳۰ ۲۱:۲۳:۲۳,1572921,True,https://excel.codal.ir/service/Excel/GetAll/wkHknnTjhpT1rrXY9p4rpg%3d%3d/0,برق,مگاوات ساعت,106177.0,43580031.0,4627197.0,516839.0,33614789.0,17373434.0,1405-03,1405,2026-06-21
کگل,معدنی و صنعتی گل‌گهر,iron_ore,1405/03/31,گزارش فعالیت ماهانه دوره ۱ ماهه منتهی به  ۱۴۰۵/۰۳/۳۱(اصلاحیه),۱۴۰۵/۰۴/۳۰ ۲۱:۲۳:۲۳,1572921,True,https://excel.codal.ir/service/Excel/GetAll/wkHknnTjhpT1rrXY9p4rpg%3d%3d/0,گاز طبیعی,مترمکعب,10592946.0,113157.0,1198669.0,66480768.0,113157.0,7522767.0,1405-03,1405,2026-06-21
کگهر,گهرزمین,iron_ore,1401/07/30,گزارش فعالیت ماهانه دوره ۱ ماهه منتهی به  ۱۴۰۱/۰۷/۳۰,۱۴۰۱/۰۸/۰۷ ۱۹:۰۹:۳۸,950992,False,https://excel.codal.ir/service/Excel/GetAll/xnN4pCENhqHsZ0qHs4bJQQQaQQQg%3d%3d/0,برق,مگاوات ساعت,28980.0,7451139.0,215934.0,28980.0,7451139.0,215934.0,1401-07,1401,2022-10-22
کگهر,گهرزمین,iron_ore,1401/07/30,گزارش فعالیت ماهانه دوره ۱ ماهه منتهی به  ۱۴۰۱/۰۷/۳۰,۱۴۰۱/۰۸/۰۷ ۱۹:۰۹:۳۸,950992,False,https://excel.codal.ir/service/Excel/GetAll/xnN4pCENhqHsZ0qHs4bJQQQaQQQg%3d%3d/0,گاز طبیعی,مترمکعب,3996321.0,25000.0,99908.0,3996321.0,25000.0,99908.0,1401-07,1401,2022-10-22
کگهر,گهرزمین,iron_ore,1401/08/30,گزارش فعالیت ماهانه دوره ۱ ماهه منتهی به  ۱۴۰۱/۰۸/۳۰(اصلاحیه),۱۴۰۱/۰۹/۰۸ ۱۵:۱۱:۱۳,965424,True,https://excel.codal.ir/service/Excel/GetAll/clu9YX7QQQaQQQxY94wJzMB9LKSA%3d%3d/0,برق,مگاوات ساعت,29352.0,6806793.0,199793.0,266360.0,6757032.0,1799803.0,1401-08,1401,2022-11-21
کگهر,گهرزمین,iron_ore,1401/08/30,گزارش فعالیت ماهانه دوره ۱ ماهه منتهی به  ۱۴۰۱/۰۸/۳۰(اصلاحیه),۱۴۰۱/۰۹/۰۸ ۱۵:۱۱:۱۳,965424,True,https://excel.codal.ir/service/Excel/GetAll/clu9YX7QQQaQQQxY94wJzMB9LKSA%3d%3d/0,گاز طبیعی,مترمکعب,3996321.0,22027.0,88025.0,28591098.0,25736.0,735824.0,1401-08,1401,2022-11-21
کگهر,گهرزمین,iron_ore,1401/09/30,گزارش فعالیت ماهانه دوره ۱ ماهه منتهی به  ۱۴۰۱/۰۹/۳۰(اصلاحیه),۱۴۰۲/۰۱/۱۷ ۲۲:۰۵:۵۸,1010775,True,https://excel.codal.ir/service/Excel/GetAll/7IEOBrmOOObOOOK4waua0kzD3prw%3d%3d/0,برق,مگاوات ساعت,31434.0,6820004.0,214380.0,296187.0,6595654.0,1953547.0,1401-09,1401,2022-12-21
کگهر,گهرزمین,iron_ore,1401/09/30,گزارش فعالیت ماهانه دوره ۱ ماهه منتهی به  ۱۴۰۱/۰۹/۳۰(اصلاحیه),۱۴۰۲/۰۱/۱۷ ۲۲:۰۵:۵۸,1010775,True,https://excel.codal.ir/service/Excel/GetAll/7IEOBrmOOObOOOK4waua0kzD3prw%3d%3d/0,گاز طبیعی,مترمکعب,3629222.0,25054.0,90925.0,31737176.0,26050.0,826749.0,1401-09,1401,2022-12-21
کگهر,گهرزمین,iron_ore,1401/10/30,گزارش فعالیت ماهانه دوره ۱ ماهه منتهی به  ۱۴۰۱/۱۰/۳۰(اصلاحیه),۱۴۰۱/۱۱/۱۰ ۰۸:۴۵:۵۳,989220,True,https://excel.codal.ir/service/Excel/GetAll/JMvOOObOOOWBRBQ75oUlNFAzEV0Q%3d%3d/0,برق,مگاوات ساعت,24445.0,6820004.0,166715.0,24445.0,6820004.0,166715.0,1401-10,1401,2023-01-20
کگهر,گهرزمین,iron_ore,1401/10/30,گزارش فعالیت ماهانه دوره ۱ ماهه منتهی به  ۱۴۰۱/۱۰/۳۰(اصلاحیه),۱۴۰۱/۱۱/۱۰ ۰۸:۴۵:۵۳,989220,True,https://excel.codal.ir/service/Excel/GetAll/JMvOOObOOOWBRBQ75oUlNFAzEV0Q%3d%3d/0,گاز طبیعی,مترمکعب,2665834.0,25073.0,66841.0,2665834.0,25073.0,66841.0,1401-10,1401,2023-01-20
کگهر,گهرزمین,iron_ore,1401/11/30,گزارش فعالیت ماهانه دوره ۱ ماهه منتهی به  ۱۴۰۱/۱۱/۳۰,۱۴۰۱/۱۲/۰۷ ۱۵:۳۰:۵۴,997272,False,https://excel.codal.ir/service/Excel/GetAll/XaHnjOOObOOOwz48ANNRsVCV9uUg%3d%3d/0,برق,مگاوات ساعت,17655.0,8819994.0,155717.0,42125.0,8707893.0,366820.0,1401-11,1401,2023-02-19
کگهر,گهرزمین,iron_ore,1401/11/30,گزارش فعالیت ماهانه دوره ۱ ماهه منتهی به  ۱۴۰۱/۱۱/۳۰,۱۴۰۱/۱۲/۰۷ ۱۵:۳۰:۵۴,997272,False,https://excel.codal.ir/service/Excel/GetAll/XaHnjOOObOOOwz48ANNRsVCV9uUg%3d%3d/0,گاز طبیعی,مترمکعب,798260.0,0.0,0.0,3464094.0,19295.0,66841.0,1401-11,1401,2023-02-19
کگهر,گهرزمین,iron_ore,1401/12/29,گزارش فعالیت ماهانه دوره ۱ ماهه منتهی به  ۱۴۰۱/۱۲/۲۹(اصلاحیه),۱۴۰۲/۰۱/۳۰ ۱۷:۲۱:۰۱,1015391,True,https://excel.codal.ir/service/Excel/GetAll/Z4K6EoIrYyKuC15ccutNwg%3d%3d/0,برق,مگاوات ساعت,31243.0,6383990.0,199455.0,71926.0,7146998.0,514055.0,1401-12,1401,2023-03-20
کگهر,گهرزمین,iron_ore,1401/12/29,گزارش فعالیت ماهانه دوره ۱ ماهه منتهی به  ۱۴۰۱/۱۲/۲۹(اصلاحیه),۱۴۰۲/۰۱/۳۰ ۱۷:۲۱:۰۱,1015391,True,https://excel.codal.ir/service/Excel/GetAll/Z4K6EoIrYyKuC15ccutNwg%3d%3d/0,گاز طبیعی,مترمکعب,3679656.0,0.0,0.0,7143750.0,9357.0,66841.0,1401-12,1401,2023-03-20
کگهر,گهرزمین,iron_ore,1402/01/31,گزارش فعالیت ماهانه دوره ۱ ماهه منتهی به  ۱۴۰۲/۰۱/۳۱,۱۴۰۲/۰۲/۰۹ ۱۵:۴۵:۲۵,1018392,False,https://excel.codal.ir/service/Excel/GetAll/T8wduL2V9gPbcXdQCAqqOOObOOOg%3d%3d/0,برق,مگاوات ساعت,33389.0,6642996.0,221803.0,105359.0,7063943.0,744250.0,1402-01,1402,2023-04-20
کگهر,گهرزمین,iron_ore,1402/01/31,گزارش فعالیت ماهانه دوره ۱ ماهه منتهی به  ۱۴۰۲/۰۱/۳۱,۱۴۰۲/۰۲/۰۹ ۱۵:۴۵:۲۵,1018392,False,https://excel.codal.ir/service/Excel/GetAll/T8wduL2V9gPbcXdQCAqqOOObOOOg%3d%3d/0,گاز طبیعی,مترمکعب,4136966.0,0.0,0.0,11280716.0,5925.0,66841.0,1402-01,1402,2023-04-20
کگهر,گهرزمین,iron_ore,1402/02/31,گزارش فعالیت ماهانه دوره ۱ ماهه منتهی به  ۱۴۰۲/۰۲/۳۱,۱۴۰۲/۰۳/۰۷ ۱۶:۴۳:۰۳,1032208,False,https://excel.codal.ir/service/Excel/GetAll/J4NOOObOOOiLZOU8mo6Dj567XQfw%3d%3d/0,برق,مگاوات ساعت,34076.0,8332023.0,283922.0,139397.0,7550299.0,1052489.0,1402-02,1402,2023-05-21
کگهر,گهرزمین,iron_ore,1402/02/31,گزارش فعالیت ماهانه دوره ۱ ماهه منتهی به  ۱۴۰۲/۰۲/۳۱,۱۴۰۲/۰۳/۰۷ ۱۶:۴۳:۰۳,1032208,False,https://excel.codal.ir/service/Excel/GetAll/J4NOOObOOOiLZOU8mo6Dj567XQfw%3d%3d/0,گاز طبیعی,مترمکعب,3885103.0,11376.0,44198.0,15165819.0,7322.0,111039.0,1402-02,1402,2023-05-21
کگهر,گهرزمین,iron_ore,1402/03/31,گزارش فعالیت ماهانه دوره ۱ ماهه منتهی به  ۱۴۰۲/۰۳/۳۱(اصلاحیه),۱۴۰۲/۰۶/۱۳ ۱۲:۱۶:۱۶,1080038,True,https://excel.codal.ir/service/Excel/GetAll/aigTiq38yZMI3eOOObOOOCu9AXVg%3d%3d/0,برق,مگاوات ساعت,34501.0,9000000.0,310509.0,173914.0,7535023.0,1310446.0,1402-03,1402,2023-06-21
کگهر,گهرزمین,iron_ore,1402/03/31,گزارش فعالیت ماهانه دوره ۱ ماهه منتهی به  ۱۴۰۲/۰۳/۳۱(اصلاحیه),۱۴۰۲/۰۶/۱۳ ۱۲:۱۶:۱۶,1080038,True,https://excel.codal.ir/service/Excel/GetAll/aigTiq38yZMI3eOOObOOOCu9AXVg%3d%3d/0,گاز طبیعی,مترمکعب,3586141.0,18808.0,67447.0,18543403.0,9413.0,174550.0,1402-03,1402,2023-06-21
کگهر,گهرزمین,iron_ore,1402/04/31,گزارش فعالیت ماهانه دوره ۱ ماهه منتهی به  ۱۴۰۲/۰۴/۳۱(اصلاحیه),۱۴۰۲/۰۷/۰۸ ۱۶:۱۰:۴۰,1087924,True,https://excel.codal.ir/service/Excel/GetAll/fHliM9v5O4F4shGwuaBOhg%3d%3d/0,برق,مگاوات ساعت,33781.0,17009858.0,574610.0,207744.0,8839071.0,1836264.0,1402-04,1402,2023-07-22
کگهر,گهرزمین,iron_ore,1402/04/31,گزارش فعالیت ماهانه دوره ۱ ماهه منتهی به  ۱۴۰۲/۰۴/۳۱(اصلاحیه),۱۴۰۲/۰۷/۰۸ ۱۶:۱۰:۴۰,1087924,True,https://excel.codal.ir/service/Excel/GetAll/fHliM9v5O4F4shGwuaBOhg%3d%3d/0,گاز طبیعی,مترمکعب,3562217.0,37557.0,133785.0,22141629.0,14260.0,315736.0,1402-04,1402,2023-07-22
کگهر,گهرزمین,iron_ore,1402/05/31,گزارش فعالیت ماهانه دوره ۱ ماهه منتهی به  ۱۴۰۲/۰۵/۳۱(اصلاحیه),۱۴۰۲/۰۷/۰۸ ۱۶:۱۴:۳۶,1087923,True,https://excel.codal.ir/service/Excel/GetAll/gJXR8KcQInlRoK1aoTDk1w%3d%3d/0,برق,مگاوات ساعت,30555.0,32754770.0,1000822.0,238339.0,11790563.0,2810151.0,1402-05,1402,2023-08-22
کگهر,گهرزمین,iron_ore,1402/05/31,گزارش فعالیت ماهانه دوره ۱ ماهه منتهی به  ۱۴۰۲/۰۵/۳۱(اصلاحیه),۱۴۰۲/۰۷/۰۸ ۱۶:۱۴:۳۶,1087923,True,https://excel.codal.ir/service/Excel/GetAll/gJXR8KcQInlRoK1aoTDk1w%3d%3d/0,گاز طبیعی,مترمکعب,3389565.0,37556.0,127298.0,25531194.0,17353.0,443034.0,1402-05,1402,2023-08-22
کگهر,گهرزمین,iron_ore,1402/06/31,گزارش فعالیت ماهانه دوره ۱ ماهه منتهی به  ۱۴۰۲/۰۶/۳۱(اصلاحیه),۱۴۰۲/۰۷/۲۴ ۱۹:۲۶:۳۵,1093129,True,https://excel.codal.ir/service/Excel/GetAll/TlrLLbXuwWfAxawsj0JWKQ%3d%3d/0,برق,مگاوات ساعت,30657.0,20391460.0,625141.0,269005.0,12836490.0,3453080.0,1402-06,1402,2023-09-22
کگهر,گهرزمین,iron_ore,1402/06/31,گزارش فعالیت ماهانه دوره ۱ ماهه منتهی به  ۱۴۰۲/۰۶/۳۱(اصلاحیه),۱۴۰۲/۰۷/۲۴ ۱۹:۲۶:۳۵,1093129,True,https://excel.codal.ir/service/Excel/GetAll/TlrLLbXuwWfAxawsj0JWKQ%3d%3d/0,گاز طبیعی,مترمکعب,3840530.0,37556.0,144234.0,29371724.0,19995.0,587280.0,1402-06,1402,2023-09-22
کگهر,گهرزمین,iron_ore,1402/07/30,گزارش فعالیت ماهانه دوره ۱ ماهه منتهی به  ۱۴۰۲/۰۷/۳۰,۱۴۰۲/۰۸/۰۷ ۱۳:۴۹:۴۶,1098611,False,https://excel.codal.ir/service/Excel/GetAll/uY5G71xTgQQQaQQQ13WQpjBHpNnQ%3d%3d/0,برق,مگاوات ساعت,33464.0,99224032.0,3320433.0,303939.0,22336591.0,6788961.0,1402-07,1402,2023-10-22
کگهر,گهرزمین,iron_ore,1402/07/30,گزارش فعالیت ماهانه دوره ۱ ماهه منتهی به  ۱۴۰۲/۰۷/۳۰,۱۴۰۲/۰۸/۰۷ ۱۳:۴۹:۴۶,1098611,False,https://excel.codal.ir/service/Excel/GetAll/uY5G71xTgQQQaQQQ13WQpjBHpNnQ%3d%3d/0,گاز طبیعی,مترمکعب,4065963.0,37548.0,152669.0,33437687.0,22129.0,739937.0,1402-07,1402,2023-10-22
کگهر,گهرزمین,iron_ore,1402/08/30,گزارش فعالیت ماهانه دوره ۱ ماهه منتهی به  ۱۴۰۲/۰۸/۳۰,۱۴۰۲/۰۹/۰۷ ۱۶:۱۰:۱۳,1112859,False,https://excel.codal.ir/service/Excel/GetAll/NTzNC8yQQQaQQQIX6p093lH2FMkA%3d%3d/0,برق,مگاوات ساعت,28980.0,6520393.0,188961.0,332968.0,11640962.0,3876068.0,1402-08,1402,2023-11-21
کگهر,گهرزمین,iron_ore,1402/08/30,گزارش فعالیت ماهانه دوره ۱ ماهه منتهی به  ۱۴۰۲/۰۸/۳۰,۱۴۰۲/۰۹/۰۷ ۱۶:۱۰:۱۳,1112859,False,https://excel.codal.ir/service/Excel/GetAll/NTzNC8yQQQaQQQIX6p093lH2FMkA%3d%3d/0,گاز طبیعی,مترمکعب,4310972.0,30269.0,130490.0,37748659.0,23058.0,870427.0,1402-08,1402,2023-11-21
کگهر,گهرزمین,iron_ore,1402/10/30,گزارش فعالیت ماهانه دوره ۱ ماهه منتهی به  ۱۴۰۲/۱۰/۳۰(اصلاحیه),۱۴۰۲/۱۱/۱۰ ۱۰:۴۹:۴۵,1149186,True,https://excel.codal.ir/service/Excel/GetAll/snOOObOOO6DudMVrfzCDh3ouhOOObOOO6Q%3d%3d/0,برق,مگاوات ساعت,370208.0,11086500.0,4104311.0,370208.0,11086500.0,4104311.0,1402-10,1402,2024-01-20
کگهر,گهرزمین,iron_ore,1402/10/30,گزارش فعالیت ماهانه دوره ۱ ماهه منتهی به  ۱۴۰۲/۱۰/۳۰(اصلاحیه),۱۴۰۲/۱۱/۱۰ ۱۰:۴۹:۴۵,1149186,True,https://excel.codal.ir/service/Excel/GetAll/snOOObOOO6DudMVrfzCDh3ouhOOObOOO6Q%3d%3d/0,گاز طبیعی,مترمکعب,42046366.0,23952.0,1007091.0,42046366.0,23952.0,1007091.0,1402-10,1402,2024-01-20
کگهر,گهرزمین,iron_ore,1402/11/30,گزارش فعالیت ماهانه دوره ۱ ماهه منتهی به  ۱۴۰۲/۱۱/۳۰,۱۴۰۲/۱۲/۰۸ ۱۳:۲۴:۱۱,1157454,False,https://excel.codal.ir/service/Excel/GetAll/17epii59K4kOJwCmfIz5Zg%3d%3d/0,برق,مگاوات ساعت,33650.0,7684993.0,258600.0,66418.0,7437893.0,494010.0,1402-11,1402,2024-02-19
کگهر,گهرزمین,iron_ore,1402/11/30,گزارش فعالیت ماهانه دوره ۱ ماهه منتهی به  ۱۴۰۲/۱۱/۳۰,۱۴۰۲/۱۲/۰۸ ۱۳:۲۴:۱۱,1157454,False,https://excel.codal.ir/service/Excel/GetAll/17epii59K4kOJwCmfIz5Zg%3d%3d/0,گاز طبیعی,مترمکعب,4800830.0,29566.0,141939.0,8666971.0,30001.0,260014.0,1402-11,1402,2024-02-19
کگهر,گهرزمین,iron_ore,1402/12/29,گزارش فعالیت ماهانه دوره ۱ ماهه منتهی به  ۱۴۰۲/۱۲/۲۹(اصلاحیه),۱۴۰۳/۰۱/۳۰ ۲۱:۰۷:۱۱,1178857,True,https://excel.codal.ir/service/Excel/GetAll/wLyR90WZDMEqogyLBVLbRQ%3d%3d/0,برق,مگاوات ساعت,31040.0,14000000.0,434560.0,98455.0,11552171.0,1137369.0,1402-12,1402,2024-03-19
کگهر,گهرزمین,iron_ore,1402/12/29,گزارش فعالیت ماهانه دوره ۱ ماهه منتهی به  ۱۴۰۲/۱۲/۲۹(اصلاحیه),۱۴۰۳/۰۱/۳۰ ۲۱:۰۷:۱۱,1178857,True,https://excel.codal.ir/service/Excel/GetAll/wLyR90WZDMEqogyLBVLbRQ%3d%3d/0,گاز طبیعی,مترمکعب,3683666.0,30368.0,111865.0,11776637.0,30365.0,357598.0,1402-12,1402,2024-03-19
کگهر,گهرزمین,iron_ore,1403/01/31,گزارش فعالیت ماهانه دوره ۱ ماهه منتهی به  ۱۴۰۳/۰۱/۳۱(اصلاحیه),۱۴۰۳/۰۲/۰۴ ۱۶:۱۸:۲۶,1181781,True,https://excel.codal.ir/service/Excel/GetAll/fkNMV6pKvC2iuMfJC3QQQaQQQOOObOOOTw%3d%3d/0,برق,مگاوات ساعت,34578.0,14451906.0,499718.0,133033.0,12305871.0,1637087.0,1403-01,1403,2024-04-19
کگهر,گهرزمین,iron_ore,1403/01/31,گزارش فعالیت ماهانه دوره ۱ ماهه منتهی به  ۱۴۰۳/۰۱/۳۱(اصلاحیه),۱۴۰۳/۰۲/۰۴ ۱۶:۱۸:۲۶,1181781,True,https://excel.codal.ir/service/Excel/GetAll/fkNMV6pKvC2iuMfJC3QQQaQQQOOObOOOTw%3d%3d/0,گاز طبیعی,مترمکعب,4261548.0,35721.0,152228.0,16038185.0,31788.0,509826.0,1403-01,1403,2024-04-19
کگهر,گهرزمین,iron_ore,1403/03/31,گزارش فعالیت ماهانه دوره ۱ ماهه منتهی به  ۱۴۰۳/۰۳/۳۱(اصلاحیه),۱۴۰۳/۰۶/۱۲ ۰۱:۵۵:۵۰,1242785,True,https://excel.codal.ir/service/Excel/GetAll/M2lHcvgpYdvw2f9K8iTXkQ%3d%3d/0,برق,مگاوات ساعت,35801.0,44499986.0,1593144.0,204453.0,18562012.0,3795059.0,1403-03,1403,2024-06-20
کگهر,گهرزمین,iron_ore,1403/03/31,گزارش فعالیت ماهانه دوره ۱ ماهه منتهی به  ۱۴۰۳/۰۳/۳۱(اصلاحیه),۱۴۰۳/۰۶/۱۲ ۰۱:۵۵:۵۰,1242785,True,https://excel.codal.ir/service/Excel/GetAll/M2lHcvgpYdvw2f9K8iTXkQ%3d%3d/0,گاز طبیعی,مترمکعب,4052263.0,27012.0,109458.0,24162969.0,31890.0,770547.0,1403-03,1403,2024-06-20
کگهر,گهرزمین,iron_ore,1403/04/31,گزارش فعالیت ماهانه دوره ۱ ماهه منتهی به  ۱۴۰۳/۰۴/۳۱(اصلاحیه),۱۴۰۳/۰۷/۰۴ ۱۵:۵۲:۲۹,1250242,True,https://excel.codal.ir/service/Excel/GetAll/S7UdWAK6S2vZQQQaQQQELqRTGAfw%3d%3d/0,برق,مگاوات ساعت,35600.0,45000000.0,1602000.0,240053.0,22482781.0,5397059.0,1403-04,1403,2024-07-21
کگهر,گهرزمین,iron_ore,1403/04/31,گزارش فعالیت ماهانه دوره ۱ ماهه منتهی به  ۱۴۰۳/۰۴/۳۱(اصلاحیه),۱۴۰۳/۰۷/۰۴ ۱۵:۵۲:۲۹,1250242,True,https://excel.codal.ir/service/Excel/GetAll/S7UdWAK6S2vZQQQaQQQELqRTGAfw%3d%3d/0,گاز طبیعی,مترمکعب,3284485.0,28186.0,92577.0,27447454.0,31446.0,863124.0,1403-04,1403,2024-07-21
کگهر,گهرزمین,iron_ore,1403/05/31,گزارش فعالیت ماهانه دوره ۱ ماهه منتهی به  ۱۴۰۳/۰۵/۳۱(اصلاحیه),۱۴۰۳/۰۷/۰۴ ۱۶:۰۳:۳۷,1250467,True,https://excel.codal.ir/service/Excel/GetAll/LLrsEJCSBeQ7RJ7i3tIZJg%3d%3d/0,برق,مگاوات ساعت,34916.0,45000000.0,1571220.0,275111.0,26462922.0,7280241.0,1403-05,1403,2024-08-21
کگهر,گهرزمین,iron_ore,1403/05/31,گزارش فعالیت ماهانه دوره ۱ ماهه منتهی به  ۱۴۰۳/۰۵/۳۱(اصلاحیه),۱۴۰۳/۰۷/۰۴ ۱۶:۰۳:۳۷,1250467,True,https://excel.codal.ir/service/Excel/GetAll/LLrsEJCSBeQ7RJ7i3tIZJg%3d%3d/0,گاز طبیعی,مترمکعب,3729795.0,28179.0,105102.0,31177249.0,31056.0,968226.0,1403-05,1403,2024-08-21
کگهر,گهرزمین,iron_ore,1403/06/31,گزارش فعالیت ماهانه دوره ۱ ماهه منتهی به  ۱۴۰۳/۰۶/۳۱(اصلاحیه),۱۴۰۳/۰۷/۳۰ ۱۲:۱۳:۲۳,1259095,True,https://excel.codal.ir/service/Excel/GetAll/QQQaQQQcbHczsAhn0V7RDgnNCfBA%3d%3d/0,برق,مگاوات ساعت,33977.0,55521971.0,1886470.0,309131.0,31653862.0,9785190.0,1403-06,1403,2024-09-21
کگهر,گهرزمین,iron_ore,1403/06/31,گزارش فعالیت ماهانه دوره ۱ ماهه منتهی به  ۱۴۰۳/۰۶/۳۱(اصلاحیه),۱۴۰۳/۰۷/۳۰ ۱۲:۱۳:۲۳,1259095,True,https://excel.codal.ir/service/Excel/GetAll/QQQaQQQcbHczsAhn0V7RDgnNCfBA%3d%3d/0,گاز طبیعی,مترمکعب,3701659.0,25714.0,95183.0,34878908.0,30489.0,1063409.0,1403-06,1403,2024-09-21
کگهر,گهرزمین,iron_ore,1403/07/30,گزارش فعالیت ماهانه دوره ۱ ماهه منتهی به  ۱۴۰۳/۰۷/۳۰,۱۴۰۳/۰۸/۰۶ ۱۸:۳۰:۰۲,1260271,False,https://excel.codal.ir/service/Excel/GetAll/ICdWGgxENWDC9fkAQQQaQQQVHbGA%3d%3d/0,برق,مگاوات ساعت,35650.0,15886985.0,566371.0,344827.0,29983081.0,10338976.0,1403-07,1403,2024-10-21
کگهر,گهرزمین,iron_ore,1403/07/30,گزارش فعالیت ماهانه دوره ۱ ماهه منتهی به  ۱۴۰۳/۰۷/۳۰,۱۴۰۳/۰۸/۰۶ ۱۸:۳۰:۰۲,1260271,False,https://excel.codal.ir/service/Excel/GetAll/ICdWGgxENWDC9fkAQQQaQQQVHbGA%3d%3d/0,گاز طبیعی,مترمکعب,3948638.0,26261.0,103694.0,38827546.0,30059.0,1167103.0,1403-07,1403,2024-10-21
کگهر,گهرزمین,iron_ore,1403/08/30,گزارش فعالیت ماهانه دوره ۱ ماهه منتهی به  ۱۴۰۳/۰۸/۳۰,۱۴۰۳/۰۹/۰۶ ۱۸:۵۳:۵۱,1274878,False,https://excel.codal.ir/service/Excel/GetAll/OOObOOO3GT1L4GI49pzpVNSP0Pog%3d%3d/0,آب,مترمکعب,339221.0,997925.0,338517.0,3569505.0,1021904.0,3647692.0,1403-08,1403,2024-11-20
کگهر,گهرزمین,iron_ore,1403/08/30,گزارش فعالیت ماهانه دوره ۱ ماهه منتهی به  ۱۴۰۳/۰۸/۳۰,۱۴۰۳/۰۹/۰۶ ۱۸:۵۳:۵۱,1274878,False,https://excel.codal.ir/service/Excel/GetAll/OOObOOO3GT1L4GI49pzpVNSP0Pog%3d%3d/0,برق,مگاوات ساعت,33740.0,17500000.0,590450.0,376591.0,29075520.0,10949579.0,1403-08,1403,2024-11-20
کگهر,گهرزمین,iron_ore,1403/08/30,گزارش فعالیت ماهانه دوره ۱ ماهه منتهی به  ۱۴۰۳/۰۸/۳۰,۱۴۰۳/۰۹/۰۶ ۱۸:۵۳:۵۱,1274878,False,https://excel.codal.ir/service/Excel/GetAll/OOObOOO3GT1L4GI49pzpVNSP0Pog%3d%3d/0,گاز طبیعی,مترمکعب,4024259.0,32200.0,129581.0,42851805.0,30260.0,1296684.0,1403-08,1403,2024-11-20
کگهر,گهرزمین,iron_ore,1403/09/30,گزارش فعالیت ماهانه دوره ۱ ماهه منتهی به  ۱۴۰۳/۰۹/۳۰(اصلاحیه),۱۴۰۴/۰۱/۲۰ ۲۲:۲۲:۱۴,1329147,True,https://excel.codal.ir/service/Excel/GetAll/DusPNi8HHgSgDZ5tZcjXhw%3d%3d/0,آب,مترمکعب,291083.0,950368.0,276636.0,3840941.0,1009617.0,3877881.0,1403-09,1403,2024-12-20
کگهر,گهرزمین,iron_ore,1403/09/30,گزارش فعالیت ماهانه دوره ۱ ماهه منتهی به  ۱۴۰۳/۰۹/۳۰(اصلاحیه),۱۴۰۴/۰۱/۲۰ ۲۲:۲۲:۱۴,1329147,True,https://excel.codal.ir/service/Excel/GetAll/DusPNi8HHgSgDZ5tZcjXhw%3d%3d/0,برق,مگاوات ساعت,35350.0,17400000.0,615090.0,411957.0,27977760.0,11525634.0,1403-09,1403,2024-12-20
کگهر,گهرزمین,iron_ore,1403/09/30,گزارش فعالیت ماهانه دوره ۱ ماهه منتهی به  ۱۴۰۳/۰۹/۳۰(اصلاحیه),۱۴۰۴/۰۱/۲۰ ۲۲:۲۲:۱۴,1329147,True,https://excel.codal.ir/service/Excel/GetAll/DusPNi8HHgSgDZ5tZcjXhw%3d%3d/0,گاز طبیعی,مترمکعب,3916967.0,35611.0,139487.0,46729480.0,30997.0,1448497.0,1403-09,1403,2024-12-20
کگهر,گهرزمین,iron_ore,1403/10/30,گزارش فعالیت ماهانه دوره ۱ ماهه منتهی به  ۱۴۰۳/۱۰/۳۰(اصلاحیه),۱۴۰۳/۱۲/۰۷ ۱۶:۲۲:۳۲,1313800,True,https://excel.codal.ir/service/Excel/GetAll/2fxhad9QaKPIX5HE3FCbKw%3d%3d/0,آب,مترمکعب,275000.0,1200000.0,330000.0,275000.0,1200000.0,330000.0,1403-10,1403,2025-01-19
کگهر,گهرزمین,iron_ore,1403/10/30,گزارش فعالیت ماهانه دوره ۱ ماهه منتهی به  ۱۴۰۳/۱۰/۳۰(اصلاحیه),۱۴۰۳/۱۲/۰۷ ۱۶:۲۲:۳۲,1313800,True,https://excel.codal.ir/service/Excel/GetAll/2fxhad9QaKPIX5HE3FCbKw%3d%3d/0,برق,مگاوات ساعت,33900.0,18000000.0,610200.0,33900.0,18000000.0,610200.0,1403-10,1403,2025-01-19
کگهر,گهرزمین,iron_ore,1403/10/30,گزارش فعالیت ماهانه دوره ۱ ماهه منتهی به  ۱۴۰۳/۱۰/۳۰(اصلاحیه),۱۴۰۳/۱۲/۰۷ ۱۶:۲۲:۳۲,1313800,True,https://excel.codal.ir/service/Excel/GetAll/2fxhad9QaKPIX5HE3FCbKw%3d%3d/0,گاز طبیعی,مترمکعب,3979510.0,35672.0,141957.0,3979510.0,35672.0,141957.0,1403-10,1403,2025-01-19
کگهر,گهرزمین,iron_ore,1403/11/30,گزارش فعالیت ماهانه دوره ۱ ماهه منتهی به  ۱۴۰۳/۱۱/۳۰,۱۴۰۳/۱۲/۰۷ ۱۶:۲۸:۱۲,1313540,False,https://excel.codal.ir/service/Excel/GetAll/UGUMhGalhg78c1RiSTrxbg%3d%3d/0,آب,مترمکعب,272160.0,1063577.0,289463.0,539868.0,1255803.0,677968.0,1403-11,1403,2025-02-18
کگهر,گهرزمین,iron_ore,1403/11/30,گزارش فعالیت ماهانه دوره ۱ ماهه منتهی به  ۱۴۰۳/۱۱/۳۰,۱۴۰۳/۱۲/۰۷ ۱۶:۲۸:۱۲,1313540,False,https://excel.codal.ir/service/Excel/GetAll/UGUMhGalhg78c1RiSTrxbg%3d%3d/0,برق,مگاوات ساعت,34650.0,25470996.0,882570.0,68570.0,22293685.0,1528678.0,1403-11,1403,2025-02-18
کگهر,گهرزمین,iron_ore,1403/11/30,گزارش فعالیت ماهانه دوره ۱ ماهه منتهی به  ۱۴۰۳/۱۱/۳۰,۱۴۰۳/۱۲/۰۷ ۱۶:۲۸:۱۲,1313540,False,https://excel.codal.ir/service/Excel/GetAll/UGUMhGalhg78c1RiSTrxbg%3d%3d/0,گاز طبیعی,مترمکعب,4297623.0,68859.0,295930.0,8417968.0,69560.0,585554.0,1403-11,1403,2025-02-18
کگهر,گهرزمین,iron_ore,1403/12/30,گزارش فعالیت ماهانه دوره ۱ ماهه منتهی به  ۱۴۰۳/۱۲/۳۰(اصلاحیه),۱۴۰۴/۰۱/۳۰ ۱۴:۱۶:۵۹,1332017,True,https://excel.codal.ir/service/Excel/GetAll/B3rQpHJAOltaOOObOOO0jPf3IQQQaQQQTA%3d%3d/0,آب,مترمکعب,262506.0,1186575.0,311483.0,740723.0,1361061.0,1008169.0,1403-12,1403,2025-03-20
کگهر,گهرزمین,iron_ore,1403/12/30,گزارش فعالیت ماهانه دوره ۱ ماهه منتهی به  ۱۴۰۳/۱۲/۳۰(اصلاحیه),۱۴۰۴/۰۱/۳۰ ۱۴:۱۶:۵۹,1332017,True,https://excel.codal.ir/service/Excel/GetAll/B3rQpHJAOltaOOObOOO0jPf3IQQQaQQQTA%3d%3d/0,برق,مگاوات ساعت,34520.0,21419988.0,739418.0,103090.0,20701833.0,2134152.0,1403-12,1403,2025-03-20
کگهر,گهرزمین,iron_ore,1403/12/30,گزارش فعالیت ماهانه دوره ۱ ماهه منتهی به  ۱۴۰۳/۱۲/۳۰(اصلاحیه),۱۴۰۴/۰۱/۳۰ ۱۴:۱۶:۵۹,1332017,True,https://excel.codal.ir/service/Excel/GetAll/B3rQpHJAOltaOOObOOO0jPf3IQQQaQQQTA%3d%3d/0,گاز طبیعی,مترمکعب,4133412.0,91008.0,376172.0,12555999.0,83961.0,1054208.0,1403-12,1403,2025-03-20
کگهر,گهرزمین,iron_ore,1404/01/31,گزارش فعالیت ماهانه دوره ۱ ماهه منتهی به  ۱۴۰۴/۰۱/۳۱,۱۴۰۴/۰۲/۰۷ ۱۴:۳۳:۵۶,1336495,False,https://excel.codal.ir/service/Excel/GetAll/wHj9tjGBnzPMjlwdr5YuDw%3d%3d/0,آب,مترمکعب,281293.0,966832.0,271963.0,1033716.0,1289007.0,1332467.0,1404-01,1404,2025-04-20
کگهر,گهرزمین,iron_ore,1404/01/31,گزارش فعالیت ماهانه دوره ۱ ماهه منتهی به  ۱۴۰۴/۰۱/۳۱,۱۴۰۴/۰۲/۰۷ ۱۴:۳۳:۵۶,1336495,False,https://excel.codal.ir/service/Excel/GetAll/wHj9tjGBnzPMjlwdr5YuDw%3d%3d/0,برق,مگاوات ساعت,34650.0,15600000.0,540540.0,137761.0,18950821.0,2610684.0,1404-01,1404,2025-04-20
کگهر,گهرزمین,iron_ore,1404/01/31,گزارش فعالیت ماهانه دوره ۱ ماهه منتهی به  ۱۴۰۴/۰۱/۳۱,۱۴۰۴/۰۲/۰۷ ۱۴:۳۳:۵۶,1336495,False,https://excel.codal.ir/service/Excel/GetAll/wHj9tjGBnzPMjlwdr5YuDw%3d%3d/0,گاز طبیعی,مترمکعب,3901190.0,74266.0,289724.0,16479720.0,83076.0,1369073.0,1404-01,1404,2025-04-20
کگهر,گهرزمین,iron_ore,1404/02/31,گزارش فعالیت ماهانه دوره ۱ ماهه منتهی به  ۱۴۰۴/۰۲/۳۱,۱۴۰۴/۰۳/۰۷ ۱۳:۱۳:۰۷,1349780,False,https://excel.codal.ir/service/Excel/GetAll/hXCaZ4CuVqL325OOObOOOPYVpKNg%3d%3d/0,آب,مترمکعب,150034.0,2265080.0,339839.0,1187858.0,1433632.0,1702951.0,1404-02,1404,2025-05-21
کگهر,گهرزمین,iron_ore,1404/02/31,گزارش فعالیت ماهانه دوره ۱ ماهه منتهی به  ۱۴۰۴/۰۲/۳۱,۱۴۰۴/۰۳/۰۷ ۱۳:۱۳:۰۷,1349780,False,https://excel.codal.ir/service/Excel/GetAll/hXCaZ4CuVqL325OOObOOOPYVpKNg%3d%3d/0,برق,مگاوات ساعت,35680.0,35000000.0,1248800.0,173467.0,22575095.0,3916034.0,1404-02,1404,2025-05-21
کگهر,گهرزمین,iron_ore,1404/02/31,گزارش فعالیت ماهانه دوره ۱ ماهه منتهی به  ۱۴۰۴/۰۲/۳۱,۱۴۰۴/۰۳/۰۷ ۱۳:۱۳:۰۷,1349780,False,https://excel.codal.ir/service/Excel/GetAll/hXCaZ4CuVqL325OOObOOOPYVpKNg%3d%3d/0,گاز طبیعی,مترمکعب,3681726.0,60842.0,224003.0,20161446.0,79016.0,1593076.0,1404-02,1404,2025-05-21
کگهر,گهرزمین,iron_ore,1404/03/31,گزارش فعالیت ماهانه دوره ۱ ماهه منتهی به  ۱۴۰۴/۰۳/۳۱(اصلاحیه),۱۴۰۴/۰۶/۱۷ ۱۶:۳۲:۴۶,1403137,True,https://excel.codal.ir/service/Excel/GetAll/NwWdOOObOOORfPrONtFvpqcnrPHg%3d%3d/0,آب,مترمکعب,260590.0,2070935.0,539665.0,1450332.0,1528884.0,2217390.0,1404-03,1404,2025-06-21
کگهر,گهرزمین,iron_ore,1404/03/31,گزارش فعالیت ماهانه دوره ۱ ماهه منتهی به  ۱۴۰۴/۰۳/۳۱(اصلاحیه),۱۴۰۴/۰۶/۱۷ ۱۶:۳۲:۴۶,1403137,True,https://excel.codal.ir/service/Excel/GetAll/NwWdOOObOOORfPrONtFvpqcnrPHg%3d%3d/0,برق,مگاوات ساعت,35830.0,40665280.0,1457037.0,209298.0,25392670.0,5314635.0,1404-03,1404,2025-06-21
کگهر,گهرزمین,iron_ore,1404/03/31,گزارش فعالیت ماهانه دوره ۱ ماهه منتهی به  ۱۴۰۴/۰۳/۳۱(اصلاحیه),۱۴۰۴/۰۶/۱۷ ۱۶:۳۲:۴۶,1403137,True,https://excel.codal.ir/service/Excel/GetAll/NwWdOOObOOORfPrONtFvpqcnrPHg%3d%3d/0,گاز طبیعی,مترمکعب,3626112.0,84524.0,306492.0,23797757.0,83615.0,1989839.0,1404-03,1404,2025-06-21
کگهر,گهرزمین,iron_ore,1404/04/31,گزارش فعالیت ماهانه دوره ۱ ماهه منتهی به  ۱۴۰۴/۰۴/۳۱,۱۴۰۴/۰۵/۰۷ ۱۶:۰۴:۵۳,1384256,False,https://excel.codal.ir/service/Excel/GetAll/JqlQrh4xz7asc7Rmsf7tDg%3d%3d/0,آب,مترمکعب,253653.0,1337642.0,339297.0,1703985.0,1500416.0,2556687.0,1404-04,1404,2025-07-22
کگهر,گهرزمین,iron_ore,1404/04/31,گزارش فعالیت ماهانه دوره ۱ ماهه منتهی به  ۱۴۰۴/۰۴/۳۱,۱۴۰۴/۰۵/۰۷ ۱۶:۰۴:۵۳,1384256,False,https://excel.codal.ir/service/Excel/GetAll/JqlQrh4xz7asc7Rmsf7tDg%3d%3d/0,برق,مگاوات ساعت,34700.0,75000000.0,2602500.0,244022.0,38089689.0,9294722.0,1404-04,1404,2025-07-22
کگهر,گهرزمین,iron_ore,1404/04/31,گزارش فعالیت ماهانه دوره ۱ ماهه منتهی به  ۱۴۰۴/۰۴/۳۱,۱۴۰۴/۰۵/۰۷ ۱۶:۰۴:۵۳,1384256,False,https://excel.codal.ir/service/Excel/GetAll/JqlQrh4xz7asc7Rmsf7tDg%3d%3d/0,گاز طبیعی,مترمکعب,3204000.0,59492.0,190612.0,26932431.0,79952.0,2153300.0,1404-04,1404,2025-07-22
کگهر,گهرزمین,iron_ore,1404/05/31,گزارش فعالیت ماهانه دوره ۱ ماهه منتهی به  ۱۴۰۴/۰۵/۳۱(اصلاحیه),۱۴۰۴/۰۶/۲۳ ۱۰:۵۰:۱۰,1405055,True,https://excel.codal.ir/service/Excel/GetAll/QQBWJQhXQLgNQQQaQQQIVrwGKrcA%3d%3d/0,آب,مترمکعب,250169.0,1287114.0,321996.0,1951971.0,1477971.0,2884956.0,1404-05,1404,2025-08-22
کگهر,گهرزمین,iron_ore,1404/05/31,گزارش فعالیت ماهانه دوره ۱ ماهه منتهی به  ۱۴۰۴/۰۵/۳۱(اصلاحیه),۱۴۰۴/۰۶/۲۳ ۱۰:۵۰:۱۰,1405055,True,https://excel.codal.ir/service/Excel/GetAll/QQBWJQhXQLgNQQQaQQQIVrwGKrcA%3d%3d/0,برق,مگاوات ساعت,34870.0,84268999.0,2938460.0,278714.0,45443322.0,12665690.0,1404-05,1404,2025-08-22
کگهر,گهرزمین,iron_ore,1404/05/31,گزارش فعالیت ماهانه دوره ۱ ماهه منتهی به  ۱۴۰۴/۰۵/۳۱(اصلاحیه),۱۴۰۴/۰۶/۲۳ ۱۰:۵۰:۱۰,1405055,True,https://excel.codal.ir/service/Excel/GetAll/QQBWJQhXQLgNQQQaQQQIVrwGKrcA%3d%3d/0,گاز طبیعی,مترمکعب,3628953.0,50036.0,181580.0,30798912.0,75548.0,2326789.0,1404-05,1404,2025-08-22
کگهر,گهرزمین,iron_ore,1404/06/31,گزارش فعالیت ماهانه دوره ۱ ماهه منتهی به  ۱۴۰۴/۰۶/۳۱(اصلاحیه),۱۴۰۴/۰۷/۲۹ ۱۱:۴۵:۲۵,1423177,True,https://excel.codal.ir/service/Excel/GetAll/lhpHwUeGLgSt3F1mBcJBgg%3d%3d/0,آب,مترمکعب,288290.0,1226529.0,353596.0,2236472.0,1445376.0,3232543.0,1404-06,1404,2025-09-22
کگهر,گهرزمین,iron_ore,1404/06/31,گزارش فعالیت ماهانه دوره ۱ ماهه منتهی به  ۱۴۰۴/۰۶/۳۱(اصلاحیه),۱۴۰۴/۰۷/۲۹ ۱۱:۴۵:۲۵,1423177,True,https://excel.codal.ir/service/Excel/GetAll/lhpHwUeGLgSt3F1mBcJBgg%3d%3d/0,برق,مگاوات ساعت,35300.0,75000000.0,2647500.0,279144.0,53905511.0,15047400.0,1404-06,1404,2025-09-22
کگهر,گهرزمین,iron_ore,1404/06/31,گزارش فعالیت ماهانه دوره ۱ ماهه منتهی به  ۱۴۰۴/۰۶/۳۱(اصلاحیه),۱۴۰۴/۰۷/۲۹ ۱۱:۴۵:۲۵,1423177,True,https://excel.codal.ir/service/Excel/GetAll/lhpHwUeGLgSt3F1mBcJBgg%3d%3d/0,گاز طبیعی,مترمکعب,3838986.0,64410.0,247269.0,34699469.0,74508.0,2585385.0,1404-06,1404,2025-09-22
کگهر,گهرزمین,iron_ore,1404/07/30,گزارش فعالیت ماهانه دوره ۱ ماهه منتهی به  ۱۴۰۴/۰۷/۳۰,۱۴۰۴/۰۸/۰۶ ۱۹:۲۷:۵۵,1427972,False,https://excel.codal.ir/service/Excel/GetAll/IUjcIYDmoZUwI3ylZzTytw%3d%3d/0,آب,مترمکعب,215603.0,1730250.0,373047.0,2469392.0,1460112.0,3605590.0,1404-07,1404,2025-10-22
کگهر,گهرزمین,iron_ore,1404/07/30,گزارش فعالیت ماهانه دوره ۱ ماهه منتهی به  ۱۴۰۴/۰۷/۳۰,۱۴۰۴/۰۸/۰۶ ۱۹:۲۷:۵۵,1427972,False,https://excel.codal.ir/service/Excel/GetAll/IUjcIYDmoZUwI3ylZzTytw%3d%3d/0,برق,مگاوات ساعت,34514.0,42301675.0,1460000.0,313760.0,52611550.0,16507400.0,1404-07,1404,2025-10-22
کگهر,گهرزمین,iron_ore,1404/07/30,گزارش فعالیت ماهانه دوره ۱ ماهه منتهی به  ۱۴۰۴/۰۷/۳۰,۱۴۰۴/۰۸/۰۶ ۱۹:۲۷:۵۵,1427972,False,https://excel.codal.ir/service/Excel/GetAll/IUjcIYDmoZUwI3ylZzTytw%3d%3d/0,گاز طبیعی,مترمکعب,3950047.0,67540.0,266787.0,38508434.0,74066.0,2852172.0,1404-07,1404,2025-10-22
کگهر,گهرزمین,iron_ore,1404/08/30,گزارش فعالیت ماهانه دوره ۱ ماهه منتهی به  ۱۴۰۴/۰۸/۳۰,۱۴۰۴/۰۹/۰۸ ۱۷:۴۹:۴۹,1439855,False,https://excel.codal.ir/service/Excel/GetAll/2SErsIvhwJuQQ0ZT52pTrA%3d%3d/0,آب,مترمکعب,195238.0,1558846.0,304346.0,2664630.0,1306625.0,3481672.0,1404-08,1404,2025-11-21
کگهر,گهرزمین,iron_ore,1404/08/30,گزارش فعالیت ماهانه دوره ۱ ماهه منتهی به  ۱۴۰۴/۰۸/۳۰,۱۴۰۴/۰۹/۰۸ ۱۷:۴۹:۴۹,1439855,False,https://excel.codal.ir/service/Excel/GetAll/2SErsIvhwJuQQ0ZT52pTrA%3d%3d/0,برق,مگاوات ساعت,34100.0,40000000.0,1364000.0,347879.0,51294873.0,17844409.0,1404-08,1404,2025-11-21
کگهر,گهرزمین,iron_ore,1404/08/30,گزارش فعالیت ماهانه دوره ۱ ماهه منتهی به  ۱۴۰۴/۰۸/۳۰,۱۴۰۴/۰۹/۰۸ ۱۷:۴۹:۴۹,1439855,False,https://excel.codal.ir/service/Excel/GetAll/2SErsIvhwJuQQ0ZT52pTrA%3d%3d/0,گاز طبیعی,مترمکعب,3817311.0,59378.0,226665.0,42325745.0,72234.0,3057352.0,1404-08,1404,2025-11-21
کگهر,گهرزمین,iron_ore,1404/09/30,گزارش فعالیت ماهانه دوره ۱ ماهه منتهی به  ۱۴۰۴/۰۹/۳۰(اصلاحیه),۱۴۰۴/۱۲/۲۸ ۱۰:۲۶:۳۸,1503500,True,https://excel.codal.ir/service/Excel/GetAll/Kl0bIcGSQZVi085to2PO8g%3d%3d/0,آب,مترمکعب,180461.0,1714116.0,309331.0,2845092.0,1436425.0,4086762.0,1404-09,1404,2025-12-21
کگهر,گهرزمین,iron_ore,1404/09/30,گزارش فعالیت ماهانه دوره ۱ ماهه منتهی به  ۱۴۰۴/۰۹/۳۰(اصلاحیه),۱۴۰۴/۱۲/۲۸ ۱۰:۲۶:۳۸,1503500,True,https://excel.codal.ir/service/Excel/GetAll/Kl0bIcGSQZVi085to2PO8g%3d%3d/0,برق,مگاوات ساعت,34142.0,33390985.0,1140035.0,416552.0,42725146.0,17797245.0,1404-09,1404,2025-12-21
کگهر,گهرزمین,iron_ore,1404/09/30,گزارش فعالیت ماهانه دوره ۱ ماهه منتهی به  ۱۴۰۴/۰۹/۳۰(اصلاحیه),۱۴۰۴/۱۲/۲۸ ۱۰:۲۶:۳۸,1503500,True,https://excel.codal.ir/service/Excel/GetAll/Kl0bIcGSQZVi085to2PO8g%3d%3d/0,گاز طبیعی,مترمکعب,4287552.0,59887.0,256768.0,46613320.0,69962.0,3261142.0,1404-09,1404,2025-12-21
کگهر,گهرزمین,iron_ore,1404/10/30,گزارش فعالیت ماهانه دوره ۱ ماهه منتهی به  ۱۴۰۴/۱۰/۳۰,۱۴۰۴/۱۱/۰۷ ۱۵:۲۰:۴۴,1478427,False,https://excel.codal.ir/service/Excel/GetAll/1rnzHsmOOObOOOwhSXrwa8BmTbOg%3d%3d/0,آب,مترمکعب,201092.0,1962505.0,394644.0,201092.0,1962505.0,394644.0,1404-10,1404,2026-01-20
کگهر,گهرزمین,iron_ore,1404/10/30,گزارش فعالیت ماهانه دوره ۱ ماهه منتهی به  ۱۴۰۴/۱۰/۳۰,۱۴۰۴/۱۱/۰۷ ۱۵:۲۰:۴۴,1478427,False,https://excel.codal.ir/service/Excel/GetAll/1rnzHsmOOObOOOwhSXrwa8BmTbOg%3d%3d/0,برق,مگاوات ساعت,35410.0,35000000.0,1239350.0,35410.0,35000000.0,1239350.0,1404-10,1404,2026-01-20
کگهر,گهرزمین,iron_ore,1404/10/30,گزارش فعالیت ماهانه دوره ۱ ماهه منتهی به  ۱۴۰۴/۱۰/۳۰,۱۴۰۴/۱۱/۰۷ ۱۵:۲۰:۴۴,1478427,False,https://excel.codal.ir/service/Excel/GetAll/1rnzHsmOOObOOOwhSXrwa8BmTbOg%3d%3d/0,گاز طبیعی,مترمکعب,4287552.0,103127.0,442162.0,4287552.0,103127.0,442162.0,1404-10,1404,2026-01-20
کگهر,گهرزمین,iron_ore,1404/11/30,گزارش فعالیت ماهانه دوره ۱ ماهه منتهی به  ۱۴۰۴/۱۱/۳۰,۱۴۰۴/۱۲/۰۶ ۱۸:۱۳:۰۹,1499366,False,https://excel.codal.ir/service/Excel/GetAll/frsN0JYJrc7GfgvhOAYPrw%3d%3d/0,آب,مترمکعب,192114.0,1593361.0,306107.0,393206.0,1782147.0,700751.0,1404-11,1404,2026-02-19
کگهر,گهرزمین,iron_ore,1404/11/30,گزارش فعالیت ماهانه دوره ۱ ماهه منتهی به  ۱۴۰۴/۱۱/۳۰,۱۴۰۴/۱۲/۰۶ ۱۸:۱۳:۰۹,1499366,False,https://excel.codal.ir/service/Excel/GetAll/frsN0JYJrc7GfgvhOAYPrw%3d%3d/0,برق,مگاوات ساعت,35230.0,35000000.0,1233050.0,70656.0,33810080.0,2388885.0,1404-11,1404,2026-02-19
کگهر,گهرزمین,iron_ore,1404/11/30,گزارش فعالیت ماهانه دوره ۱ ماهه منتهی به  ۱۴۰۴/۱۱/۳۰,۱۴۰۴/۱۲/۰۶ ۱۸:۱۳:۰۹,1499366,False,https://excel.codal.ir/service/Excel/GetAll/frsN0JYJrc7GfgvhOAYPrw%3d%3d/0,گاز طبیعی,مترمکعب,4477286.0,118749.0,531674.0,8954572.0,118749.0,1063348.0,1404-11,1404,2026-02-19
کگهر,گهرزمین,iron_ore,1404/12/29,گزارش فعالیت ماهانه دوره ۱ ماهه منتهی به  ۱۴۰۴/۱۲/۲۹,۱۴۰۵/۰۱/۱۱ ۱۰:۰۴:۵۸,1504686,False,https://excel.codal.ir/service/Excel/GetAll/q5qM5ZlcIep4qfU8PFWJIg%3d%3d/0,آب,مترمکعب,198447.0,1395839.0,277000.0,591653.0,1652575.0,977751.0,1404-12,1404,2026-03-20
کگهر,گهرزمین,iron_ore,1404/12/29,گزارش فعالیت ماهانه دوره ۱ ماهه منتهی به  ۱۴۰۴/۱۲/۲۹,۱۴۰۵/۰۱/۱۱ ۱۰:۰۴:۵۸,1504686,False,https://excel.codal.ir/service/Excel/GetAll/q5qM5ZlcIep4qfU8PFWJIg%3d%3d/0,برق,مگاوات ساعت,33940.0,37700000.0,1279538.0,104607.0,35997448.0,3765585.0,1404-12,1404,2026-03-20
کگهر,گهرزمین,iron_ore,1404/12/29,گزارش فعالیت ماهانه دوره ۱ ماهه منتهی به  ۱۴۰۴/۱۲/۲۹,۱۴۰۵/۰۱/۱۱ ۱۰:۰۴:۵۸,1504686,False,https://excel.codal.ir/service/Excel/GetAll/q5qM5ZlcIep4qfU8PFWJIg%3d%3d/0,گاز طبیعی,مترمکعب,4155943.0,112851.0,469002.0,12875087.0,117732.0,1515816.0,1404-12,1404,2026-03-20
کگهر,گهرزمین,iron_ore,1405/01/31,گزارش فعالیت ماهانه دوره ۱ ماهه منتهی به  ۱۴۰۵/۰۱/۳۱,۱۴۰۵/۰۲/۰۷ ۱۲:۲۲:۱۳,1513882,False,https://excel.codal.ir/service/Excel/GetAll/9zaLlAB9SpcbmIuQrqWxOw%3d%3d/0,آب,مترمکعب,194327.0,1539431.0,299153.0,785980.0,1624601.0,1276904.0,1405-01,1405,2026-04-20
کگهر,گهرزمین,iron_ore,1405/01/31,گزارش فعالیت ماهانه دوره ۱ ماهه منتهی به  ۱۴۰۵/۰۱/۳۱,۱۴۰۵/۰۲/۰۷ ۱۲:۲۲:۱۳,1513882,False,https://excel.codal.ir/service/Excel/GetAll/9zaLlAB9SpcbmIuQrqWxOw%3d%3d/0,برق,مگاوات ساعت,27528.0,32099971.0,883648.0,132134.0,33746545.0,4459066.0,1405-01,1405,2026-04-20
کگهر,گهرزمین,iron_ore,1405/01/31,گزارش فعالیت ماهانه دوره ۱ ماهه منتهی به  ۱۴۰۵/۰۱/۳۱,۱۴۰۵/۰۲/۰۷ ۱۲:۲۲:۱۳,1513882,False,https://excel.codal.ir/service/Excel/GetAll/9zaLlAB9SpcbmIuQrqWxOw%3d%3d/0,گاز طبیعی,مترمکعب,3416210.0,134667.0,460050.0,16190740.0,135892.0,2200192.0,1405-01,1405,2026-04-20
کگهر,گهرزمین,iron_ore,1405/02/31,گزارش فعالیت ماهانه دوره ۱ ماهه منتهی به  ۱۴۰۵/۰۲/۳۱,۱۴۰۵/۰۳/۰۹ ۱۶:۵۱:۵۹,1533933,False,https://excel.codal.ir/service/Excel/GetAll/Ud6zQQQaQQQ034GhBBu4OOObOOOfC1E78w%3d%3d/0,آب,مترمکعب,245250.0,1812241.0,444452.0,1017936.0,2545802.0,2591463.0,1405-02,1405,2026-05-21
کگهر,گهرزمین,iron_ore,1405/02/31,گزارش فعالیت ماهانه دوره ۱ ماهه منتهی به  ۱۴۰۵/۰۲/۳۱,۱۴۰۵/۰۳/۰۹ ۱۶:۵۱:۵۹,1533933,False,https://excel.codal.ir/service/Excel/GetAll/Ud6zQQQaQQQ034GhBBu4OOObOOOfC1E78w%3d%3d/0,برق,مگاوات ساعت,35500.0,36264507.0,1287390.0,167599.0,32647796.0,5471738.0,1405-02,1405,2026-05-21
کگهر,گهرزمین,iron_ore,1405/02/31,گزارش فعالیت ماهانه دوره ۱ ماهه منتهی به  ۱۴۰۵/۰۲/۳۱,۱۴۰۵/۰۳/۰۹ ۱۶:۵۱:۵۹,1533933,False,https://excel.codal.ir/service/Excel/GetAll/Ud6zQQQaQQQ034GhBBu4OOObOOOfC1E78w%3d%3d/0,گاز طبیعی,مترمکعب,3810771.0,104850.0,399558.0,20001512.0,135564.0,2711481.0,1405-02,1405,2026-05-21
کگهر,گهرزمین,iron_ore,1405/03/31,گزارش فعالیت ماهانه دوره ۱ ماهه منتهی به  ۱۴۰۵/۰۳/۳۱,۱۴۰۵/۰۴/۰۸ ۱۹:۴۵:۴۵,1557309,False,https://excel.codal.ir/service/Excel/GetAll/e5Pv0sSUMBkckxBHSbHP6w%3d%3d/0,آب,مترمکعب,259586.0,1657959.0,430383.0,1277522.0,2365396.0,3021846.0,1405-03,1405,2026-06-21
کگهر,گهرزمین,iron_ore,1405/03/31,گزارش فعالیت ماهانه دوره ۱ ماهه منتهی به  ۱۴۰۵/۰۳/۳۱,۱۴۰۵/۰۴/۰۸ ۱۹:۴۵:۴۵,1557309,False,https://excel.codal.ir/service/Excel/GetAll/e5Pv0sSUMBkckxBHSbHP6w%3d%3d/0,برق,مگاوات ساعت,35547.0,84942977.0,3019468.0,202686.0,41057542.0,8321789.0,1405-03,1405,2026-06-21
کگهر,گهرزمین,iron_ore,1405/03/31,گزارش فعالیت ماهانه دوره ۱ ماهه منتهی به  ۱۴۰۵/۰۳/۳۱,۱۴۰۵/۰۴/۰۸ ۱۹:۴۵:۴۵,1557309,False,https://excel.codal.ir/service/Excel/GetAll/e5Pv0sSUMBkckxBHSbHP6w%3d%3d/0,گاز طبیعی,مترمکعب,3939708.0,114289.0,450265.0,24060458.0,138935.0,3342845.0,1405-03,1405,2026-06-21
