symbol,company,group,period_end,title,publish_dt,tracing_no,is_revision,excel_url,section,product,unit,month_production,month_sales_qty,month_sales_rate_rial,month_sales_amount_mrial,month,year
ارفع,آهن و فولاد ارفع,steel,1400/01/31,گزارش فعالیت ماهانه دوره ۱ ماهه منتهی به ۱۴۰۰/۰۱/۳۱,۱۴۰۰/۰۲/۰۵ ۱۵:۵۳:۴۶,740296,False,https://excel.codal.ir/service/Excel/GetAll/NF8m9AB6YdqsabhOOObOOOJ8JEfQ%3d%3d/0,domestic,آهن اسفنجی ( DRI ),تن,75505.0,0.0,,0.0,1400-01,1400
ارفع,آهن و فولاد ارفع,steel,1400/01/31,گزارش فعالیت ماهانه دوره ۱ ماهه منتهی به ۱۴۰۰/۰۱/۳۱,۱۴۰۰/۰۲/۰۵ ۱۵:۵۳:۴۶,740296,False,https://excel.codal.ir/service/Excel/GetAll/NF8m9AB6YdqsabhOOObOOOJ8JEfQ%3d%3d/0,domestic,شمش فولادی,تن,79425.0,31551.0,107772369.0,3400326.0,1400-01,1400
ارفع,آهن و فولاد ارفع,steel,1400/01/31,گزارش فعالیت ماهانه دوره ۱ ماهه منتهی به ۱۴۰۰/۰۱/۳۱,۱۴۰۰/۰۲/۰۵ ۱۵:۵۳:۴۶,740296,False,https://excel.codal.ir/service/Excel/GetAll/NF8m9AB6YdqsabhOOObOOOJ8JEfQ%3d%3d/0,export,شمش فولادی,تن,0.0,0.0,0.0,0.0,1400-01,1400
ارفع,آهن و فولاد ارفع,steel,1400/02/31,گزارش فعالیت ماهانه دوره ۱ ماهه منتهی به ۱۴۰۰/۰۲/۳۱,۱۴۰۰/۰۳/۰۱ ۱۶:۲۴:۰۱,749200,False,https://excel.codal.ir/service/Excel/GetAll/0VtIZwPNUHxw5Jex01mhcQ%3d%3d/0,domestic,آهن اسفنجی ( DRI ),تن,72223.0,0.0,,0.0,1400-02,1400
ارفع,آهن و فولاد ارفع,steel,1400/02/31,گزارش فعالیت ماهانه دوره ۱ ماهه منتهی به ۱۴۰۰/۰۲/۳۱,۱۴۰۰/۰۳/۰۱ ۱۶:۲۴:۰۱,749200,False,https://excel.codal.ir/service/Excel/GetAll/0VtIZwPNUHxw5Jex01mhcQ%3d%3d/0,domestic,شمش فولادی,تن,79486.0,46805.0,118716141.0,5556509.0,1400-02,1400
ارفع,آهن و فولاد ارفع,steel,1400/02/31,گزارش فعالیت ماهانه دوره ۱ ماهه منتهی به ۱۴۰۰/۰۲/۳۱,۱۴۰۰/۰۳/۰۱ ۱۶:۲۴:۰۱,749200,False,https://excel.codal.ir/service/Excel/GetAll/0VtIZwPNUHxw5Jex01mhcQ%3d%3d/0,export,شمش فولادی,تن,,,0.0,0.0,1400-02,1400
ارفع,آهن و فولاد ارفع,steel,1400/03/31,گزارش فعالیت ماهانه دوره ۱ ماهه منتهی به ۱۴۰۰/۰۳/۳۱,۱۴۰۰/۰۴/۰۵ ۱۵:۳۵:۰۹,762057,False,https://excel.codal.ir/service/Excel/GetAll/GLjRmAQQQaQQQK47AEQUKUWmQpUg%3d%3d/0,domestic,آهن اسفنجی ( DRI ),تن,76335.0,0.0,,0.0,1400-03,1400
ارفع,آهن و فولاد ارفع,steel,1400/03/31,گزارش فعالیت ماهانه دوره ۱ ماهه منتهی به ۱۴۰۰/۰۳/۳۱,۱۴۰۰/۰۴/۰۵ ۱۵:۳۵:۰۹,762057,False,https://excel.codal.ir/service/Excel/GetAll/GLjRmAQQQaQQQK47AEQUKUWmQpUg%3d%3d/0,domestic,شمش فولادی,تن,72188.0,29013.0,127305070.0,3693502.0,1400-03,1400
ارفع,آهن و فولاد ارفع,steel,1400/03/31,گزارش فعالیت ماهانه دوره ۱ ماهه منتهی به ۱۴۰۰/۰۳/۳۱,۱۴۰۰/۰۴/۰۵ ۱۵:۳۵:۰۹,762057,False,https://excel.codal.ir/service/Excel/GetAll/GLjRmAQQQaQQQK47AEQUKUWmQpUg%3d%3d/0,export,شمش فولادی,تن,0.0,31252.0,130557020.0,4080168.0,1400-03,1400
ارفع,آهن و فولاد ارفع,steel,1400/04/31,گزارش فعالیت ماهانه دوره ۱ ماهه منتهی به ۱۴۰۰/۰۴/۳۱,۱۴۰۰/۰۵/۰۵ ۱۱:۱۲:۲۴,777124,False,https://excel.codal.ir/service/Excel/GetAll/jHGg6TwRvX3ReFhgpFO2Nw%3d%3d/0,domestic,آهن اسفنجی ( DRI ),تن,64907.0,0.0,,0.0,1400-04,1400
ارفع,آهن و فولاد ارفع,steel,1400/04/31,گزارش فعالیت ماهانه دوره ۱ ماهه منتهی به ۱۴۰۰/۰۴/۳۱,۱۴۰۰/۰۵/۰۵ ۱۱:۱۲:۲۴,777124,False,https://excel.codal.ir/service/Excel/GetAll/jHGg6TwRvX3ReFhgpFO2Nw%3d%3d/0,domestic,شمش فولادی,تن,32445.0,53597.0,131473366.0,7046578.0,1400-04,1400
ارفع,آهن و فولاد ارفع,steel,1400/04/31,گزارش فعالیت ماهانه دوره ۱ ماهه منتهی به ۱۴۰۰/۰۴/۳۱,۱۴۰۰/۰۵/۰۵ ۱۱:۱۲:۲۴,777124,False,https://excel.codal.ir/service/Excel/GetAll/jHGg6TwRvX3ReFhgpFO2Nw%3d%3d/0,export,شمش فولادی,تن,0.0,57751.0,121864020.0,7037769.0,1400-04,1400
ارفع,آهن و فولاد ارفع,steel,1400/05/31,گزارش فعالیت ماهانه دوره ۱ ماهه منتهی به ۱۴۰۰/۰۵/۳۱,۱۴۰۰/۰۶/۰۶ ۱۲:۳۴:۵۵,786387,False,https://excel.codal.ir/service/Excel/GetAll/DZEO1reFuUV5m1NDskV45g%3d%3d/0,domestic,آهن اسفنجی ( DRI ),تن,50975.0,0.0,,0.0,1400-05,1400
ارفع,آهن و فولاد ارفع,steel,1400/05/31,گزارش فعالیت ماهانه دوره ۱ ماهه منتهی به ۱۴۰۰/۰۵/۳۱,۱۴۰۰/۰۶/۰۶ ۱۲:۳۴:۵۵,786387,False,https://excel.codal.ir/service/Excel/GetAll/DZEO1reFuUV5m1NDskV45g%3d%3d/0,domestic,شمش فولادی,تن,21760.0,15950.0,141886144.0,2263084.0,1400-05,1400
ارفع,آهن و فولاد ارفع,steel,1400/05/31,گزارش فعالیت ماهانه دوره ۱ ماهه منتهی به ۱۴۰۰/۰۵/۳۱,۱۴۰۰/۰۶/۰۶ ۱۲:۳۴:۵۵,786387,False,https://excel.codal.ir/service/Excel/GetAll/DZEO1reFuUV5m1NDskV45g%3d%3d/0,export,شمش فولادی,تن,0.0,41119.0,149212189.0,6135456.0,1400-05,1400
ارفع,آهن و فولاد ارفع,steel,1400/06/31,گزارش فعالیت ماهانه دوره ۱ ماهه منتهی به ۱۴۰۰/۰۶/۳۱,۱۴۰۰/۰۷/۰۶ ۱۱:۳۲:۰۷,800159,False,https://excel.codal.ir/service/Excel/GetAll/qKwY3xQQQaQQQcqbnxTzY2O3xfzg%3d%3d/0,domestic,آهن اسفنجی ( DRI ),تن,70030.0,0.0,,0.0,1400-06,1400
ارفع,آهن و فولاد ارفع,steel,1400/06/31,گزارش فعالیت ماهانه دوره ۱ ماهه منتهی به ۱۴۰۰/۰۶/۳۱,۱۴۰۰/۰۷/۰۶ ۱۱:۳۲:۰۷,800159,False,https://excel.codal.ir/service/Excel/GetAll/qKwY3xQQQaQQQcqbnxTzY2O3xfzg%3d%3d/0,domestic,شمش فولادی,تن,51786.0,34206.0,144706075.0,4949816.0,1400-06,1400
ارفع,آهن و فولاد ارفع,steel,1400/06/31,گزارش فعالیت ماهانه دوره ۱ ماهه منتهی به ۱۴۰۰/۰۶/۳۱,۱۴۰۰/۰۷/۰۶ ۱۱:۳۲:۰۷,800159,False,https://excel.codal.ir/service/Excel/GetAll/qKwY3xQQQaQQQcqbnxTzY2O3xfzg%3d%3d/0,export,شمش فولادی,تن,0.0,0.0,0.0,0.0,1400-06,1400
ارفع,آهن و فولاد ارفع,steel,1400/07/30,گزارش فعالیت ماهانه دوره ۱ ماهه منتهی به ۱۴۰۰/۰۷/۳۰,۱۴۰۰/۰۸/۰۴ ۱۱:۲۸:۲۲,810142,False,https://excel.codal.ir/service/Excel/GetAll/Ul3ja4ldmXVTM7NL9bkM6Q%3d%3d/0,domestic,آهن اسفنجی ( DRI ),تن,193.0,0.0,,0.0,1400-07,1400
ارفع,آهن و فولاد ارفع,steel,1400/07/30,گزارش فعالیت ماهانه دوره ۱ ماهه منتهی به ۱۴۰۰/۰۷/۳۰,۱۴۰۰/۰۸/۰۴ ۱۱:۲۸:۲۲,810142,False,https://excel.codal.ir/service/Excel/GetAll/Ul3ja4ldmXVTM7NL9bkM6Q%3d%3d/0,domestic,شمش فولادی,تن,71912.0,25459.0,131547272.0,3349062.0,1400-07,1400
ارفع,آهن و فولاد ارفع,steel,1400/07/30,گزارش فعالیت ماهانه دوره ۱ ماهه منتهی به ۱۴۰۰/۰۷/۳۰,۱۴۰۰/۰۸/۰۴ ۱۱:۲۸:۲۲,810142,False,https://excel.codal.ir/service/Excel/GetAll/Ul3ja4ldmXVTM7NL9bkM6Q%3d%3d/0,export,شمش فولادی,تن,0.0,0.0,0.0,0.0,1400-07,1400
ارفع,آهن و فولاد ارفع,steel,1400/08/30,گزارش فعالیت ماهانه دوره ۱ ماهه منتهی به ۱۴۰۰/۰۸/۳۰,۱۴۰۰/۰۹/۰۳ ۱۴:۰۹:۵۰,822179,False,https://excel.codal.ir/service/Excel/GetAll/2yEEnLM6d7OOObOOOB4l8D1cLDbg%3d%3d/0,domestic,آهن اسفنجی ( DRI ),تن,32640.0,0.0,,0.0,1400-08,1400
ارفع,آهن و فولاد ارفع,steel,1400/08/30,گزارش فعالیت ماهانه دوره ۱ ماهه منتهی به ۱۴۰۰/۰۸/۳۰,۱۴۰۰/۰۹/۰۳ ۱۴:۰۹:۵۰,822179,False,https://excel.codal.ir/service/Excel/GetAll/2yEEnLM6d7OOObOOOB4l8D1cLDbg%3d%3d/0,domestic,شمش فولادی,تن,71215.0,50932.0,140388891.0,7150287.0,1400-08,1400
ارفع,آهن و فولاد ارفع,steel,1400/08/30,گزارش فعالیت ماهانه دوره ۱ ماهه منتهی به ۱۴۰۰/۰۸/۳۰,۱۴۰۰/۰۹/۰۳ ۱۴:۰۹:۵۰,822179,False,https://excel.codal.ir/service/Excel/GetAll/2yEEnLM6d7OOObOOOB4l8D1cLDbg%3d%3d/0,export,شمش فولادی,تن,0.0,0.0,0.0,0.0,1400-08,1400
ارفع,آهن و فولاد ارفع,steel,1400/09/30,گزارش فعالیت ماهانه دوره ۱ ماهه منتهی به ۱۴۰۰/۰۹/۳۰,۱۴۰۰/۱۰/۰۵ ۱۳:۰۴:۲۸,835314,False,https://excel.codal.ir/service/Excel/GetAll/oqwVnnjkR4pTlkUuYkOOObOOO56A%3d%3d/0,domestic,آهن اسفنجی ( DRI ),تن,88176.0,,,0.0,1400-09,1400
ارفع,آهن و فولاد ارفع,steel,1400/09/30,گزارش فعالیت ماهانه دوره ۱ ماهه منتهی به ۱۴۰۰/۰۹/۳۰,۱۴۰۰/۱۰/۰۵ ۱۳:۰۴:۲۸,835314,False,https://excel.codal.ir/service/Excel/GetAll/oqwVnnjkR4pTlkUuYkOOObOOO56A%3d%3d/0,domestic,شمش فولادی,تن,75912.0,65254.0,133687207.0,8723625.0,1400-09,1400
ارفع,آهن و فولاد ارفع,steel,1400/09/30,گزارش فعالیت ماهانه دوره ۱ ماهه منتهی به ۱۴۰۰/۰۹/۳۰,۱۴۰۰/۱۰/۰۵ ۱۳:۰۴:۲۸,835314,False,https://excel.codal.ir/service/Excel/GetAll/oqwVnnjkR4pTlkUuYkOOObOOO56A%3d%3d/0,export,شمش فولادی,تن,,12225.0,155761227.0,1904181.0,1400-09,1400
ارفع,آهن و فولاد ارفع,steel,1400/10/30,گزارش فعالیت ماهانه دوره ۱ ماهه منتهی به ۱۴۰۰/۱۰/۳۰,۱۴۰۰/۱۱/۰۵ ۰۹:۱۵:۱۳,846255,False,https://excel.codal.ir/service/Excel/GetAll/k4QQQaQQQvgYPw1f8m1o4CmOrOOObOOOBw%3d%3d/0,domestic,آهن اسفنجی ( DRI ),تن,79132.0,0.0,,0.0,1400-10,1400
ارفع,آهن و فولاد ارفع,steel,1400/10/30,گزارش فعالیت ماهانه دوره ۱ ماهه منتهی به ۱۴۰۰/۱۰/۳۰,۱۴۰۰/۱۱/۰۵ ۰۹:۱۵:۱۳,846255,False,https://excel.codal.ir/service/Excel/GetAll/k4QQQaQQQvgYPw1f8m1o4CmOrOOObOOOBw%3d%3d/0,domestic,شمش فولادی,تن,75493.0,38634.0,130717580.0,5050143.0,1400-10,1400
ارفع,آهن و فولاد ارفع,steel,1400/10/30,گزارش فعالیت ماهانه دوره ۱ ماهه منتهی به ۱۴۰۰/۱۰/۳۰,۱۴۰۰/۱۱/۰۵ ۰۹:۱۵:۱۳,846255,False,https://excel.codal.ir/service/Excel/GetAll/k4QQQaQQQvgYPw1f8m1o4CmOrOOObOOOBw%3d%3d/0,export,شمش فولادی,تن,0.0,0.0,0.0,0.0,1400-10,1400
ارفع,آهن و فولاد ارفع,steel,1400/11/30,گزارش فعالیت ماهانه دوره ۱ ماهه منتهی به ۱۴۰۰/۱۱/۳۰(اصلاحیه),۱۴۰۰/۱۲/۱۸ ۱۶:۳۴:۲۸,861474,True,https://excel.codal.ir/service/Excel/GetAll/GogQQQaQQQdMPapnO4irnxUeLvHQ%3d%3d/0,domestic,آهن اسفنجی ( DRI ),تن,14916.0,,,0.0,1400-11,1400
ارفع,آهن و فولاد ارفع,steel,1400/11/30,گزارش فعالیت ماهانه دوره ۱ ماهه منتهی به ۱۴۰۰/۱۱/۳۰(اصلاحیه),۱۴۰۰/۱۲/۱۸ ۱۶:۳۴:۲۸,861474,True,https://excel.codal.ir/service/Excel/GetAll/GogQQQaQQQdMPapnO4irnxUeLvHQ%3d%3d/0,domestic,شمش فولادی,تن,64984.0,39041.0,131734510.0,5143047.0,1400-11,1400
ارفع,آهن و فولاد ارفع,steel,1400/11/30,گزارش فعالیت ماهانه دوره ۱ ماهه منتهی به ۱۴۰۰/۱۱/۳۰(اصلاحیه),۱۴۰۰/۱۲/۱۸ ۱۶:۳۴:۲۸,861474,True,https://excel.codal.ir/service/Excel/GetAll/GogQQQaQQQdMPapnO4irnxUeLvHQ%3d%3d/0,export,شمش فولادی,تن,,41688.0,145846862.0,6080064.0,1400-11,1400
ارفع,آهن و فولاد ارفع,steel,1400/12/29,گزارش فعالیت ماهانه دوره ۱ ماهه منتهی به ۱۴۰۰/۱۲/۲۹,۱۴۰۱/۰۱/۰۹ ۱۳:۳۵:۱۶,865658,False,https://excel.codal.ir/service/Excel/GetAll/eOz4pcZ7XtcEBl95f2OOObOOOP5w%3d%3d/0,domestic,آهن اسفنجی ( DRI ),تن,83281.0,,,0.0,1400-12,1400
ارفع,آهن و فولاد ارفع,steel,1400/12/29,گزارش فعالیت ماهانه دوره ۱ ماهه منتهی به ۱۴۰۰/۱۲/۲۹,۱۴۰۱/۰۱/۰۹ ۱۳:۳۵:۱۶,865658,False,https://excel.codal.ir/service/Excel/GetAll/eOz4pcZ7XtcEBl95f2OOObOOOP5w%3d%3d/0,domestic,شمش فولادی,تن,73829.0,39534.0,134777432.0,5328291.0,1400-12,1400
ارفع,آهن و فولاد ارفع,steel,1400/12/29,گزارش فعالیت ماهانه دوره ۱ ماهه منتهی به ۱۴۰۰/۱۲/۲۹,۱۴۰۱/۰۱/۰۹ ۱۳:۳۵:۱۶,865658,False,https://excel.codal.ir/service/Excel/GetAll/eOz4pcZ7XtcEBl95f2OOObOOOP5w%3d%3d/0,export,شمش فولادی,تن,,71248.0,129301412.0,9212467.0,1400-12,1400
ارفع,آهن و فولاد ارفع,steel,1401/01/31,گزارش فعالیت ماهانه دوره ۱ ماهه منتهی به  ۱۴۰۱/۰۱/۳۱(اصلاحیه),۱۴۰۱/۰۲/۰۸ ۱۶:۲۶:۱۰,876306,True,https://excel.codal.ir/service/Excel/GetAll/s3FrQwyYW8cuAN3h6s7tIg%3d%3d/0,domestic,آهن اسفنجی ( DRI ),تن,98672.0,0.0,,0.0,1401-01,1401
ارفع,آهن و فولاد ارفع,steel,1401/01/31,گزارش فعالیت ماهانه دوره ۱ ماهه منتهی به  ۱۴۰۱/۰۱/۳۱(اصلاحیه),۱۴۰۱/۰۲/۰۸ ۱۶:۲۶:۱۰,876306,True,https://excel.codal.ir/service/Excel/GetAll/s3FrQwyYW8cuAN3h6s7tIg%3d%3d/0,domestic,شمش فولادی,تن,85059.0,28065.0,148177980.0,4158615.0,1401-01,1401
ارفع,آهن و فولاد ارفع,steel,1401/01/31,گزارش فعالیت ماهانه دوره ۱ ماهه منتهی به  ۱۴۰۱/۰۱/۳۱(اصلاحیه),۱۴۰۱/۰۲/۰۸ ۱۶:۲۶:۱۰,876306,True,https://excel.codal.ir/service/Excel/GetAll/s3FrQwyYW8cuAN3h6s7tIg%3d%3d/0,export,شمش فولادی : تن,تن,0.0,9926.0,136561556.0,1355510.0,1401-01,1401
ارفع,آهن و فولاد ارفع,steel,1401/02/31,گزارش فعالیت ماهانه دوره ۱ ماهه منتهی به  ۱۴۰۱/۰۲/۳۱,۱۴۰۱/۰۳/۰۷ ۱۳:۳۸:۱۳,886595,False,https://excel.codal.ir/service/Excel/GetAll/2jzSKuZPh6q01aDf2VDbQQQaQQQA%3d%3d/0,domestic,آهن اسفنجی ( DRI ),تن,94408.0,0.0,,0.0,1401-02,1401
ارفع,آهن و فولاد ارفع,steel,1401/02/31,گزارش فعالیت ماهانه دوره ۱ ماهه منتهی به  ۱۴۰۱/۰۲/۳۱,۱۴۰۱/۰۳/۰۷ ۱۳:۳۸:۱۳,886595,False,https://excel.codal.ir/service/Excel/GetAll/2jzSKuZPh6q01aDf2VDbQQQaQQQA%3d%3d/0,domestic,شمش فولادی,تن,80637.0,15850.0,155182397.0,2459641.0,1401-02,1401
ارفع,آهن و فولاد ارفع,steel,1401/02/31,گزارش فعالیت ماهانه دوره ۱ ماهه منتهی به  ۱۴۰۱/۰۲/۳۱,۱۴۰۱/۰۳/۰۷ ۱۳:۳۸:۱۳,886595,False,https://excel.codal.ir/service/Excel/GetAll/2jzSKuZPh6q01aDf2VDbQQQaQQQA%3d%3d/0,export,شمش فولادی : تن,تن,0.0,57950.0,134121553.0,7772344.0,1401-02,1401
ارفع,آهن و فولاد ارفع,steel,1401/03/31,گزارش فعالیت ماهانه دوره ۱ ماهه منتهی به  ۱۴۰۱/۰۳/۳۱,۱۴۰۱/۰۴/۰۴ ۰۹:۵۵:۴۸,901063,False,https://excel.codal.ir/service/Excel/GetAll/3vKS4ycctl5tsKOBhg3fQw%3d%3d/0,domestic,آهن اسفنجی ( DRI ),تن,98910.0,,,0.0,1401-03,1401
ارفع,آهن و فولاد ارفع,steel,1401/03/31,گزارش فعالیت ماهانه دوره ۱ ماهه منتهی به  ۱۴۰۱/۰۳/۳۱,۱۴۰۱/۰۴/۰۴ ۰۹:۵۵:۴۸,901063,False,https://excel.codal.ir/service/Excel/GetAll/3vKS4ycctl5tsKOBhg3fQw%3d%3d/0,domestic,شمش فولادی,تن,81299.0,59479.0,146829066.0,8733246.0,1401-03,1401
ارفع,آهن و فولاد ارفع,steel,1401/03/31,گزارش فعالیت ماهانه دوره ۱ ماهه منتهی به  ۱۴۰۱/۰۳/۳۱,۱۴۰۱/۰۴/۰۴ ۰۹:۵۵:۴۸,901063,False,https://excel.codal.ir/service/Excel/GetAll/3vKS4ycctl5tsKOBhg3fQw%3d%3d/0,export,شمش فولادی : تن,تن,0.0,30581.0,174483209.0,5335871.0,1401-03,1401
ارفع,آهن و فولاد ارفع,steel,1401/04/31,گزارش فعالیت ماهانه دوره ۱ ماهه منتهی به  ۱۴۰۱/۰۴/۳۱,۱۴۰۱/۰۵/۰۳ ۱۲:۲۶:۳۰,917694,False,https://excel.codal.ir/service/Excel/GetAll/9vH7OKOIZNG0bpn9OOObOOOikJFQ%3d%3d/0,domestic,آهن اسفنجی ( DRI ),تن,76641.0,995.0,84901508.0,84477.0,1401-04,1401
ارفع,آهن و فولاد ارفع,steel,1401/04/31,گزارش فعالیت ماهانه دوره ۱ ماهه منتهی به  ۱۴۰۱/۰۴/۳۱,۱۴۰۱/۰۵/۰۳ ۱۲:۲۶:۳۰,917694,False,https://excel.codal.ir/service/Excel/GetAll/9vH7OKOIZNG0bpn9OOObOOOikJFQ%3d%3d/0,domestic,شمش فولادی,تن,38070.0,75360.0,144098408.0,10859256.0,1401-04,1401
ارفع,آهن و فولاد ارفع,steel,1401/04/31,گزارش فعالیت ماهانه دوره ۱ ماهه منتهی به  ۱۴۰۱/۰۴/۳۱,۱۴۰۱/۰۵/۰۳ ۱۲:۲۶:۳۰,917694,False,https://excel.codal.ir/service/Excel/GetAll/9vH7OKOIZNG0bpn9OOObOOOikJFQ%3d%3d/0,export,شمش فولادی : تن,تن,,,0.0,0.0,1401-04,1401
ارفع,آهن و فولاد ارفع,steel,1401/05/31,گزارش فعالیت ماهانه دوره ۱ ماهه منتهی به  ۱۴۰۱/۰۵/۳۱,۱۴۰۱/۰۶/۰۵ ۱۲:۰۶:۴۳,928697,False,https://excel.codal.ir/service/Excel/GetAll/1GWMW1vU0OJbhzcqk7JO9Q%3d%3d/0,domestic,آهن اسفنجی ( DRI ),تن,103015.0,24505.0,75487452.0,1849820.0,1401-05,1401
ارفع,آهن و فولاد ارفع,steel,1401/05/31,گزارش فعالیت ماهانه دوره ۱ ماهه منتهی به  ۱۴۰۱/۰۵/۳۱,۱۴۰۱/۰۶/۰۵ ۱۲:۰۶:۴۳,928697,False,https://excel.codal.ir/service/Excel/GetAll/1GWMW1vU0OJbhzcqk7JO9Q%3d%3d/0,export,آهن اسفنجی ( DRI ),تن,0.0,49.63,76163611.0,3780.0,1401-05,1401
ارفع,آهن و فولاد ارفع,steel,1401/05/31,گزارش فعالیت ماهانه دوره ۱ ماهه منتهی به  ۱۴۰۱/۰۵/۳۱,۱۴۰۱/۰۶/۰۵ ۱۲:۰۶:۴۳,928697,False,https://excel.codal.ir/service/Excel/GetAll/1GWMW1vU0OJbhzcqk7JO9Q%3d%3d/0,domestic,شمش فولادی,تن,21251.0,49571.0,135128624.0,6698461.0,1401-05,1401
ارفع,آهن و فولاد ارفع,steel,1401/05/31,گزارش فعالیت ماهانه دوره ۱ ماهه منتهی به  ۱۴۰۱/۰۵/۳۱,۱۴۰۱/۰۶/۰۵ ۱۲:۰۶:۴۳,928697,False,https://excel.codal.ir/service/Excel/GetAll/1GWMW1vU0OJbhzcqk7JO9Q%3d%3d/0,export,شمش فولادی : تن,تن,0.0,0.0,0.0,0.0,1401-05,1401
ارفع,آهن و فولاد ارفع,steel,1401/06/31,گزارش فعالیت ماهانه دوره ۱ ماهه منتهی به  ۱۴۰۱/۰۶/۳۱,۱۴۰۱/۰۷/۰۶ ۱۶:۱۲:۳۱,941702,False,https://excel.codal.ir/service/Excel/GetAll/VRAAmX6l1BsLPEGGi0Mvvw%3d%3d/0,domestic,آهن اسفنجی ( DRI ),تن,101896.0,42255.0,77070311.0,3256606.0,1401-06,1401
ارفع,آهن و فولاد ارفع,steel,1401/06/31,گزارش فعالیت ماهانه دوره ۱ ماهه منتهی به  ۱۴۰۱/۰۶/۳۱,۱۴۰۱/۰۷/۰۶ ۱۶:۱۲:۳۱,941702,False,https://excel.codal.ir/service/Excel/GetAll/VRAAmX6l1BsLPEGGi0Mvvw%3d%3d/0,export,آهن اسفنجی ( DRI ),تن,,200.0,79415000.0,15883.0,1401-06,1401
ارفع,آهن و فولاد ارفع,steel,1401/06/31,گزارش فعالیت ماهانه دوره ۱ ماهه منتهی به  ۱۴۰۱/۰۶/۳۱,۱۴۰۱/۰۷/۰۶ ۱۶:۱۲:۳۱,941702,False,https://excel.codal.ir/service/Excel/GetAll/VRAAmX6l1BsLPEGGi0Mvvw%3d%3d/0,domestic,شمش فولادی,تن,79200.0,79891.0,129840695.0,10373103.0,1401-06,1401
ارفع,آهن و فولاد ارفع,steel,1401/06/31,گزارش فعالیت ماهانه دوره ۱ ماهه منتهی به  ۱۴۰۱/۰۶/۳۱,۱۴۰۱/۰۷/۰۶ ۱۶:۱۲:۳۱,941702,False,https://excel.codal.ir/service/Excel/GetAll/VRAAmX6l1BsLPEGGi0Mvvw%3d%3d/0,export,شمش فولادی :تن,تن,,38.21,140722324.0,5377.0,1401-06,1401
ارفع,آهن و فولاد ارفع,steel,1401/07/30,گزارش فعالیت ماهانه دوره ۱ ماهه منتهی به  ۱۴۰۱/۰۷/۳۰(اصلاحیه),۱۴۰۱/۱۰/۱۰ ۱۴:۴۱:۴۸,976690,True,https://excel.codal.ir/service/Excel/GetAll/kE3nDrqSjN7v7spGJH10Cg%3d%3d/0,domestic,آهن اسفنجی ( DRI ),تن,97478.0,22159.0,75520014.0,1673448.0,1401-07,1401
ارفع,آهن و فولاد ارفع,steel,1401/07/30,گزارش فعالیت ماهانه دوره ۱ ماهه منتهی به  ۱۴۰۱/۰۷/۳۰(اصلاحیه),۱۴۰۱/۱۰/۱۰ ۱۴:۴۱:۴۸,976690,True,https://excel.codal.ir/service/Excel/GetAll/kE3nDrqSjN7v7spGJH10Cg%3d%3d/0,export,آهن اسفنجی ( DRI ),تن,,4999.0,77067213.0,385259.0,1401-07,1401
ارفع,آهن و فولاد ارفع,steel,1401/07/30,گزارش فعالیت ماهانه دوره ۱ ماهه منتهی به  ۱۴۰۱/۰۷/۳۰(اصلاحیه),۱۴۰۱/۱۰/۱۰ ۱۴:۴۱:۴۸,976690,True,https://excel.codal.ir/service/Excel/GetAll/kE3nDrqSjN7v7spGJH10Cg%3d%3d/0,domestic,شمش فولادی,تن,84338.0,62739.0,135427613.0,8496593.0,1401-07,1401
ارفع,آهن و فولاد ارفع,steel,1401/07/30,گزارش فعالیت ماهانه دوره ۱ ماهه منتهی به  ۱۴۰۱/۰۷/۳۰(اصلاحیه),۱۴۰۱/۱۰/۱۰ ۱۴:۴۱:۴۸,976690,True,https://excel.codal.ir/service/Excel/GetAll/kE3nDrqSjN7v7spGJH10Cg%3d%3d/0,export,شمش فولادی :تن,تن,,0.0,0.0,0.0,1401-07,1401
ارفع,آهن و فولاد ارفع,steel,1401/08/30,گزارش فعالیت ماهانه دوره ۱ ماهه منتهی به  ۱۴۰۱/۰۸/۳۰(اصلاحیه),۱۴۰۱/۱۰/۱۰ ۱۴:۴۴:۴۲,976689,True,https://excel.codal.ir/service/Excel/GetAll/JKwxafLuNtusmRlMAEFPdA%3d%3d/0,domestic,آهن اسفنجی ( DRI ),تن,99653.0,527.0,78743833.0,41498.0,1401-08,1401
ارفع,آهن و فولاد ارفع,steel,1401/08/30,گزارش فعالیت ماهانه دوره ۱ ماهه منتهی به  ۱۴۰۱/۰۸/۳۰(اصلاحیه),۱۴۰۱/۱۰/۱۰ ۱۴:۴۴:۴۲,976689,True,https://excel.codal.ir/service/Excel/GetAll/JKwxafLuNtusmRlMAEFPdA%3d%3d/0,export,آهن اسفنجی ( DRI ),تن,,,0.0,0.0,1401-08,1401
ارفع,آهن و فولاد ارفع,steel,1401/08/30,گزارش فعالیت ماهانه دوره ۱ ماهه منتهی به  ۱۴۰۱/۰۸/۳۰(اصلاحیه),۱۴۰۱/۱۰/۱۰ ۱۴:۴۴:۴۲,976689,True,https://excel.codal.ir/service/Excel/GetAll/JKwxafLuNtusmRlMAEFPdA%3d%3d/0,domestic,شمش فولادی,تن,85165.0,73484.0,138297561.0,10162658.0,1401-08,1401
ارفع,آهن و فولاد ارفع,steel,1401/08/30,گزارش فعالیت ماهانه دوره ۱ ماهه منتهی به  ۱۴۰۱/۰۸/۳۰(اصلاحیه),۱۴۰۱/۱۰/۱۰ ۱۴:۴۴:۴۲,976689,True,https://excel.codal.ir/service/Excel/GetAll/JKwxafLuNtusmRlMAEFPdA%3d%3d/0,export,شمش فولادی :تن,تن,,44995.0,143511746.0,6457311.0,1401-08,1401
ارفع,آهن و فولاد ارفع,steel,1401/09/30,گزارش فعالیت ماهانه دوره ۱ ماهه منتهی به  ۱۴۰۱/۰۹/۳۰(اصلاحیه),۱۴۰۱/۱۰/۱۰ ۱۴:۵۰:۰۹,976688,True,https://excel.codal.ir/service/Excel/GetAll/0GdOOObOOOQenOOObOOOH51hp9M4WPUWaQ%3d%3d/0,domestic,آهن اسفنجی ( DRI ),تن,64007.0,0.0,,0.0,1401-09,1401
ارفع,آهن و فولاد ارفع,steel,1401/09/30,گزارش فعالیت ماهانه دوره ۱ ماهه منتهی به  ۱۴۰۱/۰۹/۳۰(اصلاحیه),۱۴۰۱/۱۰/۱۰ ۱۴:۵۰:۰۹,976688,True,https://excel.codal.ir/service/Excel/GetAll/0GdOOObOOOQenOOObOOOH51hp9M4WPUWaQ%3d%3d/0,export,آهن اسفنجی ( DRI ),تن,,,0.0,0.0,1401-09,1401
ارفع,آهن و فولاد ارفع,steel,1401/09/30,گزارش فعالیت ماهانه دوره ۱ ماهه منتهی به  ۱۴۰۱/۰۹/۳۰(اصلاحیه),۱۴۰۱/۱۰/۱۰ ۱۴:۵۰:۰۹,976688,True,https://excel.codal.ir/service/Excel/GetAll/0GdOOObOOOQenOOObOOOH51hp9M4WPUWaQ%3d%3d/0,domestic,شمش فولادی,تن,75502.0,44184.0,141250543.0,6241014.0,1401-09,1401
ارفع,آهن و فولاد ارفع,steel,1401/09/30,گزارش فعالیت ماهانه دوره ۱ ماهه منتهی به  ۱۴۰۱/۰۹/۳۰(اصلاحیه),۱۴۰۱/۱۰/۱۰ ۱۴:۵۰:۰۹,976688,True,https://excel.codal.ir/service/Excel/GetAll/0GdOOObOOOQenOOObOOOH51hp9M4WPUWaQ%3d%3d/0,export,شمش فولادی :تن,تن,0.0,49963.0,150896964.0,7539265.0,1401-09,1401
ارفع,آهن و فولاد ارفع,steel,1401/10/30,گزارش فعالیت ماهانه دوره ۱ ماهه منتهی به  ۱۴۰۱/۱۰/۳۰,۱۴۰۱/۱۱/۰۵ ۱۲:۲۵:۱۰,987322,False,https://excel.codal.ir/service/Excel/GetAll/zdrxVUZj5UrGJFwQQB8fNw%3d%3d/0,domestic,آهن اسفنجی ( DRI ),تن,25264.0,0.0,,0.0,1401-10,1401
ارفع,آهن و فولاد ارفع,steel,1401/10/30,گزارش فعالیت ماهانه دوره ۱ ماهه منتهی به  ۱۴۰۱/۱۰/۳۰,۱۴۰۱/۱۱/۰۵ ۱۲:۲۵:۱۰,987322,False,https://excel.codal.ir/service/Excel/GetAll/zdrxVUZj5UrGJFwQQB8fNw%3d%3d/0,export,آهن اسفنجی ( DRI ),تن,0.0,0.0,0.0,0.0,1401-10,1401
ارفع,آهن و فولاد ارفع,steel,1401/10/30,گزارش فعالیت ماهانه دوره ۱ ماهه منتهی به  ۱۴۰۱/۱۰/۳۰,۱۴۰۱/۱۱/۰۵ ۱۲:۲۵:۱۰,987322,False,https://excel.codal.ir/service/Excel/GetAll/zdrxVUZj5UrGJFwQQB8fNw%3d%3d/0,domestic,شمش فولادی,تن,52102.0,46825.0,145709450.0,6822845.0,1401-10,1401
ارفع,آهن و فولاد ارفع,steel,1401/10/30,گزارش فعالیت ماهانه دوره ۱ ماهه منتهی به  ۱۴۰۱/۱۰/۳۰,۱۴۰۱/۱۱/۰۵ ۱۲:۲۵:۱۰,987322,False,https://excel.codal.ir/service/Excel/GetAll/zdrxVUZj5UrGJFwQQB8fNw%3d%3d/0,export,شمش فولادی :تن,تن,0.0,0.0,0.0,0.0,1401-10,1401
ارفع,آهن و فولاد ارفع,steel,1401/11/30,گزارش فعالیت ماهانه دوره ۱ ماهه منتهی به  ۱۴۰۱/۱۱/۳۰,۱۴۰۱/۱۲/۰۲ ۱۹:۴۶:۲۳,995523,False,https://excel.codal.ir/service/Excel/GetAll/PSv4QWz5610tqJl48EbVBQ%3d%3d/0,domestic,آهن اسفنجی ( DRI ),تن,27088.0,0.0,,0.0,1401-11,1401
ارفع,آهن و فولاد ارفع,steel,1401/11/30,گزارش فعالیت ماهانه دوره ۱ ماهه منتهی به  ۱۴۰۱/۱۱/۳۰,۱۴۰۱/۱۲/۰۲ ۱۹:۴۶:۲۳,995523,False,https://excel.codal.ir/service/Excel/GetAll/PSv4QWz5610tqJl48EbVBQ%3d%3d/0,export,آهن اسفنجی ( DRI ),تن,0.0,,0.0,0.0,1401-11,1401
ارفع,آهن و فولاد ارفع,steel,1401/11/30,گزارش فعالیت ماهانه دوره ۱ ماهه منتهی به  ۱۴۰۱/۱۱/۳۰,۱۴۰۱/۱۲/۰۲ ۱۹:۴۶:۲۳,995523,False,https://excel.codal.ir/service/Excel/GetAll/PSv4QWz5610tqJl48EbVBQ%3d%3d/0,domestic,شمش فولادی,تن,22243.0,44577.0,163840232.0,7303506.0,1401-11,1401
ارفع,آهن و فولاد ارفع,steel,1401/11/30,گزارش فعالیت ماهانه دوره ۱ ماهه منتهی به  ۱۴۰۱/۱۱/۳۰,۱۴۰۱/۱۲/۰۲ ۱۹:۴۶:۲۳,995523,False,https://excel.codal.ir/service/Excel/GetAll/PSv4QWz5610tqJl48EbVBQ%3d%3d/0,export,شمش فولادی :تن,تن,0.0,0.0,0.0,0.0,1401-11,1401
ارفع,آهن و فولاد ارفع,steel,1401/12/29,گزارش فعالیت ماهانه دوره ۱ ماهه منتهی به  ۱۴۰۱/۱۲/۲۹,۱۴۰۲/۰۱/۰۶ ۱۷:۴۴:۱۷,1006847,False,https://excel.codal.ir/service/Excel/GetAll/vvoJ14ibnOOOObOOOhOvbTVBZfKw%3d%3d/0,domestic,آهن اسفنجی ( DRI ),تن,93827.0,0.0,,0.0,1401-12,1401
ارفع,آهن و فولاد ارفع,steel,1401/12/29,گزارش فعالیت ماهانه دوره ۱ ماهه منتهی به  ۱۴۰۱/۱۲/۲۹,۱۴۰۲/۰۱/۰۶ ۱۷:۴۴:۱۷,1006847,False,https://excel.codal.ir/service/Excel/GetAll/vvoJ14ibnOOOObOOOhOvbTVBZfKw%3d%3d/0,export,آهن اسفنجی ( DRI ),تن,,,0.0,0.0,1401-12,1401
ارفع,آهن و فولاد ارفع,steel,1401/12/29,گزارش فعالیت ماهانه دوره ۱ ماهه منتهی به  ۱۴۰۱/۱۲/۲۹,۱۴۰۲/۰۱/۰۶ ۱۷:۴۴:۱۷,1006847,False,https://excel.codal.ir/service/Excel/GetAll/vvoJ14ibnOOOObOOOhOvbTVBZfKw%3d%3d/0,domestic,شمش فولادی,تن,77316.0,33557.0,205616503.0,6899873.0,1401-12,1401
ارفع,آهن و فولاد ارفع,steel,1401/12/29,گزارش فعالیت ماهانه دوره ۱ ماهه منتهی به  ۱۴۰۱/۱۲/۲۹,۱۴۰۲/۰۱/۰۶ ۱۷:۴۴:۱۷,1006847,False,https://excel.codal.ir/service/Excel/GetAll/vvoJ14ibnOOOObOOOhOvbTVBZfKw%3d%3d/0,export,شمش فولادی :تن,تن,0.0,45009.0,236853763.0,10660551.0,1401-12,1401
ارفع,آهن و فولاد ارفع,steel,1402/01/31,گزارش فعالیت ماهانه دوره ۱ ماهه منتهی به  ۱۴۰۲/۰۱/۳۱,۱۴۰۲/۰۲/۰۹ ۱۲:۴۲:۳۰,1018306,False,https://excel.codal.ir/service/Excel/GetAll/Kn6cUhmOOObOOOUhno9eZV7LyBGw%3d%3d/0,domestic,آهن اسفنجی ( DRI ),تن,105888.0,0.0,,0.0,1402-01,1402
ارفع,آهن و فولاد ارفع,steel,1402/01/31,گزارش فعالیت ماهانه دوره ۱ ماهه منتهی به  ۱۴۰۲/۰۱/۳۱,۱۴۰۲/۰۲/۰۹ ۱۲:۴۲:۳۰,1018306,False,https://excel.codal.ir/service/Excel/GetAll/Kn6cUhmOOObOOOUhno9eZV7LyBGw%3d%3d/0,export,آهن اسفنجی ( DRI ),تن,,0.0,0.0,0.0,1402-01,1402
ارفع,آهن و فولاد ارفع,steel,1402/01/31,گزارش فعالیت ماهانه دوره ۱ ماهه منتهی به  ۱۴۰۲/۰۱/۳۱,۱۴۰۲/۰۲/۰۹ ۱۲:۴۲:۳۰,1018306,False,https://excel.codal.ir/service/Excel/GetAll/Kn6cUhmOOObOOOUhno9eZV7LyBGw%3d%3d/0,domestic,شمش فولادی,تن,87361.0,41607.0,191253130.0,7957469.0,1402-01,1402
ارفع,آهن و فولاد ارفع,steel,1402/01/31,گزارش فعالیت ماهانه دوره ۱ ماهه منتهی به  ۱۴۰۲/۰۱/۳۱,۱۴۰۲/۰۲/۰۹ ۱۲:۴۲:۳۰,1018306,False,https://excel.codal.ir/service/Excel/GetAll/Kn6cUhmOOObOOOUhno9eZV7LyBGw%3d%3d/0,export,شمش فولادی :تن,تن,,0.0,0.0,0.0,1402-01,1402
ارفع,آهن و فولاد ارفع,steel,1402/02/31,گزارش فعالیت ماهانه دوره ۱ ماهه منتهی به  ۱۴۰۲/۰۲/۳۱,۱۴۰۲/۰۳/۰۲ ۲۰:۰۷:۰۷,1030104,False,https://excel.codal.ir/service/Excel/GetAll/kpx0l8Z1nRwy3VI4iSgHAA%3d%3d/0,domestic,آهن اسفنجی ( DRI ),تن,106946.0,0.0,,0.0,1402-02,1402
ارفع,آهن و فولاد ارفع,steel,1402/02/31,گزارش فعالیت ماهانه دوره ۱ ماهه منتهی به  ۱۴۰۲/۰۲/۳۱,۱۴۰۲/۰۳/۰۲ ۲۰:۰۷:۰۷,1030104,False,https://excel.codal.ir/service/Excel/GetAll/kpx0l8Z1nRwy3VI4iSgHAA%3d%3d/0,export,آهن اسفنجی ( DRI ),تن,,,0.0,0.0,1402-02,1402
ارفع,آهن و فولاد ارفع,steel,1402/02/31,گزارش فعالیت ماهانه دوره ۱ ماهه منتهی به  ۱۴۰۲/۰۲/۳۱,۱۴۰۲/۰۳/۰۲ ۲۰:۰۷:۰۷,1030104,False,https://excel.codal.ir/service/Excel/GetAll/kpx0l8Z1nRwy3VI4iSgHAA%3d%3d/0,domestic,شمش فولادی,تن,82067.0,37723.0,205684649.0,7759042.0,1402-02,1402
ارفع,آهن و فولاد ارفع,steel,1402/02/31,گزارش فعالیت ماهانه دوره ۱ ماهه منتهی به  ۱۴۰۲/۰۲/۳۱,۱۴۰۲/۰۳/۰۲ ۲۰:۰۷:۰۷,1030104,False,https://excel.codal.ir/service/Excel/GetAll/kpx0l8Z1nRwy3VI4iSgHAA%3d%3d/0,export,شمش فولادی :تن,تن,,69874.0,229918854.0,16065350.0,1402-02,1402
ارفع,آهن و فولاد ارفع,steel,1402/03/31,گزارش فعالیت ماهانه دوره ۱ ماهه منتهی به  ۱۴۰۲/۰۳/۳۱,۱۴۰۲/۰۴/۰۵ ۱۸:۰۳:۵۴,1045546,False,https://excel.codal.ir/service/Excel/GetAll/Ie2GsPxZQQQaQQQMzahSBvBL7v4w%3d%3d/0,domestic,آهن اسفنجی ( DRI ),تن,105129.0,0.0,,0.0,1402-03,1402
ارفع,آهن و فولاد ارفع,steel,1402/03/31,گزارش فعالیت ماهانه دوره ۱ ماهه منتهی به  ۱۴۰۲/۰۳/۳۱,۱۴۰۲/۰۴/۰۵ ۱۸:۰۳:۵۴,1045546,False,https://excel.codal.ir/service/Excel/GetAll/Ie2GsPxZQQQaQQQMzahSBvBL7v4w%3d%3d/0,export,آهن اسفنجی ( DRI ),تن,0.0,0.0,0.0,0.0,1402-03,1402
ارفع,آهن و فولاد ارفع,steel,1402/03/31,گزارش فعالیت ماهانه دوره ۱ ماهه منتهی به  ۱۴۰۲/۰۳/۳۱,۱۴۰۲/۰۴/۰۵ ۱۸:۰۳:۵۴,1045546,False,https://excel.codal.ir/service/Excel/GetAll/Ie2GsPxZQQQaQQQMzahSBvBL7v4w%3d%3d/0,domestic,شمش فولادی,تن,83191.0,40653.0,205384867.0,8349511.0,1402-03,1402
ارفع,آهن و فولاد ارفع,steel,1402/03/31,گزارش فعالیت ماهانه دوره ۱ ماهه منتهی به  ۱۴۰۲/۰۳/۳۱,۱۴۰۲/۰۴/۰۵ ۱۸:۰۳:۵۴,1045546,False,https://excel.codal.ir/service/Excel/GetAll/Ie2GsPxZQQQaQQQMzahSBvBL7v4w%3d%3d/0,export,شمش فولادی,تن,0.0,44995.0,244995866.0,11023589.0,1402-03,1402
ارفع,آهن و فولاد ارفع,steel,1402/04/31,گزارش فعالیت ماهانه دوره ۱ ماهه منتهی به  ۱۴۰۲/۰۴/۳۱,۱۴۰۲/۰۵/۰۴ ۱۴:۵۴:۳۶,1064207,False,https://excel.codal.ir/service/Excel/GetAll/8Uemp0eCXHG2GX9ULDkZ5A%3d%3d/0,domestic,آهن اسفنجی ( DRI ),تن,107280.0,0.0,,0.0,1402-04,1402
ارفع,آهن و فولاد ارفع,steel,1402/04/31,گزارش فعالیت ماهانه دوره ۱ ماهه منتهی به  ۱۴۰۲/۰۴/۳۱,۱۴۰۲/۰۵/۰۴ ۱۴:۵۴:۳۶,1064207,False,https://excel.codal.ir/service/Excel/GetAll/8Uemp0eCXHG2GX9ULDkZ5A%3d%3d/0,export,آهن اسفنجی ( DRI ),تن,,,0.0,0.0,1402-04,1402
ارفع,آهن و فولاد ارفع,steel,1402/04/31,گزارش فعالیت ماهانه دوره ۱ ماهه منتهی به  ۱۴۰۲/۰۴/۳۱,۱۴۰۲/۰۵/۰۴ ۱۴:۵۴:۳۶,1064207,False,https://excel.codal.ir/service/Excel/GetAll/8Uemp0eCXHG2GX9ULDkZ5A%3d%3d/0,domestic,شمش فولادی,تن,59041.0,32892.0,210828712.0,6934578.0,1402-04,1402
ارفع,آهن و فولاد ارفع,steel,1402/04/31,گزارش فعالیت ماهانه دوره ۱ ماهه منتهی به  ۱۴۰۲/۰۴/۳۱,۱۴۰۲/۰۵/۰۴ ۱۴:۵۴:۳۶,1064207,False,https://excel.codal.ir/service/Excel/GetAll/8Uemp0eCXHG2GX9ULDkZ5A%3d%3d/0,export,شمش فولادی,تن,0.0,29996.0,236248500.0,7086510.0,1402-04,1402
ارفع,آهن و فولاد ارفع,steel,1402/05/31,گزارش فعالیت ماهانه دوره ۱ ماهه منتهی به  ۱۴۰۲/۰۵/۳۱,۱۴۰۲/۰۶/۰۵ ۱۶:۴۰:۳۵,1074713,False,https://excel.codal.ir/service/Excel/GetAll/JynOOObOOOkvtDFp3Y5v6vX8PQQQaQQQCg%3d%3d/0,domestic,آهن اسفنجی ( DRI ),تن,100428.0,0.0,,0.0,1402-05,1402
ارفع,آهن و فولاد ارفع,steel,1402/05/31,گزارش فعالیت ماهانه دوره ۱ ماهه منتهی به  ۱۴۰۲/۰۵/۳۱,۱۴۰۲/۰۶/۰۵ ۱۶:۴۰:۳۵,1074713,False,https://excel.codal.ir/service/Excel/GetAll/JynOOObOOOkvtDFp3Y5v6vX8PQQQaQQQCg%3d%3d/0,export,آهن اسفنجی ( DRI ),تن,0.0,0.0,0.0,0.0,1402-05,1402
ارفع,آهن و فولاد ارفع,steel,1402/05/31,گزارش فعالیت ماهانه دوره ۱ ماهه منتهی به  ۱۴۰۲/۰۵/۳۱,۱۴۰۲/۰۶/۰۵ ۱۶:۴۰:۳۵,1074713,False,https://excel.codal.ir/service/Excel/GetAll/JynOOObOOOkvtDFp3Y5v6vX8PQQQaQQQCg%3d%3d/0,domestic,شمش فولادی,تن,25226.0,21332.0,209715029.0,4473641.0,1402-05,1402
ارفع,آهن و فولاد ارفع,steel,1402/05/31,گزارش فعالیت ماهانه دوره ۱ ماهه منتهی به  ۱۴۰۲/۰۵/۳۱,۱۴۰۲/۰۶/۰۵ ۱۶:۴۰:۳۵,1074713,False,https://excel.codal.ir/service/Excel/GetAll/JynOOObOOOkvtDFp3Y5v6vX8PQQQaQQQCg%3d%3d/0,export,شمش فولادی,تن,0.0,14825.0,252638111.0,3745360.0,1402-05,1402
ارفع,آهن و فولاد ارفع,steel,1402/06/31,گزارش فعالیت ماهانه دوره ۱ ماهه منتهی به  ۱۴۰۲/۰۶/۳۱,۱۴۰۲/۰۷/۰۸ ۱۳:۱۳:۵۱,1087458,False,https://excel.codal.ir/service/Excel/GetAll/8MJxV1uWuzWhqiOT04wnLA%3d%3d/0,domestic,آهن اسفنجی ( DRI ),تن,107720.0,0.0,,0.0,1402-06,1402
ارفع,آهن و فولاد ارفع,steel,1402/06/31,گزارش فعالیت ماهانه دوره ۱ ماهه منتهی به  ۱۴۰۲/۰۶/۳۱,۱۴۰۲/۰۷/۰۸ ۱۳:۱۳:۵۱,1087458,False,https://excel.codal.ir/service/Excel/GetAll/8MJxV1uWuzWhqiOT04wnLA%3d%3d/0,export,آهن اسفنجی ( DRI ),تن,0.0,0.0,0.0,0.0,1402-06,1402
ارفع,آهن و فولاد ارفع,steel,1402/06/31,گزارش فعالیت ماهانه دوره ۱ ماهه منتهی به  ۱۴۰۲/۰۶/۳۱,۱۴۰۲/۰۷/۰۸ ۱۳:۱۳:۵۱,1087458,False,https://excel.codal.ir/service/Excel/GetAll/8MJxV1uWuzWhqiOT04wnLA%3d%3d/0,domestic,شمش فولادی,تن,63544.0,23506.0,227252191.0,5341790.0,1402-06,1402
ارفع,آهن و فولاد ارفع,steel,1402/06/31,گزارش فعالیت ماهانه دوره ۱ ماهه منتهی به  ۱۴۰۲/۰۶/۳۱,۱۴۰۲/۰۷/۰۸ ۱۳:۱۳:۵۱,1087458,False,https://excel.codal.ir/service/Excel/GetAll/8MJxV1uWuzWhqiOT04wnLA%3d%3d/0,export,شمش فولادی,تن,,45494.0,244987559.0,11145464.0,1402-06,1402
ارفع,آهن و فولاد ارفع,steel,1402/07/30,گزارش فعالیت ماهانه دوره ۱ ماهه منتهی به  ۱۴۰۲/۰۷/۳۰,۱۴۰۲/۰۸/۰۶ ۱۳:۳۶:۳۴,1097150,False,https://excel.codal.ir/service/Excel/GetAll/7VQgvVbNOZvbukLCGDGZNQ%3d%3d/0,domestic,آهن اسفنجی ( DRI ),تن,98505.0,0.0,,0.0,1402-07,1402
ارفع,آهن و فولاد ارفع,steel,1402/07/30,گزارش فعالیت ماهانه دوره ۱ ماهه منتهی به  ۱۴۰۲/۰۷/۳۰,۱۴۰۲/۰۸/۰۶ ۱۳:۳۶:۳۴,1097150,False,https://excel.codal.ir/service/Excel/GetAll/7VQgvVbNOZvbukLCGDGZNQ%3d%3d/0,export,آهن اسفنجی ( DRI ),تن,0.0,0.0,0.0,0.0,1402-07,1402
ارفع,آهن و فولاد ارفع,steel,1402/07/30,گزارش فعالیت ماهانه دوره ۱ ماهه منتهی به  ۱۴۰۲/۰۷/۳۰,۱۴۰۲/۰۸/۰۶ ۱۳:۳۶:۳۴,1097150,False,https://excel.codal.ir/service/Excel/GetAll/7VQgvVbNOZvbukLCGDGZNQ%3d%3d/0,domestic,شمش فولادی,تن,90861.0,38123.0,219109461.0,8353110.0,1402-07,1402
ارفع,آهن و فولاد ارفع,steel,1402/07/30,گزارش فعالیت ماهانه دوره ۱ ماهه منتهی به  ۱۴۰۲/۰۷/۳۰,۱۴۰۲/۰۸/۰۶ ۱۳:۳۶:۳۴,1097150,False,https://excel.codal.ir/service/Excel/GetAll/7VQgvVbNOZvbukLCGDGZNQ%3d%3d/0,export,شمش فولادی,تن,0.0,0.0,0.0,0.0,1402-07,1402
ارفع,آهن و فولاد ارفع,steel,1402/08/30,گزارش فعالیت ماهانه دوره ۱ ماهه منتهی به  ۱۴۰۲/۰۸/۳۰,۱۴۰۲/۰۹/۰۵ ۱۵:۲۸:۰۲,1112233,False,https://excel.codal.ir/service/Excel/GetAll/v7fRLseQ4eu8JkcUaRXDTw%3d%3d/0,domestic,آهن اسفنجی ( DRI ),تن,109081.0,0.0,,0.0,1402-08,1402
ارفع,آهن و فولاد ارفع,steel,1402/08/30,گزارش فعالیت ماهانه دوره ۱ ماهه منتهی به  ۱۴۰۲/۰۸/۳۰,۱۴۰۲/۰۹/۰۵ ۱۵:۲۸:۰۲,1112233,False,https://excel.codal.ir/service/Excel/GetAll/v7fRLseQ4eu8JkcUaRXDTw%3d%3d/0,export,آهن اسفنجی ( DRI ),تن,0.0,0.0,0.0,0.0,1402-08,1402
ارفع,آهن و فولاد ارفع,steel,1402/08/30,گزارش فعالیت ماهانه دوره ۱ ماهه منتهی به  ۱۴۰۲/۰۸/۳۰,۱۴۰۲/۰۹/۰۵ ۱۵:۲۸:۰۲,1112233,False,https://excel.codal.ir/service/Excel/GetAll/v7fRLseQ4eu8JkcUaRXDTw%3d%3d/0,domestic,شمش فولادی,تن,81571.0,49055.0,207079645.0,10158292.0,1402-08,1402
ارفع,آهن و فولاد ارفع,steel,1402/08/30,گزارش فعالیت ماهانه دوره ۱ ماهه منتهی به  ۱۴۰۲/۰۸/۳۰,۱۴۰۲/۰۹/۰۵ ۱۵:۲۸:۰۲,1112233,False,https://excel.codal.ir/service/Excel/GetAll/v7fRLseQ4eu8JkcUaRXDTw%3d%3d/0,export,شمش فولادی,تن,0.0,0.0,0.0,0.0,1402-08,1402
ارفع,آهن و فولاد ارفع,steel,1402/11/30,گزارش فعالیت ماهانه دوره ۱ ماهه منتهی به  ۱۴۰۲/۱۱/۳۰,۱۴۰۲/۱۲/۰۸ ۱۳:۲۹:۱۲,1158197,False,https://excel.codal.ir/service/Excel/GetAll/7xi0anbWXsE60tzalAe4OOObOOOg%3d%3d/0,domestic,آهن اسفنجی ( DRI ),تن,22760.0,,,0.0,1402-11,1402
ارفع,آهن و فولاد ارفع,steel,1402/11/30,گزارش فعالیت ماهانه دوره ۱ ماهه منتهی به  ۱۴۰۲/۱۱/۳۰,۱۴۰۲/۱۲/۰۸ ۱۳:۲۹:۱۲,1158197,False,https://excel.codal.ir/service/Excel/GetAll/7xi0anbWXsE60tzalAe4OOObOOOg%3d%3d/0,export,آهن اسفنجی ( DRI ),تن,,,0.0,0.0,1402-11,1402
ارفع,آهن و فولاد ارفع,steel,1402/11/30,گزارش فعالیت ماهانه دوره ۱ ماهه منتهی به  ۱۴۰۲/۱۱/۳۰,۱۴۰۲/۱۲/۰۸ ۱۳:۲۹:۱۲,1158197,False,https://excel.codal.ir/service/Excel/GetAll/7xi0anbWXsE60tzalAe4OOObOOOg%3d%3d/0,domestic,شمش فولادی,تن,59832.0,48976.0,217085777.0,10631993.0,1402-11,1402
ارفع,آهن و فولاد ارفع,steel,1402/11/30,گزارش فعالیت ماهانه دوره ۱ ماهه منتهی به  ۱۴۰۲/۱۱/۳۰,۱۴۰۲/۱۲/۰۸ ۱۳:۲۹:۱۲,1158197,False,https://excel.codal.ir/service/Excel/GetAll/7xi0anbWXsE60tzalAe4OOObOOOg%3d%3d/0,export,شمش فولادی,تن,,34788.0,197941819.0,6886000.0,1402-11,1402
ارفع,آهن و فولاد ارفع,steel,1402/12/29,گزارش فعالیت ماهانه دوره ۱ ماهه منتهی به  ۱۴۰۲/۱۲/۲۹,۱۴۰۳/۰۱/۰۷ ۱۲:۳۸:۵۱,1172202,False,https://excel.codal.ir/service/Excel/GetAll/7eAIYU2P8F9IvJND1WH67w%3d%3d/0,domestic,آهن اسفنجی ( DRI ),تن,53510.0,,,0.0,1402-12,1402
ارفع,آهن و فولاد ارفع,steel,1402/12/29,گزارش فعالیت ماهانه دوره ۱ ماهه منتهی به  ۱۴۰۲/۱۲/۲۹,۱۴۰۳/۰۱/۰۷ ۱۲:۳۸:۵۱,1172202,False,https://excel.codal.ir/service/Excel/GetAll/7eAIYU2P8F9IvJND1WH67w%3d%3d/0,export,آهن اسفنجی ( DRI ),تن,,,0.0,0.0,1402-12,1402
ارفع,آهن و فولاد ارفع,steel,1402/12/29,گزارش فعالیت ماهانه دوره ۱ ماهه منتهی به  ۱۴۰۲/۱۲/۲۹,۱۴۰۳/۰۱/۰۷ ۱۲:۳۸:۵۱,1172202,False,https://excel.codal.ir/service/Excel/GetAll/7eAIYU2P8F9IvJND1WH67w%3d%3d/0,domestic,شمش فولادی,تن,60949.0,52942.0,222363662.0,11772377.0,1402-12,1402
ارفع,آهن و فولاد ارفع,steel,1402/12/29,گزارش فعالیت ماهانه دوره ۱ ماهه منتهی به  ۱۴۰۲/۱۲/۲۹,۱۴۰۳/۰۱/۰۷ ۱۲:۳۸:۵۱,1172202,False,https://excel.codal.ir/service/Excel/GetAll/7eAIYU2P8F9IvJND1WH67w%3d%3d/0,export,شمش فولادی,تن,,,0.0,0.0,1402-12,1402
ارفع,آهن و فولاد ارفع,steel,1403/01/31,گزارش فعالیت ماهانه دوره ۱ ماهه منتهی به  ۱۴۰۳/۰۱/۳۱,۱۴۰۳/۰۲/۰۳ ۱۵:۱۷:۰۴,1180304,False,https://excel.codal.ir/service/Excel/GetAll/CeJZYRRvGSKb1DvND0g47A%3d%3d/0,domestic,آهن اسفنجی ( DRI ),تن,107539.0,,,0.0,1403-01,1403
ارفع,آهن و فولاد ارفع,steel,1403/01/31,گزارش فعالیت ماهانه دوره ۱ ماهه منتهی به  ۱۴۰۳/۰۱/۳۱,۱۴۰۳/۰۲/۰۳ ۱۵:۱۷:۰۴,1180304,False,https://excel.codal.ir/service/Excel/GetAll/CeJZYRRvGSKb1DvND0g47A%3d%3d/0,export,آهن اسفنجی ( DRI ),تن,,,0.0,0.0,1403-01,1403
ارفع,آهن و فولاد ارفع,steel,1403/01/31,گزارش فعالیت ماهانه دوره ۱ ماهه منتهی به  ۱۴۰۳/۰۱/۳۱,۱۴۰۳/۰۲/۰۳ ۱۵:۱۷:۰۴,1180304,False,https://excel.codal.ir/service/Excel/GetAll/CeJZYRRvGSKb1DvND0g47A%3d%3d/0,domestic,شمش فولادی,تن,92244.0,70133.0,230619808.0,16174059.0,1403-01,1403
ارفع,آهن و فولاد ارفع,steel,1403/01/31,گزارش فعالیت ماهانه دوره ۱ ماهه منتهی به  ۱۴۰۳/۰۱/۳۱,۱۴۰۳/۰۲/۰۳ ۱۵:۱۷:۰۴,1180304,False,https://excel.codal.ir/service/Excel/GetAll/CeJZYRRvGSKb1DvND0g47A%3d%3d/0,export,شمش فولادی,تن,,,0.0,0.0,1403-01,1403
ارفع,آهن و فولاد ارفع,steel,1403/02/31,گزارش فعالیت ماهانه دوره ۱ ماهه منتهی به  ۱۴۰۳/۰۲/۳۱,۱۴۰۳/۰۳/۰۷ ۱۳:۰۰:۱۴,1196205,False,https://excel.codal.ir/service/Excel/GetAll/SedE3IWajXydMlwCOKv3ew%3d%3d/0,domestic,آهن اسفنجی ( DRI ),تن,110011.0,,,0.0,1403-02,1403
ارفع,آهن و فولاد ارفع,steel,1403/02/31,گزارش فعالیت ماهانه دوره ۱ ماهه منتهی به  ۱۴۰۳/۰۲/۳۱,۱۴۰۳/۰۳/۰۷ ۱۳:۰۰:۱۴,1196205,False,https://excel.codal.ir/service/Excel/GetAll/SedE3IWajXydMlwCOKv3ew%3d%3d/0,export,آهن اسفنجی ( DRI ),تن,,,0.0,0.0,1403-02,1403
ارفع,آهن و فولاد ارفع,steel,1403/02/31,گزارش فعالیت ماهانه دوره ۱ ماهه منتهی به  ۱۴۰۳/۰۲/۳۱,۱۴۰۳/۰۳/۰۷ ۱۳:۰۰:۱۴,1196205,False,https://excel.codal.ir/service/Excel/GetAll/SedE3IWajXydMlwCOKv3ew%3d%3d/0,domestic,شمش فولادی,تن,93765.0,88116.0,237782298.0,20952425.0,1403-02,1403
ارفع,آهن و فولاد ارفع,steel,1403/02/31,گزارش فعالیت ماهانه دوره ۱ ماهه منتهی به  ۱۴۰۳/۰۲/۳۱,۱۴۰۳/۰۳/۰۷ ۱۳:۰۰:۱۴,1196205,False,https://excel.codal.ir/service/Excel/GetAll/SedE3IWajXydMlwCOKv3ew%3d%3d/0,export,شمش فولادی,تن,,,0.0,0.0,1403-02,1403
ارفع,آهن و فولاد ارفع,steel,1403/03/31,گزارش فعالیت ماهانه دوره ۱ ماهه منتهی به  ۱۴۰۳/۰۳/۳۱,۱۴۰۳/۰۴/۰۴ ۱۱:۱۵:۴۲,1207131,False,https://excel.codal.ir/service/Excel/GetAll/n3UpHYRYWG2kK67UTDNDpg%3d%3d/0,domestic,آهن اسفنجی ( DRI ),تن,108537.0,0.0,,0.0,1403-03,1403
ارفع,آهن و فولاد ارفع,steel,1403/03/31,گزارش فعالیت ماهانه دوره ۱ ماهه منتهی به  ۱۴۰۳/۰۳/۳۱,۱۴۰۳/۰۴/۰۴ ۱۱:۱۵:۴۲,1207131,False,https://excel.codal.ir/service/Excel/GetAll/n3UpHYRYWG2kK67UTDNDpg%3d%3d/0,export,آهن اسفنجی ( DRI ),تن,,,0.0,0.0,1403-03,1403
ارفع,آهن و فولاد ارفع,steel,1403/03/31,گزارش فعالیت ماهانه دوره ۱ ماهه منتهی به  ۱۴۰۳/۰۳/۳۱,۱۴۰۳/۰۴/۰۴ ۱۱:۱۵:۴۲,1207131,False,https://excel.codal.ir/service/Excel/GetAll/n3UpHYRYWG2kK67UTDNDpg%3d%3d/0,domestic,شمش فولادی,تن,67697.0,95628.0,235000209.0,22472600.0,1403-03,1403
ارفع,آهن و فولاد ارفع,steel,1403/03/31,گزارش فعالیت ماهانه دوره ۱ ماهه منتهی به  ۱۴۰۳/۰۳/۳۱,۱۴۰۳/۰۴/۰۴ ۱۱:۱۵:۴۲,1207131,False,https://excel.codal.ir/service/Excel/GetAll/n3UpHYRYWG2kK67UTDNDpg%3d%3d/0,export,شمش فولادی,تن,,,0.0,0.0,1403-03,1403
ارفع,آهن و فولاد ارفع,steel,1403/04/31,گزارش فعالیت ماهانه دوره ۱ ماهه منتهی به  ۱۴۰۳/۰۴/۳۱,۱۴۰۳/۰۵/۰۶ ۰۹:۵۸:۲۸,1225869,False,https://excel.codal.ir/service/Excel/GetAll/mokQQQaQQQaxm6VdjxB8TGhwdiwQ%3d%3d/0,domestic,آهن اسفنجی ( DRI ),تن,102768.0,0.0,,0.0,1403-04,1403
ارفع,آهن و فولاد ارفع,steel,1403/04/31,گزارش فعالیت ماهانه دوره ۱ ماهه منتهی به  ۱۴۰۳/۰۴/۳۱,۱۴۰۳/۰۵/۰۶ ۰۹:۵۸:۲۸,1225869,False,https://excel.codal.ir/service/Excel/GetAll/mokQQQaQQQaxm6VdjxB8TGhwdiwQ%3d%3d/0,export,آهن اسفنجی ( DRI ),تن,,,0.0,0.0,1403-04,1403
ارفع,آهن و فولاد ارفع,steel,1403/04/31,گزارش فعالیت ماهانه دوره ۱ ماهه منتهی به  ۱۴۰۳/۰۴/۳۱,۱۴۰۳/۰۵/۰۶ ۰۹:۵۸:۲۸,1225869,False,https://excel.codal.ir/service/Excel/GetAll/mokQQQaQQQaxm6VdjxB8TGhwdiwQ%3d%3d/0,domestic,شمش فولادی,تن,25854.0,24446.0,233218522.0,5701260.0,1403-04,1403
ارفع,آهن و فولاد ارفع,steel,1403/04/31,گزارش فعالیت ماهانه دوره ۱ ماهه منتهی به  ۱۴۰۳/۰۴/۳۱,۱۴۰۳/۰۵/۰۶ ۰۹:۵۸:۲۸,1225869,False,https://excel.codal.ir/service/Excel/GetAll/mokQQQaQQQaxm6VdjxB8TGhwdiwQ%3d%3d/0,export,شمش فولادی,تن,,,0.0,0.0,1403-04,1403
ارفع,آهن و فولاد ارفع,steel,1403/05/31,گزارش فعالیت ماهانه دوره ۱ ماهه منتهی به  ۱۴۰۳/۰۵/۳۱,۱۴۰۳/۰۶/۰۵ ۱۴:۱۸:۴۹,1238970,False,https://excel.codal.ir/service/Excel/GetAll/qDFG8AN6QQQaQQQ7CkfnQQQaQQQ65hsFqA%3d%3d/0,domestic,آهن اسفنجی ( DRI ),تن,100561.0,0.0,,0.0,1403-05,1403
ارفع,آهن و فولاد ارفع,steel,1403/05/31,گزارش فعالیت ماهانه دوره ۱ ماهه منتهی به  ۱۴۰۳/۰۵/۳۱,۱۴۰۳/۰۶/۰۵ ۱۴:۱۸:۴۹,1238970,False,https://excel.codal.ir/service/Excel/GetAll/qDFG8AN6QQQaQQQ7CkfnQQQaQQQ65hsFqA%3d%3d/0,export,آهن اسفنجی ( DRI ),تن,,,0.0,0.0,1403-05,1403
ارفع,آهن و فولاد ارفع,steel,1403/05/31,گزارش فعالیت ماهانه دوره ۱ ماهه منتهی به  ۱۴۰۳/۰۵/۳۱,۱۴۰۳/۰۶/۰۵ ۱۴:۱۸:۴۹,1238970,False,https://excel.codal.ir/service/Excel/GetAll/qDFG8AN6QQQaQQQ7CkfnQQQaQQQ65hsFqA%3d%3d/0,domestic,شمش فولادی,تن,4766.0,18582.0,227495318.0,4227318.0,1403-05,1403
ارفع,آهن و فولاد ارفع,steel,1403/05/31,گزارش فعالیت ماهانه دوره ۱ ماهه منتهی به  ۱۴۰۳/۰۵/۳۱,۱۴۰۳/۰۶/۰۵ ۱۴:۱۸:۴۹,1238970,False,https://excel.codal.ir/service/Excel/GetAll/qDFG8AN6QQQaQQQ7CkfnQQQaQQQ65hsFqA%3d%3d/0,export,شمش فولادی,تن,,,0.0,0.0,1403-05,1403
ارفع,آهن و فولاد ارفع,steel,1403/06/31,گزارش فعالیت ماهانه دوره ۱ ماهه منتهی به  ۱۴۰۳/۰۶/۳۱,۱۴۰۳/۰۷/۰۴ ۰۸:۲۰:۳۷,1248655,False,https://excel.codal.ir/service/Excel/GetAll/11SsROEORCHCrGEOPL7R3Q%3d%3d/0,domestic,آهن اسفنجی ( DRI ),تن,110757.0,,,0.0,1403-06,1403
ارفع,آهن و فولاد ارفع,steel,1403/06/31,گزارش فعالیت ماهانه دوره ۱ ماهه منتهی به  ۱۴۰۳/۰۶/۳۱,۱۴۰۳/۰۷/۰۴ ۰۸:۲۰:۳۷,1248655,False,https://excel.codal.ir/service/Excel/GetAll/11SsROEORCHCrGEOPL7R3Q%3d%3d/0,export,آهن اسفنجی ( DRI ),تن,,,0.0,0.0,1403-06,1403
ارفع,آهن و فولاد ارفع,steel,1403/06/31,گزارش فعالیت ماهانه دوره ۱ ماهه منتهی به  ۱۴۰۳/۰۶/۳۱,۱۴۰۳/۰۷/۰۴ ۰۸:۲۰:۳۷,1248655,False,https://excel.codal.ir/service/Excel/GetAll/11SsROEORCHCrGEOPL7R3Q%3d%3d/0,domestic,شمش فولادی,تن,56680.0,54489.0,247959919.0,13511088.0,1403-06,1403
ارفع,آهن و فولاد ارفع,steel,1403/06/31,گزارش فعالیت ماهانه دوره ۱ ماهه منتهی به  ۱۴۰۳/۰۶/۳۱,۱۴۰۳/۰۷/۰۴ ۰۸:۲۰:۳۷,1248655,False,https://excel.codal.ir/service/Excel/GetAll/11SsROEORCHCrGEOPL7R3Q%3d%3d/0,export,شمش فولادی,تن,,,0.0,0.0,1403-06,1403
ارفع,آهن و فولاد ارفع,steel,1403/07/30,گزارش فعالیت ماهانه دوره ۱ ماهه منتهی به  ۱۴۰۳/۰۷/۳۰,۱۴۰۳/۰۸/۰۵ ۱۱:۱۰:۲۸,1261393,False,https://excel.codal.ir/service/Excel/GetAll/hjr1luDQToUVoQTUrpLANw%3d%3d/0,domestic,آهن اسفنجی ( DRI ),تن,98579.0,0.0,,0.0,1403-07,1403
ارفع,آهن و فولاد ارفع,steel,1403/07/30,گزارش فعالیت ماهانه دوره ۱ ماهه منتهی به  ۱۴۰۳/۰۷/۳۰,۱۴۰۳/۰۸/۰۵ ۱۱:۱۰:۲۸,1261393,False,https://excel.codal.ir/service/Excel/GetAll/hjr1luDQToUVoQTUrpLANw%3d%3d/0,export,آهن اسفنجی ( DRI ),تن,,,0.0,0.0,1403-07,1403
ارفع,آهن و فولاد ارفع,steel,1403/07/30,گزارش فعالیت ماهانه دوره ۱ ماهه منتهی به  ۱۴۰۳/۰۷/۳۰,۱۴۰۳/۰۸/۰۵ ۱۱:۱۰:۲۸,1261393,False,https://excel.codal.ir/service/Excel/GetAll/hjr1luDQToUVoQTUrpLANw%3d%3d/0,domestic,شمش فولادی,تن,72057.0,65608.0,245490199.0,16106121.0,1403-07,1403
ارفع,آهن و فولاد ارفع,steel,1403/07/30,گزارش فعالیت ماهانه دوره ۱ ماهه منتهی به  ۱۴۰۳/۰۷/۳۰,۱۴۰۳/۰۸/۰۵ ۱۱:۱۰:۲۸,1261393,False,https://excel.codal.ir/service/Excel/GetAll/hjr1luDQToUVoQTUrpLANw%3d%3d/0,export,شمش فولادی,تن,,,0.0,0.0,1403-07,1403
ارفع,آهن و فولاد ارفع,steel,1403/08/30,گزارش فعالیت ماهانه دوره ۱ ماهه منتهی به  ۱۴۰۳/۰۸/۳۰,۱۴۰۳/۰۹/۰۴ ۱۴:۰۵:۵۹,1273885,False,https://excel.codal.ir/service/Excel/GetAll/CNKTK4i65aOOObOOOJgLDWHmVyRA%3d%3d/0,domestic,آهن اسفنجی ( DRI ),تن,75875.0,17311.0,145567732.0,2519923.0,1403-08,1403
ارفع,آهن و فولاد ارفع,steel,1403/08/30,گزارش فعالیت ماهانه دوره ۱ ماهه منتهی به  ۱۴۰۳/۰۸/۳۰,۱۴۰۳/۰۹/۰۴ ۱۴:۰۵:۵۹,1273885,False,https://excel.codal.ir/service/Excel/GetAll/CNKTK4i65aOOObOOOJgLDWHmVyRA%3d%3d/0,export,آهن اسفنجی ( DRI ),تن,,,0.0,0.0,1403-08,1403
ارفع,آهن و فولاد ارفع,steel,1403/08/30,گزارش فعالیت ماهانه دوره ۱ ماهه منتهی به  ۱۴۰۳/۰۸/۳۰,۱۴۰۳/۰۹/۰۴ ۱۴:۰۵:۵۹,1273885,False,https://excel.codal.ir/service/Excel/GetAll/CNKTK4i65aOOObOOOJgLDWHmVyRA%3d%3d/0,domestic,شمش فولادی,تن,70984.0,72457.0,245570877.0,17793329.0,1403-08,1403
ارفع,آهن و فولاد ارفع,steel,1403/08/30,گزارش فعالیت ماهانه دوره ۱ ماهه منتهی به  ۱۴۰۳/۰۸/۳۰,۱۴۰۳/۰۹/۰۴ ۱۴:۰۵:۵۹,1273885,False,https://excel.codal.ir/service/Excel/GetAll/CNKTK4i65aOOObOOOJgLDWHmVyRA%3d%3d/0,export,شمش فولادی,تن,,,0.0,0.0,1403-08,1403
ارفع,آهن و فولاد ارفع,steel,1403/09/30,گزارش فعالیت ماهانه دوره ۱ ماهه منتهی به  ۱۴۰۳/۰۹/۳۰(اصلاحیه),۱۴۰۳/۱۰/۳۰ ۰۹:۱۰:۵۰,1297310,True,https://excel.codal.ir/service/Excel/GetAll/81WKukv6CtZBKxPawIR89A%3d%3d/0,domestic,آهن اسفنجی ( DRI ),تن,58587.0,31290.0,160115053.0,5010000.0,1403-09,1403
ارفع,آهن و فولاد ارفع,steel,1403/09/30,گزارش فعالیت ماهانه دوره ۱ ماهه منتهی به  ۱۴۰۳/۰۹/۳۰(اصلاحیه),۱۴۰۳/۱۰/۳۰ ۰۹:۱۰:۵۰,1297310,True,https://excel.codal.ir/service/Excel/GetAll/81WKukv6CtZBKxPawIR89A%3d%3d/0,export,آهن اسفنجی ( DRI ),تن,,,0.0,0.0,1403-09,1403
ارفع,آهن و فولاد ارفع,steel,1403/09/30,گزارش فعالیت ماهانه دوره ۱ ماهه منتهی به  ۱۴۰۳/۰۹/۳۰(اصلاحیه),۱۴۰۳/۱۰/۳۰ ۰۹:۱۰:۵۰,1297310,True,https://excel.codal.ir/service/Excel/GetAll/81WKukv6CtZBKxPawIR89A%3d%3d/0,domestic,شمش فولادی,تن,71827.0,70718.0,263876114.0,18660791.0,1403-09,1403
ارفع,آهن و فولاد ارفع,steel,1403/09/30,گزارش فعالیت ماهانه دوره ۱ ماهه منتهی به  ۱۴۰۳/۰۹/۳۰(اصلاحیه),۱۴۰۳/۱۰/۳۰ ۰۹:۱۰:۵۰,1297310,True,https://excel.codal.ir/service/Excel/GetAll/81WKukv6CtZBKxPawIR89A%3d%3d/0,export,شمش فولادی,تن,,,0.0,0.0,1403-09,1403
ارفع,آهن و فولاد ارفع,steel,1403/10/30,گزارش فعالیت ماهانه دوره ۱ ماهه منتهی به  ۱۴۰۳/۱۰/۳۰,۱۴۰۳/۱۱/۰۲ ۱۶:۲۳:۰۷,1298802,False,https://excel.codal.ir/service/Excel/GetAll/BSDw7VXHTrUwfxtzZT3QQQaQQQQQ%3d%3d/0,domestic,آهن اسفنجی ( DRI ),تن,49644.0,20738.0,153573488.0,3184807.0,1403-10,1403
ارفع,آهن و فولاد ارفع,steel,1403/10/30,گزارش فعالیت ماهانه دوره ۱ ماهه منتهی به  ۱۴۰۳/۱۰/۳۰,۱۴۰۳/۱۱/۰۲ ۱۶:۲۳:۰۷,1298802,False,https://excel.codal.ir/service/Excel/GetAll/BSDw7VXHTrUwfxtzZT3QQQaQQQQQ%3d%3d/0,export,آهن اسفنجی ( DRI ),تن,,,0.0,0.0,1403-10,1403
ارفع,آهن و فولاد ارفع,steel,1403/10/30,گزارش فعالیت ماهانه دوره ۱ ماهه منتهی به  ۱۴۰۳/۱۰/۳۰,۱۴۰۳/۱۱/۰۲ ۱۶:۲۳:۰۷,1298802,False,https://excel.codal.ir/service/Excel/GetAll/BSDw7VXHTrUwfxtzZT3QQQaQQQQQ%3d%3d/0,domestic,شمش فولادی,تن,51524.0,48130.0,266778205.0,12840035.0,1403-10,1403
ارفع,آهن و فولاد ارفع,steel,1403/10/30,گزارش فعالیت ماهانه دوره ۱ ماهه منتهی به  ۱۴۰۳/۱۰/۳۰,۱۴۰۳/۱۱/۰۲ ۱۶:۲۳:۰۷,1298802,False,https://excel.codal.ir/service/Excel/GetAll/BSDw7VXHTrUwfxtzZT3QQQaQQQQQ%3d%3d/0,export,شمش فولادی,تن,,,0.0,0.0,1403-10,1403
ارفع,آهن و فولاد ارفع,steel,1403/11/30,گزارش فعالیت ماهانه دوره ۱ ماهه منتهی به  ۱۴۰۳/۱۱/۳۰,۱۴۰۳/۱۲/۰۵ ۱۵:۲۹:۳۱,1309762,False,https://excel.codal.ir/service/Excel/GetAll/xGS1ES2T0PObpTq7g8h76A%3d%3d/0,domestic,آهن اسفنجی ( DRI ),تن,17582.0,2841.0,158724745.0,450937.0,1403-11,1403
ارفع,آهن و فولاد ارفع,steel,1403/11/30,گزارش فعالیت ماهانه دوره ۱ ماهه منتهی به  ۱۴۰۳/۱۱/۳۰,۱۴۰۳/۱۲/۰۵ ۱۵:۲۹:۳۱,1309762,False,https://excel.codal.ir/service/Excel/GetAll/xGS1ES2T0PObpTq7g8h76A%3d%3d/0,export,آهن اسفنجی ( DRI ),تن,,,0.0,0.0,1403-11,1403
ارفع,آهن و فولاد ارفع,steel,1403/11/30,گزارش فعالیت ماهانه دوره ۱ ماهه منتهی به  ۱۴۰۳/۱۱/۳۰,۱۴۰۳/۱۲/۰۵ ۱۵:۲۹:۳۱,1309762,False,https://excel.codal.ir/service/Excel/GetAll/xGS1ES2T0PObpTq7g8h76A%3d%3d/0,domestic,شمش فولادی,تن,25164.0,31880.0,275404109.0,8779883.0,1403-11,1403
ارفع,آهن و فولاد ارفع,steel,1403/11/30,گزارش فعالیت ماهانه دوره ۱ ماهه منتهی به  ۱۴۰۳/۱۱/۳۰,۱۴۰۳/۱۲/۰۵ ۱۵:۲۹:۳۱,1309762,False,https://excel.codal.ir/service/Excel/GetAll/xGS1ES2T0PObpTq7g8h76A%3d%3d/0,export,شمش فولادی,تن,,,0.0,0.0,1403-11,1403
ارفع,آهن و فولاد ارفع,steel,1403/12/30,گزارش فعالیت ماهانه دوره ۱ ماهه منتهی به  ۱۴۰۳/۱۲/۳۰(اصلاحیه),۱۴۰۴/۰۱/۳۱ ۱۱:۰۷:۲۸,1332532,True,https://excel.codal.ir/service/Excel/GetAll/9iQmxE9N1tFekU9sAM1QIg%3d%3d/0,domestic,آهن اسفنجی ( DRI ),تن,79703.0,36191.0,168055511.0,6082097.0,1403-12,1403
ارفع,آهن و فولاد ارفع,steel,1403/12/30,گزارش فعالیت ماهانه دوره ۱ ماهه منتهی به  ۱۴۰۳/۱۲/۳۰(اصلاحیه),۱۴۰۴/۰۱/۳۱ ۱۱:۰۷:۲۸,1332532,True,https://excel.codal.ir/service/Excel/GetAll/9iQmxE9N1tFekU9sAM1QIg%3d%3d/0,export,آهن اسفنجی ( DRI ),تن,,,0.0,0.0,1403-12,1403
ارفع,آهن و فولاد ارفع,steel,1403/12/30,گزارش فعالیت ماهانه دوره ۱ ماهه منتهی به  ۱۴۰۳/۱۲/۳۰(اصلاحیه),۱۴۰۴/۰۱/۳۱ ۱۱:۰۷:۲۸,1332532,True,https://excel.codal.ir/service/Excel/GetAll/9iQmxE9N1tFekU9sAM1QIg%3d%3d/0,domestic,شمش فولادی,تن,46010.0,31497.0,300485380.0,9464388.0,1403-12,1403
ارفع,آهن و فولاد ارفع,steel,1403/12/30,گزارش فعالیت ماهانه دوره ۱ ماهه منتهی به  ۱۴۰۳/۱۲/۳۰(اصلاحیه),۱۴۰۴/۰۱/۳۱ ۱۱:۰۷:۲۸,1332532,True,https://excel.codal.ir/service/Excel/GetAll/9iQmxE9N1tFekU9sAM1QIg%3d%3d/0,export,شمش فولادی,تن,,,0.0,0.0,1403-12,1403
ارفع,آهن و فولاد ارفع,steel,1404/01/31,گزارش فعالیت ماهانه دوره ۱ ماهه منتهی به  ۱۴۰۴/۰۱/۳۱,۱۴۰۴/۰۲/۰۶ ۱۶:۳۸:۵۱,1335302,False,https://excel.codal.ir/service/Excel/GetAll/hPKGKmedYJCbRjj8iFJyBg%3d%3d/0,domestic,آهن اسفنجی ( DRI ),تن,104294.0,0.0,,0.0,1404-01,1404
ارفع,آهن و فولاد ارفع,steel,1404/01/31,گزارش فعالیت ماهانه دوره ۱ ماهه منتهی به  ۱۴۰۴/۰۱/۳۱,۱۴۰۴/۰۲/۰۶ ۱۶:۳۸:۵۱,1335302,False,https://excel.codal.ir/service/Excel/GetAll/hPKGKmedYJCbRjj8iFJyBg%3d%3d/0,export,آهن اسفنجی ( DRI ),تن,,,0.0,0.0,1404-01,1404
ارفع,آهن و فولاد ارفع,steel,1404/01/31,گزارش فعالیت ماهانه دوره ۱ ماهه منتهی به  ۱۴۰۴/۰۱/۳۱,۱۴۰۴/۰۲/۰۶ ۱۶:۳۸:۵۱,1335302,False,https://excel.codal.ir/service/Excel/GetAll/hPKGKmedYJCbRjj8iFJyBg%3d%3d/0,domestic,شمش فولادی,تن,95355.0,35010.0,316465381.0,11079453.0,1404-01,1404
ارفع,آهن و فولاد ارفع,steel,1404/01/31,گزارش فعالیت ماهانه دوره ۱ ماهه منتهی به  ۱۴۰۴/۰۱/۳۱,۱۴۰۴/۰۲/۰۶ ۱۶:۳۸:۵۱,1335302,False,https://excel.codal.ir/service/Excel/GetAll/hPKGKmedYJCbRjj8iFJyBg%3d%3d/0,export,شمش فولادی,تن,,,0.0,0.0,1404-01,1404
ارفع,آهن و فولاد ارفع,steel,1404/02/31,گزارش فعالیت ماهانه دوره ۱ ماهه منتهی به  ۱۴۰۴/۰۲/۳۱(اصلاحیه),۱۴۰۴/۰۳/۱۰ ۱۴:۴۱:۲۱,1353147,True,https://excel.codal.ir/service/Excel/GetAll/BLI0xuMj81o0Xvi0O42TiA%3d%3d/0,domestic,آهن اسفنجی ( DRI ),تن,103801.0,0.0,,0.0,1404-02,1404
ارفع,آهن و فولاد ارفع,steel,1404/02/31,گزارش فعالیت ماهانه دوره ۱ ماهه منتهی به  ۱۴۰۴/۰۲/۳۱(اصلاحیه),۱۴۰۴/۰۳/۱۰ ۱۴:۴۱:۲۱,1353147,True,https://excel.codal.ir/service/Excel/GetAll/BLI0xuMj81o0Xvi0O42TiA%3d%3d/0,export,آهن اسفنجی ( DRI ),تن,0.0,0.0,0.0,0.0,1404-02,1404
ارفع,آهن و فولاد ارفع,steel,1404/02/31,گزارش فعالیت ماهانه دوره ۱ ماهه منتهی به  ۱۴۰۴/۰۲/۳۱(اصلاحیه),۱۴۰۴/۰۳/۱۰ ۱۴:۴۱:۲۱,1353147,True,https://excel.codal.ir/service/Excel/GetAll/BLI0xuMj81o0Xvi0O42TiA%3d%3d/0,domestic,شمش فولادی,تن,72235.0,64097.0,309030157.0,19807906.0,1404-02,1404
ارفع,آهن و فولاد ارفع,steel,1404/02/31,گزارش فعالیت ماهانه دوره ۱ ماهه منتهی به  ۱۴۰۴/۰۲/۳۱(اصلاحیه),۱۴۰۴/۰۳/۱۰ ۱۴:۴۱:۲۱,1353147,True,https://excel.codal.ir/service/Excel/GetAll/BLI0xuMj81o0Xvi0O42TiA%3d%3d/0,export,شمش فولادی,تن,0.0,0.0,0.0,0.0,1404-02,1404
ارفع,آهن و فولاد ارفع,steel,1404/03/31,گزارش فعالیت ماهانه دوره ۱ ماهه منتهی به  ۱۴۰۴/۰۳/۳۱(اصلاحیه),۱۴۰۴/۰۴/۱۱ ۱۶:۱۷:۴۳,1365550,True,https://excel.codal.ir/service/Excel/GetAll/3SDaGz21FQQQaQQQUkGWM5xJDoOOObOOOw%3d%3d/0,domestic,آهن اسفنجی ( DRI ),تن,110436.0,0.0,,0.0,1404-03,1404
ارفع,آهن و فولاد ارفع,steel,1404/03/31,گزارش فعالیت ماهانه دوره ۱ ماهه منتهی به  ۱۴۰۴/۰۳/۳۱(اصلاحیه),۱۴۰۴/۰۴/۱۱ ۱۶:۱۷:۴۳,1365550,True,https://excel.codal.ir/service/Excel/GetAll/3SDaGz21FQQQaQQQUkGWM5xJDoOOObOOOw%3d%3d/0,export,آهن اسفنجی ( DRI ),تن,,,0.0,0.0,1404-03,1404
ارفع,آهن و فولاد ارفع,steel,1404/03/31,گزارش فعالیت ماهانه دوره ۱ ماهه منتهی به  ۱۴۰۴/۰۳/۳۱(اصلاحیه),۱۴۰۴/۰۴/۱۱ ۱۶:۱۷:۴۳,1365550,True,https://excel.codal.ir/service/Excel/GetAll/3SDaGz21FQQQaQQQUkGWM5xJDoOOObOOOw%3d%3d/0,domestic,شمش فولادی,تن,30641.0,57381.0,306053781.0,17561672.0,1404-03,1404
ارفع,آهن و فولاد ارفع,steel,1404/03/31,گزارش فعالیت ماهانه دوره ۱ ماهه منتهی به  ۱۴۰۴/۰۳/۳۱(اصلاحیه),۱۴۰۴/۰۴/۱۱ ۱۶:۱۷:۴۳,1365550,True,https://excel.codal.ir/service/Excel/GetAll/3SDaGz21FQQQaQQQUkGWM5xJDoOOObOOOw%3d%3d/0,export,شمش فولادی,تن,,19997.0,290547382.0,5810076.0,1404-03,1404
ارفع,آهن و فولاد ارفع,steel,1404/04/31,گزارش فعالیت ماهانه دوره ۱ ماهه منتهی به  ۱۴۰۴/۰۴/۳۱(اصلاحیه),۱۴۰۴/۰۵/۲۱ ۱۴:۱۲:۳۲,1387629,True,https://excel.codal.ir/service/Excel/GetAll/8q5e1y9hpKw8GomW3WmnKw%3d%3d/0,domestic,آهن اسفنجی ( DRI ),تن,111102.0,,,0.0,1404-04,1404
ارفع,آهن و فولاد ارفع,steel,1404/04/31,گزارش فعالیت ماهانه دوره ۱ ماهه منتهی به  ۱۴۰۴/۰۴/۳۱(اصلاحیه),۱۴۰۴/۰۵/۲۱ ۱۴:۱۲:۳۲,1387629,True,https://excel.codal.ir/service/Excel/GetAll/8q5e1y9hpKw8GomW3WmnKw%3d%3d/0,export,آهن اسفنجی ( DRI ),تن,,,0.0,0.0,1404-04,1404
ارفع,آهن و فولاد ارفع,steel,1404/04/31,گزارش فعالیت ماهانه دوره ۱ ماهه منتهی به  ۱۴۰۴/۰۴/۳۱(اصلاحیه),۱۴۰۴/۰۵/۲۱ ۱۴:۱۲:۳۲,1387629,True,https://excel.codal.ir/service/Excel/GetAll/8q5e1y9hpKw8GomW3WmnKw%3d%3d/0,domestic,شمش فولادی,تن,72886.0,43690.0,319844564.0,13974009.0,1404-04,1404
ارفع,آهن و فولاد ارفع,steel,1404/04/31,گزارش فعالیت ماهانه دوره ۱ ماهه منتهی به  ۱۴۰۴/۰۴/۳۱(اصلاحیه),۱۴۰۴/۰۵/۲۱ ۱۴:۱۲:۳۲,1387629,True,https://excel.codal.ir/service/Excel/GetAll/8q5e1y9hpKw8GomW3WmnKw%3d%3d/0,export,شمش فولادی,تن,,1000.0,293198000.0,293198.0,1404-04,1404
ارفع,آهن و فولاد ارفع,steel,1404/05/31,گزارش فعالیت ماهانه دوره ۱ ماهه منتهی به  ۱۴۰۴/۰۵/۳۱(اصلاحیه),۱۴۰۴/۰۷/۰۲ ۱۳:۴۹:۴۴,1409322,True,https://excel.codal.ir/service/Excel/GetAll/nSGP20q01v3TqtXjFRBEJA%3d%3d/0,domestic,آهن اسفنجی ( DRI ),تن,101668.0,,,0.0,1404-05,1404
ارفع,آهن و فولاد ارفع,steel,1404/05/31,گزارش فعالیت ماهانه دوره ۱ ماهه منتهی به  ۱۴۰۴/۰۵/۳۱(اصلاحیه),۱۴۰۴/۰۷/۰۲ ۱۳:۴۹:۴۴,1409322,True,https://excel.codal.ir/service/Excel/GetAll/nSGP20q01v3TqtXjFRBEJA%3d%3d/0,export,آهن اسفنجی ( DRI ),تن,,,0.0,0.0,1404-05,1404
ارفع,آهن و فولاد ارفع,steel,1404/05/31,گزارش فعالیت ماهانه دوره ۱ ماهه منتهی به  ۱۴۰۴/۰۵/۳۱(اصلاحیه),۱۴۰۴/۰۷/۰۲ ۱۳:۴۹:۴۴,1409322,True,https://excel.codal.ir/service/Excel/GetAll/nSGP20q01v3TqtXjFRBEJA%3d%3d/0,domestic,شمش فولادی,تن,58341.0,87767.0,317766313.0,27889396.0,1404-05,1404
ارفع,آهن و فولاد ارفع,steel,1404/05/31,گزارش فعالیت ماهانه دوره ۱ ماهه منتهی به  ۱۴۰۴/۰۵/۳۱(اصلاحیه),۱۴۰۴/۰۷/۰۲ ۱۳:۴۹:۴۴,1409322,True,https://excel.codal.ir/service/Excel/GetAll/nSGP20q01v3TqtXjFRBEJA%3d%3d/0,export,شمش فولادی,تن,,23998.0,294364322.0,7064155.0,1404-05,1404
ارفع,آهن و فولاد ارفع,steel,1404/06/31,گزارش فعالیت ماهانه دوره ۱ ماهه منتهی به  ۱۴۰۴/۰۶/۳۱(اصلاحیه),۱۴۰۴/۰۷/۳۰ ۰۸:۵۰:۵۵,1423731,True,https://excel.codal.ir/service/Excel/GetAll/PHkJGBQrwEFpQQQaQQQF70pNIAdQ%3d%3d/0,domestic,آهن اسفنجی ( DRI ),تن,107269.0,,,0.0,1404-06,1404
ارفع,آهن و فولاد ارفع,steel,1404/06/31,گزارش فعالیت ماهانه دوره ۱ ماهه منتهی به  ۱۴۰۴/۰۶/۳۱(اصلاحیه),۱۴۰۴/۰۷/۳۰ ۰۸:۵۰:۵۵,1423731,True,https://excel.codal.ir/service/Excel/GetAll/PHkJGBQrwEFpQQQaQQQF70pNIAdQ%3d%3d/0,export,آهن اسفنجی ( DRI ),تن,,,0.0,0.0,1404-06,1404
ارفع,آهن و فولاد ارفع,steel,1404/06/31,گزارش فعالیت ماهانه دوره ۱ ماهه منتهی به  ۱۴۰۴/۰۶/۳۱(اصلاحیه),۱۴۰۴/۰۷/۳۰ ۰۸:۵۰:۵۵,1423731,True,https://excel.codal.ir/service/Excel/GetAll/PHkJGBQrwEFpQQQaQQQF70pNIAdQ%3d%3d/0,domestic,شمش فولادی,تن,72232.0,79763.0,332602736.0,26529392.0,1404-06,1404
ارفع,آهن و فولاد ارفع,steel,1404/06/31,گزارش فعالیت ماهانه دوره ۱ ماهه منتهی به  ۱۴۰۴/۰۶/۳۱(اصلاحیه),۱۴۰۴/۰۷/۳۰ ۰۸:۵۰:۵۵,1423731,True,https://excel.codal.ir/service/Excel/GetAll/PHkJGBQrwEFpQQQaQQQF70pNIAdQ%3d%3d/0,export,شمش فولادی,تن,,5009.0,299163506.0,1498510.0,1404-06,1404
ارفع,آهن و فولاد ارفع,steel,1404/07/30,گزارش فعالیت ماهانه دوره ۱ ماهه منتهی به  ۱۴۰۴/۰۷/۳۰,۱۴۰۴/۰۸/۰۶ ۱۴:۴۶:۴۴,1427527,False,https://excel.codal.ir/service/Excel/GetAll/lR3DGN32khUQQQaQQQDjAIMhztbw%3d%3d/0,domestic,آهن اسفنجی ( DRI ),تن,81179.0,,,0.0,1404-07,1404
ارفع,آهن و فولاد ارفع,steel,1404/07/30,گزارش فعالیت ماهانه دوره ۱ ماهه منتهی به  ۱۴۰۴/۰۷/۳۰,۱۴۰۴/۰۸/۰۶ ۱۴:۴۶:۴۴,1427527,False,https://excel.codal.ir/service/Excel/GetAll/lR3DGN32khUQQQaQQQDjAIMhztbw%3d%3d/0,export,آهن اسفنجی ( DRI ),تن,,,0.0,0.0,1404-07,1404
ارفع,آهن و فولاد ارفع,steel,1404/07/30,گزارش فعالیت ماهانه دوره ۱ ماهه منتهی به  ۱۴۰۴/۰۷/۳۰,۱۴۰۴/۰۸/۰۶ ۱۴:۴۶:۴۴,1427527,False,https://excel.codal.ir/service/Excel/GetAll/lR3DGN32khUQQQaQQQDjAIMhztbw%3d%3d/0,domestic,شمش فولادی,تن,81467.0,69524.0,339448550.0,23599821.0,1404-07,1404
ارفع,آهن و فولاد ارفع,steel,1404/07/30,گزارش فعالیت ماهانه دوره ۱ ماهه منتهی به  ۱۴۰۴/۰۷/۳۰,۱۴۰۴/۰۸/۰۶ ۱۴:۴۶:۴۴,1427527,False,https://excel.codal.ir/service/Excel/GetAll/lR3DGN32khUQQQaQQQDjAIMhztbw%3d%3d/0,export,شمش فولادی,تن,,,0.0,0.0,1404-07,1404
ارفع,آهن و فولاد ارفع,steel,1404/08/30,گزارش فعالیت ماهانه دوره ۱ ماهه منتهی به  ۱۴۰۴/۰۸/۳۰,۱۴۰۴/۰۹/۰۸ ۱۵:۴۱:۴۸,1444104,False,https://excel.codal.ir/service/Excel/GetAll/ZFVN6SPDCSziKpX8EUP5IA%3d%3d/0,domestic,آهن اسفنجی ( DRI ),تن,105203.0,,,0.0,1404-08,1404
ارفع,آهن و فولاد ارفع,steel,1404/08/30,گزارش فعالیت ماهانه دوره ۱ ماهه منتهی به  ۱۴۰۴/۰۸/۳۰,۱۴۰۴/۰۹/۰۸ ۱۵:۴۱:۴۸,1444104,False,https://excel.codal.ir/service/Excel/GetAll/ZFVN6SPDCSziKpX8EUP5IA%3d%3d/0,export,آهن اسفنجی ( DRI ),تن,,,0.0,0.0,1404-08,1404
ارفع,آهن و فولاد ارفع,steel,1404/08/30,گزارش فعالیت ماهانه دوره ۱ ماهه منتهی به  ۱۴۰۴/۰۸/۳۰,۱۴۰۴/۰۹/۰۸ ۱۵:۴۱:۴۸,1444104,False,https://excel.codal.ir/service/Excel/GetAll/ZFVN6SPDCSziKpX8EUP5IA%3d%3d/0,domestic,شمش فولادی,تن,85081.0,72982.0,353551684.0,25802909.0,1404-08,1404
ارفع,آهن و فولاد ارفع,steel,1404/08/30,گزارش فعالیت ماهانه دوره ۱ ماهه منتهی به  ۱۴۰۴/۰۸/۳۰,۱۴۰۴/۰۹/۰۸ ۱۵:۴۱:۴۸,1444104,False,https://excel.codal.ir/service/Excel/GetAll/ZFVN6SPDCSziKpX8EUP5IA%3d%3d/0,export,شمش فولادی,تن,,,0.0,0.0,1404-08,1404
ارفع,آهن و فولاد ارفع,steel,1404/09/30,گزارش فعالیت ماهانه دوره ۱ ماهه منتهی به  ۱۴۰۴/۰۹/۳۰(اصلاحیه),۱۴۰۴/۱۰/۳۰ ۱۷:۵۱:۳۱,1474741,True,https://excel.codal.ir/service/Excel/GetAll/9S4b7zMRabkre2TVPoHfbw%3d%3d/0,domestic,آهن اسفنجی ( DRI ),تن,93906.0,,,0.0,1404-09,1404
ارفع,آهن و فولاد ارفع,steel,1404/09/30,گزارش فعالیت ماهانه دوره ۱ ماهه منتهی به  ۱۴۰۴/۰۹/۳۰(اصلاحیه),۱۴۰۴/۱۰/۳۰ ۱۷:۵۱:۳۱,1474741,True,https://excel.codal.ir/service/Excel/GetAll/9S4b7zMRabkre2TVPoHfbw%3d%3d/0,export,آهن اسفنجی ( DRI ),تن,,,0.0,0.0,1404-09,1404
ارفع,آهن و فولاد ارفع,steel,1404/09/30,گزارش فعالیت ماهانه دوره ۱ ماهه منتهی به  ۱۴۰۴/۰۹/۳۰(اصلاحیه),۱۴۰۴/۱۰/۳۰ ۱۷:۵۱:۳۱,1474741,True,https://excel.codal.ir/service/Excel/GetAll/9S4b7zMRabkre2TVPoHfbw%3d%3d/0,domestic,شمش فولادی,تن,90024.0,98796.0,350015112.0,34580093.0,1404-09,1404
ارفع,آهن و فولاد ارفع,steel,1404/09/30,گزارش فعالیت ماهانه دوره ۱ ماهه منتهی به  ۱۴۰۴/۰۹/۳۰(اصلاحیه),۱۴۰۴/۱۰/۳۰ ۱۷:۵۱:۳۱,1474741,True,https://excel.codal.ir/service/Excel/GetAll/9S4b7zMRabkre2TVPoHfbw%3d%3d/0,export,شمش فولادی,تن,,,0.0,0.0,1404-09,1404
ارفع,آهن و فولاد ارفع,steel,1404/10/30,گزارش فعالیت ماهانه دوره ۱ ماهه منتهی به  ۱۴۰۴/۱۰/۳۰,۱۴۰۴/۱۱/۰۶ ۱۸:۱۷:۱۳,1478426,False,https://excel.codal.ir/service/Excel/GetAll/XJUuswbIhqITZsilE04GMQ%3d%3d/0,domestic,آهن اسفنجی ( DRI ),تن,70729.0,,,0.0,1404-10,1404
ارفع,آهن و فولاد ارفع,steel,1404/10/30,گزارش فعالیت ماهانه دوره ۱ ماهه منتهی به  ۱۴۰۴/۱۰/۳۰,۱۴۰۴/۱۱/۰۶ ۱۸:۱۷:۱۳,1478426,False,https://excel.codal.ir/service/Excel/GetAll/XJUuswbIhqITZsilE04GMQ%3d%3d/0,export,آهن اسفنجی ( DRI ),تن,,,0.0,0.0,1404-10,1404
ارفع,آهن و فولاد ارفع,steel,1404/10/30,گزارش فعالیت ماهانه دوره ۱ ماهه منتهی به  ۱۴۰۴/۱۰/۳۰,۱۴۰۴/۱۱/۰۶ ۱۸:۱۷:۱۳,1478426,False,https://excel.codal.ir/service/Excel/GetAll/XJUuswbIhqITZsilE04GMQ%3d%3d/0,domestic,شمش فولادی,تن,80246.0,83354.0,380555018.0,31720783.0,1404-10,1404
ارفع,آهن و فولاد ارفع,steel,1404/10/30,گزارش فعالیت ماهانه دوره ۱ ماهه منتهی به  ۱۴۰۴/۱۰/۳۰,۱۴۰۴/۱۱/۰۶ ۱۸:۱۷:۱۳,1478426,False,https://excel.codal.ir/service/Excel/GetAll/XJUuswbIhqITZsilE04GMQ%3d%3d/0,export,شمش فولادی,تن,,,0.0,0.0,1404-10,1404
ارفع,آهن و فولاد ارفع,steel,1404/11/30,گزارش فعالیت ماهانه دوره ۱ ماهه منتهی به  ۱۴۰۴/۱۱/۳۰,۱۴۰۴/۱۲/۰۶ ۱۶:۴۷:۰۳,1491969,False,https://excel.codal.ir/service/Excel/GetAll/0mNgwEGWUMsyOOObOOOjn8HJz3Wg%3d%3d/0,domestic,آهن اسفنجی ( DRI ),تن,33010.0,,,0.0,1404-11,1404
ارفع,آهن و فولاد ارفع,steel,1404/11/30,گزارش فعالیت ماهانه دوره ۱ ماهه منتهی به  ۱۴۰۴/۱۱/۳۰,۱۴۰۴/۱۲/۰۶ ۱۶:۴۷:۰۳,1491969,False,https://excel.codal.ir/service/Excel/GetAll/0mNgwEGWUMsyOOObOOOjn8HJz3Wg%3d%3d/0,export,آهن اسفنجی ( DRI ),تن,,,0.0,0.0,1404-11,1404
ارفع,آهن و فولاد ارفع,steel,1404/11/30,گزارش فعالیت ماهانه دوره ۱ ماهه منتهی به  ۱۴۰۴/۱۱/۳۰,۱۴۰۴/۱۲/۰۶ ۱۶:۴۷:۰۳,1491969,False,https://excel.codal.ir/service/Excel/GetAll/0mNgwEGWUMsyOOObOOOjn8HJz3Wg%3d%3d/0,domestic,شمش فولادی,تن,68506.0,64946.0,441260062.0,28658076.0,1404-11,1404
ارفع,آهن و فولاد ارفع,steel,1404/11/30,گزارش فعالیت ماهانه دوره ۱ ماهه منتهی به  ۱۴۰۴/۱۱/۳۰,۱۴۰۴/۱۲/۰۶ ۱۶:۴۷:۰۳,1491969,False,https://excel.codal.ir/service/Excel/GetAll/0mNgwEGWUMsyOOObOOOjn8HJz3Wg%3d%3d/0,export,شمش فولادی,تن,,,0.0,0.0,1404-11,1404
ارفع,آهن و فولاد ارفع,steel,1404/12/29,گزارش فعالیت ماهانه دوره ۱ ماهه منتهی به  ۱۴۰۴/۱۲/۲۹(اصلاحیه),۱۴۰۵/۰۲/۲۳ ۱۴:۲۴:۳۲,1525310,True,https://excel.codal.ir/service/Excel/GetAll/nllOOObOOOTRQQQaQQQmQIZcf1rHQHgj3w%3d%3d/0,domestic,آهن اسفنجی ( DRI ),تن,93117.0,,,0.0,1404-12,1404
ارفع,آهن و فولاد ارفع,steel,1404/12/29,گزارش فعالیت ماهانه دوره ۱ ماهه منتهی به  ۱۴۰۴/۱۲/۲۹(اصلاحیه),۱۴۰۵/۰۲/۲۳ ۱۴:۲۴:۳۲,1525310,True,https://excel.codal.ir/service/Excel/GetAll/nllOOObOOOTRQQQaQQQmQIZcf1rHQHgj3w%3d%3d/0,export,آهن اسفنجی ( DRI ),تن,,,0.0,0.0,1404-12,1404
ارفع,آهن و فولاد ارفع,steel,1404/12/29,گزارش فعالیت ماهانه دوره ۱ ماهه منتهی به  ۱۴۰۴/۱۲/۲۹(اصلاحیه),۱۴۰۵/۰۲/۲۳ ۱۴:۲۴:۳۲,1525310,True,https://excel.codal.ir/service/Excel/GetAll/nllOOObOOOTRQQQaQQQmQIZcf1rHQHgj3w%3d%3d/0,domestic,شمش فولادی,تن,74984.0,43969.0,460744388.0,20258470.0,1404-12,1404
ارفع,آهن و فولاد ارفع,steel,1404/12/29,گزارش فعالیت ماهانه دوره ۱ ماهه منتهی به  ۱۴۰۴/۱۲/۲۹(اصلاحیه),۱۴۰۵/۰۲/۲۳ ۱۴:۲۴:۳۲,1525310,True,https://excel.codal.ir/service/Excel/GetAll/nllOOObOOOTRQQQaQQQmQIZcf1rHQHgj3w%3d%3d/0,export,شمش فولادی,تن,,,0.0,0.0,1404-12,1404
ارفع,آهن و فولاد ارفع,steel,1405/01/31,گزارش فعالیت ماهانه دوره ۱ ماهه منتهی به  ۱۴۰۵/۰۱/۳۱(اصلاحیه),۱۴۰۵/۰۳/۱۷ ۱۰:۳۵:۲۹,1544658,True,https://excel.codal.ir/service/Excel/GetAll/tRjlEYGMFvmo6OOObOOO5OOObOOOJusH6w%3d%3d/0,domestic,آهن اسفنجی ( DRI ),تن,97189.0,,,0.0,1405-01,1405
ارفع,آهن و فولاد ارفع,steel,1405/01/31,گزارش فعالیت ماهانه دوره ۱ ماهه منتهی به  ۱۴۰۵/۰۱/۳۱(اصلاحیه),۱۴۰۵/۰۳/۱۷ ۱۰:۳۵:۲۹,1544658,True,https://excel.codal.ir/service/Excel/GetAll/tRjlEYGMFvmo6OOObOOO5OOObOOOJusH6w%3d%3d/0,export,آهن اسفنجی ( DRI ),تن,,,0.0,0.0,1405-01,1405
ارفع,آهن و فولاد ارفع,steel,1405/01/31,گزارش فعالیت ماهانه دوره ۱ ماهه منتهی به  ۱۴۰۵/۰۱/۳۱(اصلاحیه),۱۴۰۵/۰۳/۱۷ ۱۰:۳۵:۲۹,1544658,True,https://excel.codal.ir/service/Excel/GetAll/tRjlEYGMFvmo6OOObOOO5OOObOOOJusH6w%3d%3d/0,domestic,شمش فولادی,تن,80655.0,54789.0,486055650.0,26630503.0,1405-01,1405
ارفع,آهن و فولاد ارفع,steel,1405/01/31,گزارش فعالیت ماهانه دوره ۱ ماهه منتهی به  ۱۴۰۵/۰۱/۳۱(اصلاحیه),۱۴۰۵/۰۳/۱۷ ۱۰:۳۵:۲۹,1544658,True,https://excel.codal.ir/service/Excel/GetAll/tRjlEYGMFvmo6OOObOOO5OOObOOOJusH6w%3d%3d/0,export,شمش فولادی,تن,,,0.0,0.0,1405-01,1405
ارفع,آهن و فولاد ارفع,steel,1405/02/31,گزارش فعالیت ماهانه دوره ۱ ماهه منتهی به  ۱۴۰۵/۰۲/۳۱(اصلاحیه),۱۴۰۵/۰۳/۱۷ ۱۰:۳۶:۲۹,1544666,True,https://excel.codal.ir/service/Excel/GetAll/oDWci6IxlnQasYXFAq5XRw%3d%3d/0,domestic,آهن اسفنجی ( DRI ),تن,108560.0,,,0.0,1405-02,1405
ارفع,آهن و فولاد ارفع,steel,1405/02/31,گزارش فعالیت ماهانه دوره ۱ ماهه منتهی به  ۱۴۰۵/۰۲/۳۱(اصلاحیه),۱۴۰۵/۰۳/۱۷ ۱۰:۳۶:۲۹,1544666,True,https://excel.codal.ir/service/Excel/GetAll/oDWci6IxlnQasYXFAq5XRw%3d%3d/0,export,آهن اسفنجی ( DRI ),تن,,,0.0,0.0,1405-02,1405
ارفع,آهن و فولاد ارفع,steel,1405/02/31,گزارش فعالیت ماهانه دوره ۱ ماهه منتهی به  ۱۴۰۵/۰۲/۳۱(اصلاحیه),۱۴۰۵/۰۳/۱۷ ۱۰:۳۶:۲۹,1544666,True,https://excel.codal.ir/service/Excel/GetAll/oDWci6IxlnQasYXFAq5XRw%3d%3d/0,domestic,شمش فولادی,تن,93420.0,96603.0,523189125.0,50541639.0,1405-02,1405
ارفع,آهن و فولاد ارفع,steel,1405/02/31,گزارش فعالیت ماهانه دوره ۱ ماهه منتهی به  ۱۴۰۵/۰۲/۳۱(اصلاحیه),۱۴۰۵/۰۳/۱۷ ۱۰:۳۶:۲۹,1544666,True,https://excel.codal.ir/service/Excel/GetAll/oDWci6IxlnQasYXFAq5XRw%3d%3d/0,export,شمش فولادی,تن,,,0.0,0.0,1405-02,1405
ارفع,آهن و فولاد ارفع,steel,1405/03/31,گزارش فعالیت ماهانه دوره ۱ ماهه منتهی به  ۱۴۰۵/۰۳/۳۱(اصلاحیه),۱۴۰۵/۰۴/۲۷ ۱۱:۱۳:۱۱,1569442,True,https://excel.codal.ir/service/Excel/GetAll/U3rG1NCltCTjdEG7dfcfcw%3d%3d/0,domestic,آهن اسفنجی ( DRI ),تن,102755.0,,,0.0,1405-03,1405
ارفع,آهن و فولاد ارفع,steel,1405/03/31,گزارش فعالیت ماهانه دوره ۱ ماهه منتهی به  ۱۴۰۵/۰۳/۳۱(اصلاحیه),۱۴۰۵/۰۴/۲۷ ۱۱:۱۳:۱۱,1569442,True,https://excel.codal.ir/service/Excel/GetAll/U3rG1NCltCTjdEG7dfcfcw%3d%3d/0,export,آهن اسفنجی ( DRI ),تن,,,0.0,0.0,1405-03,1405
ارفع,آهن و فولاد ارفع,steel,1405/03/31,گزارش فعالیت ماهانه دوره ۱ ماهه منتهی به  ۱۴۰۵/۰۳/۳۱(اصلاحیه),۱۴۰۵/۰۴/۲۷ ۱۱:۱۳:۱۱,1569442,True,https://excel.codal.ir/service/Excel/GetAll/U3rG1NCltCTjdEG7dfcfcw%3d%3d/0,domestic,شمش فولادی,تن,90128.0,78428.0,612072946.0,48003657.0,1405-03,1405
ارفع,آهن و فولاد ارفع,steel,1405/03/31,گزارش فعالیت ماهانه دوره ۱ ماهه منتهی به  ۱۴۰۵/۰۳/۳۱(اصلاحیه),۱۴۰۵/۰۴/۲۷ ۱۱:۱۳:۱۱,1569442,True,https://excel.codal.ir/service/Excel/GetAll/U3rG1NCltCTjdEG7dfcfcw%3d%3d/0,export,شمش فولادی,تن,,25902.0,593667555.0,15377177.0,1405-03,1405
فسبزوار,فولاد سبزوار,steel,1400/06/31,گزارش فعالیت ماهانه دوره ۱ ماهه منتهی به ۱۴۰۰/۰۶/۳۱,۱۴۰۰/۰۷/۰۴ ۱۳:۱۲:۵۲,799509,False,https://excel.codal.ir/service/Excel/GetAll/AAcQQQaQQQjznYQ0nO2bW5oJE0hA%3d%3d/0,domestic,آهن اسفنجی,,62839000.0,76465000.0,85133.0,6509689.0,1400-06,1400
فسبزوار,فولاد سبزوار,steel,1400/06/31,گزارش فعالیت ماهانه دوره ۱ ماهه منتهی به ۱۴۰۰/۰۶/۳۱,۱۴۰۰/۰۷/۰۴ ۱۳:۱۲:۵۲,799509,False,https://excel.codal.ir/service/Excel/GetAll/AAcQQQaQQQjznYQ0nO2bW5oJE0hA%3d%3d/0,export,آهن اسفنجی,,,,0.0,0.0,1400-06,1400
فسبزوار,فولاد سبزوار,steel,1400/06/31,گزارش فعالیت ماهانه دوره ۱ ماهه منتهی به ۱۴۰۰/۰۶/۳۱,۱۴۰۰/۰۷/۰۴ ۱۳:۱۲:۵۲,799509,False,https://excel.codal.ir/service/Excel/GetAll/AAcQQQaQQQjznYQ0nO2bW5oJE0hA%3d%3d/0,domestic,بریکت,,0.0,678000.0,37993.0,25759.0,1400-06,1400
فسبزوار,فولاد سبزوار,steel,1400/06/31,گزارش فعالیت ماهانه دوره ۱ ماهه منتهی به ۱۴۰۰/۰۶/۳۱,۱۴۰۰/۰۷/۰۴ ۱۳:۱۲:۵۲,799509,False,https://excel.codal.ir/service/Excel/GetAll/AAcQQQaQQQjznYQ0nO2bW5oJE0hA%3d%3d/0,export,فاین گندله - نرمه (صادراتی),,,,0.0,0.0,1400-06,1400
فسبزوار,فولاد سبزوار,steel,1400/07/30,گزارش فعالیت ماهانه دوره ۱ ماهه منتهی به ۱۴۰۰/۰۷/۳۰,۱۴۰۰/۰۸/۰۴ ۱۳:۵۱:۲۷,810064,False,https://excel.codal.ir/service/Excel/GetAll/TYkA4kpQQQaQQQxmq0ZGQbkwcJwQ%3d%3d/0,domestic,آهن اسفنجی,,66100000.0,109475000.0,80995.0,8866950.0,1400-07,1400
فسبزوار,فولاد سبزوار,steel,1400/07/30,گزارش فعالیت ماهانه دوره ۱ ماهه منتهی به ۱۴۰۰/۰۷/۳۰,۱۴۰۰/۰۸/۰۴ ۱۳:۵۱:۲۷,810064,False,https://excel.codal.ir/service/Excel/GetAll/TYkA4kpQQQaQQQxmq0ZGQbkwcJwQ%3d%3d/0,export,آهن اسفنجی,,,,0.0,0.0,1400-07,1400
فسبزوار,فولاد سبزوار,steel,1400/07/30,گزارش فعالیت ماهانه دوره ۱ ماهه منتهی به ۱۴۰۰/۰۷/۳۰,۱۴۰۰/۰۸/۰۴ ۱۳:۵۱:۲۷,810064,False,https://excel.codal.ir/service/Excel/GetAll/TYkA4kpQQQaQQQxmq0ZGQbkwcJwQ%3d%3d/0,domestic,بریکت,,1852000.0,583000.0,35015.0,20414.0,1400-07,1400
فسبزوار,فولاد سبزوار,steel,1400/07/30,گزارش فعالیت ماهانه دوره ۱ ماهه منتهی به ۱۴۰۰/۰۷/۳۰,۱۴۰۰/۰۸/۰۴ ۱۳:۵۱:۲۷,810064,False,https://excel.codal.ir/service/Excel/GetAll/TYkA4kpQQQaQQQxmq0ZGQbkwcJwQ%3d%3d/0,export,فاین گندله - نرمه (صادراتی),,,,0.0,0.0,1400-07,1400
فسبزوار,فولاد سبزوار,steel,1400/08/30,گزارش فعالیت ماهانه دوره ۱ ماهه منتهی به ۱۴۰۰/۰۸/۳۰,۱۴۰۰/۰۹/۰۴ ۱۰:۲۳:۱۲,821380,False,https://excel.codal.ir/service/Excel/GetAll/CTJ1BkRZTrOOObOOOcrMIbJjcKEQ%3d%3d/0,domestic,آهن اسفنجی,,70610000.0,74609000.0,92425.0,6895720.0,1400-08,1400
فسبزوار,فولاد سبزوار,steel,1400/08/30,گزارش فعالیت ماهانه دوره ۱ ماهه منتهی به ۱۴۰۰/۰۸/۳۰,۱۴۰۰/۰۹/۰۴ ۱۰:۲۳:۱۲,821380,False,https://excel.codal.ir/service/Excel/GetAll/CTJ1BkRZTrOOObOOOcrMIbJjcKEQ%3d%3d/0,export,آهن اسفنجی,,,,0.0,0.0,1400-08,1400
فسبزوار,فولاد سبزوار,steel,1400/08/30,گزارش فعالیت ماهانه دوره ۱ ماهه منتهی به ۱۴۰۰/۰۸/۳۰,۱۴۰۰/۰۹/۰۴ ۱۰:۲۳:۱۲,821380,False,https://excel.codal.ir/service/Excel/GetAll/CTJ1BkRZTrOOObOOOcrMIbJjcKEQ%3d%3d/0,domestic,بریکت,,2410000.0,680000.0,34990.0,23793.0,1400-08,1400
فسبزوار,فولاد سبزوار,steel,1400/08/30,گزارش فعالیت ماهانه دوره ۱ ماهه منتهی به ۱۴۰۰/۰۸/۳۰,۱۴۰۰/۰۹/۰۴ ۱۰:۲۳:۱۲,821380,False,https://excel.codal.ir/service/Excel/GetAll/CTJ1BkRZTrOOObOOOcrMIbJjcKEQ%3d%3d/0,domestic,ضایعات تولیدی,,0.0,4724000.0,17900.0,84559.0,1400-08,1400
فسبزوار,فولاد سبزوار,steel,1400/08/30,گزارش فعالیت ماهانه دوره ۱ ماهه منتهی به ۱۴۰۰/۰۸/۳۰,۱۴۰۰/۰۹/۰۴ ۱۰:۲۳:۱۲,821380,False,https://excel.codal.ir/service/Excel/GetAll/CTJ1BkRZTrOOObOOOcrMIbJjcKEQ%3d%3d/0,export,فاین گندله - نرمه (صادراتی),,,,0.0,0.0,1400-08,1400
فسبزوار,فولاد سبزوار,steel,1400/09/30,گزارش فعالیت ماهانه دوره ۱ ماهه منتهی به ۱۴۰۰/۰۹/۳۰(اصلاحیه),۱۴۰۰/۱۲/۰۲ ۱۳:۵۲:۵۰,855790,True,https://excel.codal.ir/service/Excel/GetAll/wIvizqcIH79kTJqhMBJhFw%3d%3d/0,domestic,آهن اسفنجی,,56219000.0,57933000.0,94656.0,5483716.0,1400-09,1400
فسبزوار,فولاد سبزوار,steel,1400/09/30,گزارش فعالیت ماهانه دوره ۱ ماهه منتهی به ۱۴۰۰/۰۹/۳۰(اصلاحیه),۱۴۰۰/۱۲/۰۲ ۱۳:۵۲:۵۰,855790,True,https://excel.codal.ir/service/Excel/GetAll/wIvizqcIH79kTJqhMBJhFw%3d%3d/0,export,آهن اسفنجی,,,,0.0,0.0,1400-09,1400
فسبزوار,فولاد سبزوار,steel,1400/09/30,گزارش فعالیت ماهانه دوره ۱ ماهه منتهی به ۱۴۰۰/۰۹/۳۰(اصلاحیه),۱۴۰۰/۱۲/۰۲ ۱۳:۵۲:۵۰,855790,True,https://excel.codal.ir/service/Excel/GetAll/wIvizqcIH79kTJqhMBJhFw%3d%3d/0,domestic,بریکت,,2669000.0,587000.0,35002.0,20546.0,1400-09,1400
فسبزوار,فولاد سبزوار,steel,1400/09/30,گزارش فعالیت ماهانه دوره ۱ ماهه منتهی به ۱۴۰۰/۰۹/۳۰(اصلاحیه),۱۴۰۰/۱۲/۰۲ ۱۳:۵۲:۵۰,855790,True,https://excel.codal.ir/service/Excel/GetAll/wIvizqcIH79kTJqhMBJhFw%3d%3d/0,domestic,ضایعات تولیدی,,,258000.0,17891.0,4616.0,1400-09,1400
فسبزوار,فولاد سبزوار,steel,1400/09/30,گزارش فعالیت ماهانه دوره ۱ ماهه منتهی به ۱۴۰۰/۰۹/۳۰(اصلاحیه),۱۴۰۰/۱۲/۰۲ ۱۳:۵۲:۵۰,855790,True,https://excel.codal.ir/service/Excel/GetAll/wIvizqcIH79kTJqhMBJhFw%3d%3d/0,export,فاین گندله - نرمه (صادراتی),,,,0.0,0.0,1400-09,1400
فسبزوار,فولاد سبزوار,steel,1400/10/30,گزارش فعالیت ماهانه دوره ۱ ماهه منتهی به ۱۴۰۰/۱۰/۳۰,۱۴۰۰/۱۱/۰۵ ۱۱:۳۰:۱۲,847964,False,https://excel.codal.ir/service/Excel/GetAll/ZajQKkrHJw7RdVU4x7Fbcw%3d%3d/0,domestic,آهن اسفنجی,تن,2200.0,5673.0,95046889.0,539201.0,1400-10,1400
فسبزوار,فولاد سبزوار,steel,1400/10/30,گزارش فعالیت ماهانه دوره ۱ ماهه منتهی به ۱۴۰۰/۱۰/۳۰,۱۴۰۰/۱۱/۰۵ ۱۱:۳۰:۱۲,847964,False,https://excel.codal.ir/service/Excel/GetAll/ZajQKkrHJw7RdVU4x7Fbcw%3d%3d/0,domestic,محصولات فرعی,تن,0.0,0.0,,0.0,1400-10,1400
فسبزوار,فولاد سبزوار,steel,1400/11/30,گزارش فعالیت ماهانه دوره ۱ ماهه منتهی به ۱۴۰۰/۱۱/۳۰,۱۴۰۰/۱۲/۰۴ ۱۱:۳۰:۴۲,856578,False,https://excel.codal.ir/service/Excel/GetAll/DWYouSHDOOObOOOrK3jhOlRYG07A%3d%3d/0,domestic,آهن اسفنجی,تن,0.0,0.0,,0.0,1400-11,1400
فسبزوار,فولاد سبزوار,steel,1400/11/30,گزارش فعالیت ماهانه دوره ۱ ماهه منتهی به ۱۴۰۰/۱۱/۳۰,۱۴۰۰/۱۲/۰۴ ۱۱:۳۰:۴۲,856578,False,https://excel.codal.ir/service/Excel/GetAll/DWYouSHDOOObOOOrK3jhOlRYG07A%3d%3d/0,domestic,بریکت,تن,0.0,0.0,,0.0,1400-11,1400
فسبزوار,فولاد سبزوار,steel,1400/11/30,گزارش فعالیت ماهانه دوره ۱ ماهه منتهی به ۱۴۰۰/۱۱/۳۰,۱۴۰۰/۱۲/۰۴ ۱۱:۳۰:۴۲,856578,False,https://excel.codal.ir/service/Excel/GetAll/DWYouSHDOOObOOOrK3jhOlRYG07A%3d%3d/0,domestic,محصولات فرعی,تن,0.0,0.0,,0.0,1400-11,1400
فسبزوار,فولاد سبزوار,steel,1400/12/29,گزارش فعالیت ماهانه دوره ۱ ماهه منتهی به  ۱۴۰۰/۱۲/۲۹(اصلاحیه),۱۴۰۱/۰۱/۳۱ ۰۱:۴۳:۲۱,872637,True,https://excel.codal.ir/service/Excel/GetAll/OOObOOOC7PDEIxwpx7XbJTdU7lCQ%3d%3d/0,domestic,آهن اسفنجی,تن,72235.0,66115.0,96261166.0,6364307.0,1400-12,1400
فسبزوار,فولاد سبزوار,steel,1400/12/29,گزارش فعالیت ماهانه دوره ۱ ماهه منتهی به  ۱۴۰۰/۱۲/۲۹(اصلاحیه),۱۴۰۱/۰۱/۳۱ ۰۱:۴۳:۲۱,872637,True,https://excel.codal.ir/service/Excel/GetAll/OOObOOOC7PDEIxwpx7XbJTdU7lCQ%3d%3d/0,domestic,بریکت,تن,1803.0,26.0,37923077.0,986.0,1400-12,1400
فسبزوار,فولاد سبزوار,steel,1400/12/29,گزارش فعالیت ماهانه دوره ۱ ماهه منتهی به  ۱۴۰۰/۱۲/۲۹(اصلاحیه),۱۴۰۱/۰۱/۳۱ ۰۱:۴۳:۲۱,872637,True,https://excel.codal.ir/service/Excel/GetAll/OOObOOOC7PDEIxwpx7XbJTdU7lCQ%3d%3d/0,domestic,محصولات فرعی,تن,2170.0,0.0,,0.0,1400-12,1400
فسبزوار,فولاد سبزوار,steel,1401/01/31,گزارش فعالیت ماهانه دوره ۱ ماهه منتهی به  ۱۴۰۱/۰۱/۳۱,۱۴۰۱/۰۲/۰۴ ۱۷:۱۷:۱۱,872640,False,https://excel.codal.ir/service/Excel/GetAll/Mr4XUAHoKdI6gHBOiBfy2g%3d%3d/0,domestic,آهن اسفنجی,تن,83315.0,66156.0,102658156.0,6791453.0,1401-01,1401
فسبزوار,فولاد سبزوار,steel,1401/01/31,گزارش فعالیت ماهانه دوره ۱ ماهه منتهی به  ۱۴۰۱/۰۱/۳۱,۱۴۰۱/۰۲/۰۴ ۱۷:۱۷:۱۱,872640,False,https://excel.codal.ir/service/Excel/GetAll/Mr4XUAHoKdI6gHBOiBfy2g%3d%3d/0,domestic,بریکت,تن,1415.0,48.0,34937500.0,1677.0,1401-01,1401
فسبزوار,فولاد سبزوار,steel,1401/01/31,گزارش فعالیت ماهانه دوره ۱ ماهه منتهی به  ۱۴۰۱/۰۱/۳۱,۱۴۰۱/۰۲/۰۴ ۱۷:۱۷:۱۱,872640,False,https://excel.codal.ir/service/Excel/GetAll/Mr4XUAHoKdI6gHBOiBfy2g%3d%3d/0,domestic,محصولات فرعی,تن,2585.0,0.0,,0.0,1401-01,1401
فسبزوار,فولاد سبزوار,steel,1401/02/31,گزارش فعالیت ماهانه دوره ۱ ماهه منتهی به  ۱۴۰۱/۰۲/۳۱,۱۴۰۱/۰۳/۰۳ ۰۹:۵۵:۱۴,886556,False,https://excel.codal.ir/service/Excel/GetAll/84dQ18S6D56rAiYX4DxqTA%3d%3d/0,domestic,آهن اسفنجی,تن,76194.0,78233.0,103438140.0,8092276.0,1401-02,1401
فسبزوار,فولاد سبزوار,steel,1401/02/31,گزارش فعالیت ماهانه دوره ۱ ماهه منتهی به  ۱۴۰۱/۰۲/۳۱,۱۴۰۱/۰۳/۰۳ ۰۹:۵۵:۱۴,886556,False,https://excel.codal.ir/service/Excel/GetAll/84dQ18S6D56rAiYX4DxqTA%3d%3d/0,domestic,بریکت,تن,700.0,0.0,,0.0,1401-02,1401
فسبزوار,فولاد سبزوار,steel,1401/02/31,گزارش فعالیت ماهانه دوره ۱ ماهه منتهی به  ۱۴۰۱/۰۲/۳۱,۱۴۰۱/۰۳/۰۳ ۰۹:۵۵:۱۴,886556,False,https://excel.codal.ir/service/Excel/GetAll/84dQ18S6D56rAiYX4DxqTA%3d%3d/0,domestic,محصولات فرعی,تن,2321.0,0.0,,0.0,1401-02,1401
فسبزوار,فولاد سبزوار,steel,1401/03/31,گزارش فعالیت ماهانه دوره ۱ ماهه منتهی به  ۱۴۰۱/۰۳/۳۱(اصلاحیه),۱۴۰۱/۰۴/۲۹ ۱۰:۵۶:۴۴,914921,True,https://excel.codal.ir/service/Excel/GetAll/Dz4mKeIQQQaQQQNOOObOOOZKL0NBqsHV6g%3d%3d/0,domestic,آهن اسفنجی,تن,52740.0,69107.0,96261913.0,6652372.0,1401-03,1401
فسبزوار,فولاد سبزوار,steel,1401/03/31,گزارش فعالیت ماهانه دوره ۱ ماهه منتهی به  ۱۴۰۱/۰۳/۳۱(اصلاحیه),۱۴۰۱/۰۴/۲۹ ۱۰:۵۶:۴۴,914921,True,https://excel.codal.ir/service/Excel/GetAll/Dz4mKeIQQQaQQQNOOObOOOZKL0NBqsHV6g%3d%3d/0,domestic,بریکت,تن,0.0,25.0,35000000.0,875.0,1401-03,1401
فسبزوار,فولاد سبزوار,steel,1401/03/31,گزارش فعالیت ماهانه دوره ۱ ماهه منتهی به  ۱۴۰۱/۰۳/۳۱(اصلاحیه),۱۴۰۱/۰۴/۲۹ ۱۰:۵۶:۴۴,914921,True,https://excel.codal.ir/service/Excel/GetAll/Dz4mKeIQQQaQQQNOOObOOOZKL0NBqsHV6g%3d%3d/0,domestic,محصولات فرعی,تن,2107.0,0.0,,0.0,1401-03,1401
فسبزوار,فولاد سبزوار,steel,1401/04/31,گزارش فعالیت ماهانه دوره ۱ ماهه منتهی به  ۱۴۰۱/۰۴/۳۱,۱۴۰۱/۰۵/۲۵ ۱۳:۵۷:۰۷,918656,False,https://excel.codal.ir/service/Excel/GetAll/Q5I4AEwPVOL78X1CyJfYYA%3d%3d/0,domestic,آهن اسفنجی,تن,60258.0,22694.0,86260289.0,1957591.0,1401-04,1401
فسبزوار,فولاد سبزوار,steel,1401/04/31,گزارش فعالیت ماهانه دوره ۱ ماهه منتهی به  ۱۴۰۱/۰۴/۳۱,۱۴۰۱/۰۵/۲۵ ۱۳:۵۷:۰۷,918656,False,https://excel.codal.ir/service/Excel/GetAll/Q5I4AEwPVOL78X1CyJfYYA%3d%3d/0,domestic,بریکت,تن,0.0,25.0,35000000.0,875.0,1401-04,1401
فسبزوار,فولاد سبزوار,steel,1401/04/31,گزارش فعالیت ماهانه دوره ۱ ماهه منتهی به  ۱۴۰۱/۰۴/۳۱,۱۴۰۱/۰۵/۲۵ ۱۳:۵۷:۰۷,918656,False,https://excel.codal.ir/service/Excel/GetAll/Q5I4AEwPVOL78X1CyJfYYA%3d%3d/0,domestic,محصولات فرعی,تن,1981.0,0.0,,0.0,1401-04,1401
فسبزوار,فولاد سبزوار,steel,1401/05/31,گزارش فعالیت ماهانه دوره ۱ ماهه منتهی به  ۱۴۰۱/۰۵/۳۱,۱۴۰۱/۰۶/۰۲ ۱۴:۴۷:۳۱,928751,False,https://excel.codal.ir/service/Excel/GetAll/RdQQQaQQQsrloZPNJHzUY5XtFQdA%3d%3d/0,domestic,آهن اسفنجی,تن,43500.0,61151.0,80198182.0,4904199.0,1401-05,1401
فسبزوار,فولاد سبزوار,steel,1401/05/31,گزارش فعالیت ماهانه دوره ۱ ماهه منتهی به  ۱۴۰۱/۰۵/۳۱,۱۴۰۱/۰۶/۰۲ ۱۴:۴۷:۳۱,928751,False,https://excel.codal.ir/service/Excel/GetAll/RdQQQaQQQsrloZPNJHzUY5XtFQdA%3d%3d/0,domestic,بریکت,تن,0.0,25.0,35000000.0,875.0,1401-05,1401
فسبزوار,فولاد سبزوار,steel,1401/05/31,گزارش فعالیت ماهانه دوره ۱ ماهه منتهی به  ۱۴۰۱/۰۵/۳۱,۱۴۰۱/۰۶/۰۲ ۱۴:۴۷:۳۱,928751,False,https://excel.codal.ir/service/Excel/GetAll/RdQQQaQQQsrloZPNJHzUY5XtFQdA%3d%3d/0,domestic,محصولات فرعی,تن,1650.0,0.0,,0.0,1401-05,1401
فسبزوار,فولاد سبزوار,steel,1401/06/31,گزارش فعالیت ماهانه دوره ۱ ماهه منتهی به  ۱۴۰۱/۰۶/۳۱,۱۴۰۱/۰۷/۰۳ ۱۶:۱۳:۲۶,941029,False,https://excel.codal.ir/service/Excel/GetAll/6YOexQFbd9rvs6bIIHyjRQ%3d%3d/0,domestic,آهن اسفنجی,تن,73064.0,67574.0,76631012.0,5178264.0,1401-06,1401
فسبزوار,فولاد سبزوار,steel,1401/06/31,گزارش فعالیت ماهانه دوره ۱ ماهه منتهی به  ۱۴۰۱/۰۶/۳۱,۱۴۰۱/۰۷/۰۳ ۱۶:۱۳:۲۶,941029,False,https://excel.codal.ir/service/Excel/GetAll/6YOexQFbd9rvs6bIIHyjRQ%3d%3d/0,domestic,بریکت,تن,0.0,25.0,35000000.0,875.0,1401-06,1401
فسبزوار,فولاد سبزوار,steel,1401/06/31,گزارش فعالیت ماهانه دوره ۱ ماهه منتهی به  ۱۴۰۱/۰۶/۳۱,۱۴۰۱/۰۷/۰۳ ۱۶:۱۳:۲۶,941029,False,https://excel.codal.ir/service/Excel/GetAll/6YOexQFbd9rvs6bIIHyjRQ%3d%3d/0,domestic,محصولات فرعی,تن,2606.0,0.0,,0.0,1401-06,1401
فسبزوار,فولاد سبزوار,steel,1401/07/30,گزارش فعالیت ماهانه دوره ۱ ماهه منتهی به  ۱۴۰۱/۰۷/۳۰,۱۴۰۱/۰۸/۰۳ ۱۶:۵۷:۰۱,950455,False,https://excel.codal.ir/service/Excel/GetAll/vQ3d5Z2vYFrgBROfqD8Y6A%3d%3d/0,domestic,آهن اسفنجی,تن,65220.0,77394.0,78999587.0,6114094.0,1401-07,1401
فسبزوار,فولاد سبزوار,steel,1401/07/30,گزارش فعالیت ماهانه دوره ۱ ماهه منتهی به  ۱۴۰۱/۰۷/۳۰,۱۴۰۱/۰۸/۰۳ ۱۶:۵۷:۰۱,950455,False,https://excel.codal.ir/service/Excel/GetAll/vQ3d5Z2vYFrgBROfqD8Y6A%3d%3d/0,domestic,بریکت,تن,0.0,50.0,35000000.0,1750.0,1401-07,1401
فسبزوار,فولاد سبزوار,steel,1401/07/30,گزارش فعالیت ماهانه دوره ۱ ماهه منتهی به  ۱۴۰۱/۰۷/۳۰,۱۴۰۱/۰۸/۰۳ ۱۶:۵۷:۰۱,950455,False,https://excel.codal.ir/service/Excel/GetAll/vQ3d5Z2vYFrgBROfqD8Y6A%3d%3d/0,domestic,محصولات فرعی,تن,2284.0,0.0,,0.0,1401-07,1401
فسبزوار,فولاد سبزوار,steel,1401/08/30,گزارش فعالیت ماهانه دوره ۱ ماهه منتهی به  ۱۴۰۱/۰۸/۳۰,۱۴۰۱/۰۹/۰۴ ۱۶:۱۱:۱۲,962883,False,https://excel.codal.ir/service/Excel/GetAll/f2vt1E1xvd6BFzIwtq5cgg%3d%3d/0,domestic,آهن اسفنجی,تن,77375.0,63274.0,87126687.0,5512854.0,1401-08,1401
فسبزوار,فولاد سبزوار,steel,1401/08/30,گزارش فعالیت ماهانه دوره ۱ ماهه منتهی به  ۱۴۰۱/۰۸/۳۰,۱۴۰۱/۰۹/۰۴ ۱۶:۱۱:۱۲,962883,False,https://excel.codal.ir/service/Excel/GetAll/f2vt1E1xvd6BFzIwtq5cgg%3d%3d/0,domestic,بریکت,تن,45.0,50.0,35000000.0,1750.0,1401-08,1401
فسبزوار,فولاد سبزوار,steel,1401/08/30,گزارش فعالیت ماهانه دوره ۱ ماهه منتهی به  ۱۴۰۱/۰۸/۳۰,۱۴۰۱/۰۹/۰۴ ۱۶:۱۱:۱۲,962883,False,https://excel.codal.ir/service/Excel/GetAll/f2vt1E1xvd6BFzIwtq5cgg%3d%3d/0,export,فاین گندله - نرمه (صادراتی),تن,,,0.0,0.0,1401-08,1401
فسبزوار,فولاد سبزوار,steel,1401/08/30,گزارش فعالیت ماهانه دوره ۱ ماهه منتهی به  ۱۴۰۱/۰۸/۳۰,۱۴۰۱/۰۹/۰۴ ۱۶:۱۱:۱۲,962883,False,https://excel.codal.ir/service/Excel/GetAll/f2vt1E1xvd6BFzIwtq5cgg%3d%3d/0,domestic,محصولات فرعی,تن,3095.0,0.0,,0.0,1401-08,1401
فسبزوار,فولاد سبزوار,steel,1401/09/30,گزارش فعالیت ماهانه دوره ۱ ماهه منتهی به  ۱۴۰۱/۰۹/۳۰,۱۴۰۱/۱۰/۰۴ ۱۶:۳۱:۱۰,974182,False,https://excel.codal.ir/service/Excel/GetAll/cmPUQPEIQQQaQQQYeCjoFcFdszbg%3d%3d/0,domestic,آهن اسفنجی,تن,34968.0,60342.0,90882752.0,5484047.0,1401-09,1401
فسبزوار,فولاد سبزوار,steel,1401/09/30,گزارش فعالیت ماهانه دوره ۱ ماهه منتهی به  ۱۴۰۱/۰۹/۳۰,۱۴۰۱/۱۰/۰۴ ۱۶:۳۱:۱۰,974182,False,https://excel.codal.ir/service/Excel/GetAll/cmPUQPEIQQQaQQQYeCjoFcFdszbg%3d%3d/0,domestic,بریکت,تن,687.0,25.0,35040000.0,876.0,1401-09,1401
فسبزوار,فولاد سبزوار,steel,1401/09/30,گزارش فعالیت ماهانه دوره ۱ ماهه منتهی به  ۱۴۰۱/۰۹/۳۰,۱۴۰۱/۱۰/۰۴ ۱۶:۳۱:۱۰,974182,False,https://excel.codal.ir/service/Excel/GetAll/cmPUQPEIQQQaQQQYeCjoFcFdszbg%3d%3d/0,export,فاین گندله - نرمه (صادراتی),تن,,,0.0,0.0,1401-09,1401
فسبزوار,فولاد سبزوار,steel,1401/09/30,گزارش فعالیت ماهانه دوره ۱ ماهه منتهی به  ۱۴۰۱/۰۹/۳۰,۱۴۰۱/۱۰/۰۴ ۱۶:۳۱:۱۰,974182,False,https://excel.codal.ir/service/Excel/GetAll/cmPUQPEIQQQaQQQYeCjoFcFdszbg%3d%3d/0,domestic,محصولات فرعی,تن,3097.0,0.0,,0.0,1401-09,1401
فسبزوار,فولاد سبزوار,steel,1401/10/30,گزارش فعالیت ماهانه دوره ۱ ماهه منتهی به  ۱۴۰۱/۱۰/۳۰,۱۴۰۱/۱۱/۰۴ ۱۰:۵۱:۴۴,986076,False,https://excel.codal.ir/service/Excel/GetAll/FZvgQQQaQQQ6H7mhSe1jYjRchCbw%3d%3d/0,domestic,آهن اسفنجی,تن,1235.0,3143.0,115069679.0,361664.0,1401-10,1401
فسبزوار,فولاد سبزوار,steel,1401/10/30,گزارش فعالیت ماهانه دوره ۱ ماهه منتهی به  ۱۴۰۱/۱۰/۳۰,۱۴۰۱/۱۱/۰۴ ۱۰:۵۱:۴۴,986076,False,https://excel.codal.ir/service/Excel/GetAll/FZvgQQQaQQQ6H7mhSe1jYjRchCbw%3d%3d/0,domestic,بریکت,تن,0.0,0.0,,0.0,1401-10,1401
فسبزوار,فولاد سبزوار,steel,1401/10/30,گزارش فعالیت ماهانه دوره ۱ ماهه منتهی به  ۱۴۰۱/۱۰/۳۰,۱۴۰۱/۱۱/۰۴ ۱۰:۵۱:۴۴,986076,False,https://excel.codal.ir/service/Excel/GetAll/FZvgQQQaQQQ6H7mhSe1jYjRchCbw%3d%3d/0,domestic,محصولات فرعی,تن,28.0,0.0,,0.0,1401-10,1401
فسبزوار,فولاد سبزوار,steel,1401/11/30,گزارش فعالیت ماهانه دوره ۱ ماهه منتهی به  ۱۴۰۱/۱۱/۳۰,۱۴۰۱/۱۲/۰۴ ۱۹:۳۸:۰۵,996520,False,https://excel.codal.ir/service/Excel/GetAll/uEIJu0ifPh0bLQhSfDLhWQ%3d%3d/0,domestic,آهن اسفنجی,تن,0.0,12812.0,123230799.0,1578833.0,1401-11,1401
فسبزوار,فولاد سبزوار,steel,1401/11/30,گزارش فعالیت ماهانه دوره ۱ ماهه منتهی به  ۱۴۰۱/۱۱/۳۰,۱۴۰۱/۱۲/۰۴ ۱۹:۳۸:۰۵,996520,False,https://excel.codal.ir/service/Excel/GetAll/uEIJu0ifPh0bLQhSfDLhWQ%3d%3d/0,domestic,بریکت,تن,,,,0.0,1401-11,1401
فسبزوار,فولاد سبزوار,steel,1401/11/30,گزارش فعالیت ماهانه دوره ۱ ماهه منتهی به  ۱۴۰۱/۱۱/۳۰,۱۴۰۱/۱۲/۰۴ ۱۹:۳۸:۰۵,996520,False,https://excel.codal.ir/service/Excel/GetAll/uEIJu0ifPh0bLQhSfDLhWQ%3d%3d/0,domestic,محصولات فرعی,تن,,,,0.0,1401-11,1401
فسبزوار,فولاد سبزوار,steel,1401/12/29,گزارش فعالیت ماهانه دوره ۱ ماهه منتهی به  ۱۴۰۱/۱۲/۲۹(اصلاحیه),۱۴۰۲/۰۱/۳۰ ۱۱:۴۲:۰۲,1015010,True,https://excel.codal.ir/service/Excel/GetAll/TR43WXJHeRyG0VqETBUIHQ%3d%3d/0,domestic,آهن اسفنجی,تن,49164.0,40816.0,131105767.0,5351213.0,1401-12,1401
فسبزوار,فولاد سبزوار,steel,1401/12/29,گزارش فعالیت ماهانه دوره ۱ ماهه منتهی به  ۱۴۰۱/۱۲/۲۹(اصلاحیه),۱۴۰۲/۰۱/۳۰ ۱۱:۴۲:۰۲,1015010,True,https://excel.codal.ir/service/Excel/GetAll/TR43WXJHeRyG0VqETBUIHQ%3d%3d/0,domestic,بریکت,تن,0.0,0.0,,0.0,1401-12,1401
فسبزوار,فولاد سبزوار,steel,1401/12/29,گزارش فعالیت ماهانه دوره ۱ ماهه منتهی به  ۱۴۰۱/۱۲/۲۹(اصلاحیه),۱۴۰۲/۰۱/۳۰ ۱۱:۴۲:۰۲,1015010,True,https://excel.codal.ir/service/Excel/GetAll/TR43WXJHeRyG0VqETBUIHQ%3d%3d/0,domestic,محصولات فرعی,تن,1159.0,0.0,,0.0,1401-12,1401
فسبزوار,فولاد سبزوار,steel,1402/01/31,گزارش فعالیت ماهانه دوره ۱ ماهه منتهی به  ۱۴۰۲/۰۱/۳۱,۱۴۰۲/۰۲/۰۵ ۱۰:۰۰:۲۷,1016287,False,https://excel.codal.ir/service/Excel/GetAll/Ankd3eAlqC2RxnFeAJHLUA%3d%3d/0,domestic,آهن اسفنجی,تن,83406.0,52794.0,111550366.0,5889190.0,1402-01,1402
فسبزوار,فولاد سبزوار,steel,1402/01/31,گزارش فعالیت ماهانه دوره ۱ ماهه منتهی به  ۱۴۰۲/۰۱/۳۱,۱۴۰۲/۰۲/۰۵ ۱۰:۰۰:۲۷,1016287,False,https://excel.codal.ir/service/Excel/GetAll/Ankd3eAlqC2RxnFeAJHLUA%3d%3d/0,domestic,بریکت,تن,,,,0.0,1402-01,1402
فسبزوار,فولاد سبزوار,steel,1402/01/31,گزارش فعالیت ماهانه دوره ۱ ماهه منتهی به  ۱۴۰۲/۰۱/۳۱,۱۴۰۲/۰۲/۰۵ ۱۰:۰۰:۲۷,1016287,False,https://excel.codal.ir/service/Excel/GetAll/Ankd3eAlqC2RxnFeAJHLUA%3d%3d/0,domestic,محصولات فرعی,تن,2208.0,,,0.0,1402-01,1402
فسبزوار,فولاد سبزوار,steel,1402/02/31,گزارش فعالیت ماهانه دوره ۱ ماهه منتهی به  ۱۴۰۲/۰۲/۳۱,۱۴۰۲/۰۳/۰۵ ۱۱:۱۸:۱۶,1031010,False,https://excel.codal.ir/service/Excel/GetAll/UpuQ33LvZ1OOObOOOhiWDQO8xOHg%3d%3d/0,domestic,آهن اسفنجی,تن,82040.0,91854.0,123751628.0,11367082.0,1402-02,1402
فسبزوار,فولاد سبزوار,steel,1402/02/31,گزارش فعالیت ماهانه دوره ۱ ماهه منتهی به  ۱۴۰۲/۰۲/۳۱,۱۴۰۲/۰۳/۰۵ ۱۱:۱۸:۱۶,1031010,False,https://excel.codal.ir/service/Excel/GetAll/UpuQ33LvZ1OOObOOOhiWDQO8xOHg%3d%3d/0,domestic,بریکت,تن,630.0,,,0.0,1402-02,1402
فسبزوار,فولاد سبزوار,steel,1402/02/31,گزارش فعالیت ماهانه دوره ۱ ماهه منتهی به  ۱۴۰۲/۰۲/۳۱,۱۴۰۲/۰۳/۰۵ ۱۱:۱۸:۱۶,1031010,False,https://excel.codal.ir/service/Excel/GetAll/UpuQ33LvZ1OOObOOOhiWDQO8xOHg%3d%3d/0,domestic,محصولات فرعی,تن,2165.0,,,0.0,1402-02,1402
فسبزوار,فولاد سبزوار,steel,1402/03/31,گزارش فعالیت ماهانه دوره ۱ ماهه منتهی به  ۱۴۰۲/۰۳/۳۱,۱۴۰۲/۰۴/۰۴ ۱۴:۰۶:۵۹,1045285,False,https://excel.codal.ir/service/Excel/GetAll/Gbna1c12cJ3qWOOObOOO5ts9d1tw%3d%3d/0,domestic,آهن اسفنجی,تن,75245.0,93395.0,128000332.0,11954591.0,1402-03,1402
فسبزوار,فولاد سبزوار,steel,1402/03/31,گزارش فعالیت ماهانه دوره ۱ ماهه منتهی به  ۱۴۰۲/۰۳/۳۱,۱۴۰۲/۰۴/۰۴ ۱۴:۰۶:۵۹,1045285,False,https://excel.codal.ir/service/Excel/GetAll/Gbna1c12cJ3qWOOObOOO5ts9d1tw%3d%3d/0,domestic,بریکت,تن,576.0,0.0,,0.0,1402-03,1402
فسبزوار,فولاد سبزوار,steel,1402/03/31,گزارش فعالیت ماهانه دوره ۱ ماهه منتهی به  ۱۴۰۲/۰۳/۳۱,۱۴۰۲/۰۴/۰۴ ۱۴:۰۶:۵۹,1045285,False,https://excel.codal.ir/service/Excel/GetAll/Gbna1c12cJ3qWOOObOOO5ts9d1tw%3d%3d/0,domestic,محصولات فرعی,تن,1848.0,0.0,,0.0,1402-03,1402
فسبزوار,فولاد سبزوار,steel,1402/04/31,گزارش فعالیت ماهانه دوره ۱ ماهه منتهی به  ۱۴۰۲/۰۴/۳۱,۱۴۰۲/۰۵/۰۴ ۱۶:۲۵:۲۳,1064508,False,https://excel.codal.ir/service/Excel/GetAll/0OVe8fS1ivbX6TI6BDTGTw%3d%3d/0,domestic,آهن اسفنجی,تن,82175.0,81179.0,126243905.0,10248354.0,1402-04,1402
فسبزوار,فولاد سبزوار,steel,1402/04/31,گزارش فعالیت ماهانه دوره ۱ ماهه منتهی به  ۱۴۰۲/۰۴/۳۱,۱۴۰۲/۰۵/۰۴ ۱۶:۲۵:۲۳,1064508,False,https://excel.codal.ir/service/Excel/GetAll/0OVe8fS1ivbX6TI6BDTGTw%3d%3d/0,domestic,بریکت,تن,0.0,0.0,,0.0,1402-04,1402
فسبزوار,فولاد سبزوار,steel,1402/04/31,گزارش فعالیت ماهانه دوره ۱ ماهه منتهی به  ۱۴۰۲/۰۴/۳۱,۱۴۰۲/۰۵/۰۴ ۱۶:۲۵:۲۳,1064508,False,https://excel.codal.ir/service/Excel/GetAll/0OVe8fS1ivbX6TI6BDTGTw%3d%3d/0,domestic,محصولات فرعی,تن,1949.0,0.0,,0.0,1402-04,1402
فسبزوار,فولاد سبزوار,steel,1402/05/31,گزارش فعالیت ماهانه دوره ۱ ماهه منتهی به  ۱۴۰۲/۰۵/۳۱,۱۴۰۲/۰۶/۰۳ ۰۰:۱۵:۴۰,1074629,False,https://excel.codal.ir/service/Excel/GetAll/DmhYTOOObOOOfnUO91LHcJ9UhsEg%3d%3d/0,domestic,آهن اسفنجی,تن,78475.0,72947.0,122669226.0,8948352.0,1402-05,1402
فسبزوار,فولاد سبزوار,steel,1402/05/31,گزارش فعالیت ماهانه دوره ۱ ماهه منتهی به  ۱۴۰۲/۰۵/۳۱,۱۴۰۲/۰۶/۰۳ ۰۰:۱۵:۴۰,1074629,False,https://excel.codal.ir/service/Excel/GetAll/DmhYTOOObOOOfnUO91LHcJ9UhsEg%3d%3d/0,domestic,بریکت,تن,0.0,,,0.0,1402-05,1402
فسبزوار,فولاد سبزوار,steel,1402/05/31,گزارش فعالیت ماهانه دوره ۱ ماهه منتهی به  ۱۴۰۲/۰۵/۳۱,۱۴۰۲/۰۶/۰۳ ۰۰:۱۵:۴۰,1074629,False,https://excel.codal.ir/service/Excel/GetAll/DmhYTOOObOOOfnUO91LHcJ9UhsEg%3d%3d/0,domestic,محصولات فرعی,تن,2056.0,,,0.0,1402-05,1402
فسبزوار,فولاد سبزوار,steel,1402/06/31,گزارش فعالیت ماهانه دوره ۱ ماهه منتهی به  ۱۴۰۲/۰۶/۳۱,۱۴۰۲/۰۷/۰۴ ۲۱:۱۱:۳۹,1086591,False,https://excel.codal.ir/service/Excel/GetAll/1fnVSwKZ7ReSr0RYJ2XaaA%3d%3d/0,domestic,آهن اسفنجی,تن,80787.0,69604.0,127148986.0,8850078.0,1402-06,1402
فسبزوار,فولاد سبزوار,steel,1402/06/31,گزارش فعالیت ماهانه دوره ۱ ماهه منتهی به  ۱۴۰۲/۰۶/۳۱,۱۴۰۲/۰۷/۰۴ ۲۱:۱۱:۳۹,1086591,False,https://excel.codal.ir/service/Excel/GetAll/1fnVSwKZ7ReSr0RYJ2XaaA%3d%3d/0,domestic,بریکت,تن,150.0,,,0.0,1402-06,1402
فسبزوار,فولاد سبزوار,steel,1402/06/31,گزارش فعالیت ماهانه دوره ۱ ماهه منتهی به  ۱۴۰۲/۰۶/۳۱,۱۴۰۲/۰۷/۰۴ ۲۱:۱۱:۳۹,1086591,False,https://excel.codal.ir/service/Excel/GetAll/1fnVSwKZ7ReSr0RYJ2XaaA%3d%3d/0,domestic,محصولات فرعی,تن,2276.0,,,0.0,1402-06,1402
فسبزوار,فولاد سبزوار,steel,1402/07/30,گزارش فعالیت ماهانه دوره ۱ ماهه منتهی به  ۱۴۰۲/۰۷/۳۰,۱۴۰۲/۰۸/۰۵ ۱۱:۱۸:۳۹,1097932,False,https://excel.codal.ir/service/Excel/GetAll/KiHXXLmLsczWVRbvzlMQ6g%3d%3d/0,domestic,آهن اسفنجی,تن,81425.0,85034.0,130054508.0,11059055.0,1402-07,1402
فسبزوار,فولاد سبزوار,steel,1402/07/30,گزارش فعالیت ماهانه دوره ۱ ماهه منتهی به  ۱۴۰۲/۰۷/۳۰,۱۴۰۲/۰۸/۰۵ ۱۱:۱۸:۳۹,1097932,False,https://excel.codal.ir/service/Excel/GetAll/KiHXXLmLsczWVRbvzlMQ6g%3d%3d/0,domestic,بریکت,تن,519.0,,,0.0,1402-07,1402
فسبزوار,فولاد سبزوار,steel,1402/07/30,گزارش فعالیت ماهانه دوره ۱ ماهه منتهی به  ۱۴۰۲/۰۷/۳۰,۱۴۰۲/۰۸/۰۵ ۱۱:۱۸:۳۹,1097932,False,https://excel.codal.ir/service/Excel/GetAll/KiHXXLmLsczWVRbvzlMQ6g%3d%3d/0,domestic,محصولات فرعی,تن,2363.0,,,0.0,1402-07,1402
فسبزوار,فولاد سبزوار,steel,1402/08/30,گزارش فعالیت ماهانه دوره ۱ ماهه منتهی به  ۱۴۰۲/۰۸/۳۰,۱۴۰۲/۰۹/۰۴ ۱۵:۴۸:۲۹,1111995,False,https://excel.codal.ir/service/Excel/GetAll/ehueisqrSUJYWJKP8OCgLw%3d%3d/0,domestic,آهن اسفنجی,تن,79537.0,51046.0,124338734.0,6346995.0,1402-08,1402
فسبزوار,فولاد سبزوار,steel,1402/08/30,گزارش فعالیت ماهانه دوره ۱ ماهه منتهی به  ۱۴۰۲/۰۸/۳۰,۱۴۰۲/۰۹/۰۴ ۱۵:۴۸:۲۹,1111995,False,https://excel.codal.ir/service/Excel/GetAll/ehueisqrSUJYWJKP8OCgLw%3d%3d/0,domestic,بریکت,تن,954.0,4275.0,41767953.0,178558.0,1402-08,1402
فسبزوار,فولاد سبزوار,steel,1402/08/30,گزارش فعالیت ماهانه دوره ۱ ماهه منتهی به  ۱۴۰۲/۰۸/۳۰,۱۴۰۲/۰۹/۰۴ ۱۵:۴۸:۲۹,1111995,False,https://excel.codal.ir/service/Excel/GetAll/ehueisqrSUJYWJKP8OCgLw%3d%3d/0,domestic,محصولات فرعی,تن,2072.0,,,0.0,1402-08,1402
فسبزوار,فولاد سبزوار,steel,1402/09/30,گزارش فعالیت ماهانه دوره ۱ ماهه منتهی به  ۱۴۰۲/۰۹/۳۰(اصلاحیه),۱۴۰۲/۱۰/۳۰ ۱۴:۲۹:۰۰,1143099,True,https://excel.codal.ir/service/Excel/GetAll/LufIESGqZgHr5tIuGhotqA%3d%3d/0,domestic,آهن اسفنجی,تن,57291.0,83114.0,133178718.0,11069016.0,1402-09,1402
فسبزوار,فولاد سبزوار,steel,1402/09/30,گزارش فعالیت ماهانه دوره ۱ ماهه منتهی به  ۱۴۰۲/۰۹/۳۰(اصلاحیه),۱۴۰۲/۱۰/۳۰ ۱۴:۲۹:۰۰,1143099,True,https://excel.codal.ir/service/Excel/GetAll/LufIESGqZgHr5tIuGhotqA%3d%3d/0,domestic,بریکت,تن,2866.0,2720.0,43748897.0,118997.0,1402-09,1402
فسبزوار,فولاد سبزوار,steel,1402/09/30,گزارش فعالیت ماهانه دوره ۱ ماهه منتهی به  ۱۴۰۲/۰۹/۳۰(اصلاحیه),۱۴۰۲/۱۰/۳۰ ۱۴:۲۹:۰۰,1143099,True,https://excel.codal.ir/service/Excel/GetAll/LufIESGqZgHr5tIuGhotqA%3d%3d/0,domestic,محصولات فرعی,تن,1954.0,,,0.0,1402-09,1402
فسبزوار,فولاد سبزوار,steel,1402/10/30,گزارش فعالیت ماهانه دوره ۱ ماهه منتهی به  ۱۴۰۲/۱۰/۳۰,۱۴۰۲/۱۱/۰۵ ۱۳:۰۷:۳۳,1146822,False,https://excel.codal.ir/service/Excel/GetAll/j3PNzQQQaQQQMAOiKIieHAqspzBQ%3d%3d/0,domestic,آهن اسفنجی,تن,47621.0,29845.0,133658234.0,3989030.0,1402-10,1402
فسبزوار,فولاد سبزوار,steel,1402/10/30,گزارش فعالیت ماهانه دوره ۱ ماهه منتهی به  ۱۴۰۲/۱۰/۳۰,۱۴۰۲/۱۱/۰۵ ۱۳:۰۷:۳۳,1146822,False,https://excel.codal.ir/service/Excel/GetAll/j3PNzQQQaQQQMAOiKIieHAqspzBQ%3d%3d/0,domestic,بریکت,تن,1954.0,1932.0,49888199.0,96384.0,1402-10,1402
فسبزوار,فولاد سبزوار,steel,1402/10/30,گزارش فعالیت ماهانه دوره ۱ ماهه منتهی به  ۱۴۰۲/۱۰/۳۰,۱۴۰۲/۱۱/۰۵ ۱۳:۰۷:۳۳,1146822,False,https://excel.codal.ir/service/Excel/GetAll/j3PNzQQQaQQQMAOiKIieHAqspzBQ%3d%3d/0,domestic,محصولات فرعی,تن,1480.0,,,0.0,1402-10,1402
فسبزوار,فولاد سبزوار,steel,1402/11/30,گزارش فعالیت ماهانه دوره ۱ ماهه منتهی به  ۱۴۰۲/۱۱/۳۰,۱۴۰۲/۱۲/۰۵ ۱۴:۲۹:۱۹,1158022,False,https://excel.codal.ir/service/Excel/GetAll/C82Zndb9M2x112wMMmAkEA%3d%3d/0,domestic,آهن اسفنجی,تن,48699.0,74917.0,144124111.0,10797346.0,1402-11,1402
فسبزوار,فولاد سبزوار,steel,1402/11/30,گزارش فعالیت ماهانه دوره ۱ ماهه منتهی به  ۱۴۰۲/۱۱/۳۰,۱۴۰۲/۱۲/۰۵ ۱۴:۲۹:۱۹,1158022,False,https://excel.codal.ir/service/Excel/GetAll/C82Zndb9M2x112wMMmAkEA%3d%3d/0,domestic,بریکت,تن,2789.0,2662.0,49981593.0,133051.0,1402-11,1402
فسبزوار,فولاد سبزوار,steel,1402/11/30,گزارش فعالیت ماهانه دوره ۱ ماهه منتهی به  ۱۴۰۲/۱۱/۳۰,۱۴۰۲/۱۲/۰۵ ۱۴:۲۹:۱۹,1158022,False,https://excel.codal.ir/service/Excel/GetAll/C82Zndb9M2x112wMMmAkEA%3d%3d/0,domestic,محصولات فرعی,تن,1436.0,,,0.0,1402-11,1402
فسبزوار,فولاد سبزوار,steel,1402/12/29,گزارش فعالیت ماهانه دوره ۱ ماهه منتهی به  ۱۴۰۲/۱۲/۲۹,۱۴۰۳/۰۱/۰۵ ۲۲:۰۰:۳۵,1171922,False,https://excel.codal.ir/service/Excel/GetAll/uonY9tYA4KLIaAMNg3WZZQ%3d%3d/0,domestic,آهن اسفنجی,تن,28599.0,32221.0,142140995.0,4579925.0,1402-12,1402
فسبزوار,فولاد سبزوار,steel,1402/12/29,گزارش فعالیت ماهانه دوره ۱ ماهه منتهی به  ۱۴۰۲/۱۲/۲۹,۱۴۰۳/۰۱/۰۵ ۲۲:۰۰:۳۵,1171922,False,https://excel.codal.ir/service/Excel/GetAll/uonY9tYA4KLIaAMNg3WZZQ%3d%3d/0,domestic,بریکت,تن,3406.0,2143.0,49080261.0,105179.0,1402-12,1402
فسبزوار,فولاد سبزوار,steel,1402/12/29,گزارش فعالیت ماهانه دوره ۱ ماهه منتهی به  ۱۴۰۲/۱۲/۲۹,۱۴۰۳/۰۱/۰۵ ۲۲:۰۰:۳۵,1171922,False,https://excel.codal.ir/service/Excel/GetAll/uonY9tYA4KLIaAMNg3WZZQ%3d%3d/0,domestic,محصولات فرعی,تن,822.0,0.0,,0.0,1402-12,1402
فسبزوار,فولاد سبزوار,steel,1403/02/31,گزارش فعالیت ماهانه دوره ۱ ماهه منتهی به  ۱۴۰۳/۰۲/۳۱,۱۴۰۳/۰۳/۰۲ ۱۵:۵۳:۴۷,1194386,False,https://excel.codal.ir/service/Excel/GetAll/DPbdN2L7dAM5L1H8kFSdvA%3d%3d/0,domestic,آهن اسفنجی,تن,73604.0,76606.0,141544970.0,10843194.0,1403-02,1403
فسبزوار,فولاد سبزوار,steel,1403/02/31,گزارش فعالیت ماهانه دوره ۱ ماهه منتهی به  ۱۴۰۳/۰۲/۳۱,۱۴۰۳/۰۳/۰۲ ۱۵:۵۳:۴۷,1194386,False,https://excel.codal.ir/service/Excel/GetAll/DPbdN2L7dAM5L1H8kFSdvA%3d%3d/0,domestic,بریکت,تن,1239.0,1897.0,53011070.0,100562.0,1403-02,1403
فسبزوار,فولاد سبزوار,steel,1403/02/31,گزارش فعالیت ماهانه دوره ۱ ماهه منتهی به  ۱۴۰۳/۰۲/۳۱,۱۴۰۳/۰۳/۰۲ ۱۵:۵۳:۴۷,1194386,False,https://excel.codal.ir/service/Excel/GetAll/DPbdN2L7dAM5L1H8kFSdvA%3d%3d/0,domestic,محصولات فرعی,تن,2303.0,0.0,,0.0,1403-02,1403
فسبزوار,فولاد سبزوار,steel,1403/03/31,گزارش فعالیت ماهانه دوره ۱ ماهه منتهی به  ۱۴۰۳/۰۳/۳۱(اصلاحیه),۱۴۰۳/۰۴/۲۴ ۱۳:۱۴:۲۰,1218403,True,https://excel.codal.ir/service/Excel/GetAll/6CqRNO3cUQcYgP9NPi9MXg%3d%3d/0,domestic,آهن اسفنجی,تن,70413.0,76039.0,134321493.0,10213672.0,1403-03,1403
فسبزوار,فولاد سبزوار,steel,1403/03/31,گزارش فعالیت ماهانه دوره ۱ ماهه منتهی به  ۱۴۰۳/۰۳/۳۱(اصلاحیه),۱۴۰۳/۰۴/۲۴ ۱۳:۱۴:۲۰,1218403,True,https://excel.codal.ir/service/Excel/GetAll/6CqRNO3cUQcYgP9NPi9MXg%3d%3d/0,domestic,بریکت,تن,3250.0,2491.0,50071859.0,124729.0,1403-03,1403
فسبزوار,فولاد سبزوار,steel,1403/03/31,گزارش فعالیت ماهانه دوره ۱ ماهه منتهی به  ۱۴۰۳/۰۳/۳۱(اصلاحیه),۱۴۰۳/۰۴/۲۴ ۱۳:۱۴:۲۰,1218403,True,https://excel.codal.ir/service/Excel/GetAll/6CqRNO3cUQcYgP9NPi9MXg%3d%3d/0,domestic,محصولات فرعی,تن,2452.0,,,0.0,1403-03,1403
فسبزوار,فولاد سبزوار,steel,1403/04/31,گزارش فعالیت ماهانه دوره ۱ ماهه منتهی به  ۱۴۰۳/۰۴/۳۱,۱۴۰۳/۰۵/۰۶ ۱۲:۲۵:۱۳,1225095,False,https://excel.codal.ir/service/Excel/GetAll/krKVVY0yQ5PvlQXGpWdU7Q%3d%3d/0,domestic,آهن اسفنجی,تن,63917.0,49364.0,134762013.0,6652392.0,1403-04,1403
فسبزوار,فولاد سبزوار,steel,1403/04/31,گزارش فعالیت ماهانه دوره ۱ ماهه منتهی به  ۱۴۰۳/۰۴/۳۱,۱۴۰۳/۰۵/۰۶ ۱۲:۲۵:۱۳,1225095,False,https://excel.codal.ir/service/Excel/GetAll/krKVVY0yQ5PvlQXGpWdU7Q%3d%3d/0,domestic,بریکت,تن,1843.0,1612.0,47589950.0,76715.0,1403-04,1403
فسبزوار,فولاد سبزوار,steel,1403/04/31,گزارش فعالیت ماهانه دوره ۱ ماهه منتهی به  ۱۴۰۳/۰۴/۳۱,۱۴۰۳/۰۵/۰۶ ۱۲:۲۵:۱۳,1225095,False,https://excel.codal.ir/service/Excel/GetAll/krKVVY0yQ5PvlQXGpWdU7Q%3d%3d/0,domestic,محصولات فرعی,تن,2384.0,0.0,,0.0,1403-04,1403
فسبزوار,فولاد سبزوار,steel,1403/05/31,گزارش فعالیت ماهانه دوره ۱ ماهه منتهی به  ۱۴۰۳/۰۵/۳۱,۱۴۰۳/۰۶/۰۵ ۱۴:۲۷:۴۰,1239577,False,https://excel.codal.ir/service/Excel/GetAll/DEEXYg6zqJ4e0kJ1hqfBvA%3d%3d/0,domestic,آهن اسفنجی,تن,65325.0,42387.0,133031165.0,5638792.0,1403-05,1403
فسبزوار,فولاد سبزوار,steel,1403/05/31,گزارش فعالیت ماهانه دوره ۱ ماهه منتهی به  ۱۴۰۳/۰۵/۳۱,۱۴۰۳/۰۶/۰۵ ۱۴:۲۷:۴۰,1239577,False,https://excel.codal.ir/service/Excel/GetAll/DEEXYg6zqJ4e0kJ1hqfBvA%3d%3d/0,domestic,بریکت,تن,1216.0,360.0,48222222.0,17360.0,1403-05,1403
فسبزوار,فولاد سبزوار,steel,1403/05/31,گزارش فعالیت ماهانه دوره ۱ ماهه منتهی به  ۱۴۰۳/۰۵/۳۱,۱۴۰۳/۰۶/۰۵ ۱۴:۲۷:۴۰,1239577,False,https://excel.codal.ir/service/Excel/GetAll/DEEXYg6zqJ4e0kJ1hqfBvA%3d%3d/0,domestic,محصولات فرعی,تن,2391.0,,,0.0,1403-05,1403
فسبزوار,فولاد سبزوار,steel,1403/06/31,گزارش فعالیت ماهانه دوره ۱ ماهه منتهی به  ۱۴۰۳/۰۶/۳۱(اصلاحیه),۱۴۰۳/۰۷/۲۹ ۱۲:۱۶:۳۷,1258269,True,https://excel.codal.ir/service/Excel/GetAll/a2RXkkUM5bVpIBrZ0yA0fw%3d%3d/0,domestic,آهن اسفنجی,تن,31136.0,56690.0,130823567.0,7416388.0,1403-06,1403
فسبزوار,فولاد سبزوار,steel,1403/06/31,گزارش فعالیت ماهانه دوره ۱ ماهه منتهی به  ۱۴۰۳/۰۶/۳۱(اصلاحیه),۱۴۰۳/۰۷/۲۹ ۱۲:۱۶:۳۷,1258269,True,https://excel.codal.ir/service/Excel/GetAll/a2RXkkUM5bVpIBrZ0yA0fw%3d%3d/0,domestic,بریکت,تن,1394.0,811.0,48205919.0,39095.0,1403-06,1403
فسبزوار,فولاد سبزوار,steel,1403/06/31,گزارش فعالیت ماهانه دوره ۱ ماهه منتهی به  ۱۴۰۳/۰۶/۳۱(اصلاحیه),۱۴۰۳/۰۷/۲۹ ۱۲:۱۶:۳۷,1258269,True,https://excel.codal.ir/service/Excel/GetAll/a2RXkkUM5bVpIBrZ0yA0fw%3d%3d/0,domestic,محصولات فرعی,تن,1101.0,,,0.0,1403-06,1403
فسبزوار,فولاد سبزوار,steel,1403/07/30,گزارش فعالیت ماهانه دوره ۱ ماهه منتهی به  ۱۴۰۳/۰۷/۳۰,۱۴۰۳/۰۸/۰۵ ۲۰:۱۰:۲۷,1262094,False,https://excel.codal.ir/service/Excel/GetAll/t3Icr5g8z4W0BAIHGtktfg%3d%3d/0,domestic,آهن اسفنجی,تن,72960.0,62728.0,132074990.0,8284800.0,1403-07,1403
فسبزوار,فولاد سبزوار,steel,1403/07/30,گزارش فعالیت ماهانه دوره ۱ ماهه منتهی به  ۱۴۰۳/۰۷/۳۰,۱۴۰۳/۰۸/۰۵ ۲۰:۱۰:۲۷,1262094,False,https://excel.codal.ir/service/Excel/GetAll/t3Icr5g8z4W0BAIHGtktfg%3d%3d/0,domestic,بریکت,تن,930.0,526.0,48212928.0,25360.0,1403-07,1403
فسبزوار,فولاد سبزوار,steel,1403/07/30,گزارش فعالیت ماهانه دوره ۱ ماهه منتهی به  ۱۴۰۳/۰۷/۳۰,۱۴۰۳/۰۸/۰۵ ۲۰:۱۰:۲۷,1262094,False,https://excel.codal.ir/service/Excel/GetAll/t3Icr5g8z4W0BAIHGtktfg%3d%3d/0,domestic,محصولات فرعی,تن,2401.0,0.0,,0.0,1403-07,1403
فسبزوار,فولاد سبزوار,steel,1403/08/30,گزارش فعالیت ماهانه دوره ۱ ماهه منتهی به  ۱۴۰۳/۰۸/۳۰,۱۴۰۳/۰۹/۰۵ ۱۵:۵۲:۴۷,1275548,False,https://excel.codal.ir/service/Excel/GetAll/cekcO9Tge2QhSK1Wj6vk2g%3d%3d/0,domestic,آهن اسفنجی,تن,60794.0,69775.0,144057040.0,10051580.0,1403-08,1403
فسبزوار,فولاد سبزوار,steel,1403/08/30,گزارش فعالیت ماهانه دوره ۱ ماهه منتهی به  ۱۴۰۳/۰۸/۳۰,۱۴۰۳/۰۹/۰۵ ۱۵:۵۲:۴۷,1275548,False,https://excel.codal.ir/service/Excel/GetAll/cekcO9Tge2QhSK1Wj6vk2g%3d%3d/0,domestic,بریکت,تن,0.0,258.0,48186047.0,12432.0,1403-08,1403
فسبزوار,فولاد سبزوار,steel,1403/08/30,گزارش فعالیت ماهانه دوره ۱ ماهه منتهی به  ۱۴۰۳/۰۸/۳۰,۱۴۰۳/۰۹/۰۵ ۱۵:۵۲:۴۷,1275548,False,https://excel.codal.ir/service/Excel/GetAll/cekcO9Tge2QhSK1Wj6vk2g%3d%3d/0,domestic,محصولات فرعی,تن,1609.0,,,0.0,1403-08,1403
فسبزوار,فولاد سبزوار,steel,1403/09/30,گزارش فعالیت ماهانه دوره ۱ ماهه منتهی به  ۱۴۰۳/۰۹/۳۰,۱۴۰۳/۱۰/۰۵ ۱۶:۰۹:۲۹,1288479,False,https://excel.codal.ir/service/Excel/GetAll/ZQQQaQQQqeku643RRSuBJ6uqM0Qg%3d%3d/0,domestic,آهن اسفنجی,تن,58653.0,64922.0,161796818.0,10504173.0,1403-09,1403
فسبزوار,فولاد سبزوار,steel,1403/09/30,گزارش فعالیت ماهانه دوره ۱ ماهه منتهی به  ۱۴۰۳/۰۹/۳۰,۱۴۰۳/۱۰/۰۵ ۱۶:۰۹:۲۹,1288479,False,https://excel.codal.ir/service/Excel/GetAll/ZQQQaQQQqeku643RRSuBJ6uqM0Qg%3d%3d/0,domestic,بریکت,تن,364.0,0.0,,0.0,1403-09,1403
فسبزوار,فولاد سبزوار,steel,1403/09/30,گزارش فعالیت ماهانه دوره ۱ ماهه منتهی به  ۱۴۰۳/۰۹/۳۰,۱۴۰۳/۱۰/۰۵ ۱۶:۰۹:۲۹,1288479,False,https://excel.codal.ir/service/Excel/GetAll/ZQQQaQQQqeku643RRSuBJ6uqM0Qg%3d%3d/0,domestic,محصولات فرعی,تن,1369.0,0.0,,0.0,1403-09,1403
فسبزوار,فولاد سبزوار,steel,1403/10/30,گزارش فعالیت ماهانه دوره ۱ ماهه منتهی به  ۱۴۰۳/۱۰/۳۰,۱۴۰۳/۱۱/۰۴ ۱۵:۳۸:۵۴,1300688,False,https://excel.codal.ir/service/Excel/GetAll/WZDvq91KqUCv9Oy1nGOOObOOO0TQ%3d%3d/0,domestic,آهن اسفنجی,تن,58496.0,42055.0,162241660.0,6823073.0,1403-10,1403
فسبزوار,فولاد سبزوار,steel,1403/10/30,گزارش فعالیت ماهانه دوره ۱ ماهه منتهی به  ۱۴۰۳/۱۰/۳۰,۱۴۰۳/۱۱/۰۴ ۱۵:۳۸:۵۴,1300688,False,https://excel.codal.ir/service/Excel/GetAll/WZDvq91KqUCv9Oy1nGOOObOOO0TQ%3d%3d/0,domestic,بریکت,تن,800.0,573.0,60054101.0,34411.0,1403-10,1403
فسبزوار,فولاد سبزوار,steel,1403/10/30,گزارش فعالیت ماهانه دوره ۱ ماهه منتهی به  ۱۴۰۳/۱۰/۳۰,۱۴۰۳/۱۱/۰۴ ۱۵:۳۸:۵۴,1300688,False,https://excel.codal.ir/service/Excel/GetAll/WZDvq91KqUCv9Oy1nGOOObOOO0TQ%3d%3d/0,domestic,محصولات فرعی,تن,1749.0,,,0.0,1403-10,1403
فسبزوار,فولاد سبزوار,steel,1403/11/30,گزارش فعالیت ماهانه دوره ۱ ماهه منتهی به  ۱۴۰۳/۱۱/۳۰,۱۴۰۳/۱۲/۰۵ ۱۰:۴۰:۲۱,1311800,False,https://excel.codal.ir/service/Excel/GetAll/9sfOYu1EJrDiE4IQQQaQQQU5jP4A%3d%3d/0,domestic,آهن اسفنجی,تن,35362.0,57524.0,174145383.0,10017539.0,1403-11,1403
فسبزوار,فولاد سبزوار,steel,1403/11/30,گزارش فعالیت ماهانه دوره ۱ ماهه منتهی به  ۱۴۰۳/۱۱/۳۰,۱۴۰۳/۱۲/۰۵ ۱۰:۴۰:۲۱,1311800,False,https://excel.codal.ir/service/Excel/GetAll/9sfOYu1EJrDiE4IQQQaQQQU5jP4A%3d%3d/0,domestic,بریکت,تن,925.0,1146.0,60086387.0,68859.0,1403-11,1403
فسبزوار,فولاد سبزوار,steel,1403/11/30,گزارش فعالیت ماهانه دوره ۱ ماهه منتهی به  ۱۴۰۳/۱۱/۳۰,۱۴۰۳/۱۲/۰۵ ۱۰:۴۰:۲۱,1311800,False,https://excel.codal.ir/service/Excel/GetAll/9sfOYu1EJrDiE4IQQQaQQQU5jP4A%3d%3d/0,domestic,محصولات فرعی,تن,940.0,0.0,,0.0,1403-11,1403
فسبزوار,فولاد سبزوار,steel,1403/12/30,گزارش فعالیت ماهانه دوره ۱ ماهه منتهی به  ۱۴۰۳/۱۲/۳۰(اصلاحیه),۱۴۰۴/۰۱/۳۰ ۲۱:۳۷:۴۴,1332394,True,https://excel.codal.ir/service/Excel/GetAll/H5SVOOObOOOY0yyI59WdMWpBUOZQ%3d%3d/0,domestic,آهن اسفنجی,تن,50297.0,48092.0,183671588.0,8833134.0,1403-12,1403
فسبزوار,فولاد سبزوار,steel,1403/12/30,گزارش فعالیت ماهانه دوره ۱ ماهه منتهی به  ۱۴۰۳/۱۲/۳۰(اصلاحیه),۱۴۰۴/۰۱/۳۰ ۲۱:۳۷:۴۴,1332394,True,https://excel.codal.ir/service/Excel/GetAll/H5SVOOObOOOY0yyI59WdMWpBUOZQ%3d%3d/0,domestic,بریکت,تن,885.0,1246.0,60097111.0,74881.0,1403-12,1403
فسبزوار,فولاد سبزوار,steel,1403/12/30,گزارش فعالیت ماهانه دوره ۱ ماهه منتهی به  ۱۴۰۳/۱۲/۳۰(اصلاحیه),۱۴۰۴/۰۱/۳۰ ۲۱:۳۷:۴۴,1332394,True,https://excel.codal.ir/service/Excel/GetAll/H5SVOOObOOOY0yyI59WdMWpBUOZQ%3d%3d/0,domestic,محصولات فرعی,تن,3488.0,,,0.0,1403-12,1403
فسبزوار,فولاد سبزوار,steel,1404/01/31,گزارش فعالیت ماهانه دوره ۱ ماهه منتهی به  ۱۴۰۴/۰۱/۳۱,۱۴۰۴/۰۲/۰۶ ۰۸:۴۸:۲۷,1335282,False,https://excel.codal.ir/service/Excel/GetAll/bD3NVdQQQaQQQxIg9HJjdCQULBew%3d%3d/0,domestic,آهن اسفنجی,تن,78540.0,59627.0,191026666.0,11390347.0,1404-01,1404
فسبزوار,فولاد سبزوار,steel,1404/01/31,گزارش فعالیت ماهانه دوره ۱ ماهه منتهی به  ۱۴۰۴/۰۱/۳۱,۱۴۰۴/۰۲/۰۶ ۰۸:۴۸:۲۷,1335282,False,https://excel.codal.ir/service/Excel/GetAll/bD3NVdQQQaQQQxIg9HJjdCQULBew%3d%3d/0,domestic,بریکت,تن,800.0,,,0.0,1404-01,1404
فسبزوار,فولاد سبزوار,steel,1404/01/31,گزارش فعالیت ماهانه دوره ۱ ماهه منتهی به  ۱۴۰۴/۰۱/۳۱,۱۴۰۴/۰۲/۰۶ ۰۸:۴۸:۲۷,1335282,False,https://excel.codal.ir/service/Excel/GetAll/bD3NVdQQQaQQQxIg9HJjdCQULBew%3d%3d/0,domestic,محصولات فرعی,تن,2257.0,,,0.0,1404-01,1404
فسبزوار,فولاد سبزوار,steel,1404/02/31,گزارش فعالیت ماهانه دوره ۱ ماهه منتهی به  ۱۴۰۴/۰۲/۳۱,۱۴۰۴/۰۳/۰۵ ۱۶:۵۳:۰۰,1345341,False,https://excel.codal.ir/service/Excel/GetAll/8cC2UHModAMk79gTQyw38w%3d%3d/0,domestic,آهن اسفنجی,تن,75436.0,84316.0,193050892.0,16277279.0,1404-02,1404
فسبزوار,فولاد سبزوار,steel,1404/02/31,گزارش فعالیت ماهانه دوره ۱ ماهه منتهی به  ۱۴۰۴/۰۲/۳۱,۱۴۰۴/۰۳/۰۵ ۱۶:۵۳:۰۰,1345341,False,https://excel.codal.ir/service/Excel/GetAll/8cC2UHModAMk79gTQyw38w%3d%3d/0,domestic,بریکت,تن,330.0,0.0,,0.0,1404-02,1404
فسبزوار,فولاد سبزوار,steel,1404/02/31,گزارش فعالیت ماهانه دوره ۱ ماهه منتهی به  ۱۴۰۴/۰۲/۳۱,۱۴۰۴/۰۳/۰۵ ۱۶:۵۳:۰۰,1345341,False,https://excel.codal.ir/service/Excel/GetAll/8cC2UHModAMk79gTQyw38w%3d%3d/0,domestic,محصولات فرعی,تن,2218.0,0.0,,0.0,1404-02,1404
فسبزوار,فولاد سبزوار,steel,1404/03/31,گزارش فعالیت ماهانه دوره ۱ ماهه منتهی به  ۱۴۰۴/۰۳/۳۱,۱۴۰۴/۰۴/۰۵ ۱۵:۴۸:۵۲,1361697,False,https://excel.codal.ir/service/Excel/GetAll/Gm0t1qjQQQaQQQQHyAtd6d6LU2MQ%3d%3d/0,domestic,آهن اسفنجی,تن,71430.0,71058.0,181550030.0,12900582.0,1404-03,1404
فسبزوار,فولاد سبزوار,steel,1404/03/31,گزارش فعالیت ماهانه دوره ۱ ماهه منتهی به  ۱۴۰۴/۰۳/۳۱,۱۴۰۴/۰۴/۰۵ ۱۵:۴۸:۵۲,1361697,False,https://excel.codal.ir/service/Excel/GetAll/Gm0t1qjQQQaQQQQHyAtd6d6LU2MQ%3d%3d/0,domestic,بریکت,تن,,492.0,60388211.0,29711.0,1404-03,1404
فسبزوار,فولاد سبزوار,steel,1404/03/31,گزارش فعالیت ماهانه دوره ۱ ماهه منتهی به  ۱۴۰۴/۰۳/۳۱,۱۴۰۴/۰۴/۰۵ ۱۵:۴۸:۵۲,1361697,False,https://excel.codal.ir/service/Excel/GetAll/Gm0t1qjQQQaQQQQHyAtd6d6LU2MQ%3d%3d/0,domestic,محصولات فرعی,تن,2166.0,7033.0,35982369.0,253064.0,1404-03,1404
فسبزوار,فولاد سبزوار,steel,1404/04/31,گزارش فعالیت ماهانه دوره ۱ ماهه منتهی به  ۱۴۰۴/۰۴/۳۱,۱۴۰۴/۰۵/۰۵ ۱۸:۴۲:۲۱,1381075,False,https://excel.codal.ir/service/Excel/GetAll/lc5y4xdVlayXxUuCksJk2w%3d%3d/0,domestic,آهن اسفنجی,تن,71120.0,65147.0,174267257.0,11352989.0,1404-04,1404
فسبزوار,فولاد سبزوار,steel,1404/04/31,گزارش فعالیت ماهانه دوره ۱ ماهه منتهی به  ۱۴۰۴/۰۴/۳۱,۱۴۰۴/۰۵/۰۵ ۱۸:۴۲:۲۱,1381075,False,https://excel.codal.ir/service/Excel/GetAll/lc5y4xdVlayXxUuCksJk2w%3d%3d/0,export,آهن اسفنجی,تن,0.0,490.0,172544898.0,84547.0,1404-04,1404
فسبزوار,فولاد سبزوار,steel,1404/04/31,گزارش فعالیت ماهانه دوره ۱ ماهه منتهی به  ۱۴۰۴/۰۴/۳۱,۱۴۰۴/۰۵/۰۵ ۱۸:۴۲:۲۱,1381075,False,https://excel.codal.ir/service/Excel/GetAll/lc5y4xdVlayXxUuCksJk2w%3d%3d/0,domestic,بریکت,تن,600.0,0.0,,0.0,1404-04,1404
فسبزوار,فولاد سبزوار,steel,1404/04/31,گزارش فعالیت ماهانه دوره ۱ ماهه منتهی به  ۱۴۰۴/۰۴/۳۱,۱۴۰۴/۰۵/۰۵ ۱۸:۴۲:۲۱,1381075,False,https://excel.codal.ir/service/Excel/GetAll/lc5y4xdVlayXxUuCksJk2w%3d%3d/0,domestic,محصولات فرعی,تن,2350.0,38837.0,35979607.0,1397340.0,1404-04,1404
فسبزوار,فولاد سبزوار,steel,1404/05/31,گزارش فعالیت ماهانه دوره ۱ ماهه منتهی به  ۱۴۰۴/۰۵/۳۱,۱۴۰۴/۰۶/۰۵ ۱۷:۱۰:۵۹,1397891,False,https://excel.codal.ir/service/Excel/GetAll/f0rQQQaQQQEbdj432XvPKOOObOOOpxuKYA%3d%3d/0,domestic,آهن اسفنجی,تن,81045.0,49032.0,182220672.0,8934644.0,1404-05,1404
فسبزوار,فولاد سبزوار,steel,1404/05/31,گزارش فعالیت ماهانه دوره ۱ ماهه منتهی به  ۱۴۰۴/۰۵/۳۱,۱۴۰۴/۰۶/۰۵ ۱۷:۱۰:۵۹,1397891,False,https://excel.codal.ir/service/Excel/GetAll/f0rQQQaQQQEbdj432XvPKOOObOOOpxuKYA%3d%3d/0,export,آهن اسفنجی,تن,0.0,0.0,0.0,0.0,1404-05,1404
فسبزوار,فولاد سبزوار,steel,1404/05/31,گزارش فعالیت ماهانه دوره ۱ ماهه منتهی به  ۱۴۰۴/۰۵/۳۱,۱۴۰۴/۰۶/۰۵ ۱۷:۱۰:۵۹,1397891,False,https://excel.codal.ir/service/Excel/GetAll/f0rQQQaQQQEbdj432XvPKOOObOOOpxuKYA%3d%3d/0,domestic,بریکت,تن,560.0,,,0.0,1404-05,1404
فسبزوار,فولاد سبزوار,steel,1404/05/31,گزارش فعالیت ماهانه دوره ۱ ماهه منتهی به  ۱۴۰۴/۰۵/۳۱,۱۴۰۴/۰۶/۰۵ ۱۷:۱۰:۵۹,1397891,False,https://excel.codal.ir/service/Excel/GetAll/f0rQQQaQQQEbdj432XvPKOOObOOOpxuKYA%3d%3d/0,domestic,محصولات فرعی,تن,2543.0,19237.0,37730831.0,725828.0,1404-05,1404
فسبزوار,فولاد سبزوار,steel,1404/06/31,گزارش فعالیت ماهانه دوره ۱ ماهه منتهی به  ۱۴۰۴/۰۶/۳۱,۱۴۰۴/۰۷/۰۵ ۱۶:۲۶:۱۹,1409739,False,https://excel.codal.ir/service/Excel/GetAll/sXVjeIHQfK6OOObOOOi978dmVC2A%3d%3d/0,domestic,آهن اسفنجی,تن,80090.0,77295.0,193331225.0,14943537.0,1404-06,1404
فسبزوار,فولاد سبزوار,steel,1404/06/31,گزارش فعالیت ماهانه دوره ۱ ماهه منتهی به  ۱۴۰۴/۰۶/۳۱,۱۴۰۴/۰۷/۰۵ ۱۶:۲۶:۱۹,1409739,False,https://excel.codal.ir/service/Excel/GetAll/sXVjeIHQfK6OOObOOOi978dmVC2A%3d%3d/0,export,آهن اسفنجی,تن,,,0.0,0.0,1404-06,1404
فسبزوار,فولاد سبزوار,steel,1404/06/31,گزارش فعالیت ماهانه دوره ۱ ماهه منتهی به  ۱۴۰۴/۰۶/۳۱,۱۴۰۴/۰۷/۰۵ ۱۶:۲۶:۱۹,1409739,False,https://excel.codal.ir/service/Excel/GetAll/sXVjeIHQfK6OOObOOOi978dmVC2A%3d%3d/0,domestic,بریکت,تن,340.0,,,0.0,1404-06,1404
فسبزوار,فولاد سبزوار,steel,1404/06/31,گزارش فعالیت ماهانه دوره ۱ ماهه منتهی به  ۱۴۰۴/۰۶/۳۱,۱۴۰۴/۰۷/۰۵ ۱۶:۲۶:۱۹,1409739,False,https://excel.codal.ir/service/Excel/GetAll/sXVjeIHQfK6OOObOOOi978dmVC2A%3d%3d/0,domestic,محصولات فرعی,تن,2502.0,,,0.0,1404-06,1404
فسبزوار,فولاد سبزوار,steel,1404/07/30,گزارش فعالیت ماهانه دوره ۱ ماهه منتهی به  ۱۴۰۴/۰۷/۳۰,۱۴۰۴/۰۸/۰۵ ۱۴:۴۳:۳۰,1424709,False,https://excel.codal.ir/service/Excel/GetAll/bxeSOaf0gFTSPofGIsPT3w%3d%3d/0,domestic,آهن اسفنجی,تن,74125.0,96048.0,178427786.0,17137632.0,1404-07,1404
فسبزوار,فولاد سبزوار,steel,1404/07/30,گزارش فعالیت ماهانه دوره ۱ ماهه منتهی به  ۱۴۰۴/۰۷/۳۰,۱۴۰۴/۰۸/۰۵ ۱۴:۴۳:۳۰,1424709,False,https://excel.codal.ir/service/Excel/GetAll/bxeSOaf0gFTSPofGIsPT3w%3d%3d/0,export,آهن اسفنجی,تن,0.0,0.0,0.0,0.0,1404-07,1404
فسبزوار,فولاد سبزوار,steel,1404/07/30,گزارش فعالیت ماهانه دوره ۱ ماهه منتهی به  ۱۴۰۴/۰۷/۳۰,۱۴۰۴/۰۸/۰۵ ۱۴:۴۳:۳۰,1424709,False,https://excel.codal.ir/service/Excel/GetAll/bxeSOaf0gFTSPofGIsPT3w%3d%3d/0,domestic,بریکت,تن,535.0,2076.0,65571291.0,136126.0,1404-07,1404
فسبزوار,فولاد سبزوار,steel,1404/07/30,گزارش فعالیت ماهانه دوره ۱ ماهه منتهی به  ۱۴۰۴/۰۷/۳۰,۱۴۰۴/۰۸/۰۵ ۱۴:۴۳:۳۰,1424709,False,https://excel.codal.ir/service/Excel/GetAll/bxeSOaf0gFTSPofGIsPT3w%3d%3d/0,domestic,محصولات فرعی,تن,2374.0,0.0,,0.0,1404-07,1404
فسبزوار,فولاد سبزوار,steel,1404/08/30,گزارش فعالیت ماهانه دوره ۱ ماهه منتهی به  ۱۴۰۴/۰۸/۳۰,۱۴۰۴/۰۹/۰۵ ۲۱:۳۷:۳۱,1442957,False,https://excel.codal.ir/service/Excel/GetAll/1LCxjN3p9TymCpaLOK9ajA%3d%3d/0,domestic,آهن اسفنجی,تن,76000.0,79677.0,182295104.0,14524727.0,1404-08,1404
فسبزوار,فولاد سبزوار,steel,1404/08/30,گزارش فعالیت ماهانه دوره ۱ ماهه منتهی به  ۱۴۰۴/۰۸/۳۰,۱۴۰۴/۰۹/۰۵ ۲۱:۳۷:۳۱,1442957,False,https://excel.codal.ir/service/Excel/GetAll/1LCxjN3p9TymCpaLOK9ajA%3d%3d/0,export,آهن اسفنجی,تن,0.0,0.0,0.0,0.0,1404-08,1404
فسبزوار,فولاد سبزوار,steel,1404/08/30,گزارش فعالیت ماهانه دوره ۱ ماهه منتهی به  ۱۴۰۴/۰۸/۳۰,۱۴۰۴/۰۹/۰۵ ۲۱:۳۷:۳۱,1442957,False,https://excel.codal.ir/service/Excel/GetAll/1LCxjN3p9TymCpaLOK9ajA%3d%3d/0,domestic,بریکت,تن,585.0,100.0,61290000.0,6129.0,1404-08,1404
فسبزوار,فولاد سبزوار,steel,1404/08/30,گزارش فعالیت ماهانه دوره ۱ ماهه منتهی به  ۱۴۰۴/۰۸/۳۰,۱۴۰۴/۰۹/۰۵ ۲۱:۳۷:۳۱,1442957,False,https://excel.codal.ir/service/Excel/GetAll/1LCxjN3p9TymCpaLOK9ajA%3d%3d/0,domestic,محصولات فرعی,تن,2419.0,0.0,,0.0,1404-08,1404
فسبزوار,فولاد سبزوار,steel,1404/09/30,گزارش فعالیت ماهانه دوره ۱ ماهه منتهی به  ۱۴۰۴/۰۹/۳۰,۱۴۰۴/۱۰/۰۵ ۲۳:۰۳:۰۱,1461759,False,https://excel.codal.ir/service/Excel/GetAll/BaNZMOOObOOOEpjrfsgAz5l7J00A%3d%3d/0,domestic,آهن اسفنجی,تن,61959.0,38060.0,195629532.0,7445660.0,1404-09,1404
فسبزوار,فولاد سبزوار,steel,1404/09/30,گزارش فعالیت ماهانه دوره ۱ ماهه منتهی به  ۱۴۰۴/۰۹/۳۰,۱۴۰۴/۱۰/۰۵ ۲۳:۰۳:۰۱,1461759,False,https://excel.codal.ir/service/Excel/GetAll/BaNZMOOObOOOEpjrfsgAz5l7J00A%3d%3d/0,export,آهن اسفنجی,تن,0.0,0.0,0.0,0.0,1404-09,1404
فسبزوار,فولاد سبزوار,steel,1404/09/30,گزارش فعالیت ماهانه دوره ۱ ماهه منتهی به  ۱۴۰۴/۰۹/۳۰,۱۴۰۴/۱۰/۰۵ ۲۳:۰۳:۰۱,1461759,False,https://excel.codal.ir/service/Excel/GetAll/BaNZMOOObOOOEpjrfsgAz5l7J00A%3d%3d/0,domestic,بریکت,تن,435.0,0.0,,0.0,1404-09,1404
فسبزوار,فولاد سبزوار,steel,1404/09/30,گزارش فعالیت ماهانه دوره ۱ ماهه منتهی به  ۱۴۰۴/۰۹/۳۰,۱۴۰۴/۱۰/۰۵ ۲۳:۰۳:۰۱,1461759,False,https://excel.codal.ir/service/Excel/GetAll/BaNZMOOObOOOEpjrfsgAz5l7J00A%3d%3d/0,domestic,محصولات فرعی,تن,2137.0,0.0,,0.0,1404-09,1404
فسبزوار,فولاد سبزوار,steel,1404/10/30,گزارش فعالیت ماهانه دوره ۱ ماهه منتهی به  ۱۴۰۴/۱۰/۳۰,۱۴۰۴/۱۱/۰۵ ۱۷:۰۰:۰۶,1477353,False,https://excel.codal.ir/service/Excel/GetAll/OOObOOOv8vJid3K7FygpOOObOOOGzEL5LA%3d%3d/0,domestic,آهن اسفنجی,تن,37339.0,27030.0,216104440.0,5841303.0,1404-10,1404
فسبزوار,فولاد سبزوار,steel,1404/10/30,گزارش فعالیت ماهانه دوره ۱ ماهه منتهی به  ۱۴۰۴/۱۰/۳۰,۱۴۰۴/۱۱/۰۵ ۱۷:۰۰:۰۶,1477353,False,https://excel.codal.ir/service/Excel/GetAll/OOObOOOv8vJid3K7FygpOOObOOOGzEL5LA%3d%3d/0,export,آهن اسفنجی,تن,0.0,0.0,0.0,0.0,1404-10,1404
فسبزوار,فولاد سبزوار,steel,1404/10/30,گزارش فعالیت ماهانه دوره ۱ ماهه منتهی به  ۱۴۰۴/۱۰/۳۰,۱۴۰۴/۱۱/۰۵ ۱۷:۰۰:۰۶,1477353,False,https://excel.codal.ir/service/Excel/GetAll/OOObOOOv8vJid3K7FygpOOObOOOGzEL5LA%3d%3d/0,domestic,بریکت,تن,,,,0.0,1404-10,1404
فسبزوار,فولاد سبزوار,steel,1404/10/30,گزارش فعالیت ماهانه دوره ۱ ماهه منتهی به  ۱۴۰۴/۱۰/۳۰,۱۴۰۴/۱۱/۰۵ ۱۷:۰۰:۰۶,1477353,False,https://excel.codal.ir/service/Excel/GetAll/OOObOOOv8vJid3K7FygpOOObOOOGzEL5LA%3d%3d/0,domestic,محصولات فرعی,تن,1302.0,1987.0,38275793.0,76054.0,1404-10,1404
فسبزوار,فولاد سبزوار,steel,1404/11/30,گزارش فعالیت ماهانه دوره ۱ ماهه منتهی به  ۱۴۰۴/۱۱/۳۰,۱۴۰۴/۱۲/۰۵ ۱۷:۴۲:۱۱,1493962,False,https://excel.codal.ir/service/Excel/GetAll/TYkOkifHmDxlmguxjT5Z1w%3d%3d/0,domestic,آهن اسفنجی,تن,48883.0,90438.0,248695648.0,22491537.0,1404-11,1404
فسبزوار,فولاد سبزوار,steel,1404/11/30,گزارش فعالیت ماهانه دوره ۱ ماهه منتهی به  ۱۴۰۴/۱۱/۳۰,۱۴۰۴/۱۲/۰۵ ۱۷:۴۲:۱۱,1493962,False,https://excel.codal.ir/service/Excel/GetAll/TYkOkifHmDxlmguxjT5Z1w%3d%3d/0,export,آهن اسفنجی,تن,0.0,0.0,0.0,0.0,1404-11,1404
فسبزوار,فولاد سبزوار,steel,1404/11/30,گزارش فعالیت ماهانه دوره ۱ ماهه منتهی به  ۱۴۰۴/۱۱/۳۰,۱۴۰۴/۱۲/۰۵ ۱۷:۴۲:۱۱,1493962,False,https://excel.codal.ir/service/Excel/GetAll/TYkOkifHmDxlmguxjT5Z1w%3d%3d/0,domestic,بریکت,تن,80.0,0.0,,0.0,1404-11,1404
فسبزوار,فولاد سبزوار,steel,1404/11/30,گزارش فعالیت ماهانه دوره ۱ ماهه منتهی به  ۱۴۰۴/۱۱/۳۰,۱۴۰۴/۱۲/۰۵ ۱۷:۴۲:۱۱,1493962,False,https://excel.codal.ir/service/Excel/GetAll/TYkOkifHmDxlmguxjT5Z1w%3d%3d/0,domestic,محصولات فرعی,تن,1305.0,3092.0,38270375.0,118332.0,1404-11,1404
فسبزوار,فولاد سبزوار,steel,1404/12/29,گزارش فعالیت ماهانه دوره ۱ ماهه منتهی به  ۱۴۰۴/۱۲/۲۹,۱۴۰۵/۰۱/۰۶ ۰۹:۱۷:۴۹,1503534,False,https://excel.codal.ir/service/Excel/GetAll/1E7vRVd9iLv9iMLG0f9DDQ%3d%3d/0,domestic,آهن اسفنجی,تن,68538.0,87127.0,294659566.0,25672804.0,1404-12,1404
فسبزوار,فولاد سبزوار,steel,1404/12/29,گزارش فعالیت ماهانه دوره ۱ ماهه منتهی به  ۱۴۰۴/۱۲/۲۹,۱۴۰۵/۰۱/۰۶ ۰۹:۱۷:۴۹,1503534,False,https://excel.codal.ir/service/Excel/GetAll/1E7vRVd9iLv9iMLG0f9DDQ%3d%3d/0,export,آهن اسفنجی,تن,0.0,0.0,0.0,0.0,1404-12,1404
فسبزوار,فولاد سبزوار,steel,1404/12/29,گزارش فعالیت ماهانه دوره ۱ ماهه منتهی به  ۱۴۰۴/۱۲/۲۹,۱۴۰۵/۰۱/۰۶ ۰۹:۱۷:۴۹,1503534,False,https://excel.codal.ir/service/Excel/GetAll/1E7vRVd9iLv9iMLG0f9DDQ%3d%3d/0,domestic,بریکت,تن,564.0,0.0,,0.0,1404-12,1404
فسبزوار,فولاد سبزوار,steel,1404/12/29,گزارش فعالیت ماهانه دوره ۱ ماهه منتهی به  ۱۴۰۴/۱۲/۲۹,۱۴۰۵/۰۱/۰۶ ۰۹:۱۷:۴۹,1503534,False,https://excel.codal.ir/service/Excel/GetAll/1E7vRVd9iLv9iMLG0f9DDQ%3d%3d/0,domestic,محصولات فرعی,تن,2189.0,6892.0,38267992.0,263743.0,1404-12,1404
فسبزوار,فولاد سبزوار,steel,1405/01/31,گزارش فعالیت ماهانه دوره ۱ ماهه منتهی به  ۱۴۰۵/۰۱/۳۱,۱۴۰۵/۰۲/۰۵ ۱۳:۵۳:۱۲,1512443,False,https://excel.codal.ir/service/Excel/GetAll/FzrG4HwxdKiZHVuhkFBYyA%3d%3d/0,domestic,آهن اسفنجی,تن,53403.0,40001.0,293742056.0,11749976.0,1405-01,1405
فسبزوار,فولاد سبزوار,steel,1405/01/31,گزارش فعالیت ماهانه دوره ۱ ماهه منتهی به  ۱۴۰۵/۰۱/۳۱,۱۴۰۵/۰۲/۰۵ ۱۳:۵۳:۱۲,1512443,False,https://excel.codal.ir/service/Excel/GetAll/FzrG4HwxdKiZHVuhkFBYyA%3d%3d/0,export,آهن اسفنجی,تن,0.0,0.0,0.0,0.0,1405-01,1405
فسبزوار,فولاد سبزوار,steel,1405/01/31,گزارش فعالیت ماهانه دوره ۱ ماهه منتهی به  ۱۴۰۵/۰۱/۳۱,۱۴۰۵/۰۲/۰۵ ۱۳:۵۳:۱۲,1512443,False,https://excel.codal.ir/service/Excel/GetAll/FzrG4HwxdKiZHVuhkFBYyA%3d%3d/0,domestic,بریکت,تن,318.0,0.0,,0.0,1405-01,1405
فسبزوار,فولاد سبزوار,steel,1405/01/31,گزارش فعالیت ماهانه دوره ۱ ماهه منتهی به  ۱۴۰۵/۰۱/۳۱,۱۴۰۵/۰۲/۰۵ ۱۳:۵۳:۱۲,1512443,False,https://excel.codal.ir/service/Excel/GetAll/FzrG4HwxdKiZHVuhkFBYyA%3d%3d/0,domestic,محصولات فرعی,تن,1492.0,0.0,,0.0,1405-01,1405
فسبزوار,فولاد سبزوار,steel,1405/02/31,گزارش فعالیت ماهانه دوره ۱ ماهه منتهی به  ۱۴۰۵/۰۲/۳۱,۱۴۰۵/۰۳/۰۵ ۱۳:۳۵:۲۵,1532047,False,https://excel.codal.ir/service/Excel/GetAll/IsX5YGR3cq7tuOOObOOOCOhpreow%3d%3d/0,domestic,آهن اسفنجی,تن,72296.0,72629.0,331842377.0,24101380.0,1405-02,1405
فسبزوار,فولاد سبزوار,steel,1405/02/31,گزارش فعالیت ماهانه دوره ۱ ماهه منتهی به  ۱۴۰۵/۰۲/۳۱,۱۴۰۵/۰۳/۰۵ ۱۳:۳۵:۲۵,1532047,False,https://excel.codal.ir/service/Excel/GetAll/IsX5YGR3cq7tuOOObOOOCOhpreow%3d%3d/0,export,آهن اسفنجی,تن,0.0,0.0,0.0,0.0,1405-02,1405
فسبزوار,فولاد سبزوار,steel,1405/02/31,گزارش فعالیت ماهانه دوره ۱ ماهه منتهی به  ۱۴۰۵/۰۲/۳۱,۱۴۰۵/۰۳/۰۵ ۱۳:۳۵:۲۵,1532047,False,https://excel.codal.ir/service/Excel/GetAll/IsX5YGR3cq7tuOOObOOOCOhpreow%3d%3d/0,domestic,بریکت,تن,1380.0,2974.0,107468729.0,319612.0,1405-02,1405
فسبزوار,فولاد سبزوار,steel,1405/02/31,گزارش فعالیت ماهانه دوره ۱ ماهه منتهی به  ۱۴۰۵/۰۲/۳۱,۱۴۰۵/۰۳/۰۵ ۱۳:۳۵:۲۵,1532047,False,https://excel.codal.ir/service/Excel/GetAll/IsX5YGR3cq7tuOOObOOOCOhpreow%3d%3d/0,domestic,محصولات فرعی,تن,2099.0,0.0,,0.0,1405-02,1405
فسبزوار,فولاد سبزوار,steel,1405/03/31,گزارش فعالیت ماهانه دوره ۱ ماهه منتهی به  ۱۴۰۵/۰۳/۳۱,۱۴۰۵/۰۴/۰۲ ۱۴:۵۲:۱۱,1554470,False,https://excel.codal.ir/service/Excel/GetAll/lIfPOlzSEMXmAAVCfcxX6A%3d%3d/0,domestic,آهن اسفنجی,تن,73149.0,92518.0,341057059.0,31553917.0,1405-03,1405
فسبزوار,فولاد سبزوار,steel,1405/03/31,گزارش فعالیت ماهانه دوره ۱ ماهه منتهی به  ۱۴۰۵/۰۳/۳۱,۱۴۰۵/۰۴/۰۲ ۱۴:۵۲:۱۱,1554470,False,https://excel.codal.ir/service/Excel/GetAll/lIfPOlzSEMXmAAVCfcxX6A%3d%3d/0,export,آهن اسفنجی,تن,0.0,0.0,0.0,0.0,1405-03,1405
فسبزوار,فولاد سبزوار,steel,1405/03/31,گزارش فعالیت ماهانه دوره ۱ ماهه منتهی به  ۱۴۰۵/۰۳/۳۱,۱۴۰۵/۰۴/۰۲ ۱۴:۵۲:۱۱,1554470,False,https://excel.codal.ir/service/Excel/GetAll/lIfPOlzSEMXmAAVCfcxX6A%3d%3d/0,domestic,بریکت,تن,521.0,470.0,122282979.0,57473.0,1405-03,1405
فسبزوار,فولاد سبزوار,steel,1405/03/31,گزارش فعالیت ماهانه دوره ۱ ماهه منتهی به  ۱۴۰۵/۰۳/۳۱,۱۴۰۵/۰۴/۰۲ ۱۴:۵۲:۱۱,1554470,False,https://excel.codal.ir/service/Excel/GetAll/lIfPOlzSEMXmAAVCfcxX6A%3d%3d/0,domestic,محصولات فرعی,تن,2085.0,0.0,,0.0,1405-03,1405
فصبا,صبا فولاد خلیج فارس,steel,1400/10/30,گزارش فعالیت ماهانه دوره ۱ ماهه منتهی به  ۱۴۰۰/۱۰/۳۰,۱۴۰۲/۰۲/۰۷ ۱۴:۳۹:۰۷,1018032,False,https://excel.codal.ir/service/Excel/GetAll/IxDGl2U1R6Q8HcNZRBqjrQ%3d%3d/0,domestic,بریکت آهن اسفنجی,تن,54657.0,64702.0,95795030.0,6198130.0,1400-10,1400
فصبا,صبا فولاد خلیج فارس,steel,1400/10/30,گزارش فعالیت ماهانه دوره ۱ ماهه منتهی به  ۱۴۰۰/۱۰/۳۰,۱۴۰۲/۰۲/۰۷ ۱۴:۳۹:۰۷,1018032,False,https://excel.codal.ir/service/Excel/GetAll/IxDGl2U1R6Q8HcNZRBqjrQ%3d%3d/0,export,بریکت آهن اسفنجی,تن,0.0,0.0,0.0,0.0,1400-10,1400
فصبا,صبا فولاد خلیج فارس,steel,1400/10/30,گزارش فعالیت ماهانه دوره ۱ ماهه منتهی به  ۱۴۰۰/۱۰/۳۰,۱۴۰۲/۰۲/۰۷ ۱۴:۳۹:۰۷,1018032,False,https://excel.codal.ir/service/Excel/GetAll/IxDGl2U1R6Q8HcNZRBqjrQ%3d%3d/0,export,بریکت آهن اسفنجی,تن,0.0,0.0,0.0,0.0,1400-10,1400
فصبا,صبا فولاد خلیج فارس,steel,1400/10/30,گزارش فعالیت ماهانه دوره ۱ ماهه منتهی به  ۱۴۰۰/۱۰/۳۰,۱۴۰۲/۰۲/۰۷ ۱۴:۳۹:۰۷,1018032,False,https://excel.codal.ir/service/Excel/GetAll/IxDGl2U1R6Q8HcNZRBqjrQ%3d%3d/0,export,بریکت آهن اسفنجی,تن,,0.0,0.0,0.0,1400-10,1400
فصبا,صبا فولاد خلیج فارس,steel,1400/11/30,گزارش فعالیت ماهانه دوره ۱ ماهه منتهی به  ۱۴۰۰/۱۱/۳۰,۱۴۰۲/۰۲/۰۷ ۱۶:۵۲:۳۱,1018221,False,https://excel.codal.ir/service/Excel/GetAll/ddFaWTHavOOObOOOnGPgNOOObOOOZQQQaQQQpHqQ%3d%3d/0,domestic,بریکت آهن اسفنجی,تن,49186.0,72018.0,90766614.0,6536830.0,1400-11,1400
فصبا,صبا فولاد خلیج فارس,steel,1400/11/30,گزارش فعالیت ماهانه دوره ۱ ماهه منتهی به  ۱۴۰۰/۱۱/۳۰,۱۴۰۲/۰۲/۰۷ ۱۶:۵۲:۳۱,1018221,False,https://excel.codal.ir/service/Excel/GetAll/ddFaWTHavOOObOOOnGPgNOOObOOOZQQQaQQQpHqQ%3d%3d/0,export,بریکت آهن اسفنجی,تن,,34000.0,96708147.0,3288077.0,1400-11,1400
فصبا,صبا فولاد خلیج فارس,steel,1400/11/30,گزارش فعالیت ماهانه دوره ۱ ماهه منتهی به  ۱۴۰۰/۱۱/۳۰,۱۴۰۲/۰۲/۰۷ ۱۶:۵۲:۳۱,1018221,False,https://excel.codal.ir/service/Excel/GetAll/ddFaWTHavOOObOOOnGPgNOOObOOOZQQQaQQQpHqQ%3d%3d/0,export,بریکت آهن اسفنجی,تن,,,0.0,0.0,1400-11,1400
فصبا,صبا فولاد خلیج فارس,steel,1400/11/30,گزارش فعالیت ماهانه دوره ۱ ماهه منتهی به  ۱۴۰۰/۱۱/۳۰,۱۴۰۲/۰۲/۰۷ ۱۶:۵۲:۳۱,1018221,False,https://excel.codal.ir/service/Excel/GetAll/ddFaWTHavOOObOOOnGPgNOOObOOOZQQQaQQQpHqQ%3d%3d/0,export,بریکت آهن اسفنجی,تن,,,0.0,0.0,1400-11,1400
فصبا,صبا فولاد خلیج فارس,steel,1400/12/29,گزارش فعالیت ماهانه دوره ۱ ماهه منتهی به  ۱۴۰۰/۱۲/۲۹,۱۴۰۲/۰۲/۰۷ ۱۷:۲۱:۴۱,1018246,False,https://excel.codal.ir/service/Excel/GetAll/QQQQaQQQtMpMsYwmYrElnLhOOObOOO1QQQaQQQTw%3d%3d/0,domestic,بریکت آهن اسفنجی,تن,66714.0,96828.0,89892655.0,8704126.0,1400-12,1400
فصبا,صبا فولاد خلیج فارس,steel,1400/12/29,گزارش فعالیت ماهانه دوره ۱ ماهه منتهی به  ۱۴۰۰/۱۲/۲۹,۱۴۰۲/۰۲/۰۷ ۱۷:۲۱:۴۱,1018246,False,https://excel.codal.ir/service/Excel/GetAll/QQQQaQQQtMpMsYwmYrElnLhOOObOOO1QQQaQQQTw%3d%3d/0,export,بریکت آهن اسفنجی,تن,,,0.0,0.0,1400-12,1400
فصبا,صبا فولاد خلیج فارس,steel,1400/12/29,گزارش فعالیت ماهانه دوره ۱ ماهه منتهی به  ۱۴۰۰/۱۲/۲۹,۱۴۰۲/۰۲/۰۷ ۱۷:۲۱:۴۱,1018246,False,https://excel.codal.ir/service/Excel/GetAll/QQQQaQQQtMpMsYwmYrElnLhOOObOOO1QQQaQQQTw%3d%3d/0,export,بریکت آهن اسفنجی,تن,,,0.0,0.0,1400-12,1400
فصبا,صبا فولاد خلیج فارس,steel,1400/12/29,گزارش فعالیت ماهانه دوره ۱ ماهه منتهی به  ۱۴۰۰/۱۲/۲۹,۱۴۰۲/۰۲/۰۷ ۱۷:۲۱:۴۱,1018246,False,https://excel.codal.ir/service/Excel/GetAll/QQQQaQQQtMpMsYwmYrElnLhOOObOOO1QQQaQQQTw%3d%3d/0,export,بریکت آهن اسفنجی,تن,,,0.0,0.0,1400-12,1400
فصبا,صبا فولاد خلیج فارس,steel,1401/01/31,گزارش فعالیت ماهانه دوره ۱ ماهه منتهی به  ۱۴۰۱/۰۱/۳۱,۱۴۰۲/۰۲/۰۷ ۱۷:۴۲:۵۳,1018252,False,https://excel.codal.ir/service/Excel/GetAll/n4OOObOOOkLKjB5goMX7eQQQaQQQj89fRA%3d%3d/0,domestic,بریکت آهن اسفنجی,تن,66690.0,52967.0,108026828.0,5721857.0,1401-01,1401
فصبا,صبا فولاد خلیج فارس,steel,1401/01/31,گزارش فعالیت ماهانه دوره ۱ ماهه منتهی به  ۱۴۰۱/۰۱/۳۱,۱۴۰۲/۰۲/۰۷ ۱۷:۴۲:۵۳,1018252,False,https://excel.codal.ir/service/Excel/GetAll/n4OOObOOOkLKjB5goMX7eQQQaQQQj89fRA%3d%3d/0,export,بریکت آهن اسفنجی,تن,,34593.0,97472552.0,3371868.0,1401-01,1401
فصبا,صبا فولاد خلیج فارس,steel,1401/01/31,گزارش فعالیت ماهانه دوره ۱ ماهه منتهی به  ۱۴۰۱/۰۱/۳۱,۱۴۰۲/۰۲/۰۷ ۱۷:۴۲:۵۳,1018252,False,https://excel.codal.ir/service/Excel/GetAll/n4OOObOOOkLKjB5goMX7eQQQaQQQj89fRA%3d%3d/0,export,بریکت آهن اسفنجی,تن,,,0.0,0.0,1401-01,1401
فصبا,صبا فولاد خلیج فارس,steel,1401/01/31,گزارش فعالیت ماهانه دوره ۱ ماهه منتهی به  ۱۴۰۱/۰۱/۳۱,۱۴۰۲/۰۲/۰۷ ۱۷:۴۲:۵۳,1018252,False,https://excel.codal.ir/service/Excel/GetAll/n4OOObOOOkLKjB5goMX7eQQQaQQQj89fRA%3d%3d/0,export,بریکت آهن اسفنجی,تن,,,0.0,0.0,1401-01,1401
فصبا,صبا فولاد خلیج فارس,steel,1401/02/31,گزارش فعالیت ماهانه دوره ۱ ماهه منتهی به  ۱۴۰۱/۰۲/۳۱,۱۴۰۲/۰۲/۰۷ ۱۷:۵۵:۰۵,1018255,False,https://excel.codal.ir/service/Excel/GetAll/NBFOVN57lOVKfmI35vl3SA%3d%3d/0,domestic,بریکت آهن اسفنجی,تن,72318.0,8597.0,107549843.0,924606.0,1401-02,1401
فصبا,صبا فولاد خلیج فارس,steel,1401/02/31,گزارش فعالیت ماهانه دوره ۱ ماهه منتهی به  ۱۴۰۱/۰۲/۳۱,۱۴۰۲/۰۲/۰۷ ۱۷:۵۵:۰۵,1018255,False,https://excel.codal.ir/service/Excel/GetAll/NBFOVN57lOVKfmI35vl3SA%3d%3d/0,export,بریکت آهن اسفنجی,تن,,25119.0,128277798.0,3222210.0,1401-02,1401
فصبا,صبا فولاد خلیج فارس,steel,1401/02/31,گزارش فعالیت ماهانه دوره ۱ ماهه منتهی به  ۱۴۰۱/۰۲/۳۱,۱۴۰۲/۰۲/۰۷ ۱۷:۵۵:۰۵,1018255,False,https://excel.codal.ir/service/Excel/GetAll/NBFOVN57lOVKfmI35vl3SA%3d%3d/0,export,بریکت آهن اسفنجی,تن,,,0.0,0.0,1401-02,1401
فصبا,صبا فولاد خلیج فارس,steel,1401/02/31,گزارش فعالیت ماهانه دوره ۱ ماهه منتهی به  ۱۴۰۱/۰۲/۳۱,۱۴۰۲/۰۲/۰۷ ۱۷:۵۵:۰۵,1018255,False,https://excel.codal.ir/service/Excel/GetAll/NBFOVN57lOVKfmI35vl3SA%3d%3d/0,export,بریکت آهن اسفنجی,تن,,,0.0,0.0,1401-02,1401
فصبا,صبا فولاد خلیج فارس,steel,1401/03/31,گزارش فعالیت ماهانه دوره ۱ ماهه منتهی به  ۱۴۰۱/۰۳/۳۱,۱۴۰۲/۰۲/۰۷ ۱۸:۱۸:۴۸,1018257,False,https://excel.codal.ir/service/Excel/GetAll/LkhRLcbOOObOOOMzOOObOOOnAZmOOObOOOCiQQQaQQQPiw%3d%3d/0,domestic,بریکت آهن اسفنجی,تن,67437.0,29417.0,106036442.0,3119274.0,1401-03,1401
فصبا,صبا فولاد خلیج فارس,steel,1401/03/31,گزارش فعالیت ماهانه دوره ۱ ماهه منتهی به  ۱۴۰۱/۰۳/۳۱,۱۴۰۲/۰۲/۰۷ ۱۸:۱۸:۴۸,1018257,False,https://excel.codal.ir/service/Excel/GetAll/LkhRLcbOOObOOOMzOOObOOOnAZmOOObOOOCiQQQaQQQPiw%3d%3d/0,export,بریکت آهن اسفنجی,تن,,44204.0,103004547.0,4553213.0,1401-03,1401
فصبا,صبا فولاد خلیج فارس,steel,1401/03/31,گزارش فعالیت ماهانه دوره ۱ ماهه منتهی به  ۱۴۰۱/۰۳/۳۱,۱۴۰۲/۰۲/۰۷ ۱۸:۱۸:۴۸,1018257,False,https://excel.codal.ir/service/Excel/GetAll/LkhRLcbOOObOOOMzOOObOOOnAZmOOObOOOCiQQQaQQQPiw%3d%3d/0,export,بریکت آهن اسفنجی,تن,,,0.0,0.0,1401-03,1401
فصبا,صبا فولاد خلیج فارس,steel,1401/03/31,گزارش فعالیت ماهانه دوره ۱ ماهه منتهی به  ۱۴۰۱/۰۳/۳۱,۱۴۰۲/۰۲/۰۷ ۱۸:۱۸:۴۸,1018257,False,https://excel.codal.ir/service/Excel/GetAll/LkhRLcbOOObOOOMzOOObOOOnAZmOOObOOOCiQQQaQQQPiw%3d%3d/0,export,بریکت آهن اسفنجی,تن,,,0.0,0.0,1401-03,1401
فصبا,صبا فولاد خلیج فارس,steel,1401/04/31,گزارش فعالیت ماهانه دوره ۱ ماهه منتهی به  ۱۴۰۱/۰۴/۳۱,۱۴۰۲/۰۲/۰۷ ۱۸:۵۳:۲۸,1018260,False,https://excel.codal.ir/service/Excel/GetAll/Q1MtAE7ahFK8S0SBEQQQaQQQlQuQ%3d%3d/0,domestic,بریکت آهن اسفنجی,تن,93759.0,14467.0,94919265.0,1373197.0,1401-04,1401
فصبا,صبا فولاد خلیج فارس,steel,1401/04/31,گزارش فعالیت ماهانه دوره ۱ ماهه منتهی به  ۱۴۰۱/۰۴/۳۱,۱۴۰۲/۰۲/۰۷ ۱۸:۵۳:۲۸,1018260,False,https://excel.codal.ir/service/Excel/GetAll/Q1MtAE7ahFK8S0SBEQQQaQQQlQuQ%3d%3d/0,export,بریکت آهن اسفنجی,تن,,40013.0,87945418.0,3518960.0,1401-04,1401
فصبا,صبا فولاد خلیج فارس,steel,1401/04/31,گزارش فعالیت ماهانه دوره ۱ ماهه منتهی به  ۱۴۰۱/۰۴/۳۱,۱۴۰۲/۰۲/۰۷ ۱۸:۵۳:۲۸,1018260,False,https://excel.codal.ir/service/Excel/GetAll/Q1MtAE7ahFK8S0SBEQQQaQQQlQuQ%3d%3d/0,export,بریکت آهن اسفنجی,تن,,,0.0,0.0,1401-04,1401
فصبا,صبا فولاد خلیج فارس,steel,1401/04/31,گزارش فعالیت ماهانه دوره ۱ ماهه منتهی به  ۱۴۰۱/۰۴/۳۱,۱۴۰۲/۰۲/۰۷ ۱۸:۵۳:۲۸,1018260,False,https://excel.codal.ir/service/Excel/GetAll/Q1MtAE7ahFK8S0SBEQQQaQQQlQuQ%3d%3d/0,export,بریکت آهن اسفنجی,تن,,,0.0,0.0,1401-04,1401
فصبا,صبا فولاد خلیج فارس,steel,1401/05/31,گزارش فعالیت ماهانه دوره ۱ ماهه منتهی به  ۱۴۰۱/۰۵/۳۱,۱۴۰۲/۰۲/۰۸ ۱۰:۲۸:۲۰,1018263,False,https://excel.codal.ir/service/Excel/GetAll/JhOOObOOOaTf8e8MnVOOObOOOPcU8QQQaQQQWHsA%3d%3d/0,domestic,بریکت آهن اسفنجی,تن,92051.0,12760.0,87444592.0,1115793.0,1401-05,1401
فصبا,صبا فولاد خلیج فارس,steel,1401/05/31,گزارش فعالیت ماهانه دوره ۱ ماهه منتهی به  ۱۴۰۱/۰۵/۳۱,۱۴۰۲/۰۲/۰۸ ۱۰:۲۸:۲۰,1018263,False,https://excel.codal.ir/service/Excel/GetAll/JhOOObOOOaTf8e8MnVOOObOOOPcU8QQQaQQQWHsA%3d%3d/0,export,بریکت آهن اسفنجی,تن,,,0.0,0.0,1401-05,1401
فصبا,صبا فولاد خلیج فارس,steel,1401/05/31,گزارش فعالیت ماهانه دوره ۱ ماهه منتهی به  ۱۴۰۱/۰۵/۳۱,۱۴۰۲/۰۲/۰۸ ۱۰:۲۸:۲۰,1018263,False,https://excel.codal.ir/service/Excel/GetAll/JhOOObOOOaTf8e8MnVOOObOOOPcU8QQQaQQQWHsA%3d%3d/0,export,بریکت آهن اسفنجی,تن,,,0.0,0.0,1401-05,1401
فصبا,صبا فولاد خلیج فارس,steel,1401/05/31,گزارش فعالیت ماهانه دوره ۱ ماهه منتهی به  ۱۴۰۱/۰۵/۳۱,۱۴۰۲/۰۲/۰۸ ۱۰:۲۸:۲۰,1018263,False,https://excel.codal.ir/service/Excel/GetAll/JhOOObOOOaTf8e8MnVOOObOOOPcU8QQQaQQQWHsA%3d%3d/0,export,بریکت آهن اسفنجی,تن,,,0.0,0.0,1401-05,1401
فصبا,صبا فولاد خلیج فارس,steel,1401/06/31,گزارش فعالیت ماهانه دوره ۱ ماهه منتهی به  ۱۴۰۱/۰۶/۳۱,۱۴۰۲/۰۲/۰۸ ۱۱:۰۲:۲۲,1018274,False,https://excel.codal.ir/service/Excel/GetAll/WaUomaPNamM1FgUq0Y2j5A%3d%3d/0,domestic,بریکت آهن اسفنجی,تن,95688.0,31501.0,87363322.0,2752032.0,1401-06,1401
فصبا,صبا فولاد خلیج فارس,steel,1401/06/31,گزارش فعالیت ماهانه دوره ۱ ماهه منتهی به  ۱۴۰۱/۰۶/۳۱,۱۴۰۲/۰۲/۰۸ ۱۱:۰۲:۲۲,1018274,False,https://excel.codal.ir/service/Excel/GetAll/WaUomaPNamM1FgUq0Y2j5A%3d%3d/0,export,بریکت آهن اسفنجی,تن,,52001.0,84839542.0,4411741.0,1401-06,1401
فصبا,صبا فولاد خلیج فارس,steel,1401/06/31,گزارش فعالیت ماهانه دوره ۱ ماهه منتهی به  ۱۴۰۱/۰۶/۳۱,۱۴۰۲/۰۲/۰۸ ۱۱:۰۲:۲۲,1018274,False,https://excel.codal.ir/service/Excel/GetAll/WaUomaPNamM1FgUq0Y2j5A%3d%3d/0,export,بریکت آهن اسفنجی,تن,,,0.0,0.0,1401-06,1401
فصبا,صبا فولاد خلیج فارس,steel,1401/06/31,گزارش فعالیت ماهانه دوره ۱ ماهه منتهی به  ۱۴۰۱/۰۶/۳۱,۱۴۰۲/۰۲/۰۸ ۱۱:۰۲:۲۲,1018274,False,https://excel.codal.ir/service/Excel/GetAll/WaUomaPNamM1FgUq0Y2j5A%3d%3d/0,export,بریکت آهن اسفنجی,تن,,,0.0,0.0,1401-06,1401
فصبا,صبا فولاد خلیج فارس,steel,1401/07/30,گزارش فعالیت ماهانه دوره ۱ ماهه منتهی به  ۱۴۰۱/۰۷/۳۰,۱۴۰۲/۰۲/۰۸ ۱۱:۳۰:۲۸,1018276,False,https://excel.codal.ir/service/Excel/GetAll/gJWsfiZWEIwMiu5QQQaQQQLA5wVg%3d%3d/0,domestic,بریکت آهن اسفنجی,تن,93358.0,67048.0,84201348.0,5645532.0,1401-07,1401
فصبا,صبا فولاد خلیج فارس,steel,1401/07/30,گزارش فعالیت ماهانه دوره ۱ ماهه منتهی به  ۱۴۰۱/۰۷/۳۰,۱۴۰۲/۰۲/۰۸ ۱۱:۳۰:۲۸,1018276,False,https://excel.codal.ir/service/Excel/GetAll/gJWsfiZWEIwMiu5QQQaQQQLA5wVg%3d%3d/0,export,بریکت آهن اسفنجی,تن,,,0.0,0.0,1401-07,1401
فصبا,صبا فولاد خلیج فارس,steel,1401/07/30,گزارش فعالیت ماهانه دوره ۱ ماهه منتهی به  ۱۴۰۱/۰۷/۳۰,۱۴۰۲/۰۲/۰۸ ۱۱:۳۰:۲۸,1018276,False,https://excel.codal.ir/service/Excel/GetAll/gJWsfiZWEIwMiu5QQQaQQQLA5wVg%3d%3d/0,export,بریکت آهن اسفنجی,تن,,,0.0,0.0,1401-07,1401
فصبا,صبا فولاد خلیج فارس,steel,1401/07/30,گزارش فعالیت ماهانه دوره ۱ ماهه منتهی به  ۱۴۰۱/۰۷/۳۰,۱۴۰۲/۰۲/۰۸ ۱۱:۳۰:۲۸,1018276,False,https://excel.codal.ir/service/Excel/GetAll/gJWsfiZWEIwMiu5QQQaQQQLA5wVg%3d%3d/0,export,بریکت آهن اسفنجی,تن,,,0.0,0.0,1401-07,1401
فصبا,صبا فولاد خلیج فارس,steel,1401/08/30,گزارش فعالیت ماهانه دوره ۱ ماهه منتهی به  ۱۴۰۱/۰۸/۳۰,۱۴۰۲/۰۲/۰۸ ۱۱:۴۹:۵۷,1018280,False,https://excel.codal.ir/service/Excel/GetAll/DicEjP9mltClH6YXVQQQaQQQWcKQ%3d%3d/0,domestic,بریکت آهن اسفنجی,تن,69909.0,74205.0,85051344.0,6311235.0,1401-08,1401
فصبا,صبا فولاد خلیج فارس,steel,1401/08/30,گزارش فعالیت ماهانه دوره ۱ ماهه منتهی به  ۱۴۰۱/۰۸/۳۰,۱۴۰۲/۰۲/۰۸ ۱۱:۴۹:۵۷,1018280,False,https://excel.codal.ir/service/Excel/GetAll/DicEjP9mltClH6YXVQQQaQQQWcKQ%3d%3d/0,export,بریکت آهن اسفنجی,تن,,47258.0,83414491.0,3942002.0,1401-08,1401
فصبا,صبا فولاد خلیج فارس,steel,1401/08/30,گزارش فعالیت ماهانه دوره ۱ ماهه منتهی به  ۱۴۰۱/۰۸/۳۰,۱۴۰۲/۰۲/۰۸ ۱۱:۴۹:۵۷,1018280,False,https://excel.codal.ir/service/Excel/GetAll/DicEjP9mltClH6YXVQQQaQQQWcKQ%3d%3d/0,export,بریکت آهن اسفنجی,تن,,,0.0,0.0,1401-08,1401
فصبا,صبا فولاد خلیج فارس,steel,1401/08/30,گزارش فعالیت ماهانه دوره ۱ ماهه منتهی به  ۱۴۰۱/۰۸/۳۰,۱۴۰۲/۰۲/۰۸ ۱۱:۴۹:۵۷,1018280,False,https://excel.codal.ir/service/Excel/GetAll/DicEjP9mltClH6YXVQQQaQQQWcKQ%3d%3d/0,export,بریکت آهن اسفنجی,تن,,,0.0,0.0,1401-08,1401
فصبا,صبا فولاد خلیج فارس,steel,1401/09/30,گزارش فعالیت ماهانه دوره ۱ ماهه منتهی به  ۱۴۰۱/۰۹/۳۰,۱۴۰۲/۰۲/۰۸ ۱۲:۵۵:۵۱,1018281,False,https://excel.codal.ir/service/Excel/GetAll/UTA4IrnGZ5jmqRHKSt6Ggw%3d%3d/0,domestic,بریکت آهن اسفنجی,تن,78973.0,138788.0,85246448.0,11831184.0,1401-09,1401
فصبا,صبا فولاد خلیج فارس,steel,1401/09/30,گزارش فعالیت ماهانه دوره ۱ ماهه منتهی به  ۱۴۰۱/۰۹/۳۰,۱۴۰۲/۰۲/۰۸ ۱۲:۵۵:۵۱,1018281,False,https://excel.codal.ir/service/Excel/GetAll/UTA4IrnGZ5jmqRHKSt6Ggw%3d%3d/0,export,بریکت آهن اسفنجی,تن,,61967.0,80541304.0,4990903.0,1401-09,1401
فصبا,صبا فولاد خلیج فارس,steel,1401/09/30,گزارش فعالیت ماهانه دوره ۱ ماهه منتهی به  ۱۴۰۱/۰۹/۳۰,۱۴۰۲/۰۲/۰۸ ۱۲:۵۵:۵۱,1018281,False,https://excel.codal.ir/service/Excel/GetAll/UTA4IrnGZ5jmqRHKSt6Ggw%3d%3d/0,export,بریکت آهن اسفنجی,تن,,,0.0,0.0,1401-09,1401
فصبا,صبا فولاد خلیج فارس,steel,1401/09/30,گزارش فعالیت ماهانه دوره ۱ ماهه منتهی به  ۱۴۰۱/۰۹/۳۰,۱۴۰۲/۰۲/۰۸ ۱۲:۵۵:۵۱,1018281,False,https://excel.codal.ir/service/Excel/GetAll/UTA4IrnGZ5jmqRHKSt6Ggw%3d%3d/0,export,بریکت آهن اسفنجی,تن,,,0.0,0.0,1401-09,1401
فصبا,صبا فولاد خلیج فارس,steel,1401/10/30,گزارش فعالیت ماهانه دوره ۱ ماهه منتهی به  ۱۴۰۱/۱۰/۳۰,۱۴۰۲/۰۲/۱۰ ۱۵:۵۱:۲۹,1001183,False,https://excel.codal.ir/service/Excel/GetAll/QQQaQQQw7HSOOObOOOZndpimffk5G1yxXw%3d%3d/0,domestic,بریکت آهن اسفنجی,تن,4886.0,69635.0,90914468.0,6330829.0,1401-10,1401
فصبا,صبا فولاد خلیج فارس,steel,1401/10/30,گزارش فعالیت ماهانه دوره ۱ ماهه منتهی به  ۱۴۰۱/۱۰/۳۰,۱۴۰۲/۰۲/۱۰ ۱۵:۵۱:۲۹,1001183,False,https://excel.codal.ir/service/Excel/GetAll/QQQaQQQw7HSOOObOOOZndpimffk5G1yxXw%3d%3d/0,export,بریکت آهن اسفنجی,تن,,29956.0,80000267.0,2396488.0,1401-10,1401
فصبا,صبا فولاد خلیج فارس,steel,1401/11/30,گزارش فعالیت ماهانه دوره ۱ ماهه منتهی به  ۱۴۰۱/۱۱/۳۰,۱۴۰۲/۰۲/۱۰ ۱۶:۴۸:۳۷,1019544,False,https://excel.codal.ir/service/Excel/GetAll/0Ha6NmQzF80WfXzFguDmNw%3d%3d/0,domestic,بریکت آهن اسفنجی,تن,4775.0,25879.0,87991808.0,2277140.0,1401-11,1401
فصبا,صبا فولاد خلیج فارس,steel,1401/11/30,گزارش فعالیت ماهانه دوره ۱ ماهه منتهی به  ۱۴۰۱/۱۱/۳۰,۱۴۰۲/۰۲/۱۰ ۱۶:۴۸:۳۷,1019544,False,https://excel.codal.ir/service/Excel/GetAll/0Ha6NmQzF80WfXzFguDmNw%3d%3d/0,export,بریکت آهن اسفنجی,تن,,108.0,93407407.0,10088.0,1401-11,1401
فصبا,صبا فولاد خلیج فارس,steel,1401/12/29,گزارش فعالیت ماهانه دوره ۱ ماهه منتهی به  ۱۴۰۱/۱۲/۲۹(اصلاحیه),۱۴۰۲/۰۲/۲۵ ۱۲:۲۷:۴۱,1025908,True,https://excel.codal.ir/service/Excel/GetAll/fjt8Tku32gYj9ALRM1KNag%3d%3d/0,domestic,بریکت آهن اسفنجی,تن,89537.0,88528.0,108224031.0,9580857.0,1401-12,1401
فصبا,صبا فولاد خلیج فارس,steel,1401/12/29,گزارش فعالیت ماهانه دوره ۱ ماهه منتهی به  ۱۴۰۱/۱۲/۲۹(اصلاحیه),۱۴۰۲/۰۲/۲۵ ۱۲:۲۷:۴۱,1025908,True,https://excel.codal.ir/service/Excel/GetAll/fjt8Tku32gYj9ALRM1KNag%3d%3d/0,export,بریکت آهن اسفنجی,تن,,20111.0,101653821.0,2044360.0,1401-12,1401
فصبا,صبا فولاد خلیج فارس,steel,1402/01/31,گزارش فعالیت ماهانه دوره ۱ ماهه منتهی به  ۱۴۰۲/۰۱/۳۱(اصلاحیه),۱۴۰۲/۰۳/۰۷ ۱۰:۲۴:۵۴,1031990,True,https://excel.codal.ir/service/Excel/GetAll/Np8RJGfgT7N0JGgQvMcHDw%3d%3d/0,domestic,بریکت آهن اسفنجی,تن,116690.0,14894.0,110100846.0,1639842.0,1402-01,1402
فصبا,صبا فولاد خلیج فارس,steel,1402/01/31,گزارش فعالیت ماهانه دوره ۱ ماهه منتهی به  ۱۴۰۲/۰۱/۳۱(اصلاحیه),۱۴۰۲/۰۳/۰۷ ۱۰:۲۴:۵۴,1031990,True,https://excel.codal.ir/service/Excel/GetAll/Np8RJGfgT7N0JGgQvMcHDw%3d%3d/0,export,بریکت آهن اسفنجی,تن,,21589.0,124391913.0,2685497.0,1402-01,1402
فصبا,صبا فولاد خلیج فارس,steel,1402/02/31,گزارش فعالیت ماهانه دوره ۱ ماهه منتهی به  ۱۴۰۲/۰۲/۳۱,۱۴۰۲/۰۳/۰۷ ۱۱:۴۳:۲۲,1032128,False,https://excel.codal.ir/service/Excel/GetAll/RlyHnqXblzL6IWjHH4jgIg%3d%3d/0,domestic,بریکت آهن اسفنجی,تن,77870.0,68604.0,138768818.0,9520096.0,1402-02,1402
فصبا,صبا فولاد خلیج فارس,steel,1402/02/31,گزارش فعالیت ماهانه دوره ۱ ماهه منتهی به  ۱۴۰۲/۰۲/۳۱,۱۴۰۲/۰۳/۰۷ ۱۱:۴۳:۲۲,1032128,False,https://excel.codal.ir/service/Excel/GetAll/RlyHnqXblzL6IWjHH4jgIg%3d%3d/0,export,بریکت آهن اسفنجی,تن,,24557.0,124260292.0,3051460.0,1402-02,1402
فصبا,صبا فولاد خلیج فارس,steel,1402/03/31,گزارش فعالیت ماهانه دوره ۱ ماهه منتهی به  ۱۴۰۲/۰۳/۳۱,۱۴۰۲/۰۴/۰۷ ۱۲:۲۱:۵۷,1047235,False,https://excel.codal.ir/service/Excel/GetAll/KNdukHDEqu7UHXOO09zH2Q%3d%3d/0,domestic,بریکت آهن اسفنجی,تن,119225.0,101347.0,136255676.0,13809104.0,1402-03,1402
فصبا,صبا فولاد خلیج فارس,steel,1402/03/31,گزارش فعالیت ماهانه دوره ۱ ماهه منتهی به  ۱۴۰۲/۰۳/۳۱,۱۴۰۲/۰۴/۰۷ ۱۲:۲۱:۵۷,1047235,False,https://excel.codal.ir/service/Excel/GetAll/KNdukHDEqu7UHXOO09zH2Q%3d%3d/0,export,بریکت آهن اسفنجی,تن,,8567.0,124632543.0,1067727.0,1402-03,1402
فصبا,صبا فولاد خلیج فارس,steel,1402/04/31,گزارش فعالیت ماهانه دوره ۱ ماهه منتهی به  ۱۴۰۲/۰۴/۳۱,۱۴۰۲/۰۵/۰۴ ۱۲:۲۶:۱۶,1064235,False,https://excel.codal.ir/service/Excel/GetAll/wmspHTiXClEiMQ7xUkf9lw%3d%3d/0,domestic,بریکت آهن اسفنجی,تن,99145.0,86539.0,135781093.0,11750360.0,1402-04,1402
فصبا,صبا فولاد خلیج فارس,steel,1402/04/31,گزارش فعالیت ماهانه دوره ۱ ماهه منتهی به  ۱۴۰۲/۰۴/۳۱,۱۴۰۲/۰۵/۰۴ ۱۲:۲۶:۱۶,1064235,False,https://excel.codal.ir/service/Excel/GetAll/wmspHTiXClEiMQ7xUkf9lw%3d%3d/0,export,بریکت آهن اسفنجی,تن,,26945.0,129858193.0,3499029.0,1402-04,1402
فصبا,صبا فولاد خلیج فارس,steel,1402/05/31,گزارش فعالیت ماهانه دوره ۱ ماهه منتهی به  ۱۴۰۲/۰۵/۳۱,۱۴۰۲/۰۶/۰۷ ۱۷:۴۶:۳۷,1076901,False,https://excel.codal.ir/service/Excel/GetAll/McFEhemfbOOObOOO2t8umSDmCaiw%3d%3d/0,domestic,بریکت آهن اسفنجی,تن,105284.0,58948.0,130267456.0,7679006.0,1402-05,1402
فصبا,صبا فولاد خلیج فارس,steel,1402/05/31,گزارش فعالیت ماهانه دوره ۱ ماهه منتهی به  ۱۴۰۲/۰۵/۳۱,۱۴۰۲/۰۶/۰۷ ۱۷:۴۶:۳۷,1076901,False,https://excel.codal.ir/service/Excel/GetAll/McFEhemfbOOObOOO2t8umSDmCaiw%3d%3d/0,export,بریکت آهن اسفنجی,تن,,34526.0,132999971.0,4591957.0,1402-05,1402
فصبا,صبا فولاد خلیج فارس,steel,1402/06/31,گزارش فعالیت ماهانه دوره ۱ ماهه منتهی به  ۱۴۰۲/۰۶/۳۱,۱۴۰۲/۰۷/۰۴ ۱۶:۲۹:۰۷,1085984,False,https://excel.codal.ir/service/Excel/GetAll/jQQQaQQQxzWi75nuCTwQiHYQQQaQQQieYw%3d%3d/0,domestic,بریکت آهن اسفنجی,تن,123204.0,70034.0,127152212.0,8904978.0,1402-06,1402
فصبا,صبا فولاد خلیج فارس,steel,1402/06/31,گزارش فعالیت ماهانه دوره ۱ ماهه منتهی به  ۱۴۰۲/۰۶/۳۱,۱۴۰۲/۰۷/۰۴ ۱۶:۲۹:۰۷,1085984,False,https://excel.codal.ir/service/Excel/GetAll/jQQQaQQQxzWi75nuCTwQiHYQQQaQQQieYw%3d%3d/0,export,بریکت آهن اسفنجی,تن,,93659.0,132025796.0,12365404.0,1402-06,1402
فصبا,صبا فولاد خلیج فارس,steel,1402/07/30,گزارش فعالیت ماهانه دوره ۱ ماهه منتهی به  ۱۴۰۲/۰۷/۳۰,۱۴۰۲/۰۸/۰۷ ۱۸:۵۲:۳۷,1098895,False,https://excel.codal.ir/service/Excel/GetAll/cZTpC4xk2MCYyjCbneVzDw%3d%3d/0,domestic,بریکت آهن اسفنجی,تن,97684.0,38774.0,134458787.0,5213505.0,1402-07,1402
فصبا,صبا فولاد خلیج فارس,steel,1402/07/30,گزارش فعالیت ماهانه دوره ۱ ماهه منتهی به  ۱۴۰۲/۰۷/۳۰,۱۴۰۲/۰۸/۰۷ ۱۸:۵۲:۳۷,1098895,False,https://excel.codal.ir/service/Excel/GetAll/cZTpC4xk2MCYyjCbneVzDw%3d%3d/0,export,بریکت آهن اسفنجی,تن,,5307.0,132100622.0,701058.0,1402-07,1402
فصبا,صبا فولاد خلیج فارس,steel,1402/08/30,گزارش فعالیت ماهانه دوره ۱ ماهه منتهی به  ۱۴۰۲/۰۸/۳۰,۱۴۰۲/۰۹/۰۷ ۱۰:۱۰:۱۲,1113735,False,https://excel.codal.ir/service/Excel/GetAll/8bMNvJwptl7N3OOObOOOMOOObOOOQQQaQQQzK4XQ%3d%3d/0,domestic,بریکت آهن اسفنجی,تن,120182.0,123220.0,131682527.0,16225921.0,1402-08,1402
فصبا,صبا فولاد خلیج فارس,steel,1402/08/30,گزارش فعالیت ماهانه دوره ۱ ماهه منتهی به  ۱۴۰۲/۰۸/۳۰,۱۴۰۲/۰۹/۰۷ ۱۰:۱۰:۱۲,1113735,False,https://excel.codal.ir/service/Excel/GetAll/8bMNvJwptl7N3OOObOOOMOOObOOOQQQaQQQzK4XQ%3d%3d/0,export,بریکت آهن اسفنجی,تن,,,0.0,0.0,1402-08,1402
فصبا,صبا فولاد خلیج فارس,steel,1402/09/30,گزارش فعالیت ماهانه دوره ۱ ماهه منتهی به  ۱۴۰۲/۰۹/۳۰(اصلاحیه),۱۴۰۳/۰۱/۱۹ ۱۸:۵۹:۴۳,1175162,True,https://excel.codal.ir/service/Excel/GetAll/uTyhvOOObOOOsVuaeRJP25zzjhug%3d%3d/0,domestic,بریکت آهن اسفنجی,تن,118690.0,76754.0,135686518.0,10414483.0,1402-09,1402
فصبا,صبا فولاد خلیج فارس,steel,1402/09/30,گزارش فعالیت ماهانه دوره ۱ ماهه منتهی به  ۱۴۰۲/۰۹/۳۰(اصلاحیه),۱۴۰۳/۰۱/۱۹ ۱۸:۵۹:۴۳,1175162,True,https://excel.codal.ir/service/Excel/GetAll/uTyhvOOObOOOsVuaeRJP25zzjhug%3d%3d/0,export,بریکت آهن اسفنجی,تن,,50982.0,123036307.0,6272637.0,1402-09,1402
فصبا,صبا فولاد خلیج فارس,steel,1402/10/30,گزارش فعالیت ماهانه دوره ۱ ماهه منتهی به  ۱۴۰۲/۱۰/۳۰(اصلاحیه),۱۴۰۲/۱۱/۱۸ ۱۵:۴۹:۰۴,1151888,True,https://excel.codal.ir/service/Excel/GetAll/y9EbpJ1KUQV4gkPBYwNrgg%3d%3d/0,domestic,بریکت آهن اسفنجی,تن,100408.0,56460.0,151793323.0,8570251.0,1402-10,1402
فصبا,صبا فولاد خلیج فارس,steel,1402/10/30,گزارش فعالیت ماهانه دوره ۱ ماهه منتهی به  ۱۴۰۲/۱۰/۳۰(اصلاحیه),۱۴۰۲/۱۱/۱۸ ۱۵:۴۹:۰۴,1151888,True,https://excel.codal.ir/service/Excel/GetAll/y9EbpJ1KUQV4gkPBYwNrgg%3d%3d/0,export,بریکت آهن اسفنجی,تن,,,0.0,0.0,1402-10,1402
فصبا,صبا فولاد خلیج فارس,steel,1402/11/30,گزارش فعالیت ماهانه دوره ۱ ماهه منتهی به  ۱۴۰۲/۱۱/۳۰,۱۴۰۲/۱۲/۰۷ ۱۷:۱۶:۳۶,1159321,False,https://excel.codal.ir/service/Excel/GetAll/FBUorozcSQPYiUJfk9hRIA%3d%3d/0,domestic,بریکت آهن اسفنجی,تن,115867.0,54713.0,136307276.0,7457780.0,1402-11,1402
فصبا,صبا فولاد خلیج فارس,steel,1402/11/30,گزارش فعالیت ماهانه دوره ۱ ماهه منتهی به  ۱۴۰۲/۱۱/۳۰,۱۴۰۲/۱۲/۰۷ ۱۷:۱۶:۳۶,1159321,False,https://excel.codal.ir/service/Excel/GetAll/FBUorozcSQPYiUJfk9hRIA%3d%3d/0,export,بریکت آهن اسفنجی,تن,,,0.0,0.0,1402-11,1402
فصبا,صبا فولاد خلیج فارس,steel,1402/12/29,گزارش فعالیت ماهانه دوره ۱ ماهه منتهی به  ۱۴۰۲/۱۲/۲۹(اصلاحیه),۱۴۰۳/۰۲/۰۵ ۱۹:۳۹:۱۳,1182877,True,https://excel.codal.ir/service/Excel/GetAll/KERYcE31Asguf9a6bDbfig%3d%3d/0,domestic,بریکت آهن اسفنجی,تن,25616.0,79447.0,134022493.0,10647685.0,1402-12,1402
فصبا,صبا فولاد خلیج فارس,steel,1402/12/29,گزارش فعالیت ماهانه دوره ۱ ماهه منتهی به  ۱۴۰۲/۱۲/۲۹(اصلاحیه),۱۴۰۳/۰۲/۰۵ ۱۹:۳۹:۱۳,1182877,True,https://excel.codal.ir/service/Excel/GetAll/KERYcE31Asguf9a6bDbfig%3d%3d/0,export,بریکت آهن اسفنجی,تن,,59560.0,132874715.0,7914018.0,1402-12,1402
فصبا,صبا فولاد خلیج فارس,steel,1403/01/31,گزارش فعالیت ماهانه دوره ۱ ماهه منتهی به  ۱۴۰۳/۰۱/۳۱,۱۴۰۳/۰۲/۰۵ ۲۰:۴۱:۳۹,1182888,False,https://excel.codal.ir/service/Excel/GetAll/ERAMbPEIqm3a6FuIgekh4A%3d%3d/0,domestic,بریکت آهن اسفنجی,تن,131811.0,29562.0,133240613.0,3938859.0,1403-01,1403
فصبا,صبا فولاد خلیج فارس,steel,1403/01/31,گزارش فعالیت ماهانه دوره ۱ ماهه منتهی به  ۱۴۰۳/۰۱/۳۱,۱۴۰۳/۰۲/۰۵ ۲۰:۴۱:۳۹,1182888,False,https://excel.codal.ir/service/Excel/GetAll/ERAMbPEIqm3a6FuIgekh4A%3d%3d/0,export,بریکت آهن اسفنجی,تن,,54300.0,134845838.0,7322129.0,1403-01,1403
فصبا,صبا فولاد خلیج فارس,steel,1403/03/31,گزارش فعالیت ماهانه دوره ۱ ماهه منتهی به  ۱۴۰۳/۰۳/۳۱,۱۴۰۳/۰۴/۰۹ ۱۳:۳۸:۳۳,1209962,False,https://excel.codal.ir/service/Excel/GetAll/tYzOHotMLJZafeibERwtOOObOOOw%3d%3d/0,domestic,بریکت آهن اسفنجی,تن,127263.0,20978.0,139504243.0,2926520.0,1403-03,1403
فصبا,صبا فولاد خلیج فارس,steel,1403/03/31,گزارش فعالیت ماهانه دوره ۱ ماهه منتهی به  ۱۴۰۳/۰۳/۳۱,۱۴۰۳/۰۴/۰۹ ۱۳:۳۸:۳۳,1209962,False,https://excel.codal.ir/service/Excel/GetAll/tYzOHotMLJZafeibERwtOOObOOOw%3d%3d/0,export,بریکت آهن اسفنجی,تن,,757.0,142080581.0,107555.0,1403-03,1403
فصبا,صبا فولاد خلیج فارس,steel,1403/04/31,گزارش فعالیت ماهانه دوره ۱ ماهه منتهی به  ۱۴۰۳/۰۴/۳۱(اصلاحیه),۱۴۰۳/۰۵/۰۹ ۱۵:۳۰:۵۹,1228139,True,https://excel.codal.ir/service/Excel/GetAll/aKHe8H1gi29FJZW1fqhOOObOOOFQ%3d%3d/0,domestic,بریکت آهن اسفنجی,تن,121339.0,499.0,124282565.0,62017.0,1403-04,1403
فصبا,صبا فولاد خلیج فارس,steel,1403/04/31,گزارش فعالیت ماهانه دوره ۱ ماهه منتهی به  ۱۴۰۳/۰۴/۳۱(اصلاحیه),۱۴۰۳/۰۵/۰۹ ۱۵:۳۰:۵۹,1228139,True,https://excel.codal.ir/service/Excel/GetAll/aKHe8H1gi29FJZW1fqhOOObOOOFQ%3d%3d/0,export,بریکت آهن اسفنجی,تن,,51.0,148098039.0,7553.0,1403-04,1403
فصبا,صبا فولاد خلیج فارس,steel,1403/04/31,گزارش فعالیت ماهانه دوره ۱ ماهه منتهی به  ۱۴۰۳/۰۴/۳۱(اصلاحیه),۱۴۰۳/۰۵/۰۹ ۱۵:۳۰:۵۹,1228139,True,https://excel.codal.ir/service/Excel/GetAll/aKHe8H1gi29FJZW1fqhOOObOOOFQ%3d%3d/0,domestic,میکس بریکت و آهن اسفنجی,تن,,9460.0,81275053.0,768862.0,1403-04,1403
فصبا,صبا فولاد خلیج فارس,steel,1403/05/31,گزارش فعالیت ماهانه دوره ۱ ماهه منتهی به  ۱۴۰۳/۰۵/۳۱,۱۴۰۳/۰۶/۱۰ ۱۷:۱۳:۰۵,1241968,False,https://excel.codal.ir/service/Excel/GetAll/htdVQT69Gr5YOncIi0oWRA%3d%3d/0,domestic,بریکت آهن اسفنجی,تن,100647.0,2342.0,121668659.0,284948.0,1403-05,1403
فصبا,صبا فولاد خلیج فارس,steel,1403/05/31,گزارش فعالیت ماهانه دوره ۱ ماهه منتهی به  ۱۴۰۳/۰۵/۳۱,۱۴۰۳/۰۶/۱۰ ۱۷:۱۳:۰۵,1241968,False,https://excel.codal.ir/service/Excel/GetAll/htdVQT69Gr5YOncIi0oWRA%3d%3d/0,export,بریکت آهن اسفنجی,تن,,12519.0,151865484.0,1901204.0,1403-05,1403
فصبا,صبا فولاد خلیج فارس,steel,1403/05/31,گزارش فعالیت ماهانه دوره ۱ ماهه منتهی به  ۱۴۰۳/۰۵/۳۱,۱۴۰۳/۰۶/۱۰ ۱۷:۱۳:۰۵,1241968,False,https://excel.codal.ir/service/Excel/GetAll/htdVQT69Gr5YOncIi0oWRA%3d%3d/0,domestic,میکس بریکت و آهن اسفنجی,تن,15985.0,19960.0,74672946.0,1490472.0,1403-05,1403
فصبا,صبا فولاد خلیج فارس,steel,1403/07/30,گزارش فعالیت ماهانه دوره ۱ ماهه منتهی به  ۱۴۰۳/۰۷/۳۰,۱۴۰۳/۰۸/۰۶ ۱۹:۱۰:۴۸,1262796,False,https://excel.codal.ir/service/Excel/GetAll/xGDWOOObOOOrsZrgx3TRQQQaQQQKdP9HNQ%3d%3d/0,domestic,بریکت آهن اسفنجی,تن,81228.0,51176.0,123463499.0,6318368.0,1403-07,1403
فصبا,صبا فولاد خلیج فارس,steel,1403/07/30,گزارش فعالیت ماهانه دوره ۱ ماهه منتهی به  ۱۴۰۳/۰۷/۳۰,۱۴۰۳/۰۸/۰۶ ۱۹:۱۰:۴۸,1262796,False,https://excel.codal.ir/service/Excel/GetAll/xGDWOOObOOOrsZrgx3TRQQQaQQQKdP9HNQ%3d%3d/0,export,بریکت آهن اسفنجی,تن,,24500.0,145161714.0,3556462.0,1403-07,1403
فصبا,صبا فولاد خلیج فارس,steel,1403/07/30,گزارش فعالیت ماهانه دوره ۱ ماهه منتهی به  ۱۴۰۳/۰۷/۳۰,۱۴۰۳/۰۸/۰۶ ۱۹:۱۰:۴۸,1262796,False,https://excel.codal.ir/service/Excel/GetAll/xGDWOOObOOOrsZrgx3TRQQQaQQQKdP9HNQ%3d%3d/0,domestic,میکس بریکت و آهن اسفنجی,تن,480.0,1207.0,74271748.0,89646.0,1403-07,1403
فصبا,صبا فولاد خلیج فارس,steel,1403/08/30,گزارش فعالیت ماهانه دوره ۱ ماهه منتهی به  ۱۴۰۳/۰۸/۳۰,۱۴۰۳/۰۹/۰۵ ۱۲:۳۶:۱۸,1274424,False,https://excel.codal.ir/service/Excel/GetAll/GrBHrdKclVzNTsqzRgIuGw%3d%3d/0,domestic,بریکت آهن اسفنجی,تن,110288.0,154734.0,125883516.0,19478460.0,1403-08,1403
فصبا,صبا فولاد خلیج فارس,steel,1403/08/30,گزارش فعالیت ماهانه دوره ۱ ماهه منتهی به  ۱۴۰۳/۰۸/۳۰,۱۴۰۳/۰۹/۰۵ ۱۲:۳۶:۱۸,1274424,False,https://excel.codal.ir/service/Excel/GetAll/GrBHrdKclVzNTsqzRgIuGw%3d%3d/0,export,بریکت آهن اسفنجی,تن,,500.0,125766000.0,62883.0,1403-08,1403
فصبا,صبا فولاد خلیج فارس,steel,1403/08/30,گزارش فعالیت ماهانه دوره ۱ ماهه منتهی به  ۱۴۰۳/۰۸/۳۰,۱۴۰۳/۰۹/۰۵ ۱۲:۳۶:۱۸,1274424,False,https://excel.codal.ir/service/Excel/GetAll/GrBHrdKclVzNTsqzRgIuGw%3d%3d/0,domestic,میکس بریکت و آهن اسفنجی,تن,1025.0,159.0,74188679.0,11796.0,1403-08,1403
فصبا,صبا فولاد خلیج فارس,steel,1403/09/30,گزارش فعالیت ماهانه دوره ۱ ماهه منتهی به  ۱۴۰۳/۰۹/۳۰(اصلاحیه),۱۴۰۴/۰۱/۲۰ ۱۵:۳۸:۲۰,1329030,True,https://excel.codal.ir/service/Excel/GetAll/03QQQaQQQEtgvS2DOOObOOOB3tB50O1Jzw%3d%3d/0,domestic,بریکت آهن اسفنجی,تن,57939.0,80508.0,136395576.0,10980935.0,1403-09,1403
فصبا,صبا فولاد خلیج فارس,steel,1403/09/30,گزارش فعالیت ماهانه دوره ۱ ماهه منتهی به  ۱۴۰۳/۰۹/۳۰(اصلاحیه),۱۴۰۴/۰۱/۲۰ ۱۵:۳۸:۲۰,1329030,True,https://excel.codal.ir/service/Excel/GetAll/03QQQaQQQEtgvS2DOOObOOOB3tB50O1Jzw%3d%3d/0,export,بریکت آهن اسفنجی,تن,,348900.0,125537727.0,43800113.0,1403-09,1403
فصبا,صبا فولاد خلیج فارس,steel,1403/09/30,گزارش فعالیت ماهانه دوره ۱ ماهه منتهی به  ۱۴۰۳/۰۹/۳۰(اصلاحیه),۱۴۰۴/۰۱/۲۰ ۱۵:۳۸:۲۰,1329030,True,https://excel.codal.ir/service/Excel/GetAll/03QQQaQQQEtgvS2DOOObOOOB3tB50O1Jzw%3d%3d/0,domestic,میکس بریکت و آهن اسفنجی,تن,2654.0,2968.0,84260108.0,250084.0,1403-09,1403
فصبا,صبا فولاد خلیج فارس,steel,1403/10/30,گزارش فعالیت ماهانه دوره ۱ ماهه منتهی به  ۱۴۰۳/۱۰/۳۰,۱۴۰۳/۱۱/۰۷ ۱۶:۴۷:۲۹,1301165,False,https://excel.codal.ir/service/Excel/GetAll/FKTZ2p1DSkTz6PiSWIIcqA%3d%3d/0,domestic,بریکت آهن اسفنجی,تن,87706.0,23668.0,147521633.0,3491542.0,1403-10,1403
فصبا,صبا فولاد خلیج فارس,steel,1403/10/30,گزارش فعالیت ماهانه دوره ۱ ماهه منتهی به  ۱۴۰۳/۱۰/۳۰,۱۴۰۳/۱۱/۰۷ ۱۶:۴۷:۲۹,1301165,False,https://excel.codal.ir/service/Excel/GetAll/FKTZ2p1DSkTz6PiSWIIcqA%3d%3d/0,export,بریکت آهن اسفنجی,تن,,15256.0,169368970.0,2583893.0,1403-10,1403
فصبا,صبا فولاد خلیج فارس,steel,1403/10/30,گزارش فعالیت ماهانه دوره ۱ ماهه منتهی به  ۱۴۰۳/۱۰/۳۰,۱۴۰۳/۱۱/۰۷ ۱۶:۴۷:۲۹,1301165,False,https://excel.codal.ir/service/Excel/GetAll/FKTZ2p1DSkTz6PiSWIIcqA%3d%3d/0,domestic,میکس بریکت و آهن اسفنجی,تن,1075.0,25.0,83280000.0,2082.0,1403-10,1403
فصبا,صبا فولاد خلیج فارس,steel,1403/11/30,گزارش فعالیت ماهانه دوره ۱ ماهه منتهی به  ۱۴۰۳/۱۱/۳۰,۱۴۰۳/۱۲/۰۷ ۱۵:۱۰:۵۸,1312940,False,https://excel.codal.ir/service/Excel/GetAll/jhQQQaQQQx2LKBWrSFmGNobcElJA%3d%3d/0,domestic,بریکت آهن اسفنجی,تن,9902.0,16229.0,150486968.0,2442253.0,1403-11,1403
فصبا,صبا فولاد خلیج فارس,steel,1403/11/30,گزارش فعالیت ماهانه دوره ۱ ماهه منتهی به  ۱۴۰۳/۱۱/۳۰,۱۴۰۳/۱۲/۰۷ ۱۵:۱۰:۵۸,1312940,False,https://excel.codal.ir/service/Excel/GetAll/jhQQQaQQQx2LKBWrSFmGNobcElJA%3d%3d/0,export,بریکت آهن اسفنجی,تن,,26049.0,165514223.0,4311480.0,1403-11,1403
فصبا,صبا فولاد خلیج فارس,steel,1403/11/30,گزارش فعالیت ماهانه دوره ۱ ماهه منتهی به  ۱۴۰۳/۱۱/۳۰,۱۴۰۳/۱۲/۰۷ ۱۵:۱۰:۵۸,1312940,False,https://excel.codal.ir/service/Excel/GetAll/jhQQQaQQQx2LKBWrSFmGNobcElJA%3d%3d/0,domestic,میکس بریکت و آهن اسفنجی,تن,75.0,5196.0,93322171.0,484902.0,1403-11,1403
فصبا,صبا فولاد خلیج فارس,steel,1403/12/30,گزارش فعالیت ماهانه دوره ۱ ماهه منتهی به  ۱۴۰۳/۱۲/۳۰(اصلاحیه),۱۴۰۴/۰۲/۲۹ ۱۱:۴۴:۵۳,1343047,True,https://excel.codal.ir/service/Excel/GetAll/O0mhYaC60652MVu4QQQaQQQtWRSw%3d%3d/0,domestic,بریکت آهن اسفنجی,تن,84821.0,28866.0,167438821.0,4833289.0,1403-12,1403
فصبا,صبا فولاد خلیج فارس,steel,1403/12/30,گزارش فعالیت ماهانه دوره ۱ ماهه منتهی به  ۱۴۰۳/۱۲/۳۰(اصلاحیه),۱۴۰۴/۰۲/۲۹ ۱۱:۴۴:۵۳,1343047,True,https://excel.codal.ir/service/Excel/GetAll/O0mhYaC60652MVu4QQQaQQQtWRSw%3d%3d/0,export,بریکت آهن اسفنجی,تن,,5000.0,167892200.0,839461.0,1403-12,1403
فصبا,صبا فولاد خلیج فارس,steel,1403/12/30,گزارش فعالیت ماهانه دوره ۱ ماهه منتهی به  ۱۴۰۳/۱۲/۳۰(اصلاحیه),۱۴۰۴/۰۲/۲۹ ۱۱:۴۴:۵۳,1343047,True,https://excel.codal.ir/service/Excel/GetAll/O0mhYaC60652MVu4QQQaQQQtWRSw%3d%3d/0,domestic,میکس بریکت و آهن اسفنجی,تن,3286.0,3331.0,96268688.0,320671.0,1403-12,1403
فصبا,صبا فولاد خلیج فارس,steel,1404/01/31,گزارش فعالیت ماهانه دوره ۱ ماهه منتهی به  ۱۴۰۴/۰۱/۳۱(اصلاحیه),۱۴۰۴/۰۳/۰۷ ۱۳:۱۸:۰۱,1352367,True,https://excel.codal.ir/service/Excel/GetAll/Ycp0qQqPlRw6CPcaLunoLQ%3d%3d/0,domestic,بریکت آهن اسفنجی,تن,135437.0,43000.0,172340302.0,7410633.0,1404-01,1404
فصبا,صبا فولاد خلیج فارس,steel,1404/01/31,گزارش فعالیت ماهانه دوره ۱ ماهه منتهی به  ۱۴۰۴/۰۱/۳۱(اصلاحیه),۱۴۰۴/۰۳/۰۷ ۱۳:۱۸:۰۱,1352367,True,https://excel.codal.ir/service/Excel/GetAll/Ycp0qQqPlRw6CPcaLunoLQ%3d%3d/0,export,بریکت آهن اسفنجی,تن,,25000.0,169550680.0,4238767.0,1404-01,1404
فصبا,صبا فولاد خلیج فارس,steel,1404/01/31,گزارش فعالیت ماهانه دوره ۱ ماهه منتهی به  ۱۴۰۴/۰۱/۳۱(اصلاحیه),۱۴۰۴/۰۳/۰۷ ۱۳:۱۸:۰۱,1352367,True,https://excel.codal.ir/service/Excel/GetAll/Ycp0qQqPlRw6CPcaLunoLQ%3d%3d/0,domestic,میکس بریکت و آهن اسفنجی,تن,,,,0.0,1404-01,1404
فصبا,صبا فولاد خلیج فارس,steel,1404/02/31,گزارش فعالیت ماهانه دوره ۱ ماهه منتهی به  ۱۴۰۴/۰۲/۳۱(اصلاحیه),۱۴۰۴/۰۳/۱۰ ۱۰:۱۹:۴۰,1353207,True,https://excel.codal.ir/service/Excel/GetAll/sLIY2CsAN38L90pOOObOOO22MrYw%3d%3d/0,domestic,بریکت آهن اسفنجی,تن,125991.0,4470.0,170324832.0,761352.0,1404-02,1404
فصبا,صبا فولاد خلیج فارس,steel,1404/02/31,گزارش فعالیت ماهانه دوره ۱ ماهه منتهی به  ۱۴۰۴/۰۲/۳۱(اصلاحیه),۱۴۰۴/۰۳/۱۰ ۱۰:۱۹:۴۰,1353207,True,https://excel.codal.ir/service/Excel/GetAll/sLIY2CsAN38L90pOOObOOO22MrYw%3d%3d/0,export,بریکت آهن اسفنجی,تن,,64367.0,150829975.0,9708473.0,1404-02,1404
فصبا,صبا فولاد خلیج فارس,steel,1404/02/31,گزارش فعالیت ماهانه دوره ۱ ماهه منتهی به  ۱۴۰۴/۰۲/۳۱(اصلاحیه),۱۴۰۴/۰۳/۱۰ ۱۰:۱۹:۴۰,1353207,True,https://excel.codal.ir/service/Excel/GetAll/sLIY2CsAN38L90pOOObOOO22MrYw%3d%3d/0,domestic,میکس بریکت و آهن اسفنجی,تن,,655.0,96283969.0,63066.0,1404-02,1404
فصبا,صبا فولاد خلیج فارس,steel,1404/03/31,گزارش فعالیت ماهانه دوره ۱ ماهه منتهی به  ۱۴۰۴/۰۳/۳۱(اصلاحیه),۱۴۰۴/۰۵/۲۸ ۱۵:۴۲:۰۰,1394585,True,https://excel.codal.ir/service/Excel/GetAll/Qt6JwMUQQQaQQQ83qHPOOObOOOBUXOOObOOOI3ug%3d%3d/0,domestic,بریکت آهن اسفنجی,تن,115874.0,16396.0,169353684.0,2776723.0,1404-03,1404
فصبا,صبا فولاد خلیج فارس,steel,1404/03/31,گزارش فعالیت ماهانه دوره ۱ ماهه منتهی به  ۱۴۰۴/۰۳/۳۱(اصلاحیه),۱۴۰۴/۰۵/۲۸ ۱۵:۴۲:۰۰,1394585,True,https://excel.codal.ir/service/Excel/GetAll/Qt6JwMUQQQaQQQ83qHPOOObOOOBUXOOObOOOI3ug%3d%3d/0,export,بریکت آهن اسفنجی,تن,,45000.0,172009533.0,7740429.0,1404-03,1404
فصبا,صبا فولاد خلیج فارس,steel,1404/03/31,گزارش فعالیت ماهانه دوره ۱ ماهه منتهی به  ۱۴۰۴/۰۳/۳۱(اصلاحیه),۱۴۰۴/۰۵/۲۸ ۱۵:۴۲:۰۰,1394585,True,https://excel.codal.ir/service/Excel/GetAll/Qt6JwMUQQQaQQQ83qHPOOObOOOBUXOOObOOOI3ug%3d%3d/0,domestic,میکس بریکت و آهن اسفنجی,تن,,997.0,96300903.0,96012.0,1404-03,1404
فصبا,صبا فولاد خلیج فارس,steel,1404/04/31,گزارش فعالیت ماهانه دوره ۱ ماهه منتهی به  ۱۴۰۴/۰۴/۳۱(اصلاحیه),۱۴۰۴/۰۶/۰۶ ۱۳:۲۱:۱۷,1398725,True,https://excel.codal.ir/service/Excel/GetAll/WYxzHMEaTp97KrQgnOOObOOO9ErA%3d%3d/0,domestic,بریکت آهن اسفنجی,تن,116983.0,12121.0,160989275.0,1951351.0,1404-04,1404
فصبا,صبا فولاد خلیج فارس,steel,1404/04/31,گزارش فعالیت ماهانه دوره ۱ ماهه منتهی به  ۱۴۰۴/۰۴/۳۱(اصلاحیه),۱۴۰۴/۰۶/۰۶ ۱۳:۲۱:۱۷,1398725,True,https://excel.codal.ir/service/Excel/GetAll/WYxzHMEaTp97KrQgnOOObOOO9ErA%3d%3d/0,export,بریکت آهن اسفنجی,تن,,30210.0,166827110.0,5039847.0,1404-04,1404
فصبا,صبا فولاد خلیج فارس,steel,1404/04/31,گزارش فعالیت ماهانه دوره ۱ ماهه منتهی به  ۱۴۰۴/۰۴/۳۱(اصلاحیه),۱۴۰۴/۰۶/۰۶ ۱۳:۲۱:۱۷,1398725,True,https://excel.codal.ir/service/Excel/GetAll/WYxzHMEaTp97KrQgnOOObOOO9ErA%3d%3d/0,domestic,میکس بریکت و آهن اسفنجی,تن,,,,0.0,1404-04,1404
فصبا,صبا فولاد خلیج فارس,steel,1404/05/31,گزارش فعالیت ماهانه دوره ۱ ماهه منتهی به  ۱۴۰۴/۰۵/۳۱,۱۴۰۴/۰۶/۰۸ ۱۶:۳۰:۴۱,1399468,False,https://excel.codal.ir/service/Excel/GetAll/iEjEVKU167uQS3QQf0aZSg%3d%3d/0,domestic,بریکت آهن اسفنجی,تن,78191.0,63463.0,162011692.0,10281748.0,1404-05,1404
فصبا,صبا فولاد خلیج فارس,steel,1404/05/31,گزارش فعالیت ماهانه دوره ۱ ماهه منتهی به  ۱۴۰۴/۰۵/۳۱,۱۴۰۴/۰۶/۰۸ ۱۶:۳۰:۴۱,1399468,False,https://excel.codal.ir/service/Excel/GetAll/iEjEVKU167uQS3QQf0aZSg%3d%3d/0,export,بریکت آهن اسفنجی,تن,,21000.0,167243905.0,3512122.0,1404-05,1404
فصبا,صبا فولاد خلیج فارس,steel,1404/05/31,گزارش فعالیت ماهانه دوره ۱ ماهه منتهی به  ۱۴۰۴/۰۵/۳۱,۱۴۰۴/۰۶/۰۸ ۱۶:۳۰:۴۱,1399468,False,https://excel.codal.ir/service/Excel/GetAll/iEjEVKU167uQS3QQf0aZSg%3d%3d/0,domestic,میکس بریکت و آهن اسفنجی,تن,,,,0.0,1404-05,1404
فصبا,صبا فولاد خلیج فارس,steel,1404/06/31,گزارش فعالیت ماهانه دوره ۱ ماهه منتهی به  ۱۴۰۴/۰۶/۳۱,۱۴۰۴/۰۷/۰۶ ۱۶:۲۱:۵۱,1410661,False,https://excel.codal.ir/service/Excel/GetAll/dMK34UUXUoOaUZpXGoiVsQ%3d%3d/0,domestic,بریکت آهن اسفنجی,تن,129199.0,65444.0,156880035.0,10266857.0,1404-06,1404
فصبا,صبا فولاد خلیج فارس,steel,1404/06/31,گزارش فعالیت ماهانه دوره ۱ ماهه منتهی به  ۱۴۰۴/۰۶/۳۱,۱۴۰۴/۰۷/۰۶ ۱۶:۲۱:۵۱,1410661,False,https://excel.codal.ir/service/Excel/GetAll/dMK34UUXUoOaUZpXGoiVsQ%3d%3d/0,export,بریکت آهن اسفنجی,تن,,95328.0,166503661.0,15872461.0,1404-06,1404
فصبا,صبا فولاد خلیج فارس,steel,1404/06/31,گزارش فعالیت ماهانه دوره ۱ ماهه منتهی به  ۱۴۰۴/۰۶/۳۱,۱۴۰۴/۰۷/۰۶ ۱۶:۲۱:۵۱,1410661,False,https://excel.codal.ir/service/Excel/GetAll/dMK34UUXUoOaUZpXGoiVsQ%3d%3d/0,domestic,میکس بریکت و آهن اسفنجی,تن,,,,0.0,1404-06,1404
فصبا,صبا فولاد خلیج فارس,steel,1404/07/30,گزارش فعالیت ماهانه دوره ۱ ماهه منتهی به  ۱۴۰۴/۰۷/۳۰,۱۴۰۴/۰۸/۰۶ ۲۰:۱۵:۴۹,1428190,False,https://excel.codal.ir/service/Excel/GetAll/ElPdIO0pvQcP27CCLRbQCg%3d%3d/0,domestic,بریکت آهن اسفنجی,تن,108948.0,158934.0,160482011.0,25506048.0,1404-07,1404
فصبا,صبا فولاد خلیج فارس,steel,1404/07/30,گزارش فعالیت ماهانه دوره ۱ ماهه منتهی به  ۱۴۰۴/۰۷/۳۰,۱۴۰۴/۰۸/۰۶ ۲۰:۱۵:۴۹,1428190,False,https://excel.codal.ir/service/Excel/GetAll/ElPdIO0pvQcP27CCLRbQCg%3d%3d/0,export,بریکت آهن اسفنجی,تن,,53002.0,165133882.0,8752426.0,1404-07,1404
فصبا,صبا فولاد خلیج فارس,steel,1404/07/30,گزارش فعالیت ماهانه دوره ۱ ماهه منتهی به  ۱۴۰۴/۰۷/۳۰,۱۴۰۴/۰۸/۰۶ ۲۰:۱۵:۴۹,1428190,False,https://excel.codal.ir/service/Excel/GetAll/ElPdIO0pvQcP27CCLRbQCg%3d%3d/0,domestic,میکس بریکت و آهن اسفنجی,تن,,,,0.0,1404-07,1404
فصبا,صبا فولاد خلیج فارس,steel,1404/08/30,گزارش فعالیت ماهانه دوره ۱ ماهه منتهی به  ۱۴۰۴/۰۸/۳۰,۱۴۰۴/۰۹/۰۸ ۱۶:۱۸:۴۹,1444150,False,https://excel.codal.ir/service/Excel/GetAll/tov97bEXaAOOObOOORExNL5QQQaQQQkLRA%3d%3d/0,domestic,بریکت آهن اسفنجی,تن,111642.0,150336.0,163235419.0,24540160.0,1404-08,1404
فصبا,صبا فولاد خلیج فارس,steel,1404/08/30,گزارش فعالیت ماهانه دوره ۱ ماهه منتهی به  ۱۴۰۴/۰۸/۳۰,۱۴۰۴/۰۹/۰۸ ۱۶:۱۸:۴۹,1444150,False,https://excel.codal.ir/service/Excel/GetAll/tov97bEXaAOOObOOORExNL5QQQaQQQkLRA%3d%3d/0,export,بریکت آهن اسفنجی,تن,,5131.0,167481777.0,859349.0,1404-08,1404
فصبا,صبا فولاد خلیج فارس,steel,1404/08/30,گزارش فعالیت ماهانه دوره ۱ ماهه منتهی به  ۱۴۰۴/۰۸/۳۰,۱۴۰۴/۰۹/۰۸ ۱۶:۱۸:۴۹,1444150,False,https://excel.codal.ir/service/Excel/GetAll/tov97bEXaAOOObOOORExNL5QQQaQQQkLRA%3d%3d/0,domestic,میکس بریکت و آهن اسفنجی,تن,,,,0.0,1404-08,1404
فصبا,صبا فولاد خلیج فارس,steel,1404/09/30,گزارش فعالیت ماهانه دوره ۱ ماهه منتهی به  ۱۴۰۴/۰۹/۳۰(اصلاحیه),۱۴۰۴/۱۱/۲۹ ۱۸:۵۳:۲۵,1490703,True,https://excel.codal.ir/service/Excel/GetAll/OOObOOOw6GQra9QQQaQQQ6OOObOOO3dtar3C8i9w%3d%3d/0,domestic,بریکت آهن اسفنجی,تن,115033.0,43466.0,166921134.0,7255394.0,1404-09,1404
فصبا,صبا فولاد خلیج فارس,steel,1404/09/30,گزارش فعالیت ماهانه دوره ۱ ماهه منتهی به  ۱۴۰۴/۰۹/۳۰(اصلاحیه),۱۴۰۴/۱۱/۲۹ ۱۸:۵۳:۲۵,1490703,True,https://excel.codal.ir/service/Excel/GetAll/OOObOOOw6GQra9QQQaQQQ6OOObOOO3dtar3C8i9w%3d%3d/0,export,بریکت آهن اسفنجی,تن,,76289.0,176493138.0,13464485.0,1404-09,1404
فصبا,صبا فولاد خلیج فارس,steel,1404/09/30,گزارش فعالیت ماهانه دوره ۱ ماهه منتهی به  ۱۴۰۴/۰۹/۳۰(اصلاحیه),۱۴۰۴/۱۱/۲۹ ۱۸:۵۳:۲۵,1490703,True,https://excel.codal.ir/service/Excel/GetAll/OOObOOOw6GQra9QQQaQQQ6OOObOOO3dtar3C8i9w%3d%3d/0,domestic,میکس بریکت و آهن اسفنجی,تن,,,,0.0,1404-09,1404
فصبا,صبا فولاد خلیج فارس,steel,1404/10/30,گزارش فعالیت ماهانه دوره ۱ ماهه منتهی به  ۱۴۰۴/۱۰/۳۰,۱۴۰۴/۱۱/۰۷ ۱۲:۱۰:۵۳,1478744,False,https://excel.codal.ir/service/Excel/GetAll/npqSbnMxiz74e3oWgmffOOObOOOA%3d%3d/0,domestic,بریکت آهن اسفنجی,تن,94238.0,48075.0,177368300.0,8526981.0,1404-10,1404
فصبا,صبا فولاد خلیج فارس,steel,1404/10/30,گزارش فعالیت ماهانه دوره ۱ ماهه منتهی به  ۱۴۰۴/۱۰/۳۰,۱۴۰۴/۱۱/۰۷ ۱۲:۱۰:۵۳,1478744,False,https://excel.codal.ir/service/Excel/GetAll/npqSbnMxiz74e3oWgmffOOObOOOA%3d%3d/0,export,بریکت آهن اسفنجی,تن,,97234.0,297159461.0,28894003.0,1404-10,1404
فصبا,صبا فولاد خلیج فارس,steel,1404/10/30,گزارش فعالیت ماهانه دوره ۱ ماهه منتهی به  ۱۴۰۴/۱۰/۳۰,۱۴۰۴/۱۱/۰۷ ۱۲:۱۰:۵۳,1478744,False,https://excel.codal.ir/service/Excel/GetAll/npqSbnMxiz74e3oWgmffOOObOOOA%3d%3d/0,domestic,میکس بریکت و آهن اسفنجی,تن,0.0,0.0,,0.0,1404-10,1404
فصبا,صبا فولاد خلیج فارس,steel,1404/11/30,گزارش فعالیت ماهانه دوره ۱ ماهه منتهی به  ۱۴۰۴/۱۱/۳۰,۱۴۰۴/۱۲/۰۶ ۱۶:۴۵:۰۹,1499181,False,https://excel.codal.ir/service/Excel/GetAll/SpV5SA9QQQaQQQlJaDvwZLQ1THJg%3d%3d/0,domestic,بریکت آهن اسفنجی,تن,77011.0,41929.0,178752796.0,7494926.0,1404-11,1404
فصبا,صبا فولاد خلیج فارس,steel,1404/11/30,گزارش فعالیت ماهانه دوره ۱ ماهه منتهی به  ۱۴۰۴/۱۱/۳۰,۱۴۰۴/۱۲/۰۶ ۱۶:۴۵:۰۹,1499181,False,https://excel.codal.ir/service/Excel/GetAll/SpV5SA9QQQaQQQlJaDvwZLQ1THJg%3d%3d/0,export,بریکت آهن اسفنجی,تن,,51500.0,320562951.0,16508992.0,1404-11,1404
فصبا,صبا فولاد خلیج فارس,steel,1404/11/30,گزارش فعالیت ماهانه دوره ۱ ماهه منتهی به  ۱۴۰۴/۱۱/۳۰,۱۴۰۴/۱۲/۰۶ ۱۶:۴۵:۰۹,1499181,False,https://excel.codal.ir/service/Excel/GetAll/SpV5SA9QQQaQQQlJaDvwZLQ1THJg%3d%3d/0,domestic,میکس بریکت و آهن اسفنجی,تن,,,,0.0,1404-11,1404
فصبا,صبا فولاد خلیج فارس,steel,1404/12/29,گزارش فعالیت ماهانه دوره ۱ ماهه منتهی به  ۱۴۰۴/۱۲/۲۹(اصلاحیه),۱۴۰۵/۰۱/۳۰ ۱۲:۵۱:۲۱,1509825,True,https://excel.codal.ir/service/Excel/GetAll/1zgKFVkFPOOObOOOLZU4QQQaQQQrefPhzg%3d%3d/0,domestic,بریکت آهن اسفنجی,تن,0.0,1152.0,170598090.0,196529.0,1404-12,1404
فصبا,صبا فولاد خلیج فارس,steel,1404/12/29,گزارش فعالیت ماهانه دوره ۱ ماهه منتهی به  ۱۴۰۴/۱۲/۲۹(اصلاحیه),۱۴۰۵/۰۱/۳۰ ۱۲:۵۱:۲۱,1509825,True,https://excel.codal.ir/service/Excel/GetAll/1zgKFVkFPOOObOOOLZU4QQQaQQQrefPhzg%3d%3d/0,export,بریکت آهن اسفنجی,تن,,,0.0,0.0,1404-12,1404
فصبا,صبا فولاد خلیج فارس,steel,1404/12/29,گزارش فعالیت ماهانه دوره ۱ ماهه منتهی به  ۱۴۰۴/۱۲/۲۹(اصلاحیه),۱۴۰۵/۰۱/۳۰ ۱۲:۵۱:۲۱,1509825,True,https://excel.codal.ir/service/Excel/GetAll/1zgKFVkFPOOObOOOLZU4QQQaQQQrefPhzg%3d%3d/0,domestic,میکس بریکت و آهن اسفنجی,تن,,,,0.0,1404-12,1404
فصبا,صبا فولاد خلیج فارس,steel,1405/01/31,گزارش فعالیت ماهانه دوره ۱ ماهه منتهی به  ۱۴۰۵/۰۱/۳۱(اصلاحیه),۱۴۰۵/۰۲/۰۸ ۱۱:۱۹:۲۴,1515484,True,https://excel.codal.ir/service/Excel/GetAll/8C0mIVMOOObOOOnEBMcCoPbyX2Kw%3d%3d/0,domestic,بریکت آهن اسفنجی,تن,68815.0,40231.0,207376998.0,8342984.0,1405-01,1405
فصبا,صبا فولاد خلیج فارس,steel,1405/01/31,گزارش فعالیت ماهانه دوره ۱ ماهه منتهی به  ۱۴۰۵/۰۱/۳۱(اصلاحیه),۱۴۰۵/۰۲/۰۸ ۱۱:۱۹:۲۴,1515484,True,https://excel.codal.ir/service/Excel/GetAll/8C0mIVMOOObOOOnEBMcCoPbyX2Kw%3d%3d/0,export,بریکت آهن اسفنجی,تن,,22459.0,298375351.0,6701212.0,1405-01,1405
فصبا,صبا فولاد خلیج فارس,steel,1405/01/31,گزارش فعالیت ماهانه دوره ۱ ماهه منتهی به  ۱۴۰۵/۰۱/۳۱(اصلاحیه),۱۴۰۵/۰۲/۰۸ ۱۱:۱۹:۲۴,1515484,True,https://excel.codal.ir/service/Excel/GetAll/8C0mIVMOOObOOOnEBMcCoPbyX2Kw%3d%3d/0,domestic,میکس بریکت و آهن اسفنجی,تن,,,,0.0,1405-01,1405
فصبا,صبا فولاد خلیج فارس,steel,1405/02/31,گزارش فعالیت ماهانه دوره ۱ ماهه منتهی به  ۱۴۰۵/۰۲/۳۱,۱۴۰۵/۰۳/۰۹ ۱۵:۴۹:۱۵,1535120,False,https://excel.codal.ir/service/Excel/GetAll/0epvqHTRgLNAiaj7hILNBQ%3d%3d/0,domestic,بریکت آهن اسفنجی,تن,120462.0,54220.0,252007211.0,13663831.0,1405-02,1405
فصبا,صبا فولاد خلیج فارس,steel,1405/02/31,گزارش فعالیت ماهانه دوره ۱ ماهه منتهی به  ۱۴۰۵/۰۲/۳۱,۱۴۰۵/۰۳/۰۹ ۱۵:۴۹:۱۵,1535120,False,https://excel.codal.ir/service/Excel/GetAll/0epvqHTRgLNAiaj7hILNBQ%3d%3d/0,export,بریکت آهن اسفنجی,تن,,4999.0,346548910.0,1732398.0,1405-02,1405
فصبا,صبا فولاد خلیج فارس,steel,1405/02/31,گزارش فعالیت ماهانه دوره ۱ ماهه منتهی به  ۱۴۰۵/۰۲/۳۱,۱۴۰۵/۰۳/۰۹ ۱۵:۴۹:۱۵,1535120,False,https://excel.codal.ir/service/Excel/GetAll/0epvqHTRgLNAiaj7hILNBQ%3d%3d/0,domestic,میکس بریکت و آهن اسفنجی,تن,,,,0.0,1405-02,1405
فصبا,صبا فولاد خلیج فارس,steel,1405/03/31,گزارش فعالیت ماهانه دوره ۱ ماهه منتهی به  ۱۴۰۵/۰۳/۳۱(اصلاحیه),۱۴۰۵/۰۴/۰۸ ۱۶:۰۸:۰۲,1559247,True,https://excel.codal.ir/service/Excel/GetAll/amLXuIHZZFaRrBOOObOOOMpsnFLQ%3d%3d/0,domestic,بریکت آهن اسفنجی,تن,83815.0,26130.0,249135476.0,6509910.0,1405-03,1405
فصبا,صبا فولاد خلیج فارس,steel,1405/03/31,گزارش فعالیت ماهانه دوره ۱ ماهه منتهی به  ۱۴۰۵/۰۳/۳۱(اصلاحیه),۱۴۰۵/۰۴/۰۸ ۱۶:۰۸:۰۲,1559247,True,https://excel.codal.ir/service/Excel/GetAll/amLXuIHZZFaRrBOOObOOOMpsnFLQ%3d%3d/0,export,بریکت آهن اسفنجی,تن,,34500.0,349567101.0,12060065.0,1405-03,1405
فصبا,صبا فولاد خلیج فارس,steel,1405/03/31,گزارش فعالیت ماهانه دوره ۱ ماهه منتهی به  ۱۴۰۵/۰۳/۳۱(اصلاحیه),۱۴۰۵/۰۴/۰۸ ۱۶:۰۸:۰۲,1559247,True,https://excel.codal.ir/service/Excel/GetAll/amLXuIHZZFaRrBOOObOOOMpsnFLQ%3d%3d/0,domestic,میکس بریکت و آهن اسفنجی,تن,,,,0.0,1405-03,1405
کاوه,فولاد کاوه جنوب کیش,steel,1400/01/31,گزارش فعالیت ماهانه دوره ۱ ماهه منتهی به ۱۴۰۰/۰۱/۳۱(اصلاحیه),۱۴۰۰/۰۲/۰۷ ۱۵:۵۰:۰۶,741264,True,https://excel.codal.ir/service/Excel/GetAll/Zps0q9Hd0CVhGHPygwKQQQaQQQMg%3d%3d/0,domestic,آهن اسفنجی,تن,160865.0,0.0,,0.0,1400-01,1400
کاوه,فولاد کاوه جنوب کیش,steel,1400/01/31,گزارش فعالیت ماهانه دوره ۱ ماهه منتهی به ۱۴۰۰/۰۱/۳۱(اصلاحیه),۱۴۰۰/۰۲/۰۷ ۱۵:۵۰:۰۶,741264,True,https://excel.codal.ir/service/Excel/GetAll/Zps0q9Hd0CVhGHPygwKQQQaQQQMg%3d%3d/0,domestic,آهن اسفنجی داخلی,تن,0.0,0.0,,0.0,1400-01,1400
کاوه,فولاد کاوه جنوب کیش,steel,1400/01/31,گزارش فعالیت ماهانه دوره ۱ ماهه منتهی به ۱۴۰۰/۰۱/۳۱(اصلاحیه),۱۴۰۰/۰۲/۰۷ ۱۵:۵۰:۰۶,741264,True,https://excel.codal.ir/service/Excel/GetAll/Zps0q9Hd0CVhGHPygwKQQQaQQQMg%3d%3d/0,export,آهن اسفنجی صادراتی,تن,0.0,0.0,0.0,0.0,1400-01,1400
کاوه,فولاد کاوه جنوب کیش,steel,1400/01/31,گزارش فعالیت ماهانه دوره ۱ ماهه منتهی به ۱۴۰۰/۰۱/۳۱(اصلاحیه),۱۴۰۰/۰۲/۰۷ ۱۵:۵۰:۰۶,741264,True,https://excel.codal.ir/service/Excel/GetAll/Zps0q9Hd0CVhGHPygwKQQQaQQQMg%3d%3d/0,export,آهن اسفنجی کارمزدی,تن,0.0,0.0,0.0,0.0,1400-01,1400
کاوه,فولاد کاوه جنوب کیش,steel,1400/01/31,گزارش فعالیت ماهانه دوره ۱ ماهه منتهی به ۱۴۰۰/۰۱/۳۱(اصلاحیه),۱۴۰۰/۰۲/۰۷ ۱۵:۵۰:۰۶,741264,True,https://excel.codal.ir/service/Excel/GetAll/Zps0q9Hd0CVhGHPygwKQQQaQQQMg%3d%3d/0,domestic,شمش بیلت,تن,148080.0,0.0,,0.0,1400-01,1400
کاوه,فولاد کاوه جنوب کیش,steel,1400/01/31,گزارش فعالیت ماهانه دوره ۱ ماهه منتهی به ۱۴۰۰/۰۱/۳۱(اصلاحیه),۱۴۰۰/۰۲/۰۷ ۱۵:۵۰:۰۶,741264,True,https://excel.codal.ir/service/Excel/GetAll/Zps0q9Hd0CVhGHPygwKQQQaQQQMg%3d%3d/0,domestic,شمش بیلت داخلی,تن,0.0,45789.0,104990522.0,4807411.0,1400-01,1400
کاوه,فولاد کاوه جنوب کیش,steel,1400/01/31,گزارش فعالیت ماهانه دوره ۱ ماهه منتهی به ۱۴۰۰/۰۱/۳۱(اصلاحیه),۱۴۰۰/۰۲/۰۷ ۱۵:۵۰:۰۶,741264,True,https://excel.codal.ir/service/Excel/GetAll/Zps0q9Hd0CVhGHPygwKQQQaQQQMg%3d%3d/0,export,شمش بیلت صادراتی,تن,0.0,50015.0,123680876.0,6185899.0,1400-01,1400
کاوه,فولاد کاوه جنوب کیش,steel,1400/02/31,گزارش فعالیت ماهانه دوره ۱ ماهه منتهی به ۱۴۰۰/۰۲/۳۱,۱۴۰۰/۰۳/۰۵ ۱۱:۰۱:۱۸,751175,False,https://excel.codal.ir/service/Excel/GetAll/DO8tvgkUif9Y19DZ5YYcHQ%3d%3d/0,domestic,آهن اسفنجی,تن,155448.0,,,0.0,1400-02,1400
کاوه,فولاد کاوه جنوب کیش,steel,1400/02/31,گزارش فعالیت ماهانه دوره ۱ ماهه منتهی به ۱۴۰۰/۰۲/۳۱,۱۴۰۰/۰۳/۰۵ ۱۱:۰۱:۱۸,751175,False,https://excel.codal.ir/service/Excel/GetAll/DO8tvgkUif9Y19DZ5YYcHQ%3d%3d/0,domestic,آهن اسفنجی داخلی,تن,,,,0.0,1400-02,1400
کاوه,فولاد کاوه جنوب کیش,steel,1400/02/31,گزارش فعالیت ماهانه دوره ۱ ماهه منتهی به ۱۴۰۰/۰۲/۳۱,۱۴۰۰/۰۳/۰۵ ۱۱:۰۱:۱۸,751175,False,https://excel.codal.ir/service/Excel/GetAll/DO8tvgkUif9Y19DZ5YYcHQ%3d%3d/0,export,آهن اسفنجی صادراتی,تن,,,0.0,0.0,1400-02,1400
کاوه,فولاد کاوه جنوب کیش,steel,1400/02/31,گزارش فعالیت ماهانه دوره ۱ ماهه منتهی به ۱۴۰۰/۰۲/۳۱,۱۴۰۰/۰۳/۰۵ ۱۱:۰۱:۱۸,751175,False,https://excel.codal.ir/service/Excel/GetAll/DO8tvgkUif9Y19DZ5YYcHQ%3d%3d/0,export,آهن اسفنجی کارمزدی,تن,,,0.0,0.0,1400-02,1400
کاوه,فولاد کاوه جنوب کیش,steel,1400/02/31,گزارش فعالیت ماهانه دوره ۱ ماهه منتهی به ۱۴۰۰/۰۲/۳۱,۱۴۰۰/۰۳/۰۵ ۱۱:۰۱:۱۸,751175,False,https://excel.codal.ir/service/Excel/GetAll/DO8tvgkUif9Y19DZ5YYcHQ%3d%3d/0,domestic,شمش بیلت,تن,141667.0,,,0.0,1400-02,1400
کاوه,فولاد کاوه جنوب کیش,steel,1400/02/31,گزارش فعالیت ماهانه دوره ۱ ماهه منتهی به ۱۴۰۰/۰۲/۳۱,۱۴۰۰/۰۳/۰۵ ۱۱:۰۱:۱۸,751175,False,https://excel.codal.ir/service/Excel/GetAll/DO8tvgkUif9Y19DZ5YYcHQ%3d%3d/0,domestic,شمش بیلت داخلی,تن,,55559.0,110942116.0,6163833.0,1400-02,1400
کاوه,فولاد کاوه جنوب کیش,steel,1400/02/31,گزارش فعالیت ماهانه دوره ۱ ماهه منتهی به ۱۴۰۰/۰۲/۳۱,۱۴۰۰/۰۳/۰۵ ۱۱:۰۱:۱۸,751175,False,https://excel.codal.ir/service/Excel/GetAll/DO8tvgkUif9Y19DZ5YYcHQ%3d%3d/0,export,شمش بیلت صادراتی,تن,,126039.0,122144463.0,15394966.0,1400-02,1400
کاوه,فولاد کاوه جنوب کیش,steel,1400/03/31,گزارش فعالیت ماهانه دوره ۱ ماهه منتهی به ۱۴۰۰/۰۳/۳۱,۱۴۰۰/۰۴/۰۶ ۱۶:۰۴:۱۳,763119,False,https://excel.codal.ir/service/Excel/GetAll/QzG6OxkcmDk7iKlf7A2OOObOOO3A%3d%3d/0,domestic,آهن اسفنجی,تن,142821.0,,,0.0,1400-03,1400
کاوه,فولاد کاوه جنوب کیش,steel,1400/03/31,گزارش فعالیت ماهانه دوره ۱ ماهه منتهی به ۱۴۰۰/۰۳/۳۱,۱۴۰۰/۰۴/۰۶ ۱۶:۰۴:۱۳,763119,False,https://excel.codal.ir/service/Excel/GetAll/QzG6OxkcmDk7iKlf7A2OOObOOO3A%3d%3d/0,domestic,آهن اسفنجی داخلی,تن,,,,0.0,1400-03,1400
کاوه,فولاد کاوه جنوب کیش,steel,1400/03/31,گزارش فعالیت ماهانه دوره ۱ ماهه منتهی به ۱۴۰۰/۰۳/۳۱,۱۴۰۰/۰۴/۰۶ ۱۶:۰۴:۱۳,763119,False,https://excel.codal.ir/service/Excel/GetAll/QzG6OxkcmDk7iKlf7A2OOObOOO3A%3d%3d/0,export,آهن اسفنجی صادراتی,تن,,,0.0,0.0,1400-03,1400
کاوه,فولاد کاوه جنوب کیش,steel,1400/03/31,گزارش فعالیت ماهانه دوره ۱ ماهه منتهی به ۱۴۰۰/۰۳/۳۱,۱۴۰۰/۰۴/۰۶ ۱۶:۰۴:۱۳,763119,False,https://excel.codal.ir/service/Excel/GetAll/QzG6OxkcmDk7iKlf7A2OOObOOO3A%3d%3d/0,export,آهن اسفنجی کارمزدی,تن,,,0.0,0.0,1400-03,1400
کاوه,فولاد کاوه جنوب کیش,steel,1400/03/31,گزارش فعالیت ماهانه دوره ۱ ماهه منتهی به ۱۴۰۰/۰۳/۳۱,۱۴۰۰/۰۴/۰۶ ۱۶:۰۴:۱۳,763119,False,https://excel.codal.ir/service/Excel/GetAll/QzG6OxkcmDk7iKlf7A2OOObOOO3A%3d%3d/0,domestic,شمش بیلت,تن,127994.0,,,0.0,1400-03,1400
کاوه,فولاد کاوه جنوب کیش,steel,1400/03/31,گزارش فعالیت ماهانه دوره ۱ ماهه منتهی به ۱۴۰۰/۰۳/۳۱,۱۴۰۰/۰۴/۰۶ ۱۶:۰۴:۱۳,763119,False,https://excel.codal.ir/service/Excel/GetAll/QzG6OxkcmDk7iKlf7A2OOObOOO3A%3d%3d/0,domestic,شمش بیلت داخلی,تن,,43437.0,121001220.0,5255930.0,1400-03,1400
کاوه,فولاد کاوه جنوب کیش,steel,1400/03/31,گزارش فعالیت ماهانه دوره ۱ ماهه منتهی به ۱۴۰۰/۰۳/۳۱,۱۴۰۰/۰۴/۰۶ ۱۶:۰۴:۱۳,763119,False,https://excel.codal.ir/service/Excel/GetAll/QzG6OxkcmDk7iKlf7A2OOObOOO3A%3d%3d/0,export,شمش بیلت صادراتی,تن,,93337.0,129723464.0,12107999.0,1400-03,1400
کاوه,فولاد کاوه جنوب کیش,steel,1400/04/31,گزارش فعالیت ماهانه دوره ۱ ماهه منتهی به ۱۴۰۰/۰۴/۳۱,۱۴۰۰/۰۵/۰۶ ۱۷:۲۷:۰۲,776202,False,https://excel.codal.ir/service/Excel/GetAll/JXuzjUKyv6xP2JzWTvak1A%3d%3d/0,domestic,آهن اسفنجی,تن,140498.0,,,0.0,1400-04,1400
کاوه,فولاد کاوه جنوب کیش,steel,1400/04/31,گزارش فعالیت ماهانه دوره ۱ ماهه منتهی به ۱۴۰۰/۰۴/۳۱,۱۴۰۰/۰۵/۰۶ ۱۷:۲۷:۰۲,776202,False,https://excel.codal.ir/service/Excel/GetAll/JXuzjUKyv6xP2JzWTvak1A%3d%3d/0,domestic,آهن اسفنجی داخلی,تن,,,,0.0,1400-04,1400
کاوه,فولاد کاوه جنوب کیش,steel,1400/04/31,گزارش فعالیت ماهانه دوره ۱ ماهه منتهی به ۱۴۰۰/۰۴/۳۱,۱۴۰۰/۰۵/۰۶ ۱۷:۲۷:۰۲,776202,False,https://excel.codal.ir/service/Excel/GetAll/JXuzjUKyv6xP2JzWTvak1A%3d%3d/0,export,آهن اسفنجی صادراتی,تن,,,0.0,0.0,1400-04,1400
کاوه,فولاد کاوه جنوب کیش,steel,1400/04/31,گزارش فعالیت ماهانه دوره ۱ ماهه منتهی به ۱۴۰۰/۰۴/۳۱,۱۴۰۰/۰۵/۰۶ ۱۷:۲۷:۰۲,776202,False,https://excel.codal.ir/service/Excel/GetAll/JXuzjUKyv6xP2JzWTvak1A%3d%3d/0,export,آهن اسفنجی کارمزدی,تن,,,0.0,0.0,1400-04,1400
کاوه,فولاد کاوه جنوب کیش,steel,1400/04/31,گزارش فعالیت ماهانه دوره ۱ ماهه منتهی به ۱۴۰۰/۰۴/۳۱,۱۴۰۰/۰۵/۰۶ ۱۷:۲۷:۰۲,776202,False,https://excel.codal.ir/service/Excel/GetAll/JXuzjUKyv6xP2JzWTvak1A%3d%3d/0,domestic,شمش بیلت,تن,49690.0,,,0.0,1400-04,1400
کاوه,فولاد کاوه جنوب کیش,steel,1400/04/31,گزارش فعالیت ماهانه دوره ۱ ماهه منتهی به ۱۴۰۰/۰۴/۳۱,۱۴۰۰/۰۵/۰۶ ۱۷:۲۷:۰۲,776202,False,https://excel.codal.ir/service/Excel/GetAll/JXuzjUKyv6xP2JzWTvak1A%3d%3d/0,domestic,شمش بیلت داخلی,تن,,4749.0,131488313.0,624438.0,1400-04,1400
کاوه,فولاد کاوه جنوب کیش,steel,1400/04/31,گزارش فعالیت ماهانه دوره ۱ ماهه منتهی به ۱۴۰۰/۰۴/۳۱,۱۴۰۰/۰۵/۰۶ ۱۷:۲۷:۰۲,776202,False,https://excel.codal.ir/service/Excel/GetAll/JXuzjUKyv6xP2JzWTvak1A%3d%3d/0,export,شمش بیلت صادراتی,تن,,28924.0,144929920.0,4191953.0,1400-04,1400
کاوه,فولاد کاوه جنوب کیش,steel,1400/05/31,گزارش فعالیت ماهانه دوره ۱ ماهه منتهی به ۱۴۰۰/۰۵/۳۱,۱۴۰۰/۰۶/۰۷ ۱۵:۳۷:۴۲,786305,False,https://excel.codal.ir/service/Excel/GetAll/SW5vAb5xPyQQQQaQQQWQQQaQQQg4THwGsA%3d%3d/0,domestic,آهن اسفنجی,تن,95399.0,,,0.0,1400-05,1400
کاوه,فولاد کاوه جنوب کیش,steel,1400/05/31,گزارش فعالیت ماهانه دوره ۱ ماهه منتهی به ۱۴۰۰/۰۵/۳۱,۱۴۰۰/۰۶/۰۷ ۱۵:۳۷:۴۲,786305,False,https://excel.codal.ir/service/Excel/GetAll/SW5vAb5xPyQQQQaQQQWQQQaQQQg4THwGsA%3d%3d/0,domestic,آهن اسفنجی داخلی,تن,,2998.0,84990327.0,254801.0,1400-05,1400
کاوه,فولاد کاوه جنوب کیش,steel,1400/05/31,گزارش فعالیت ماهانه دوره ۱ ماهه منتهی به ۱۴۰۰/۰۵/۳۱,۱۴۰۰/۰۶/۰۷ ۱۵:۳۷:۴۲,786305,False,https://excel.codal.ir/service/Excel/GetAll/SW5vAb5xPyQQQQaQQQWQQQaQQQg4THwGsA%3d%3d/0,export,آهن اسفنجی صادراتی,تن,,,0.0,0.0,1400-05,1400
کاوه,فولاد کاوه جنوب کیش,steel,1400/05/31,گزارش فعالیت ماهانه دوره ۱ ماهه منتهی به ۱۴۰۰/۰۵/۳۱,۱۴۰۰/۰۶/۰۷ ۱۵:۳۷:۴۲,786305,False,https://excel.codal.ir/service/Excel/GetAll/SW5vAb5xPyQQQQaQQQWQQQaQQQg4THwGsA%3d%3d/0,export,آهن اسفنجی کارمزدی,تن,,,0.0,0.0,1400-05,1400
کاوه,فولاد کاوه جنوب کیش,steel,1400/05/31,گزارش فعالیت ماهانه دوره ۱ ماهه منتهی به ۱۴۰۰/۰۵/۳۱,۱۴۰۰/۰۶/۰۷ ۱۵:۳۷:۴۲,786305,False,https://excel.codal.ir/service/Excel/GetAll/SW5vAb5xPyQQQQaQQQWQQQaQQQg4THwGsA%3d%3d/0,domestic,شمش بیلت,تن,42805.0,,,0.0,1400-05,1400
کاوه,فولاد کاوه جنوب کیش,steel,1400/05/31,گزارش فعالیت ماهانه دوره ۱ ماهه منتهی به ۱۴۰۰/۰۵/۳۱,۱۴۰۰/۰۶/۰۷ ۱۵:۳۷:۴۲,786305,False,https://excel.codal.ir/service/Excel/GetAll/SW5vAb5xPyQQQQaQQQWQQQaQQQg4THwGsA%3d%3d/0,domestic,شمش بیلت داخلی,تن,,10627.0,133958502.0,1423577.0,1400-05,1400
کاوه,فولاد کاوه جنوب کیش,steel,1400/05/31,گزارش فعالیت ماهانه دوره ۱ ماهه منتهی به ۱۴۰۰/۰۵/۳۱,۱۴۰۰/۰۶/۰۷ ۱۵:۳۷:۴۲,786305,False,https://excel.codal.ir/service/Excel/GetAll/SW5vAb5xPyQQQQaQQQWQQQaQQQg4THwGsA%3d%3d/0,export,شمش بیلت صادراتی,تن,,46072.0,138276480.0,6370674.0,1400-05,1400
کاوه,فولاد کاوه جنوب کیش,steel,1400/06/31,گزارش فعالیت ماهانه دوره ۱ ماهه منتهی به ۱۴۰۰/۰۶/۳۱,۱۴۰۰/۰۷/۰۴ ۱۱:۳۳:۴۴,799278,False,https://excel.codal.ir/service/Excel/GetAll/5mQQQaQQQkoHkwIGhbktAmuXJz2w%3d%3d/0,domestic,آهن اسفنجی,تن,120596.0,,,0.0,1400-06,1400
کاوه,فولاد کاوه جنوب کیش,steel,1400/06/31,گزارش فعالیت ماهانه دوره ۱ ماهه منتهی به ۱۴۰۰/۰۶/۳۱,۱۴۰۰/۰۷/۰۴ ۱۱:۳۳:۴۴,799278,False,https://excel.codal.ir/service/Excel/GetAll/5mQQQaQQQkoHkwIGhbktAmuXJz2w%3d%3d/0,domestic,آهن اسفنجی داخلی,تن,,,,0.0,1400-06,1400
کاوه,فولاد کاوه جنوب کیش,steel,1400/06/31,گزارش فعالیت ماهانه دوره ۱ ماهه منتهی به ۱۴۰۰/۰۶/۳۱,۱۴۰۰/۰۷/۰۴ ۱۱:۳۳:۴۴,799278,False,https://excel.codal.ir/service/Excel/GetAll/5mQQQaQQQkoHkwIGhbktAmuXJz2w%3d%3d/0,export,آهن اسفنجی صادراتی,تن,,,0.0,0.0,1400-06,1400
کاوه,فولاد کاوه جنوب کیش,steel,1400/06/31,گزارش فعالیت ماهانه دوره ۱ ماهه منتهی به ۱۴۰۰/۰۶/۳۱,۱۴۰۰/۰۷/۰۴ ۱۱:۳۳:۴۴,799278,False,https://excel.codal.ir/service/Excel/GetAll/5mQQQaQQQkoHkwIGhbktAmuXJz2w%3d%3d/0,export,آهن اسفنجی کارمزدی,تن,,,0.0,0.0,1400-06,1400
کاوه,فولاد کاوه جنوب کیش,steel,1400/06/31,گزارش فعالیت ماهانه دوره ۱ ماهه منتهی به ۱۴۰۰/۰۶/۳۱,۱۴۰۰/۰۷/۰۴ ۱۱:۳۳:۴۴,799278,False,https://excel.codal.ir/service/Excel/GetAll/5mQQQaQQQkoHkwIGhbktAmuXJz2w%3d%3d/0,domestic,شمش بیلت,تن,105525.0,,,0.0,1400-06,1400
کاوه,فولاد کاوه جنوب کیش,steel,1400/06/31,گزارش فعالیت ماهانه دوره ۱ ماهه منتهی به ۱۴۰۰/۰۶/۳۱,۱۴۰۰/۰۷/۰۴ ۱۱:۳۳:۴۴,799278,False,https://excel.codal.ir/service/Excel/GetAll/5mQQQaQQQkoHkwIGhbktAmuXJz2w%3d%3d/0,domestic,شمش بیلت داخلی,تن,,39780.0,139141478.0,5535048.0,1400-06,1400
کاوه,فولاد کاوه جنوب کیش,steel,1400/06/31,گزارش فعالیت ماهانه دوره ۱ ماهه منتهی به ۱۴۰۰/۰۶/۳۱,۱۴۰۰/۰۷/۰۴ ۱۱:۳۳:۴۴,799278,False,https://excel.codal.ir/service/Excel/GetAll/5mQQQaQQQkoHkwIGhbktAmuXJz2w%3d%3d/0,export,شمش بیلت صادراتی,تن,,59323.0,142766296.0,8469325.0,1400-06,1400
کاوه,فولاد کاوه جنوب کیش,steel,1400/07/30,گزارش فعالیت ماهانه دوره ۱ ماهه منتهی به ۱۴۰۰/۰۷/۳۰(اصلاحیه),۱۴۰۰/۰۸/۲۲ ۱۳:۵۱:۴۲,812938,True,https://excel.codal.ir/service/Excel/GetAll/M6WNgqjLBmDZ50mU2sTi3A%3d%3d/0,domestic,آهن اسفنجی,تن,126136.0,,,0.0,1400-07,1400
کاوه,فولاد کاوه جنوب کیش,steel,1400/07/30,گزارش فعالیت ماهانه دوره ۱ ماهه منتهی به ۱۴۰۰/۰۷/۳۰(اصلاحیه),۱۴۰۰/۰۸/۲۲ ۱۳:۵۱:۴۲,812938,True,https://excel.codal.ir/service/Excel/GetAll/M6WNgqjLBmDZ50mU2sTi3A%3d%3d/0,domestic,آهن اسفنجی داخلی,تن,,,,0.0,1400-07,1400
کاوه,فولاد کاوه جنوب کیش,steel,1400/07/30,گزارش فعالیت ماهانه دوره ۱ ماهه منتهی به ۱۴۰۰/۰۷/۳۰(اصلاحیه),۱۴۰۰/۰۸/۲۲ ۱۳:۵۱:۴۲,812938,True,https://excel.codal.ir/service/Excel/GetAll/M6WNgqjLBmDZ50mU2sTi3A%3d%3d/0,export,آهن اسفنجی صادراتی,تن,,,0.0,0.0,1400-07,1400
کاوه,فولاد کاوه جنوب کیش,steel,1400/07/30,گزارش فعالیت ماهانه دوره ۱ ماهه منتهی به ۱۴۰۰/۰۷/۳۰(اصلاحیه),۱۴۰۰/۰۸/۲۲ ۱۳:۵۱:۴۲,812938,True,https://excel.codal.ir/service/Excel/GetAll/M6WNgqjLBmDZ50mU2sTi3A%3d%3d/0,export,آهن اسفنجی کارمزدی,تن,,,0.0,0.0,1400-07,1400
کاوه,فولاد کاوه جنوب کیش,steel,1400/07/30,گزارش فعالیت ماهانه دوره ۱ ماهه منتهی به ۱۴۰۰/۰۷/۳۰(اصلاحیه),۱۴۰۰/۰۸/۲۲ ۱۳:۵۱:۴۲,812938,True,https://excel.codal.ir/service/Excel/GetAll/M6WNgqjLBmDZ50mU2sTi3A%3d%3d/0,domestic,شمش بیلت,تن,148460.0,,,0.0,1400-07,1400
کاوه,فولاد کاوه جنوب کیش,steel,1400/07/30,گزارش فعالیت ماهانه دوره ۱ ماهه منتهی به ۱۴۰۰/۰۷/۳۰(اصلاحیه),۱۴۰۰/۰۸/۲۲ ۱۳:۵۱:۴۲,812938,True,https://excel.codal.ir/service/Excel/GetAll/M6WNgqjLBmDZ50mU2sTi3A%3d%3d/0,domestic,شمش بیلت داخلی,تن,,48156.0,131437308.0,6329495.0,1400-07,1400
کاوه,فولاد کاوه جنوب کیش,steel,1400/07/30,گزارش فعالیت ماهانه دوره ۱ ماهه منتهی به ۱۴۰۰/۰۷/۳۰(اصلاحیه),۱۴۰۰/۰۸/۲۲ ۱۳:۵۱:۴۲,812938,True,https://excel.codal.ir/service/Excel/GetAll/M6WNgqjLBmDZ50mU2sTi3A%3d%3d/0,export,شمش بیلت صادراتی,تن,,100137.0,148175390.0,14837839.0,1400-07,1400
کاوه,فولاد کاوه جنوب کیش,steel,1400/08/30,گزارش فعالیت ماهانه دوره ۱ ماهه منتهی به ۱۴۰۰/۰۸/۳۰,۱۴۰۰/۰۹/۰۶ ۱۳:۵۲:۳۴,821239,False,https://excel.codal.ir/service/Excel/GetAll/cknjW9rGltDSyPQQQaQQQeEzJS4A%3d%3d/0,domestic,آهن اسفنجی,تن,197838.0,,,0.0,1400-08,1400
کاوه,فولاد کاوه جنوب کیش,steel,1400/08/30,گزارش فعالیت ماهانه دوره ۱ ماهه منتهی به ۱۴۰۰/۰۸/۳۰,۱۴۰۰/۰۹/۰۶ ۱۳:۵۲:۳۴,821239,False,https://excel.codal.ir/service/Excel/GetAll/cknjW9rGltDSyPQQQaQQQeEzJS4A%3d%3d/0,domestic,آهن اسفنجی داخلی,تن,,,,0.0,1400-08,1400
کاوه,فولاد کاوه جنوب کیش,steel,1400/08/30,گزارش فعالیت ماهانه دوره ۱ ماهه منتهی به ۱۴۰۰/۰۸/۳۰,۱۴۰۰/۰۹/۰۶ ۱۳:۵۲:۳۴,821239,False,https://excel.codal.ir/service/Excel/GetAll/cknjW9rGltDSyPQQQaQQQeEzJS4A%3d%3d/0,export,آهن اسفنجی صادراتی,تن,,,0.0,0.0,1400-08,1400
کاوه,فولاد کاوه جنوب کیش,steel,1400/08/30,گزارش فعالیت ماهانه دوره ۱ ماهه منتهی به ۱۴۰۰/۰۸/۳۰,۱۴۰۰/۰۹/۰۶ ۱۳:۵۲:۳۴,821239,False,https://excel.codal.ir/service/Excel/GetAll/cknjW9rGltDSyPQQQaQQQeEzJS4A%3d%3d/0,export,آهن اسفنجی کارمزدی,تن,,,0.0,0.0,1400-08,1400
کاوه,فولاد کاوه جنوب کیش,steel,1400/08/30,گزارش فعالیت ماهانه دوره ۱ ماهه منتهی به ۱۴۰۰/۰۸/۳۰,۱۴۰۰/۰۹/۰۶ ۱۳:۵۲:۳۴,821239,False,https://excel.codal.ir/service/Excel/GetAll/cknjW9rGltDSyPQQQaQQQeEzJS4A%3d%3d/0,domestic,شمش بیلت,تن,132390.0,,,0.0,1400-08,1400
کاوه,فولاد کاوه جنوب کیش,steel,1400/08/30,گزارش فعالیت ماهانه دوره ۱ ماهه منتهی به ۱۴۰۰/۰۸/۳۰,۱۴۰۰/۰۹/۰۶ ۱۳:۵۲:۳۴,821239,False,https://excel.codal.ir/service/Excel/GetAll/cknjW9rGltDSyPQQQaQQQeEzJS4A%3d%3d/0,domestic,شمش بیلت داخلی,تن,,36640.0,130943532.0,4797771.0,1400-08,1400
کاوه,فولاد کاوه جنوب کیش,steel,1400/08/30,گزارش فعالیت ماهانه دوره ۱ ماهه منتهی به ۱۴۰۰/۰۸/۳۰,۱۴۰۰/۰۹/۰۶ ۱۳:۵۲:۳۴,821239,False,https://excel.codal.ir/service/Excel/GetAll/cknjW9rGltDSyPQQQaQQQeEzJS4A%3d%3d/0,export,شمش بیلت صادراتی,تن,,87708.0,148683484.0,13040731.0,1400-08,1400
کاوه,فولاد کاوه جنوب کیش,steel,1400/09/30,گزارش فعالیت ماهانه دوره ۱ ماهه منتهی به ۱۴۰۰/۰۹/۳۰,۱۴۰۰/۱۰/۰۵ ۱۶:۴۵:۰۶,834650,False,https://excel.codal.ir/service/Excel/GetAll/9RCROOObOOOjzN9jKgSuEuMNkmmw%3d%3d/0,domestic,آهن اسفنجی,تن,146125.0,,,0.0,1400-09,1400
کاوه,فولاد کاوه جنوب کیش,steel,1400/09/30,گزارش فعالیت ماهانه دوره ۱ ماهه منتهی به ۱۴۰۰/۰۹/۳۰,۱۴۰۰/۱۰/۰۵ ۱۶:۴۵:۰۶,834650,False,https://excel.codal.ir/service/Excel/GetAll/9RCROOObOOOjzN9jKgSuEuMNkmmw%3d%3d/0,domestic,آهن اسفنجی داخلی,تن,,,,0.0,1400-09,1400
کاوه,فولاد کاوه جنوب کیش,steel,1400/09/30,گزارش فعالیت ماهانه دوره ۱ ماهه منتهی به ۱۴۰۰/۰۹/۳۰,۱۴۰۰/۱۰/۰۵ ۱۶:۴۵:۰۶,834650,False,https://excel.codal.ir/service/Excel/GetAll/9RCROOObOOOjzN9jKgSuEuMNkmmw%3d%3d/0,export,آهن اسفنجی صادراتی,تن,,,0.0,0.0,1400-09,1400
کاوه,فولاد کاوه جنوب کیش,steel,1400/09/30,گزارش فعالیت ماهانه دوره ۱ ماهه منتهی به ۱۴۰۰/۰۹/۳۰,۱۴۰۰/۱۰/۰۵ ۱۶:۴۵:۰۶,834650,False,https://excel.codal.ir/service/Excel/GetAll/9RCROOObOOOjzN9jKgSuEuMNkmmw%3d%3d/0,export,آهن اسفنجی کارمزدی,تن,,,0.0,0.0,1400-09,1400
کاوه,فولاد کاوه جنوب کیش,steel,1400/09/30,گزارش فعالیت ماهانه دوره ۱ ماهه منتهی به ۱۴۰۰/۰۹/۳۰,۱۴۰۰/۱۰/۰۵ ۱۶:۴۵:۰۶,834650,False,https://excel.codal.ir/service/Excel/GetAll/9RCROOObOOOjzN9jKgSuEuMNkmmw%3d%3d/0,domestic,شمش بیلت,تن,129937.0,,,0.0,1400-09,1400
کاوه,فولاد کاوه جنوب کیش,steel,1400/09/30,گزارش فعالیت ماهانه دوره ۱ ماهه منتهی به ۱۴۰۰/۰۹/۳۰,۱۴۰۰/۱۰/۰۵ ۱۶:۴۵:۰۶,834650,False,https://excel.codal.ir/service/Excel/GetAll/9RCROOObOOOjzN9jKgSuEuMNkmmw%3d%3d/0,domestic,شمش بیلت داخلی,تن,,48937.0,133524184.0,6534273.0,1400-09,1400
کاوه,فولاد کاوه جنوب کیش,steel,1400/09/30,گزارش فعالیت ماهانه دوره ۱ ماهه منتهی به ۱۴۰۰/۰۹/۳۰,۱۴۰۰/۱۰/۰۵ ۱۶:۴۵:۰۶,834650,False,https://excel.codal.ir/service/Excel/GetAll/9RCROOObOOOjzN9jKgSuEuMNkmmw%3d%3d/0,export,شمش بیلت صادراتی,تن,,69735.0,144929591.0,10106665.0,1400-09,1400
کاوه,فولاد کاوه جنوب کیش,steel,1400/10/30,گزارش فعالیت ماهانه دوره ۱ ماهه منتهی به ۱۴۰۰/۱۰/۳۰,۱۴۰۰/۱۱/۰۵ ۱۳:۲۰:۵۲,846516,False,https://excel.codal.ir/service/Excel/GetAll/xrzP0FwnCRtli4qgrsF4mw%3d%3d/0,domestic,آهن اسفنجی,تن,159255.0,,,0.0,1400-10,1400
کاوه,فولاد کاوه جنوب کیش,steel,1400/10/30,گزارش فعالیت ماهانه دوره ۱ ماهه منتهی به ۱۴۰۰/۱۰/۳۰,۱۴۰۰/۱۱/۰۵ ۱۳:۲۰:۵۲,846516,False,https://excel.codal.ir/service/Excel/GetAll/xrzP0FwnCRtli4qgrsF4mw%3d%3d/0,domestic,آهن اسفنجی داخلی,تن,,,,0.0,1400-10,1400
کاوه,فولاد کاوه جنوب کیش,steel,1400/10/30,گزارش فعالیت ماهانه دوره ۱ ماهه منتهی به ۱۴۰۰/۱۰/۳۰,۱۴۰۰/۱۱/۰۵ ۱۳:۲۰:۵۲,846516,False,https://excel.codal.ir/service/Excel/GetAll/xrzP0FwnCRtli4qgrsF4mw%3d%3d/0,export,آهن اسفنجی صادراتی,تن,,,0.0,0.0,1400-10,1400
کاوه,فولاد کاوه جنوب کیش,steel,1400/10/30,گزارش فعالیت ماهانه دوره ۱ ماهه منتهی به ۱۴۰۰/۱۰/۳۰,۱۴۰۰/۱۱/۰۵ ۱۳:۲۰:۵۲,846516,False,https://excel.codal.ir/service/Excel/GetAll/xrzP0FwnCRtli4qgrsF4mw%3d%3d/0,export,آهن اسفنجی کارمزدی,تن,,,0.0,0.0,1400-10,1400
کاوه,فولاد کاوه جنوب کیش,steel,1400/10/30,گزارش فعالیت ماهانه دوره ۱ ماهه منتهی به ۱۴۰۰/۱۰/۳۰,۱۴۰۰/۱۱/۰۵ ۱۳:۲۰:۵۲,846516,False,https://excel.codal.ir/service/Excel/GetAll/xrzP0FwnCRtli4qgrsF4mw%3d%3d/0,domestic,شمش بیلت,تن,132327.0,,,0.0,1400-10,1400
کاوه,فولاد کاوه جنوب کیش,steel,1400/10/30,گزارش فعالیت ماهانه دوره ۱ ماهه منتهی به ۱۴۰۰/۱۰/۳۰,۱۴۰۰/۱۱/۰۵ ۱۳:۲۰:۵۲,846516,False,https://excel.codal.ir/service/Excel/GetAll/xrzP0FwnCRtli4qgrsF4mw%3d%3d/0,domestic,شمش بیلت داخلی,تن,,51113.0,123321875.0,6303351.0,1400-10,1400
کاوه,فولاد کاوه جنوب کیش,steel,1400/10/30,گزارش فعالیت ماهانه دوره ۱ ماهه منتهی به ۱۴۰۰/۱۰/۳۰,۱۴۰۰/۱۱/۰۵ ۱۳:۲۰:۵۲,846516,False,https://excel.codal.ir/service/Excel/GetAll/xrzP0FwnCRtli4qgrsF4mw%3d%3d/0,export,شمش بیلت صادراتی,تن,,76524.0,139613638.0,10683794.0,1400-10,1400
کاوه,فولاد کاوه جنوب کیش,steel,1400/11/30,گزارش فعالیت ماهانه دوره ۱ ماهه منتهی به ۱۴۰۰/۱۱/۳۰,۱۴۰۰/۱۲/۰۷ ۱۳:۲۱:۲۶,855653,False,https://excel.codal.ir/service/Excel/GetAll/T9RV3syZrCn5bXy1jpWdJA%3d%3d/0,domestic,آهن اسفنجی,تن,172959.0,,,0.0,1400-11,1400
کاوه,فولاد کاوه جنوب کیش,steel,1400/11/30,گزارش فعالیت ماهانه دوره ۱ ماهه منتهی به ۱۴۰۰/۱۱/۳۰,۱۴۰۰/۱۲/۰۷ ۱۳:۲۱:۲۶,855653,False,https://excel.codal.ir/service/Excel/GetAll/T9RV3syZrCn5bXy1jpWdJA%3d%3d/0,domestic,آهن اسفنجی داخلی,تن,,,,0.0,1400-11,1400
کاوه,فولاد کاوه جنوب کیش,steel,1400/11/30,گزارش فعالیت ماهانه دوره ۱ ماهه منتهی به ۱۴۰۰/۱۱/۳۰,۱۴۰۰/۱۲/۰۷ ۱۳:۲۱:۲۶,855653,False,https://excel.codal.ir/service/Excel/GetAll/T9RV3syZrCn5bXy1jpWdJA%3d%3d/0,export,آهن اسفنجی صادراتی,تن,,,0.0,0.0,1400-11,1400
کاوه,فولاد کاوه جنوب کیش,steel,1400/11/30,گزارش فعالیت ماهانه دوره ۱ ماهه منتهی به ۱۴۰۰/۱۱/۳۰,۱۴۰۰/۱۲/۰۷ ۱۳:۲۱:۲۶,855653,False,https://excel.codal.ir/service/Excel/GetAll/T9RV3syZrCn5bXy1jpWdJA%3d%3d/0,export,آهن اسفنجی کارمزدی,تن,,,0.0,0.0,1400-11,1400
کاوه,فولاد کاوه جنوب کیش,steel,1400/11/30,گزارش فعالیت ماهانه دوره ۱ ماهه منتهی به ۱۴۰۰/۱۱/۳۰,۱۴۰۰/۱۲/۰۷ ۱۳:۲۱:۲۶,855653,False,https://excel.codal.ir/service/Excel/GetAll/T9RV3syZrCn5bXy1jpWdJA%3d%3d/0,domestic,شمش بیلت,تن,134150.0,,,0.0,1400-11,1400
کاوه,فولاد کاوه جنوب کیش,steel,1400/11/30,گزارش فعالیت ماهانه دوره ۱ ماهه منتهی به ۱۴۰۰/۱۱/۳۰,۱۴۰۰/۱۲/۰۷ ۱۳:۲۱:۲۶,855653,False,https://excel.codal.ir/service/Excel/GetAll/T9RV3syZrCn5bXy1jpWdJA%3d%3d/0,domestic,شمش بیلت داخلی,تن,,33162.0,127102889.0,4214986.0,1400-11,1400
کاوه,فولاد کاوه جنوب کیش,steel,1400/11/30,گزارش فعالیت ماهانه دوره ۱ ماهه منتهی به ۱۴۰۰/۱۱/۳۰,۱۴۰۰/۱۲/۰۷ ۱۳:۲۱:۲۶,855653,False,https://excel.codal.ir/service/Excel/GetAll/T9RV3syZrCn5bXy1jpWdJA%3d%3d/0,export,شمش بیلت صادراتی,تن,,118906.0,131440424.0,15629055.0,1400-11,1400
کاوه,فولاد کاوه جنوب کیش,steel,1400/12/29,گزارش فعالیت ماهانه دوره ۱ ماهه منتهی به  ۱۴۰۰/۱۲/۲۹(اصلاحیه),۱۴۰۱/۰۳/۱۱ ۱۶:۰۹:۴۷,882587,True,https://excel.codal.ir/service/Excel/GetAll/axIhrnIhFOOObOOObFAe73a1epQg%3d%3d/0,domestic,آهن اسفنجی,تن,148737.0,,,0.0,1400-12,1400
کاوه,فولاد کاوه جنوب کیش,steel,1400/12/29,گزارش فعالیت ماهانه دوره ۱ ماهه منتهی به  ۱۴۰۰/۱۲/۲۹(اصلاحیه),۱۴۰۱/۰۳/۱۱ ۱۶:۰۹:۴۷,882587,True,https://excel.codal.ir/service/Excel/GetAll/axIhrnIhFOOObOOObFAe73a1epQg%3d%3d/0,domestic,آهن اسفنجی داخلی,تن,,,,0.0,1400-12,1400
کاوه,فولاد کاوه جنوب کیش,steel,1400/12/29,گزارش فعالیت ماهانه دوره ۱ ماهه منتهی به  ۱۴۰۰/۱۲/۲۹(اصلاحیه),۱۴۰۱/۰۳/۱۱ ۱۶:۰۹:۴۷,882587,True,https://excel.codal.ir/service/Excel/GetAll/axIhrnIhFOOObOOObFAe73a1epQg%3d%3d/0,export,آهن اسفنجی صادراتی,تن,,,0.0,0.0,1400-12,1400
کاوه,فولاد کاوه جنوب کیش,steel,1400/12/29,گزارش فعالیت ماهانه دوره ۱ ماهه منتهی به  ۱۴۰۰/۱۲/۲۹(اصلاحیه),۱۴۰۱/۰۳/۱۱ ۱۶:۰۹:۴۷,882587,True,https://excel.codal.ir/service/Excel/GetAll/axIhrnIhFOOObOOObFAe73a1epQg%3d%3d/0,export,آهن اسفنجی کارمزدی,تن,,,0.0,0.0,1400-12,1400
کاوه,فولاد کاوه جنوب کیش,steel,1400/12/29,گزارش فعالیت ماهانه دوره ۱ ماهه منتهی به  ۱۴۰۰/۱۲/۲۹(اصلاحیه),۱۴۰۱/۰۳/۱۱ ۱۶:۰۹:۴۷,882587,True,https://excel.codal.ir/service/Excel/GetAll/axIhrnIhFOOObOOObFAe73a1epQg%3d%3d/0,domestic,شمش بیلت,تن,146160.0,,,0.0,1400-12,1400
کاوه,فولاد کاوه جنوب کیش,steel,1400/12/29,گزارش فعالیت ماهانه دوره ۱ ماهه منتهی به  ۱۴۰۰/۱۲/۲۹(اصلاحیه),۱۴۰۱/۰۳/۱۱ ۱۶:۰۹:۴۷,882587,True,https://excel.codal.ir/service/Excel/GetAll/axIhrnIhFOOObOOObFAe73a1epQg%3d%3d/0,domestic,شمش بیلت داخلی,تن,,63936.0,130612691.0,8350853.0,1400-12,1400
کاوه,فولاد کاوه جنوب کیش,steel,1400/12/29,گزارش فعالیت ماهانه دوره ۱ ماهه منتهی به  ۱۴۰۰/۱۲/۲۹(اصلاحیه),۱۴۰۱/۰۳/۱۱ ۱۶:۰۹:۴۷,882587,True,https://excel.codal.ir/service/Excel/GetAll/axIhrnIhFOOObOOObFAe73a1epQg%3d%3d/0,export,شمش بیلت صادراتی,تن,,77078.0,134921158.0,10399453.0,1400-12,1400
کاوه,فولاد کاوه جنوب کیش,steel,1401/01/31,گزارش فعالیت ماهانه دوره ۱ ماهه منتهی به  ۱۴۰۱/۰۱/۳۱,۱۴۰۱/۰۲/۰۷ ۱۱:۰۸:۲۹,874329,False,https://excel.codal.ir/service/Excel/GetAll/WlGqSUGVN7s5bhJCHAybww%3d%3d/0,domestic,آهن اسفنجی,تن,179843.0,,,0.0,1401-01,1401
کاوه,فولاد کاوه جنوب کیش,steel,1401/01/31,گزارش فعالیت ماهانه دوره ۱ ماهه منتهی به  ۱۴۰۱/۰۱/۳۱,۱۴۰۱/۰۲/۰۷ ۱۱:۰۸:۲۹,874329,False,https://excel.codal.ir/service/Excel/GetAll/WlGqSUGVN7s5bhJCHAybww%3d%3d/0,domestic,شمش بیلت,تن,151962.0,,,0.0,1401-01,1401
کاوه,فولاد کاوه جنوب کیش,steel,1401/01/31,گزارش فعالیت ماهانه دوره ۱ ماهه منتهی به  ۱۴۰۱/۰۱/۳۱,۱۴۰۱/۰۲/۰۷ ۱۱:۰۸:۲۹,874329,False,https://excel.codal.ir/service/Excel/GetAll/WlGqSUGVN7s5bhJCHAybww%3d%3d/0,domestic,شمش بیلت داخلی,تن,,61577.0,144726375.0,8911816.0,1401-01,1401
کاوه,فولاد کاوه جنوب کیش,steel,1401/01/31,گزارش فعالیت ماهانه دوره ۱ ماهه منتهی به  ۱۴۰۱/۰۱/۳۱,۱۴۰۱/۰۲/۰۷ ۱۱:۰۸:۲۹,874329,False,https://excel.codal.ir/service/Excel/GetAll/WlGqSUGVN7s5bhJCHAybww%3d%3d/0,export,شمش بیلت صادراتی,تن,,99092.0,141965941.0,14067689.0,1401-01,1401
کاوه,فولاد کاوه جنوب کیش,steel,1401/02/31,گزارش فعالیت ماهانه دوره ۱ ماهه منتهی به  ۱۴۰۱/۰۲/۳۱(اصلاحیه),۱۴۰۱/۰۳/۱۱ ۱۶:۰۵:۰۵,892530,True,https://excel.codal.ir/service/Excel/GetAll/HGkt4h8da4OWZnjJr5fmnA%3d%3d/0,domestic,آهن اسفنجی,تن,175841.0,,,0.0,1401-02,1401
کاوه,فولاد کاوه جنوب کیش,steel,1401/02/31,گزارش فعالیت ماهانه دوره ۱ ماهه منتهی به  ۱۴۰۱/۰۲/۳۱(اصلاحیه),۱۴۰۱/۰۳/۱۱ ۱۶:۰۵:۰۵,892530,True,https://excel.codal.ir/service/Excel/GetAll/HGkt4h8da4OWZnjJr5fmnA%3d%3d/0,domestic,شمش بیلت,تن,144147.0,,,0.0,1401-02,1401
کاوه,فولاد کاوه جنوب کیش,steel,1401/02/31,گزارش فعالیت ماهانه دوره ۱ ماهه منتهی به  ۱۴۰۱/۰۲/۳۱(اصلاحیه),۱۴۰۱/۰۳/۱۱ ۱۶:۰۵:۰۵,892530,True,https://excel.codal.ir/service/Excel/GetAll/HGkt4h8da4OWZnjJr5fmnA%3d%3d/0,domestic,شمش بیلت داخلی,تن,,18582.0,149694812.0,2781629.0,1401-02,1401
کاوه,فولاد کاوه جنوب کیش,steel,1401/02/31,گزارش فعالیت ماهانه دوره ۱ ماهه منتهی به  ۱۴۰۱/۰۲/۳۱(اصلاحیه),۱۴۰۱/۰۳/۱۱ ۱۶:۰۵:۰۵,892530,True,https://excel.codal.ir/service/Excel/GetAll/HGkt4h8da4OWZnjJr5fmnA%3d%3d/0,export,شمش بیلت صادراتی,تن,,70017.0,166728495.0,11673829.0,1401-02,1401
کاوه,فولاد کاوه جنوب کیش,steel,1401/03/31,گزارش فعالیت ماهانه دوره ۱ ماهه منتهی به  ۱۴۰۱/۰۳/۳۱(اصلاحیه),۱۴۰۱/۰۴/۲۸ ۱۷:۳۰:۱۶,914768,True,https://excel.codal.ir/service/Excel/GetAll/EgHGkwpwraECDqxKZfjrXw%3d%3d/0,domestic,آهن اسفنجی,تن,169364.0,,,0.0,1401-03,1401
کاوه,فولاد کاوه جنوب کیش,steel,1401/03/31,گزارش فعالیت ماهانه دوره ۱ ماهه منتهی به  ۱۴۰۱/۰۳/۳۱(اصلاحیه),۱۴۰۱/۰۴/۲۸ ۱۷:۳۰:۱۶,914768,True,https://excel.codal.ir/service/Excel/GetAll/EgHGkwpwraECDqxKZfjrXw%3d%3d/0,domestic,شمش بیلت,تن,149696.0,,,0.0,1401-03,1401
کاوه,فولاد کاوه جنوب کیش,steel,1401/03/31,گزارش فعالیت ماهانه دوره ۱ ماهه منتهی به  ۱۴۰۱/۰۳/۳۱(اصلاحیه),۱۴۰۱/۰۴/۲۸ ۱۷:۳۰:۱۶,914768,True,https://excel.codal.ir/service/Excel/GetAll/EgHGkwpwraECDqxKZfjrXw%3d%3d/0,domestic,شمش بیلت داخلی,تن,,65085.0,146251947.0,9518808.0,1401-03,1401
کاوه,فولاد کاوه جنوب کیش,steel,1401/03/31,گزارش فعالیت ماهانه دوره ۱ ماهه منتهی به  ۱۴۰۱/۰۳/۳۱(اصلاحیه),۱۴۰۱/۰۴/۲۸ ۱۷:۳۰:۱۶,914768,True,https://excel.codal.ir/service/Excel/GetAll/EgHGkwpwraECDqxKZfjrXw%3d%3d/0,export,شمش بیلت صادراتی,تن,,105198.0,153581323.0,16156448.0,1401-03,1401
کاوه,فولاد کاوه جنوب کیش,steel,1401/04/31,گزارش فعالیت ماهانه دوره ۱ ماهه منتهی به  ۱۴۰۱/۰۴/۳۱(اصلاحیه),۱۴۰۱/۰۷/۳۰ ۱۶:۳۶:۵۴,944573,True,https://excel.codal.ir/service/Excel/GetAll/xR5ZC2z0T56QQQaQQQWglzR204RA%3d%3d/0,domestic,آهن اسفنجی,تن,164007.0,,,0.0,1401-04,1401
کاوه,فولاد کاوه جنوب کیش,steel,1401/04/31,گزارش فعالیت ماهانه دوره ۱ ماهه منتهی به  ۱۴۰۱/۰۴/۳۱(اصلاحیه),۱۴۰۱/۰۷/۳۰ ۱۶:۳۶:۵۴,944573,True,https://excel.codal.ir/service/Excel/GetAll/xR5ZC2z0T56QQQaQQQWglzR204RA%3d%3d/0,domestic,شمش بیلت,تن,120975.0,,,0.0,1401-04,1401
کاوه,فولاد کاوه جنوب کیش,steel,1401/04/31,گزارش فعالیت ماهانه دوره ۱ ماهه منتهی به  ۱۴۰۱/۰۴/۳۱(اصلاحیه),۱۴۰۱/۰۷/۳۰ ۱۶:۳۶:۵۴,944573,True,https://excel.codal.ir/service/Excel/GetAll/xR5ZC2z0T56QQQaQQQWglzR204RA%3d%3d/0,domestic,شمش بیلت داخلی,تن,,78987.0,137872675.0,10890149.0,1401-04,1401
کاوه,فولاد کاوه جنوب کیش,steel,1401/04/31,گزارش فعالیت ماهانه دوره ۱ ماهه منتهی به  ۱۴۰۱/۰۴/۳۱(اصلاحیه),۱۴۰۱/۰۷/۳۰ ۱۶:۳۶:۵۴,944573,True,https://excel.codal.ir/service/Excel/GetAll/xR5ZC2z0T56QQQaQQQWglzR204RA%3d%3d/0,export,شمش بیلت صادراتی,تن,,50176.0,144486288.0,7249744.0,1401-04,1401
کاوه,فولاد کاوه جنوب کیش,steel,1401/05/31,گزارش فعالیت ماهانه دوره ۱ ماهه منتهی به  ۱۴۰۱/۰۵/۳۱(اصلاحیه),۱۴۰۱/۰۸/۰۷ ۱۵:۲۵:۳۰,952085,True,https://excel.codal.ir/service/Excel/GetAll/YWHrMm3CMUV8obtDTjOOObOOO5Ow%3d%3d/0,domestic,آهن اسفنجی,تن,95272.0,,,0.0,1401-05,1401
کاوه,فولاد کاوه جنوب کیش,steel,1401/05/31,گزارش فعالیت ماهانه دوره ۱ ماهه منتهی به  ۱۴۰۱/۰۵/۳۱(اصلاحیه),۱۴۰۱/۰۸/۰۷ ۱۵:۲۵:۳۰,952085,True,https://excel.codal.ir/service/Excel/GetAll/YWHrMm3CMUV8obtDTjOOObOOO5Ow%3d%3d/0,domestic,آهن اسفنجی داخلی,تن,,,,0.0,1401-05,1401
کاوه,فولاد کاوه جنوب کیش,steel,1401/05/31,گزارش فعالیت ماهانه دوره ۱ ماهه منتهی به  ۱۴۰۱/۰۵/۳۱(اصلاحیه),۱۴۰۱/۰۸/۰۷ ۱۵:۲۵:۳۰,952085,True,https://excel.codal.ir/service/Excel/GetAll/YWHrMm3CMUV8obtDTjOOObOOO5Ow%3d%3d/0,domestic,شمش بیلت,تن,110864.0,,,0.0,1401-05,1401
کاوه,فولاد کاوه جنوب کیش,steel,1401/05/31,گزارش فعالیت ماهانه دوره ۱ ماهه منتهی به  ۱۴۰۱/۰۵/۳۱(اصلاحیه),۱۴۰۱/۰۸/۰۷ ۱۵:۲۵:۳۰,952085,True,https://excel.codal.ir/service/Excel/GetAll/YWHrMm3CMUV8obtDTjOOObOOO5Ow%3d%3d/0,domestic,شمش بیلت داخلی,تن,,52716.0,129825556.0,6843884.0,1401-05,1401
کاوه,فولاد کاوه جنوب کیش,steel,1401/05/31,گزارش فعالیت ماهانه دوره ۱ ماهه منتهی به  ۱۴۰۱/۰۵/۳۱(اصلاحیه),۱۴۰۱/۰۸/۰۷ ۱۵:۲۵:۳۰,952085,True,https://excel.codal.ir/service/Excel/GetAll/YWHrMm3CMUV8obtDTjOOObOOO5Ow%3d%3d/0,export,شمش بیلت صادراتی,تن,,69126.0,144538914.0,9991397.0,1401-05,1401
کاوه,فولاد کاوه جنوب کیش,steel,1401/06/31,گزارش فعالیت ماهانه دوره ۱ ماهه منتهی به  ۱۴۰۱/۰۶/۳۱(اصلاحیه),۱۴۰۱/۰۸/۰۷ ۱۵:۵۰:۲۱,952183,True,https://excel.codal.ir/service/Excel/GetAll/RuBOHWCkvIwP5p2WeTQQQaQQQ3Tw%3d%3d/0,domestic,آهن اسفنجی,تن,168680.0,,,0.0,1401-06,1401
کاوه,فولاد کاوه جنوب کیش,steel,1401/06/31,گزارش فعالیت ماهانه دوره ۱ ماهه منتهی به  ۱۴۰۱/۰۶/۳۱(اصلاحیه),۱۴۰۱/۰۸/۰۷ ۱۵:۵۰:۲۱,952183,True,https://excel.codal.ir/service/Excel/GetAll/RuBOHWCkvIwP5p2WeTQQQaQQQ3Tw%3d%3d/0,domestic,آهن اسفنجی داخلی,تن,,,,0.0,1401-06,1401
کاوه,فولاد کاوه جنوب کیش,steel,1401/06/31,گزارش فعالیت ماهانه دوره ۱ ماهه منتهی به  ۱۴۰۱/۰۶/۳۱(اصلاحیه),۱۴۰۱/۰۸/۰۷ ۱۵:۵۰:۲۱,952183,True,https://excel.codal.ir/service/Excel/GetAll/RuBOHWCkvIwP5p2WeTQQQaQQQ3Tw%3d%3d/0,domestic,شمش بیلت,تن,158068.0,,,0.0,1401-06,1401
کاوه,فولاد کاوه جنوب کیش,steel,1401/06/31,گزارش فعالیت ماهانه دوره ۱ ماهه منتهی به  ۱۴۰۱/۰۶/۳۱(اصلاحیه),۱۴۰۱/۰۸/۰۷ ۱۵:۵۰:۲۱,952183,True,https://excel.codal.ir/service/Excel/GetAll/RuBOHWCkvIwP5p2WeTQQQaQQQ3Tw%3d%3d/0,domestic,شمش بیلت داخلی,تن,,47215.0,125747792.0,5937182.0,1401-06,1401
کاوه,فولاد کاوه جنوب کیش,steel,1401/06/31,گزارش فعالیت ماهانه دوره ۱ ماهه منتهی به  ۱۴۰۱/۰۶/۳۱(اصلاحیه),۱۴۰۱/۰۸/۰۷ ۱۵:۵۰:۲۱,952183,True,https://excel.codal.ir/service/Excel/GetAll/RuBOHWCkvIwP5p2WeTQQQaQQQ3Tw%3d%3d/0,export,شمش بیلت صادراتی,تن,,97065.0,128377716.0,12460983.0,1401-06,1401
کاوه,فولاد کاوه جنوب کیش,steel,1401/07/30,گزارش فعالیت ماهانه دوره ۱ ماهه منتهی به  ۱۴۰۱/۰۷/۳۰,۱۴۰۱/۰۸/۰۷ ۱۶:۰۵:۲۱,952207,False,https://excel.codal.ir/service/Excel/GetAll/itU637qiHOOObOOOFkgsQQQaQQQ06Vg7Cw%3d%3d/0,domestic,آهن اسفنجی,تن,158052.0,,,0.0,1401-07,1401
کاوه,فولاد کاوه جنوب کیش,steel,1401/07/30,گزارش فعالیت ماهانه دوره ۱ ماهه منتهی به  ۱۴۰۱/۰۷/۳۰,۱۴۰۱/۰۸/۰۷ ۱۶:۰۵:۲۱,952207,False,https://excel.codal.ir/service/Excel/GetAll/itU637qiHOOObOOOFkgsQQQaQQQ06Vg7Cw%3d%3d/0,domestic,آهن اسفنجی داخلی,تن,,,,0.0,1401-07,1401
کاوه,فولاد کاوه جنوب کیش,steel,1401/07/30,گزارش فعالیت ماهانه دوره ۱ ماهه منتهی به  ۱۴۰۱/۰۷/۳۰,۱۴۰۱/۰۸/۰۷ ۱۶:۰۵:۲۱,952207,False,https://excel.codal.ir/service/Excel/GetAll/itU637qiHOOObOOOFkgsQQQaQQQ06Vg7Cw%3d%3d/0,domestic,شمش بیلت,تن,147248.0,,,0.0,1401-07,1401
کاوه,فولاد کاوه جنوب کیش,steel,1401/07/30,گزارش فعالیت ماهانه دوره ۱ ماهه منتهی به  ۱۴۰۱/۰۷/۳۰,۱۴۰۱/۰۸/۰۷ ۱۶:۰۵:۲۱,952207,False,https://excel.codal.ir/service/Excel/GetAll/itU637qiHOOObOOOFkgsQQQaQQQ06Vg7Cw%3d%3d/0,domestic,شمش بیلت داخلی,تن,,50620.0,127468273.0,6452444.0,1401-07,1401
کاوه,فولاد کاوه جنوب کیش,steel,1401/07/30,گزارش فعالیت ماهانه دوره ۱ ماهه منتهی به  ۱۴۰۱/۰۷/۳۰,۱۴۰۱/۰۸/۰۷ ۱۶:۰۵:۲۱,952207,False,https://excel.codal.ir/service/Excel/GetAll/itU637qiHOOObOOOFkgsQQQaQQQ06Vg7Cw%3d%3d/0,export,شمش بیلت صادراتی,تن,,121399.0,127180726.0,15439613.0,1401-07,1401
کاوه,فولاد کاوه جنوب کیش,steel,1401/08/30,گزارش فعالیت ماهانه دوره ۱ ماهه منتهی به  ۱۴۰۱/۰۸/۳۰,۱۴۰۱/۰۹/۰۵ ۱۶:۳۶:۳۸,963143,False,https://excel.codal.ir/service/Excel/GetAll/5ekVvPr92QUGIWe5UQWwPA%3d%3d/0,domestic,آهن اسفنجی,تن,136450.0,,,0.0,1401-08,1401
کاوه,فولاد کاوه جنوب کیش,steel,1401/08/30,گزارش فعالیت ماهانه دوره ۱ ماهه منتهی به  ۱۴۰۱/۰۸/۳۰,۱۴۰۱/۰۹/۰۵ ۱۶:۳۶:۳۸,963143,False,https://excel.codal.ir/service/Excel/GetAll/5ekVvPr92QUGIWe5UQWwPA%3d%3d/0,domestic,آهن اسفنجی داخلی,تن,,,,0.0,1401-08,1401
کاوه,فولاد کاوه جنوب کیش,steel,1401/08/30,گزارش فعالیت ماهانه دوره ۱ ماهه منتهی به  ۱۴۰۱/۰۸/۳۰,۱۴۰۱/۰۹/۰۵ ۱۶:۳۶:۳۸,963143,False,https://excel.codal.ir/service/Excel/GetAll/5ekVvPr92QUGIWe5UQWwPA%3d%3d/0,domestic,شمش بیلت,تن,136238.0,,,0.0,1401-08,1401
کاوه,فولاد کاوه جنوب کیش,steel,1401/08/30,گزارش فعالیت ماهانه دوره ۱ ماهه منتهی به  ۱۴۰۱/۰۸/۳۰,۱۴۰۱/۰۹/۰۵ ۱۶:۳۶:۳۸,963143,False,https://excel.codal.ir/service/Excel/GetAll/5ekVvPr92QUGIWe5UQWwPA%3d%3d/0,domestic,شمش بیلت داخلی,تن,,42009.0,128810541.0,5411202.0,1401-08,1401
کاوه,فولاد کاوه جنوب کیش,steel,1401/08/30,گزارش فعالیت ماهانه دوره ۱ ماهه منتهی به  ۱۴۰۱/۰۸/۳۰,۱۴۰۱/۰۹/۰۵ ۱۶:۳۶:۳۸,963143,False,https://excel.codal.ir/service/Excel/GetAll/5ekVvPr92QUGIWe5UQWwPA%3d%3d/0,export,شمش بیلت صادراتی,تن,,81085.0,132314744.0,10728741.0,1401-08,1401
کاوه,فولاد کاوه جنوب کیش,steel,1401/09/30,گزارش فعالیت ماهانه دوره ۱ ماهه منتهی به  ۱۴۰۱/۰۹/۳۰,۱۴۰۱/۱۰/۰۷ ۱۷:۲۵:۱۳,975012,False,https://excel.codal.ir/service/Excel/GetAll/JfXqt86fwASujemahJtihQ%3d%3d/0,domestic,آهن اسفنجی,تن,147403.0,,,0.0,1401-09,1401
کاوه,فولاد کاوه جنوب کیش,steel,1401/09/30,گزارش فعالیت ماهانه دوره ۱ ماهه منتهی به  ۱۴۰۱/۰۹/۳۰,۱۴۰۱/۱۰/۰۷ ۱۷:۲۵:۱۳,975012,False,https://excel.codal.ir/service/Excel/GetAll/JfXqt86fwASujemahJtihQ%3d%3d/0,domestic,آهن اسفنجی داخلی,تن,,,,0.0,1401-09,1401
کاوه,فولاد کاوه جنوب کیش,steel,1401/09/30,گزارش فعالیت ماهانه دوره ۱ ماهه منتهی به  ۱۴۰۱/۰۹/۳۰,۱۴۰۱/۱۰/۰۷ ۱۷:۲۵:۱۳,975012,False,https://excel.codal.ir/service/Excel/GetAll/JfXqt86fwASujemahJtihQ%3d%3d/0,domestic,شمش بیلت,تن,127206.0,,,0.0,1401-09,1401
کاوه,فولاد کاوه جنوب کیش,steel,1401/09/30,گزارش فعالیت ماهانه دوره ۱ ماهه منتهی به  ۱۴۰۱/۰۹/۳۰,۱۴۰۱/۱۰/۰۷ ۱۷:۲۵:۱۳,975012,False,https://excel.codal.ir/service/Excel/GetAll/JfXqt86fwASujemahJtihQ%3d%3d/0,domestic,شمش بیلت داخلی,تن,,27942.0,134088970.0,3746714.0,1401-09,1401
کاوه,فولاد کاوه جنوب کیش,steel,1401/09/30,گزارش فعالیت ماهانه دوره ۱ ماهه منتهی به  ۱۴۰۱/۰۹/۳۰,۱۴۰۱/۱۰/۰۷ ۱۷:۲۵:۱۳,975012,False,https://excel.codal.ir/service/Excel/GetAll/JfXqt86fwASujemahJtihQ%3d%3d/0,export,شمش بیلت صادراتی,تن,,94393.0,139355651.0,13154198.0,1401-09,1401
کاوه,فولاد کاوه جنوب کیش,steel,1401/10/30,گزارش فعالیت ماهانه دوره ۱ ماهه منتهی به  ۱۴۰۱/۱۰/۳۰,۱۴۰۱/۱۱/۰۵ ۱۳:۴۷:۲۱,986555,False,https://excel.codal.ir/service/Excel/GetAll/N0UCxjSVIJJIW3KL5ChLOA%3d%3d/0,domestic,آهن اسفنجی,تن,87512.0,,,0.0,1401-10,1401
کاوه,فولاد کاوه جنوب کیش,steel,1401/10/30,گزارش فعالیت ماهانه دوره ۱ ماهه منتهی به  ۱۴۰۱/۱۰/۳۰,۱۴۰۱/۱۱/۰۵ ۱۳:۴۷:۲۱,986555,False,https://excel.codal.ir/service/Excel/GetAll/N0UCxjSVIJJIW3KL5ChLOA%3d%3d/0,domestic,آهن اسفنجی داخلی,تن,,,,0.0,1401-10,1401
کاوه,فولاد کاوه جنوب کیش,steel,1401/10/30,گزارش فعالیت ماهانه دوره ۱ ماهه منتهی به  ۱۴۰۱/۱۰/۳۰,۱۴۰۱/۱۱/۰۵ ۱۳:۴۷:۲۱,986555,False,https://excel.codal.ir/service/Excel/GetAll/N0UCxjSVIJJIW3KL5ChLOA%3d%3d/0,domestic,شمش بیلت,تن,76236.0,,,0.0,1401-10,1401
کاوه,فولاد کاوه جنوب کیش,steel,1401/10/30,گزارش فعالیت ماهانه دوره ۱ ماهه منتهی به  ۱۴۰۱/۱۰/۳۰,۱۴۰۱/۱۱/۰۵ ۱۳:۴۷:۲۱,986555,False,https://excel.codal.ir/service/Excel/GetAll/N0UCxjSVIJJIW3KL5ChLOA%3d%3d/0,domestic,شمش بیلت داخلی,تن,,58424.0,141899476.0,8290335.0,1401-10,1401
کاوه,فولاد کاوه جنوب کیش,steel,1401/10/30,گزارش فعالیت ماهانه دوره ۱ ماهه منتهی به  ۱۴۰۱/۱۰/۳۰,۱۴۰۱/۱۱/۰۵ ۱۳:۴۷:۲۱,986555,False,https://excel.codal.ir/service/Excel/GetAll/N0UCxjSVIJJIW3KL5ChLOA%3d%3d/0,export,شمش بیلت صادراتی,تن,,43767.0,163127859.0,7139617.0,1401-10,1401
کاوه,فولاد کاوه جنوب کیش,steel,1401/11/30,گزارش فعالیت ماهانه دوره ۱ ماهه منتهی به  ۱۴۰۱/۱۱/۳۰,۱۴۰۱/۱۲/۰۶ ۱۴:۲۰:۳۲,996033,False,https://excel.codal.ir/service/Excel/GetAll/xzcgzOZ38AtjxdFUSos9qg%3d%3d/0,domestic,آهن اسفنجی,تن,83509.0,,,0.0,1401-11,1401
کاوه,فولاد کاوه جنوب کیش,steel,1401/11/30,گزارش فعالیت ماهانه دوره ۱ ماهه منتهی به  ۱۴۰۱/۱۱/۳۰,۱۴۰۱/۱۲/۰۶ ۱۴:۲۰:۳۲,996033,False,https://excel.codal.ir/service/Excel/GetAll/xzcgzOZ38AtjxdFUSos9qg%3d%3d/0,domestic,آهن اسفنجی داخلی,تن,,,,0.0,1401-11,1401
کاوه,فولاد کاوه جنوب کیش,steel,1401/11/30,گزارش فعالیت ماهانه دوره ۱ ماهه منتهی به  ۱۴۰۱/۱۱/۳۰,۱۴۰۱/۱۲/۰۶ ۱۴:۲۰:۳۲,996033,False,https://excel.codal.ir/service/Excel/GetAll/xzcgzOZ38AtjxdFUSos9qg%3d%3d/0,domestic,شمش بیلت,تن,69459.0,,,0.0,1401-11,1401
کاوه,فولاد کاوه جنوب کیش,steel,1401/11/30,گزارش فعالیت ماهانه دوره ۱ ماهه منتهی به  ۱۴۰۱/۱۱/۳۰,۱۴۰۱/۱۲/۰۶ ۱۴:۲۰:۳۲,996033,False,https://excel.codal.ir/service/Excel/GetAll/xzcgzOZ38AtjxdFUSos9qg%3d%3d/0,domestic,شمش بیلت داخلی,تن,,51627.0,152320840.0,7863868.0,1401-11,1401
کاوه,فولاد کاوه جنوب کیش,steel,1401/11/30,گزارش فعالیت ماهانه دوره ۱ ماهه منتهی به  ۱۴۰۱/۱۱/۳۰,۱۴۰۱/۱۲/۰۶ ۱۴:۲۰:۳۲,996033,False,https://excel.codal.ir/service/Excel/GetAll/xzcgzOZ38AtjxdFUSos9qg%3d%3d/0,export,شمش بیلت صادراتی,تن,,14999.0,171457897.0,2571697.0,1401-11,1401
کاوه,فولاد کاوه جنوب کیش,steel,1401/12/29,گزارش فعالیت ماهانه دوره ۱ ماهه منتهی به  ۱۴۰۱/۱۲/۲۹(اصلاحیه),۱۴۰۲/۰۲/۳۱ ۱۵:۴۸:۲۹,1027666,True,https://excel.codal.ir/service/Excel/GetAll/jpOOObOOOdssAvOEw8Qb7Wg5Z3EA%3d%3d/0,domestic,آهن اسفنجی,تن,166980.0,,,0.0,1401-12,1401
کاوه,فولاد کاوه جنوب کیش,steel,1401/12/29,گزارش فعالیت ماهانه دوره ۱ ماهه منتهی به  ۱۴۰۱/۱۲/۲۹(اصلاحیه),۱۴۰۲/۰۲/۳۱ ۱۵:۴۸:۲۹,1027666,True,https://excel.codal.ir/service/Excel/GetAll/jpOOObOOOdssAvOEw8Qb7Wg5Z3EA%3d%3d/0,domestic,آهن اسفنجی داخلی,تن,,,,0.0,1401-12,1401
کاوه,فولاد کاوه جنوب کیش,steel,1401/12/29,گزارش فعالیت ماهانه دوره ۱ ماهه منتهی به  ۱۴۰۱/۱۲/۲۹(اصلاحیه),۱۴۰۲/۰۲/۳۱ ۱۵:۴۸:۲۹,1027666,True,https://excel.codal.ir/service/Excel/GetAll/jpOOObOOOdssAvOEw8Qb7Wg5Z3EA%3d%3d/0,domestic,شمش بیلت,تن,149009.0,,,0.0,1401-12,1401
کاوه,فولاد کاوه جنوب کیش,steel,1401/12/29,گزارش فعالیت ماهانه دوره ۱ ماهه منتهی به  ۱۴۰۱/۱۲/۲۹(اصلاحیه),۱۴۰۲/۰۲/۳۱ ۱۵:۴۸:۲۹,1027666,True,https://excel.codal.ir/service/Excel/GetAll/jpOOObOOOdssAvOEw8Qb7Wg5Z3EA%3d%3d/0,domestic,شمش بیلت داخلی,تن,,68175.0,180721364.0,12320679.0,1401-12,1401
کاوه,فولاد کاوه جنوب کیش,steel,1401/12/29,گزارش فعالیت ماهانه دوره ۱ ماهه منتهی به  ۱۴۰۱/۱۲/۲۹(اصلاحیه),۱۴۰۲/۰۲/۳۱ ۱۵:۴۸:۲۹,1027666,True,https://excel.codal.ir/service/Excel/GetAll/jpOOObOOOdssAvOEw8Qb7Wg5Z3EA%3d%3d/0,export,شمش بیلت صادراتی,تن,,93561.0,181235558.0,16956580.0,1401-12,1401
کاوه,فولاد کاوه جنوب کیش,steel,1402/01/31,گزارش فعالیت ماهانه دوره ۱ ماهه منتهی به  ۱۴۰۲/۰۱/۳۱,۱۴۰۲/۰۲/۰۹ ۱۸:۳۳:۳۶,1017603,False,https://excel.codal.ir/service/Excel/GetAll/QCtT6OevchtvFiKVNO5eWg%3d%3d/0,domestic,آهن اسفنجی,تن,179777.0,,,0.0,1402-01,1402
کاوه,فولاد کاوه جنوب کیش,steel,1402/01/31,گزارش فعالیت ماهانه دوره ۱ ماهه منتهی به  ۱۴۰۲/۰۱/۳۱,۱۴۰۲/۰۲/۰۹ ۱۸:۳۳:۳۶,1017603,False,https://excel.codal.ir/service/Excel/GetAll/QCtT6OevchtvFiKVNO5eWg%3d%3d/0,domestic,شمش بیلت,تن,181172.0,,,0.0,1402-01,1402
کاوه,فولاد کاوه جنوب کیش,steel,1402/01/31,گزارش فعالیت ماهانه دوره ۱ ماهه منتهی به  ۱۴۰۲/۰۱/۳۱,۱۴۰۲/۰۲/۰۹ ۱۸:۳۳:۳۶,1017603,False,https://excel.codal.ir/service/Excel/GetAll/QCtT6OevchtvFiKVNO5eWg%3d%3d/0,domestic,شمش بیلت داخلی,تن,,58229.0,212106562.0,12350753.0,1402-01,1402
کاوه,فولاد کاوه جنوب کیش,steel,1402/01/31,گزارش فعالیت ماهانه دوره ۱ ماهه منتهی به  ۱۴۰۲/۰۱/۳۱,۱۴۰۲/۰۲/۰۹ ۱۸:۳۳:۳۶,1017603,False,https://excel.codal.ir/service/Excel/GetAll/QCtT6OevchtvFiKVNO5eWg%3d%3d/0,export,شمش بیلت صادراتی,تن,,96142.0,207633074.0,19962259.0,1402-01,1402
کاوه,فولاد کاوه جنوب کیش,steel,1402/02/31,گزارش فعالیت ماهانه دوره ۱ ماهه منتهی به  ۱۴۰۲/۰۲/۳۱,۱۴۰۲/۰۳/۰۶ ۱۸:۵۸:۳۷,1031328,False,https://excel.codal.ir/service/Excel/GetAll/gJAiOOObOOOUk2ACpNNQkgRhmfjA%3d%3d/0,domestic,آهن اسفنجی,تن,178620.0,,,0.0,1402-02,1402
کاوه,فولاد کاوه جنوب کیش,steel,1402/02/31,گزارش فعالیت ماهانه دوره ۱ ماهه منتهی به  ۱۴۰۲/۰۲/۳۱,۱۴۰۲/۰۳/۰۶ ۱۸:۵۸:۳۷,1031328,False,https://excel.codal.ir/service/Excel/GetAll/gJAiOOObOOOUk2ACpNNQkgRhmfjA%3d%3d/0,domestic,شمش بیلت,تن,183298.0,,,0.0,1402-02,1402
کاوه,فولاد کاوه جنوب کیش,steel,1402/02/31,گزارش فعالیت ماهانه دوره ۱ ماهه منتهی به  ۱۴۰۲/۰۲/۳۱,۱۴۰۲/۰۳/۰۶ ۱۸:۵۸:۳۷,1031328,False,https://excel.codal.ir/service/Excel/GetAll/gJAiOOObOOOUk2ACpNNQkgRhmfjA%3d%3d/0,domestic,شمش بیلت داخلی,تن,,113956.0,215203798.0,24523764.0,1402-02,1402
کاوه,فولاد کاوه جنوب کیش,steel,1402/02/31,گزارش فعالیت ماهانه دوره ۱ ماهه منتهی به  ۱۴۰۲/۰۲/۳۱,۱۴۰۲/۰۳/۰۶ ۱۸:۵۸:۳۷,1031328,False,https://excel.codal.ir/service/Excel/GetAll/gJAiOOObOOOUk2ACpNNQkgRhmfjA%3d%3d/0,export,شمش بیلت صادراتی,تن,,72066.0,213707379.0,15401036.0,1402-02,1402
کاوه,فولاد کاوه جنوب کیش,steel,1402/03/31,گزارش فعالیت ماهانه دوره ۱ ماهه منتهی به  ۱۴۰۲/۰۳/۳۱,۱۴۰۲/۰۴/۰۶ ۰۹:۱۱:۲۲,1045271,False,https://excel.codal.ir/service/Excel/GetAll/i3YZlXDEv1oK6x8PYum1hg%3d%3d/0,domestic,آهن اسفنجی,تن,175324.0,,,0.0,1402-03,1402
کاوه,فولاد کاوه جنوب کیش,steel,1402/03/31,گزارش فعالیت ماهانه دوره ۱ ماهه منتهی به  ۱۴۰۲/۰۳/۳۱,۱۴۰۲/۰۴/۰۶ ۰۹:۱۱:۲۲,1045271,False,https://excel.codal.ir/service/Excel/GetAll/i3YZlXDEv1oK6x8PYum1hg%3d%3d/0,domestic,شمش بیلت,تن,152066.0,,,0.0,1402-03,1402
کاوه,فولاد کاوه جنوب کیش,steel,1402/03/31,گزارش فعالیت ماهانه دوره ۱ ماهه منتهی به  ۱۴۰۲/۰۳/۳۱,۱۴۰۲/۰۴/۰۶ ۰۹:۱۱:۲۲,1045271,False,https://excel.codal.ir/service/Excel/GetAll/i3YZlXDEv1oK6x8PYum1hg%3d%3d/0,domestic,شمش بیلت داخلی,تن,,137670.0,213935687.0,29452526.0,1402-03,1402
کاوه,فولاد کاوه جنوب کیش,steel,1402/03/31,گزارش فعالیت ماهانه دوره ۱ ماهه منتهی به  ۱۴۰۲/۰۳/۳۱,۱۴۰۲/۰۴/۰۶ ۰۹:۱۱:۲۲,1045271,False,https://excel.codal.ir/service/Excel/GetAll/i3YZlXDEv1oK6x8PYum1hg%3d%3d/0,export,شمش بیلت صادراتی,تن,,24493.0,210122647.0,5146534.0,1402-03,1402
کاوه,فولاد کاوه جنوب کیش,steel,1402/04/31,گزارش فعالیت ماهانه دوره ۱ ماهه منتهی به  ۱۴۰۲/۰۴/۳۱,۱۴۰۲/۰۵/۰۴ ۱۲:۵۹:۴۷,1063465,False,https://excel.codal.ir/service/Excel/GetAll/aZD2ffZYkUKcYbVyK6HzZQ%3d%3d/0,domestic,آهن اسفنجی,تن,177078.0,,,0.0,1402-04,1402
کاوه,فولاد کاوه جنوب کیش,steel,1402/04/31,گزارش فعالیت ماهانه دوره ۱ ماهه منتهی به  ۱۴۰۲/۰۴/۳۱,۱۴۰۲/۰۵/۰۴ ۱۲:۵۹:۴۷,1063465,False,https://excel.codal.ir/service/Excel/GetAll/aZD2ffZYkUKcYbVyK6HzZQ%3d%3d/0,domestic,شمش بیلت,تن,121843.0,,,0.0,1402-04,1402
کاوه,فولاد کاوه جنوب کیش,steel,1402/04/31,گزارش فعالیت ماهانه دوره ۱ ماهه منتهی به  ۱۴۰۲/۰۴/۳۱,۱۴۰۲/۰۵/۰۴ ۱۲:۵۹:۴۷,1063465,False,https://excel.codal.ir/service/Excel/GetAll/aZD2ffZYkUKcYbVyK6HzZQ%3d%3d/0,domestic,شمش بیلت داخلی,تن,,86705.0,218313730.0,18928892.0,1402-04,1402
کاوه,فولاد کاوه جنوب کیش,steel,1402/04/31,گزارش فعالیت ماهانه دوره ۱ ماهه منتهی به  ۱۴۰۲/۰۴/۳۱,۱۴۰۲/۰۵/۰۴ ۱۲:۵۹:۴۷,1063465,False,https://excel.codal.ir/service/Excel/GetAll/aZD2ffZYkUKcYbVyK6HzZQ%3d%3d/0,export,شمش بیلت صادراتی,تن,,30830.0,194525657.0,5997226.0,1402-04,1402
کاوه,فولاد کاوه جنوب کیش,steel,1402/05/31,گزارش فعالیت ماهانه دوره ۱ ماهه منتهی به  ۱۴۰۲/۰۵/۳۱,۱۴۰۲/۰۶/۰۵ ۱۵:۲۹:۰۱,1075362,False,https://excel.codal.ir/service/Excel/GetAll/Cj6MMGZ6coribnbq88I47w%3d%3d/0,domestic,آهن اسفنجی,تن,176607.0,,,0.0,1402-05,1402
کاوه,فولاد کاوه جنوب کیش,steel,1402/05/31,گزارش فعالیت ماهانه دوره ۱ ماهه منتهی به  ۱۴۰۲/۰۵/۳۱,۱۴۰۲/۰۶/۰۵ ۱۵:۲۹:۰۱,1075362,False,https://excel.codal.ir/service/Excel/GetAll/Cj6MMGZ6coribnbq88I47w%3d%3d/0,domestic,آهن اسفنجی داخلی,تن,,82596.0,119679282.0,9885030.0,1402-05,1402
کاوه,فولاد کاوه جنوب کیش,steel,1402/05/31,گزارش فعالیت ماهانه دوره ۱ ماهه منتهی به  ۱۴۰۲/۰۵/۳۱,۱۴۰۲/۰۶/۰۵ ۱۵:۲۹:۰۱,1075362,False,https://excel.codal.ir/service/Excel/GetAll/Cj6MMGZ6coribnbq88I47w%3d%3d/0,domestic,شمش بیلت,تن,47609.0,,,0.0,1402-05,1402
کاوه,فولاد کاوه جنوب کیش,steel,1402/05/31,گزارش فعالیت ماهانه دوره ۱ ماهه منتهی به  ۱۴۰۲/۰۵/۳۱,۱۴۰۲/۰۶/۰۵ ۱۵:۲۹:۰۱,1075362,False,https://excel.codal.ir/service/Excel/GetAll/Cj6MMGZ6coribnbq88I47w%3d%3d/0,domestic,شمش بیلت داخلی,تن,,63111.0,206473277.0,13030735.0,1402-05,1402
کاوه,فولاد کاوه جنوب کیش,steel,1402/05/31,گزارش فعالیت ماهانه دوره ۱ ماهه منتهی به  ۱۴۰۲/۰۵/۳۱,۱۴۰۲/۰۶/۰۵ ۱۵:۲۹:۰۱,1075362,False,https://excel.codal.ir/service/Excel/GetAll/Cj6MMGZ6coribnbq88I47w%3d%3d/0,export,شمش بیلت صادراتی,تن,,11787.0,191975227.0,2262812.0,1402-05,1402
کاوه,فولاد کاوه جنوب کیش,steel,1402/06/31,گزارش فعالیت ماهانه دوره ۱ ماهه منتهی به  ۱۴۰۲/۰۶/۳۱(اصلاحیه),۱۴۰۲/۰۹/۰۸ ۱۵:۲۶:۵۹,1111817,True,https://excel.codal.ir/service/Excel/GetAll/FVOvK2wjdZQQQaQQQQQQaQQQ4DHVbno70w%3d%3d/0,domestic,آهن اسفنجی,تن,183406.0,,,0.0,1402-06,1402
کاوه,فولاد کاوه جنوب کیش,steel,1402/06/31,گزارش فعالیت ماهانه دوره ۱ ماهه منتهی به  ۱۴۰۲/۰۶/۳۱(اصلاحیه),۱۴۰۲/۰۹/۰۸ ۱۵:۲۶:۵۹,1111817,True,https://excel.codal.ir/service/Excel/GetAll/FVOvK2wjdZQQQaQQQQQQaQQQ4DHVbno70w%3d%3d/0,domestic,آهن اسفنجی داخلی,تن,,46696.0,123341550.0,5759557.0,1402-06,1402
کاوه,فولاد کاوه جنوب کیش,steel,1402/06/31,گزارش فعالیت ماهانه دوره ۱ ماهه منتهی به  ۱۴۰۲/۰۶/۳۱(اصلاحیه),۱۴۰۲/۰۹/۰۸ ۱۵:۲۶:۵۹,1111817,True,https://excel.codal.ir/service/Excel/GetAll/FVOvK2wjdZQQQaQQQQQQaQQQ4DHVbno70w%3d%3d/0,domestic,شمش بیلت,تن,130305.0,,,0.0,1402-06,1402
کاوه,فولاد کاوه جنوب کیش,steel,1402/06/31,گزارش فعالیت ماهانه دوره ۱ ماهه منتهی به  ۱۴۰۲/۰۶/۳۱(اصلاحیه),۱۴۰۲/۰۹/۰۸ ۱۵:۲۶:۵۹,1111817,True,https://excel.codal.ir/service/Excel/GetAll/FVOvK2wjdZQQQaQQQQQQaQQQ4DHVbno70w%3d%3d/0,domestic,شمش بیلت داخلی,تن,,86922.0,208271082.0,18103339.0,1402-06,1402
کاوه,فولاد کاوه جنوب کیش,steel,1402/06/31,گزارش فعالیت ماهانه دوره ۱ ماهه منتهی به  ۱۴۰۲/۰۶/۳۱(اصلاحیه),۱۴۰۲/۰۹/۰۸ ۱۵:۲۶:۵۹,1111817,True,https://excel.codal.ir/service/Excel/GetAll/FVOvK2wjdZQQQaQQQQQQaQQQ4DHVbno70w%3d%3d/0,export,شمش بیلت صادراتی,تن,,26758.0,184698931.0,4942174.0,1402-06,1402
کاوه,فولاد کاوه جنوب کیش,steel,1402/09/30,گزارش فعالیت ماهانه دوره ۱ ماهه منتهی به  ۱۴۰۲/۰۹/۳۰(اصلاحیه),۱۴۰۲/۱۰/۳۰ ۱۸:۳۵:۱۵,1141564,True,https://excel.codal.ir/service/Excel/GetAll/FaCLIhZ5haYiIFEsV2QLJA%3d%3d/0,domestic,آهن اسفنجی,تن,145096.0,,,0.0,1402-09,1402
کاوه,فولاد کاوه جنوب کیش,steel,1402/09/30,گزارش فعالیت ماهانه دوره ۱ ماهه منتهی به  ۱۴۰۲/۰۹/۳۰(اصلاحیه),۱۴۰۲/۱۰/۳۰ ۱۸:۳۵:۱۵,1141564,True,https://excel.codal.ir/service/Excel/GetAll/FaCLIhZ5haYiIFEsV2QLJA%3d%3d/0,domestic,آهن اسفنجی داخلی,تن,,,,0.0,1402-09,1402
کاوه,فولاد کاوه جنوب کیش,steel,1402/09/30,گزارش فعالیت ماهانه دوره ۱ ماهه منتهی به  ۱۴۰۲/۰۹/۳۰(اصلاحیه),۱۴۰۲/۱۰/۳۰ ۱۸:۳۵:۱۵,1141564,True,https://excel.codal.ir/service/Excel/GetAll/FaCLIhZ5haYiIFEsV2QLJA%3d%3d/0,domestic,شمش بیلت,تن,155349.0,,,0.0,1402-09,1402
کاوه,فولاد کاوه جنوب کیش,steel,1402/09/30,گزارش فعالیت ماهانه دوره ۱ ماهه منتهی به  ۱۴۰۲/۰۹/۳۰(اصلاحیه),۱۴۰۲/۱۰/۳۰ ۱۸:۳۵:۱۵,1141564,True,https://excel.codal.ir/service/Excel/GetAll/FaCLIhZ5haYiIFEsV2QLJA%3d%3d/0,domestic,شمش بیلت داخلی,تن,,161672.0,198415081.0,32078163.0,1402-09,1402
کاوه,فولاد کاوه جنوب کیش,steel,1402/09/30,گزارش فعالیت ماهانه دوره ۱ ماهه منتهی به  ۱۴۰۲/۰۹/۳۰(اصلاحیه),۱۴۰۲/۱۰/۳۰ ۱۸:۳۵:۱۵,1141564,True,https://excel.codal.ir/service/Excel/GetAll/FaCLIhZ5haYiIFEsV2QLJA%3d%3d/0,export,شمش بیلت صادراتی,تن,,2620.0,183857252.0,481706.0,1402-09,1402
کاوه,فولاد کاوه جنوب کیش,steel,1402/10/30,گزارش فعالیت ماهانه دوره ۱ ماهه منتهی به  ۱۴۰۲/۱۰/۳۰,۱۴۰۲/۱۱/۰۷ ۱۵:۰۰:۲۹,1146602,False,https://excel.codal.ir/service/Excel/GetAll/JMirpDXAJYTdSrcjfCte4Q%3d%3d/0,domestic,آهن اسفنجی,تن,85014.0,,,0.0,1402-10,1402
کاوه,فولاد کاوه جنوب کیش,steel,1402/10/30,گزارش فعالیت ماهانه دوره ۱ ماهه منتهی به  ۱۴۰۲/۱۰/۳۰,۱۴۰۲/۱۱/۰۷ ۱۵:۰۰:۲۹,1146602,False,https://excel.codal.ir/service/Excel/GetAll/JMirpDXAJYTdSrcjfCte4Q%3d%3d/0,domestic,آهن اسفنجی داخلی,تن,,0.0,,0.0,1402-10,1402
کاوه,فولاد کاوه جنوب کیش,steel,1402/10/30,گزارش فعالیت ماهانه دوره ۱ ماهه منتهی به  ۱۴۰۲/۱۰/۳۰,۱۴۰۲/۱۱/۰۷ ۱۵:۰۰:۲۹,1146602,False,https://excel.codal.ir/service/Excel/GetAll/JMirpDXAJYTdSrcjfCte4Q%3d%3d/0,domestic,شمش بیلت,تن,81163.0,,,0.0,1402-10,1402
کاوه,فولاد کاوه جنوب کیش,steel,1402/10/30,گزارش فعالیت ماهانه دوره ۱ ماهه منتهی به  ۱۴۰۲/۱۰/۳۰,۱۴۰۲/۱۱/۰۷ ۱۵:۰۰:۲۹,1146602,False,https://excel.codal.ir/service/Excel/GetAll/JMirpDXAJYTdSrcjfCte4Q%3d%3d/0,domestic,شمش بیلت داخلی,تن,,49874.0,195061214.0,9728483.0,1402-10,1402
کاوه,فولاد کاوه جنوب کیش,steel,1402/10/30,گزارش فعالیت ماهانه دوره ۱ ماهه منتهی به  ۱۴۰۲/۱۰/۳۰,۱۴۰۲/۱۱/۰۷ ۱۵:۰۰:۲۹,1146602,False,https://excel.codal.ir/service/Excel/GetAll/JMirpDXAJYTdSrcjfCte4Q%3d%3d/0,export,شمش بیلت صادراتی,تن,,30206.0,184090744.0,5560645.0,1402-10,1402
کاوه,فولاد کاوه جنوب کیش,steel,1402/11/30,گزارش فعالیت ماهانه دوره ۱ ماهه منتهی به  ۱۴۰۲/۱۱/۳۰,۱۴۰۲/۱۲/۰۷ ۱۲:۴۵:۰۷,1158966,False,https://excel.codal.ir/service/Excel/GetAll/h7u8J60PW87tgboY51q4Bw%3d%3d/0,domestic,آهن اسفنجی,تن,107328.0,,,0.0,1402-11,1402
کاوه,فولاد کاوه جنوب کیش,steel,1402/11/30,گزارش فعالیت ماهانه دوره ۱ ماهه منتهی به  ۱۴۰۲/۱۱/۳۰,۱۴۰۲/۱۲/۰۷ ۱۲:۴۵:۰۷,1158966,False,https://excel.codal.ir/service/Excel/GetAll/h7u8J60PW87tgboY51q4Bw%3d%3d/0,domestic,آهن اسفنجی داخلی,تن,,,,0.0,1402-11,1402
کاوه,فولاد کاوه جنوب کیش,steel,1402/11/30,گزارش فعالیت ماهانه دوره ۱ ماهه منتهی به  ۱۴۰۲/۱۱/۳۰,۱۴۰۲/۱۲/۰۷ ۱۲:۴۵:۰۷,1158966,False,https://excel.codal.ir/service/Excel/GetAll/h7u8J60PW87tgboY51q4Bw%3d%3d/0,domestic,شمش بیلت,تن,101516.0,,,0.0,1402-11,1402
کاوه,فولاد کاوه جنوب کیش,steel,1402/11/30,گزارش فعالیت ماهانه دوره ۱ ماهه منتهی به  ۱۴۰۲/۱۱/۳۰,۱۴۰۲/۱۲/۰۷ ۱۲:۴۵:۰۷,1158966,False,https://excel.codal.ir/service/Excel/GetAll/h7u8J60PW87tgboY51q4Bw%3d%3d/0,domestic,شمش بیلت داخلی,تن,,85982.0,197964306.0,17021367.0,1402-11,1402
کاوه,فولاد کاوه جنوب کیش,steel,1402/11/30,گزارش فعالیت ماهانه دوره ۱ ماهه منتهی به  ۱۴۰۲/۱۱/۳۰,۱۴۰۲/۱۲/۰۷ ۱۲:۴۵:۰۷,1158966,False,https://excel.codal.ir/service/Excel/GetAll/h7u8J60PW87tgboY51q4Bw%3d%3d/0,export,شمش بیلت صادراتی,تن,,3264.0,183866115.0,600139.0,1402-11,1402
کاوه,فولاد کاوه جنوب کیش,steel,1402/12/29,گزارش فعالیت ماهانه دوره ۱ ماهه منتهی به  ۱۴۰۲/۱۲/۲۹(اصلاحیه),۱۴۰۳/۰۳/۲۲ ۱۴:۵۲:۵۲,1200817,True,https://excel.codal.ir/service/Excel/GetAll/oIATT6pa7xDNe3Iw6aXx0A%3d%3d/0,domestic,آهن اسفنجی,تن,91358.0,,,0.0,1402-12,1402
کاوه,فولاد کاوه جنوب کیش,steel,1402/12/29,گزارش فعالیت ماهانه دوره ۱ ماهه منتهی به  ۱۴۰۲/۱۲/۲۹(اصلاحیه),۱۴۰۳/۰۳/۲۲ ۱۴:۵۲:۵۲,1200817,True,https://excel.codal.ir/service/Excel/GetAll/oIATT6pa7xDNe3Iw6aXx0A%3d%3d/0,domestic,آهن اسفنجی داخلی,تن,,,,0.0,1402-12,1402
کاوه,فولاد کاوه جنوب کیش,steel,1402/12/29,گزارش فعالیت ماهانه دوره ۱ ماهه منتهی به  ۱۴۰۲/۱۲/۲۹(اصلاحیه),۱۴۰۳/۰۳/۲۲ ۱۴:۵۲:۵۲,1200817,True,https://excel.codal.ir/service/Excel/GetAll/oIATT6pa7xDNe3Iw6aXx0A%3d%3d/0,domestic,شمش بیلت,تن,111118.0,,,0.0,1402-12,1402
کاوه,فولاد کاوه جنوب کیش,steel,1402/12/29,گزارش فعالیت ماهانه دوره ۱ ماهه منتهی به  ۱۴۰۲/۱۲/۲۹(اصلاحیه),۱۴۰۳/۰۳/۲۲ ۱۴:۵۲:۵۲,1200817,True,https://excel.codal.ir/service/Excel/GetAll/oIATT6pa7xDNe3Iw6aXx0A%3d%3d/0,domestic,شمش بیلت داخلی,تن,,89369.0,205848516.0,18396476.0,1402-12,1402
کاوه,فولاد کاوه جنوب کیش,steel,1402/12/29,گزارش فعالیت ماهانه دوره ۱ ماهه منتهی به  ۱۴۰۲/۱۲/۲۹(اصلاحیه),۱۴۰۳/۰۳/۲۲ ۱۴:۵۲:۵۲,1200817,True,https://excel.codal.ir/service/Excel/GetAll/oIATT6pa7xDNe3Iw6aXx0A%3d%3d/0,export,شمش بیلت صادراتی,تن,,45363.0,183871217.0,8340950.0,1402-12,1402
کاوه,فولاد کاوه جنوب کیش,steel,1403/01/31,گزارش فعالیت ماهانه دوره ۱ ماهه منتهی به  ۱۴۰۳/۰۱/۳۱,۱۴۰۳/۰۲/۰۵ ۱۱:۵۵:۰۲,1180911,False,https://excel.codal.ir/service/Excel/GetAll/TIsh9iu3s0uttKaFCCxaZA%3d%3d/0,domestic,آهن اسفنجی,تن,188607.0,0.0,,0.0,1403-01,1403
کاوه,فولاد کاوه جنوب کیش,steel,1403/01/31,گزارش فعالیت ماهانه دوره ۱ ماهه منتهی به  ۱۴۰۳/۰۱/۳۱,۱۴۰۳/۰۲/۰۵ ۱۱:۵۵:۰۲,1180911,False,https://excel.codal.ir/service/Excel/GetAll/TIsh9iu3s0uttKaFCCxaZA%3d%3d/0,domestic,شمش بیلت,تن,196703.0,0.0,,0.0,1403-01,1403
کاوه,فولاد کاوه جنوب کیش,steel,1403/01/31,گزارش فعالیت ماهانه دوره ۱ ماهه منتهی به  ۱۴۰۳/۰۱/۳۱,۱۴۰۳/۰۲/۰۵ ۱۱:۵۵:۰۲,1180911,False,https://excel.codal.ir/service/Excel/GetAll/TIsh9iu3s0uttKaFCCxaZA%3d%3d/0,domestic,شمش بیلت داخلی,تن,0.0,145117.0,215781073.0,31313502.0,1403-01,1403
کاوه,فولاد کاوه جنوب کیش,steel,1403/01/31,گزارش فعالیت ماهانه دوره ۱ ماهه منتهی به  ۱۴۰۳/۰۱/۳۱,۱۴۰۳/۰۲/۰۵ ۱۱:۵۵:۰۲,1180911,False,https://excel.codal.ir/service/Excel/GetAll/TIsh9iu3s0uttKaFCCxaZA%3d%3d/0,export,شمش بیلت صادراتی,تن,,45383.0,191356940.0,8684352.0,1403-01,1403
کاوه,فولاد کاوه جنوب کیش,steel,1403/02/31,گزارش فعالیت ماهانه دوره ۱ ماهه منتهی به  ۱۴۰۳/۰۲/۳۱,۱۴۰۳/۰۳/۰۶ ۰۹:۲۴:۵۸,1195188,False,https://excel.codal.ir/service/Excel/GetAll/4IsGwO8mLcdkM9rfrJBigg%3d%3d/0,domestic,آهن اسفنجی,تن,179219.0,,,0.0,1403-02,1403
کاوه,فولاد کاوه جنوب کیش,steel,1403/02/31,گزارش فعالیت ماهانه دوره ۱ ماهه منتهی به  ۱۴۰۳/۰۲/۳۱,۱۴۰۳/۰۳/۰۶ ۰۹:۲۴:۵۸,1195188,False,https://excel.codal.ir/service/Excel/GetAll/4IsGwO8mLcdkM9rfrJBigg%3d%3d/0,domestic,شمش بیلت,تن,185411.0,,,0.0,1403-02,1403
کاوه,فولاد کاوه جنوب کیش,steel,1403/02/31,گزارش فعالیت ماهانه دوره ۱ ماهه منتهی به  ۱۴۰۳/۰۲/۳۱,۱۴۰۳/۰۳/۰۶ ۰۹:۲۴:۵۸,1195188,False,https://excel.codal.ir/service/Excel/GetAll/4IsGwO8mLcdkM9rfrJBigg%3d%3d/0,domestic,شمش بیلت داخلی,تن,,159037.0,225185152.0,35812771.0,1403-02,1403
کاوه,فولاد کاوه جنوب کیش,steel,1403/02/31,گزارش فعالیت ماهانه دوره ۱ ماهه منتهی به  ۱۴۰۳/۰۲/۳۱,۱۴۰۳/۰۳/۰۶ ۰۹:۲۴:۵۸,1195188,False,https://excel.codal.ir/service/Excel/GetAll/4IsGwO8mLcdkM9rfrJBigg%3d%3d/0,export,شمش بیلت صادراتی,تن,,,0.0,0.0,1403-02,1403
کاوه,فولاد کاوه جنوب کیش,steel,1403/03/31,گزارش فعالیت ماهانه دوره ۱ ماهه منتهی به  ۱۴۰۳/۰۳/۳۱(اصلاحیه),۱۴۰۳/۰۴/۳۰ ۱۵:۴۶:۲۱,1218966,True,https://excel.codal.ir/service/Excel/GetAll/rKLHF9Eedh9Kf4vly31JMw%3d%3d/0,domestic,آهن اسفنجی,تن,191238.0,1337.0,123859387.0,165600.0,1403-03,1403
کاوه,فولاد کاوه جنوب کیش,steel,1403/03/31,گزارش فعالیت ماهانه دوره ۱ ماهه منتهی به  ۱۴۰۳/۰۳/۳۱(اصلاحیه),۱۴۰۳/۰۴/۳۰ ۱۵:۴۶:۲۱,1218966,True,https://excel.codal.ir/service/Excel/GetAll/rKLHF9Eedh9Kf4vly31JMw%3d%3d/0,domestic,شمش بیلت,تن,125278.0,,,0.0,1403-03,1403
کاوه,فولاد کاوه جنوب کیش,steel,1403/03/31,گزارش فعالیت ماهانه دوره ۱ ماهه منتهی به  ۱۴۰۳/۰۳/۳۱(اصلاحیه),۱۴۰۳/۰۴/۳۰ ۱۵:۴۶:۲۱,1218966,True,https://excel.codal.ir/service/Excel/GetAll/rKLHF9Eedh9Kf4vly31JMw%3d%3d/0,domestic,شمش بیلت داخلی,تن,0.0,150225.0,228721950.0,34359755.0,1403-03,1403
کاوه,فولاد کاوه جنوب کیش,steel,1403/03/31,گزارش فعالیت ماهانه دوره ۱ ماهه منتهی به  ۱۴۰۳/۰۳/۳۱(اصلاحیه),۱۴۰۳/۰۴/۳۰ ۱۵:۴۶:۲۱,1218966,True,https://excel.codal.ir/service/Excel/GetAll/rKLHF9Eedh9Kf4vly31JMw%3d%3d/0,export,شمش بیلت صادراتی,تن,,,0.0,0.0,1403-03,1403
کاوه,فولاد کاوه جنوب کیش,steel,1403/04/31,گزارش فعالیت ماهانه دوره ۱ ماهه منتهی به  ۱۴۰۳/۰۴/۳۱,۱۴۰۳/۰۵/۰۴ ۱۲:۱۹:۵۴,1225669,False,https://excel.codal.ir/service/Excel/GetAll/qbevp4AvGkm6yw7XwOOObOOOQ3eA%3d%3d/0,domestic,آهن اسفنجی,تن,186275.0,41145.0,124615263.0,5127295.0,1403-04,1403
کاوه,فولاد کاوه جنوب کیش,steel,1403/04/31,گزارش فعالیت ماهانه دوره ۱ ماهه منتهی به  ۱۴۰۳/۰۴/۳۱,۱۴۰۳/۰۵/۰۴ ۱۲:۱۹:۵۴,1225669,False,https://excel.codal.ir/service/Excel/GetAll/qbevp4AvGkm6yw7XwOOObOOOQ3eA%3d%3d/0,domestic,شمش بیلت,تن,45475.0,,,0.0,1403-04,1403
کاوه,فولاد کاوه جنوب کیش,steel,1403/04/31,گزارش فعالیت ماهانه دوره ۱ ماهه منتهی به  ۱۴۰۳/۰۴/۳۱,۱۴۰۳/۰۵/۰۴ ۱۲:۱۹:۵۴,1225669,False,https://excel.codal.ir/service/Excel/GetAll/qbevp4AvGkm6yw7XwOOObOOOQ3eA%3d%3d/0,domestic,شمش بیلت داخلی,تن,0.0,55140.0,232918571.0,12843130.0,1403-04,1403
کاوه,فولاد کاوه جنوب کیش,steel,1403/04/31,گزارش فعالیت ماهانه دوره ۱ ماهه منتهی به  ۱۴۰۳/۰۴/۳۱,۱۴۰۳/۰۵/۰۴ ۱۲:۱۹:۵۴,1225669,False,https://excel.codal.ir/service/Excel/GetAll/qbevp4AvGkm6yw7XwOOObOOOQ3eA%3d%3d/0,export,شمش بیلت صادراتی,تن,,,0.0,0.0,1403-04,1403
کاوه,فولاد کاوه جنوب کیش,steel,1403/05/31,گزارش فعالیت ماهانه دوره ۱ ماهه منتهی به  ۱۴۰۳/۰۵/۳۱,۱۴۰۳/۰۶/۰۷ ۱۶:۰۸:۴۱,1239656,False,https://excel.codal.ir/service/Excel/GetAll/Y0xJ6yOOObOOO63CZMaQPMZtuQnA%3d%3d/0,domestic,آهن اسفنجی,تن,80941.0,61950.0,122119403.0,7565297.0,1403-05,1403
کاوه,فولاد کاوه جنوب کیش,steel,1403/05/31,گزارش فعالیت ماهانه دوره ۱ ماهه منتهی به  ۱۴۰۳/۰۵/۳۱,۱۴۰۳/۰۶/۰۷ ۱۶:۰۸:۴۱,1239656,False,https://excel.codal.ir/service/Excel/GetAll/Y0xJ6yOOObOOO63CZMaQPMZtuQnA%3d%3d/0,domestic,شمش بیلت,تن,25510.0,0.0,,0.0,1403-05,1403
کاوه,فولاد کاوه جنوب کیش,steel,1403/05/31,گزارش فعالیت ماهانه دوره ۱ ماهه منتهی به  ۱۴۰۳/۰۵/۳۱,۱۴۰۳/۰۶/۰۷ ۱۶:۰۸:۴۱,1239656,False,https://excel.codal.ir/service/Excel/GetAll/Y0xJ6yOOObOOO63CZMaQPMZtuQnA%3d%3d/0,domestic,شمش بیلت داخلی,تن,,26226.0,234772249.0,6157137.0,1403-05,1403
کاوه,فولاد کاوه جنوب کیش,steel,1403/05/31,گزارش فعالیت ماهانه دوره ۱ ماهه منتهی به  ۱۴۰۳/۰۵/۳۱,۱۴۰۳/۰۶/۰۷ ۱۶:۰۸:۴۱,1239656,False,https://excel.codal.ir/service/Excel/GetAll/Y0xJ6yOOObOOO63CZMaQPMZtuQnA%3d%3d/0,export,شمش بیلت صادراتی,تن,0.0,0.0,0.0,0.0,1403-05,1403
کاوه,فولاد کاوه جنوب کیش,steel,1403/06/31,گزارش فعالیت ماهانه دوره ۱ ماهه منتهی به  ۱۴۰۳/۰۶/۳۱(اصلاحیه),۱۴۰۳/۰۷/۳۰ ۱۲:۳۲:۱۱,1258803,True,https://excel.codal.ir/service/Excel/GetAll/1DbnGiPxQQQaQQQekiVFx1zFDH4w%3d%3d/0,domestic,آهن اسفنجی,تن,136066.0,80378.0,120741820.0,9704986.0,1403-06,1403
کاوه,فولاد کاوه جنوب کیش,steel,1403/06/31,گزارش فعالیت ماهانه دوره ۱ ماهه منتهی به  ۱۴۰۳/۰۶/۳۱(اصلاحیه),۱۴۰۳/۰۷/۳۰ ۱۲:۳۲:۱۱,1258803,True,https://excel.codal.ir/service/Excel/GetAll/1DbnGiPxQQQaQQQekiVFx1zFDH4w%3d%3d/0,domestic,شمش بیلت,تن,86535.0,,,0.0,1403-06,1403
کاوه,فولاد کاوه جنوب کیش,steel,1403/06/31,گزارش فعالیت ماهانه دوره ۱ ماهه منتهی به  ۱۴۰۳/۰۶/۳۱(اصلاحیه),۱۴۰۳/۰۷/۳۰ ۱۲:۳۲:۱۱,1258803,True,https://excel.codal.ir/service/Excel/GetAll/1DbnGiPxQQQaQQQekiVFx1zFDH4w%3d%3d/0,domestic,شمش بیلت داخلی,تن,,41765.0,240536382.0,10046002.0,1403-06,1403
کاوه,فولاد کاوه جنوب کیش,steel,1403/06/31,گزارش فعالیت ماهانه دوره ۱ ماهه منتهی به  ۱۴۰۳/۰۶/۳۱(اصلاحیه),۱۴۰۳/۰۷/۳۰ ۱۲:۳۲:۱۱,1258803,True,https://excel.codal.ir/service/Excel/GetAll/1DbnGiPxQQQaQQQekiVFx1zFDH4w%3d%3d/0,export,شمش بیلت صادراتی,تن,,0.0,0.0,0.0,1403-06,1403
کاوه,فولاد کاوه جنوب کیش,steel,1403/07/30,گزارش فعالیت ماهانه دوره ۱ ماهه منتهی به  ۱۴۰۳/۰۷/۳۰(اصلاحیه),۱۴۰۳/۰۸/۰۶ ۱۴:۰۱:۵۶,1262515,True,https://excel.codal.ir/service/Excel/GetAll/PhaNRv5eEMqHlKphRZV9mQ%3d%3d/0,domestic,آهن اسفنجی,تن,176605.0,19339.0,123080511.0,2380254.0,1403-07,1403
کاوه,فولاد کاوه جنوب کیش,steel,1403/07/30,گزارش فعالیت ماهانه دوره ۱ ماهه منتهی به  ۱۴۰۳/۰۷/۳۰(اصلاحیه),۱۴۰۳/۰۸/۰۶ ۱۴:۰۱:۵۶,1262515,True,https://excel.codal.ir/service/Excel/GetAll/PhaNRv5eEMqHlKphRZV9mQ%3d%3d/0,export,آهن اسفنجی صادراتی,تن,,22351.0,138988725.0,3106537.0,1403-07,1403
کاوه,فولاد کاوه جنوب کیش,steel,1403/07/30,گزارش فعالیت ماهانه دوره ۱ ماهه منتهی به  ۱۴۰۳/۰۷/۳۰(اصلاحیه),۱۴۰۳/۰۸/۰۶ ۱۴:۰۱:۵۶,1262515,True,https://excel.codal.ir/service/Excel/GetAll/PhaNRv5eEMqHlKphRZV9mQ%3d%3d/0,domestic,شمش بیلت,تن,167619.0,0.0,,0.0,1403-07,1403
کاوه,فولاد کاوه جنوب کیش,steel,1403/07/30,گزارش فعالیت ماهانه دوره ۱ ماهه منتهی به  ۱۴۰۳/۰۷/۳۰(اصلاحیه),۱۴۰۳/۰۸/۰۶ ۱۴:۰۱:۵۶,1262515,True,https://excel.codal.ir/service/Excel/GetAll/PhaNRv5eEMqHlKphRZV9mQ%3d%3d/0,domestic,شمش بیلت داخلی,تن,,138622.0,237602978.0,32937000.0,1403-07,1403
کاوه,فولاد کاوه جنوب کیش,steel,1403/07/30,گزارش فعالیت ماهانه دوره ۱ ماهه منتهی به  ۱۴۰۳/۰۷/۳۰(اصلاحیه),۱۴۰۳/۰۸/۰۶ ۱۴:۰۱:۵۶,1262515,True,https://excel.codal.ir/service/Excel/GetAll/PhaNRv5eEMqHlKphRZV9mQ%3d%3d/0,export,شمش بیلت صادراتی,تن,,,0.0,0.0,1403-07,1403
کاوه,فولاد کاوه جنوب کیش,steel,1403/08/30,گزارش فعالیت ماهانه دوره ۱ ماهه منتهی به  ۱۴۰۳/۰۸/۳۰,۱۴۰۳/۰۹/۰۵ ۱۲:۴۸:۲۹,1275550,False,https://excel.codal.ir/service/Excel/GetAll/rfrlNIMmNdiIKXiDm3qAWw%3d%3d/0,domestic,آهن اسفنجی,تن,129340.0,585.0,123635897.0,72327.0,1403-08,1403
کاوه,فولاد کاوه جنوب کیش,steel,1403/08/30,گزارش فعالیت ماهانه دوره ۱ ماهه منتهی به  ۱۴۰۳/۰۸/۳۰,۱۴۰۳/۰۹/۰۵ ۱۲:۴۸:۲۹,1275550,False,https://excel.codal.ir/service/Excel/GetAll/rfrlNIMmNdiIKXiDm3qAWw%3d%3d/0,export,آهن اسفنجی صادراتی,تن,,649.0,139067797.0,90255.0,1403-08,1403
کاوه,فولاد کاوه جنوب کیش,steel,1403/08/30,گزارش فعالیت ماهانه دوره ۱ ماهه منتهی به  ۱۴۰۳/۰۸/۳۰,۱۴۰۳/۰۹/۰۵ ۱۲:۴۸:۲۹,1275550,False,https://excel.codal.ir/service/Excel/GetAll/rfrlNIMmNdiIKXiDm3qAWw%3d%3d/0,domestic,شمش بیلت,تن,156084.0,,,0.0,1403-08,1403
کاوه,فولاد کاوه جنوب کیش,steel,1403/08/30,گزارش فعالیت ماهانه دوره ۱ ماهه منتهی به  ۱۴۰۳/۰۸/۳۰,۱۴۰۳/۰۹/۰۵ ۱۲:۴۸:۲۹,1275550,False,https://excel.codal.ir/service/Excel/GetAll/rfrlNIMmNdiIKXiDm3qAWw%3d%3d/0,domestic,شمش بیلت داخلی,تن,0.0,148892.0,250683240.0,37324729.0,1403-08,1403
کاوه,فولاد کاوه جنوب کیش,steel,1403/08/30,گزارش فعالیت ماهانه دوره ۱ ماهه منتهی به  ۱۴۰۳/۰۸/۳۰,۱۴۰۳/۰۹/۰۵ ۱۲:۴۸:۲۹,1275550,False,https://excel.codal.ir/service/Excel/GetAll/rfrlNIMmNdiIKXiDm3qAWw%3d%3d/0,export,شمش بیلت صادراتی,تن,,14963.0,270669318.0,4050025.0,1403-08,1403
کاوه,فولاد کاوه جنوب کیش,steel,1403/09/30,گزارش فعالیت ماهانه دوره ۱ ماهه منتهی به  ۱۴۰۳/۰۹/۳۰,۱۴۰۳/۱۰/۰۵ ۱۰:۳۳:۵۲,1287999,False,https://excel.codal.ir/service/Excel/GetAll/Qj8P41ntTORviEMKygSglw%3d%3d/0,domestic,آهن اسفنجی,تن,67458.0,,,0.0,1403-09,1403
کاوه,فولاد کاوه جنوب کیش,steel,1403/09/30,گزارش فعالیت ماهانه دوره ۱ ماهه منتهی به  ۱۴۰۳/۰۹/۳۰,۱۴۰۳/۱۰/۰۵ ۱۰:۳۳:۵۲,1287999,False,https://excel.codal.ir/service/Excel/GetAll/Qj8P41ntTORviEMKygSglw%3d%3d/0,export,آهن اسفنجی صادراتی,تن,,,0.0,0.0,1403-09,1403
کاوه,فولاد کاوه جنوب کیش,steel,1403/09/30,گزارش فعالیت ماهانه دوره ۱ ماهه منتهی به  ۱۴۰۳/۰۹/۳۰,۱۴۰۳/۱۰/۰۵ ۱۰:۳۳:۵۲,1287999,False,https://excel.codal.ir/service/Excel/GetAll/Qj8P41ntTORviEMKygSglw%3d%3d/0,domestic,شمش بیلت,تن,73119.0,,,0.0,1403-09,1403
کاوه,فولاد کاوه جنوب کیش,steel,1403/09/30,گزارش فعالیت ماهانه دوره ۱ ماهه منتهی به  ۱۴۰۳/۰۹/۳۰,۱۴۰۳/۱۰/۰۵ ۱۰:۳۳:۵۲,1287999,False,https://excel.codal.ir/service/Excel/GetAll/Qj8P41ntTORviEMKygSglw%3d%3d/0,domestic,شمش بیلت داخلی,تن,,91809.0,262360760.0,24087079.0,1403-09,1403
کاوه,فولاد کاوه جنوب کیش,steel,1403/09/30,گزارش فعالیت ماهانه دوره ۱ ماهه منتهی به  ۱۴۰۳/۰۹/۳۰,۱۴۰۳/۱۰/۰۵ ۱۰:۳۳:۵۲,1287999,False,https://excel.codal.ir/service/Excel/GetAll/Qj8P41ntTORviEMKygSglw%3d%3d/0,export,شمش بیلت صادراتی,تن,,14973.0,284725973.0,4263202.0,1403-09,1403
کاوه,فولاد کاوه جنوب کیش,steel,1403/10/30,گزارش فعالیت ماهانه دوره ۱ ماهه منتهی به  ۱۴۰۳/۱۰/۳۰,۱۴۰۳/۱۱/۰۶ ۱۴:۵۱:۱۶,1300878,False,https://excel.codal.ir/service/Excel/GetAll/mObUUs79UdOOObOOORl4OOObOOOxE2Vnaw%3d%3d/0,domestic,آهن اسفنجی,تن,60408.0,,,0.0,1403-10,1403
کاوه,فولاد کاوه جنوب کیش,steel,1403/10/30,گزارش فعالیت ماهانه دوره ۱ ماهه منتهی به  ۱۴۰۳/۱۰/۳۰,۱۴۰۳/۱۱/۰۶ ۱۴:۵۱:۱۶,1300878,False,https://excel.codal.ir/service/Excel/GetAll/mObUUs79UdOOObOOORl4OOObOOOxE2Vnaw%3d%3d/0,export,آهن اسفنجی صادراتی,تن,,,0.0,0.0,1403-10,1403
کاوه,فولاد کاوه جنوب کیش,steel,1403/10/30,گزارش فعالیت ماهانه دوره ۱ ماهه منتهی به  ۱۴۰۳/۱۰/۳۰,۱۴۰۳/۱۱/۰۶ ۱۴:۵۱:۱۶,1300878,False,https://excel.codal.ir/service/Excel/GetAll/mObUUs79UdOOObOOORl4OOObOOOxE2Vnaw%3d%3d/0,domestic,شمش بیلت,تن,74042.0,,,0.0,1403-10,1403
کاوه,فولاد کاوه جنوب کیش,steel,1403/10/30,گزارش فعالیت ماهانه دوره ۱ ماهه منتهی به  ۱۴۰۳/۱۰/۳۰,۱۴۰۳/۱۱/۰۶ ۱۴:۵۱:۱۶,1300878,False,https://excel.codal.ir/service/Excel/GetAll/mObUUs79UdOOObOOORl4OOObOOOxE2Vnaw%3d%3d/0,domestic,شمش بیلت داخلی,تن,,74764.0,255743245.0,19120388.0,1403-10,1403
کاوه,فولاد کاوه جنوب کیش,steel,1403/10/30,گزارش فعالیت ماهانه دوره ۱ ماهه منتهی به  ۱۴۰۳/۱۰/۳۰,۱۴۰۳/۱۱/۰۶ ۱۴:۵۱:۱۶,1300878,False,https://excel.codal.ir/service/Excel/GetAll/mObUUs79UdOOObOOORl4OOObOOOxE2Vnaw%3d%3d/0,export,شمش بیلت صادراتی,تن,,10000.0,287332900.0,2873329.0,1403-10,1403
کاوه,فولاد کاوه جنوب کیش,steel,1403/11/30,گزارش فعالیت ماهانه دوره ۱ ماهه منتهی به  ۱۴۰۳/۱۱/۳۰,۱۴۰۳/۱۲/۰۶ ۱۳:۲۴:۰۱,1312572,False,https://excel.codal.ir/service/Excel/GetAll/OOObOOOseu0dnjB1ZEf27Dzgc2Ow%3d%3d/0,domestic,آهن اسفنجی,تن,35604.0,,,0.0,1403-11,1403
کاوه,فولاد کاوه جنوب کیش,steel,1403/11/30,گزارش فعالیت ماهانه دوره ۱ ماهه منتهی به  ۱۴۰۳/۱۱/۳۰,۱۴۰۳/۱۲/۰۶ ۱۳:۲۴:۰۱,1312572,False,https://excel.codal.ir/service/Excel/GetAll/OOObOOOseu0dnjB1ZEf27Dzgc2Ow%3d%3d/0,export,آهن اسفنجی صادراتی,تن,,,0.0,0.0,1403-11,1403
کاوه,فولاد کاوه جنوب کیش,steel,1403/11/30,گزارش فعالیت ماهانه دوره ۱ ماهه منتهی به  ۱۴۰۳/۱۱/۳۰,۱۴۰۳/۱۲/۰۶ ۱۳:۲۴:۰۱,1312572,False,https://excel.codal.ir/service/Excel/GetAll/OOObOOOseu0dnjB1ZEf27Dzgc2Ow%3d%3d/0,domestic,شمش بیلت,تن,61656.0,,,0.0,1403-11,1403
کاوه,فولاد کاوه جنوب کیش,steel,1403/11/30,گزارش فعالیت ماهانه دوره ۱ ماهه منتهی به  ۱۴۰۳/۱۱/۳۰,۱۴۰۳/۱۲/۰۶ ۱۳:۲۴:۰۱,1312572,False,https://excel.codal.ir/service/Excel/GetAll/OOObOOOseu0dnjB1ZEf27Dzgc2Ow%3d%3d/0,domestic,شمش بیلت داخلی,تن,,44449.0,268328511.0,11926934.0,1403-11,1403
کاوه,فولاد کاوه جنوب کیش,steel,1403/11/30,گزارش فعالیت ماهانه دوره ۱ ماهه منتهی به  ۱۴۰۳/۱۱/۳۰,۱۴۰۳/۱۲/۰۶ ۱۳:۲۴:۰۱,1312572,False,https://excel.codal.ir/service/Excel/GetAll/OOObOOOseu0dnjB1ZEf27Dzgc2Ow%3d%3d/0,export,شمش بیلت صادراتی,تن,,9999.0,292628263.0,2925990.0,1403-11,1403
کاوه,فولاد کاوه جنوب کیش,steel,1403/12/30,گزارش فعالیت ماهانه دوره ۱ ماهه منتهی به  ۱۴۰۳/۱۲/۳۰(اصلاحیه),۱۴۰۴/۰۴/۱۱ ۱۳:۵۵:۵۶,1365412,True,https://excel.codal.ir/service/Excel/GetAll/dwe9ZkZ7iQDXdsIVOOObOOOO9ZzQ%3d%3d/0,domestic,آهن اسفنجی,تن,68339.0,,,0.0,1403-12,1403
کاوه,فولاد کاوه جنوب کیش,steel,1403/12/30,گزارش فعالیت ماهانه دوره ۱ ماهه منتهی به  ۱۴۰۳/۱۲/۳۰(اصلاحیه),۱۴۰۴/۰۴/۱۱ ۱۳:۵۵:۵۶,1365412,True,https://excel.codal.ir/service/Excel/GetAll/dwe9ZkZ7iQDXdsIVOOObOOOO9ZzQ%3d%3d/0,export,آهن اسفنجی صادراتی,تن,,,0.0,0.0,1403-12,1403
کاوه,فولاد کاوه جنوب کیش,steel,1403/12/30,گزارش فعالیت ماهانه دوره ۱ ماهه منتهی به  ۱۴۰۳/۱۲/۳۰(اصلاحیه),۱۴۰۴/۰۴/۱۱ ۱۳:۵۵:۵۶,1365412,True,https://excel.codal.ir/service/Excel/GetAll/dwe9ZkZ7iQDXdsIVOOObOOOO9ZzQ%3d%3d/0,domestic,شمش بیلت,تن,82732.0,,,0.0,1403-12,1403
کاوه,فولاد کاوه جنوب کیش,steel,1403/12/30,گزارش فعالیت ماهانه دوره ۱ ماهه منتهی به  ۱۴۰۳/۱۲/۳۰(اصلاحیه),۱۴۰۴/۰۴/۱۱ ۱۳:۵۵:۵۶,1365412,True,https://excel.codal.ir/service/Excel/GetAll/dwe9ZkZ7iQDXdsIVOOObOOOO9ZzQ%3d%3d/0,domestic,شمش بیلت داخلی,تن,,52355.0,279625766.0,14639807.0,1403-12,1403
کاوه,فولاد کاوه جنوب کیش,steel,1403/12/30,گزارش فعالیت ماهانه دوره ۱ ماهه منتهی به  ۱۴۰۳/۱۲/۳۰(اصلاحیه),۱۴۰۴/۰۴/۱۱ ۱۳:۵۵:۵۶,1365412,True,https://excel.codal.ir/service/Excel/GetAll/dwe9ZkZ7iQDXdsIVOOObOOOO9ZzQ%3d%3d/0,export,شمش بیلت صادراتی,تن,,19913.0,287529855.0,5725582.0,1403-12,1403
کاوه,فولاد کاوه جنوب کیش,steel,1404/01/31,گزارش فعالیت ماهانه دوره ۱ ماهه منتهی به  ۱۴۰۴/۰۱/۳۱(اصلاحیه),۱۴۰۴/۰۲/۲۸ ۱۲:۵۴:۳۹,1342476,True,https://excel.codal.ir/service/Excel/GetAll/P7qmEwfOhIohOrl4iQG8mQ%3d%3d/0,domestic,آهن اسفنجی,تن,191168.0,,,0.0,1404-01,1404
کاوه,فولاد کاوه جنوب کیش,steel,1404/01/31,گزارش فعالیت ماهانه دوره ۱ ماهه منتهی به  ۱۴۰۴/۰۱/۳۱(اصلاحیه),۱۴۰۴/۰۲/۲۸ ۱۲:۵۴:۳۹,1342476,True,https://excel.codal.ir/service/Excel/GetAll/P7qmEwfOhIohOrl4iQG8mQ%3d%3d/0,domestic,شمش بیلت,تن,166676.0,,,0.0,1404-01,1404
کاوه,فولاد کاوه جنوب کیش,steel,1404/01/31,گزارش فعالیت ماهانه دوره ۱ ماهه منتهی به  ۱۴۰۴/۰۱/۳۱(اصلاحیه),۱۴۰۴/۰۲/۲۸ ۱۲:۵۴:۳۹,1342476,True,https://excel.codal.ir/service/Excel/GetAll/P7qmEwfOhIohOrl4iQG8mQ%3d%3d/0,domestic,شمش بیلت داخلی,تن,,135424.0,293340626.0,39725361.0,1404-01,1404
کاوه,فولاد کاوه جنوب کیش,steel,1404/01/31,گزارش فعالیت ماهانه دوره ۱ ماهه منتهی به  ۱۴۰۴/۰۱/۳۱(اصلاحیه),۱۴۰۴/۰۲/۲۸ ۱۲:۵۴:۳۹,1342476,True,https://excel.codal.ir/service/Excel/GetAll/P7qmEwfOhIohOrl4iQG8mQ%3d%3d/0,export,شمش بیلت صادراتی,تن,,,0.0,0.0,1404-01,1404
کاوه,فولاد کاوه جنوب کیش,steel,1404/02/31,گزارش فعالیت ماهانه دوره ۱ ماهه منتهی به  ۱۴۰۴/۰۲/۳۱,۱۴۰۴/۰۳/۰۷ ۱۳:۴۳:۲۵,1350831,False,https://excel.codal.ir/service/Excel/GetAll/QTplzq6oOOObOOODk9NU3OzorfHA%3d%3d/0,domestic,آهن اسفنجی,تن,185681.0,,,0.0,1404-02,1404
کاوه,فولاد کاوه جنوب کیش,steel,1404/02/31,گزارش فعالیت ماهانه دوره ۱ ماهه منتهی به  ۱۴۰۴/۰۲/۳۱,۱۴۰۴/۰۳/۰۷ ۱۳:۴۳:۲۵,1350831,False,https://excel.codal.ir/service/Excel/GetAll/QTplzq6oOOObOOODk9NU3OzorfHA%3d%3d/0,domestic,شمش بیلت,تن,143846.0,,,0.0,1404-02,1404
کاوه,فولاد کاوه جنوب کیش,steel,1404/02/31,گزارش فعالیت ماهانه دوره ۱ ماهه منتهی به  ۱۴۰۴/۰۲/۳۱,۱۴۰۴/۰۳/۰۷ ۱۳:۴۳:۲۵,1350831,False,https://excel.codal.ir/service/Excel/GetAll/QTplzq6oOOObOOODk9NU3OzorfHA%3d%3d/0,domestic,شمش بیلت داخلی,تن,,89308.0,307421093.0,27455163.0,1404-02,1404
کاوه,فولاد کاوه جنوب کیش,steel,1404/02/31,گزارش فعالیت ماهانه دوره ۱ ماهه منتهی به  ۱۴۰۴/۰۲/۳۱,۱۴۰۴/۰۳/۰۷ ۱۳:۴۳:۲۵,1350831,False,https://excel.codal.ir/service/Excel/GetAll/QTplzq6oOOObOOODk9NU3OzorfHA%3d%3d/0,export,شمش بیلت صادراتی,تن,,69993.0,293578086.0,20548411.0,1404-02,1404
کاوه,فولاد کاوه جنوب کیش,steel,1404/03/31,گزارش فعالیت ماهانه دوره ۱ ماهه منتهی به  ۱۴۰۴/۰۳/۳۱,۱۴۰۴/۰۴/۰۷ ۱۶:۵۷:۱۰,1362460,False,https://excel.codal.ir/service/Excel/GetAll/QQQaQQQQQQaQQQ9DzCEPfwYPZIVznfLF8w%3d%3d/0,domestic,آهن اسفنجی,تن,118987.0,,,0.0,1404-03,1404
کاوه,فولاد کاوه جنوب کیش,steel,1404/03/31,گزارش فعالیت ماهانه دوره ۱ ماهه منتهی به  ۱۴۰۴/۰۳/۳۱,۱۴۰۴/۰۴/۰۷ ۱۶:۵۷:۱۰,1362460,False,https://excel.codal.ir/service/Excel/GetAll/QQQaQQQQQQaQQQ9DzCEPfwYPZIVznfLF8w%3d%3d/0,domestic,شمش بیلت,تن,103110.0,,,0.0,1404-03,1404
کاوه,فولاد کاوه جنوب کیش,steel,1404/03/31,گزارش فعالیت ماهانه دوره ۱ ماهه منتهی به  ۱۴۰۴/۰۳/۳۱,۱۴۰۴/۰۴/۰۷ ۱۶:۵۷:۱۰,1362460,False,https://excel.codal.ir/service/Excel/GetAll/QQQaQQQQQQaQQQ9DzCEPfwYPZIVznfLF8w%3d%3d/0,domestic,شمش بیلت داخلی,تن,,113097.0,300309858.0,33964144.0,1404-03,1404
کاوه,فولاد کاوه جنوب کیش,steel,1404/03/31,گزارش فعالیت ماهانه دوره ۱ ماهه منتهی به  ۱۴۰۴/۰۳/۳۱,۱۴۰۴/۰۴/۰۷ ۱۶:۵۷:۱۰,1362460,False,https://excel.codal.ir/service/Excel/GetAll/QQQaQQQQQQaQQQ9DzCEPfwYPZIVznfLF8w%3d%3d/0,export,شمش بیلت صادراتی,تن,,,0.0,0.0,1404-03,1404
کاوه,فولاد کاوه جنوب کیش,steel,1404/04/31,گزارش فعالیت ماهانه دوره ۱ ماهه منتهی به  ۱۴۰۴/۰۴/۳۱,۱۴۰۴/۰۵/۰۷ ۱۷:۴۲:۲۶,1381706,False,https://excel.codal.ir/service/Excel/GetAll/2zde9TZxS6OewhyngxkTyA%3d%3d/0,domestic,آهن اسفنجی,تن,159716.0,,,0.0,1404-04,1404
کاوه,فولاد کاوه جنوب کیش,steel,1404/04/31,گزارش فعالیت ماهانه دوره ۱ ماهه منتهی به  ۱۴۰۴/۰۴/۳۱,۱۴۰۴/۰۵/۰۷ ۱۷:۴۲:۲۶,1381706,False,https://excel.codal.ir/service/Excel/GetAll/2zde9TZxS6OewhyngxkTyA%3d%3d/0,domestic,شمش بیلت,تن,103009.0,,,0.0,1404-04,1404
کاوه,فولاد کاوه جنوب کیش,steel,1404/04/31,گزارش فعالیت ماهانه دوره ۱ ماهه منتهی به  ۱۴۰۴/۰۴/۳۱,۱۴۰۴/۰۵/۰۷ ۱۷:۴۲:۲۶,1381706,False,https://excel.codal.ir/service/Excel/GetAll/2zde9TZxS6OewhyngxkTyA%3d%3d/0,domestic,شمش بیلت داخلی,تن,0.0,63456.0,306893564.0,19474238.0,1404-04,1404
کاوه,فولاد کاوه جنوب کیش,steel,1404/04/31,گزارش فعالیت ماهانه دوره ۱ ماهه منتهی به  ۱۴۰۴/۰۴/۳۱,۱۴۰۴/۰۵/۰۷ ۱۷:۴۲:۲۶,1381706,False,https://excel.codal.ir/service/Excel/GetAll/2zde9TZxS6OewhyngxkTyA%3d%3d/0,export,شمش بیلت صادراتی,تن,,19999.0,303512576.0,6069948.0,1404-04,1404
کاوه,فولاد کاوه جنوب کیش,steel,1404/05/31,گزارش فعالیت ماهانه دوره ۱ ماهه منتهی به  ۱۴۰۴/۰۵/۳۱,۱۴۰۴/۰۶/۰۴ ۱۸:۰۸:۲۵,1397198,False,https://excel.codal.ir/service/Excel/GetAll/bCjpD6zQsm7VunqcBA0OOObOOOew%3d%3d/0,domestic,آهن اسفنجی,تن,147924.0,,,0.0,1404-05,1404
کاوه,فولاد کاوه جنوب کیش,steel,1404/05/31,گزارش فعالیت ماهانه دوره ۱ ماهه منتهی به  ۱۴۰۴/۰۵/۳۱,۱۴۰۴/۰۶/۰۴ ۱۸:۰۸:۲۵,1397198,False,https://excel.codal.ir/service/Excel/GetAll/bCjpD6zQsm7VunqcBA0OOObOOOew%3d%3d/0,domestic,شمش بیلت,تن,102451.0,0.0,,0.0,1404-05,1404
کاوه,فولاد کاوه جنوب کیش,steel,1404/05/31,گزارش فعالیت ماهانه دوره ۱ ماهه منتهی به  ۱۴۰۴/۰۵/۳۱,۱۴۰۴/۰۶/۰۴ ۱۸:۰۸:۲۵,1397198,False,https://excel.codal.ir/service/Excel/GetAll/bCjpD6zQsm7VunqcBA0OOObOOOew%3d%3d/0,domestic,شمش بیلت داخلی,تن,0.0,115661.0,291332541.0,33695813.0,1404-05,1404
کاوه,فولاد کاوه جنوب کیش,steel,1404/05/31,گزارش فعالیت ماهانه دوره ۱ ماهه منتهی به  ۱۴۰۴/۰۵/۳۱,۱۴۰۴/۰۶/۰۴ ۱۸:۰۸:۲۵,1397198,False,https://excel.codal.ir/service/Excel/GetAll/bCjpD6zQsm7VunqcBA0OOObOOOew%3d%3d/0,export,شمش بیلت صادراتی,تن,0.0,21999.0,292876222.0,6442984.0,1404-05,1404
کاوه,فولاد کاوه جنوب کیش,steel,1404/06/31,گزارش فعالیت ماهانه دوره ۱ ماهه منتهی به  ۱۴۰۴/۰۶/۳۱(اصلاحیه),۱۴۰۴/۰۷/۳۰ ۱۵:۲۰:۱۱,1424287,True,https://excel.codal.ir/service/Excel/GetAll/7v1wIKPe5Jhalsji1Qtoqw%3d%3d/0,domestic,آهن اسفنجی,تن,186467.0,,,0.0,1404-06,1404
کاوه,فولاد کاوه جنوب کیش,steel,1404/06/31,گزارش فعالیت ماهانه دوره ۱ ماهه منتهی به  ۱۴۰۴/۰۶/۳۱(اصلاحیه),۱۴۰۴/۰۷/۳۰ ۱۵:۲۰:۱۱,1424287,True,https://excel.codal.ir/service/Excel/GetAll/7v1wIKPe5Jhalsji1Qtoqw%3d%3d/0,domestic,شمش بیلت,تن,125119.0,,,0.0,1404-06,1404
کاوه,فولاد کاوه جنوب کیش,steel,1404/06/31,گزارش فعالیت ماهانه دوره ۱ ماهه منتهی به  ۱۴۰۴/۰۶/۳۱(اصلاحیه),۱۴۰۴/۰۷/۳۰ ۱۵:۲۰:۱۱,1424287,True,https://excel.codal.ir/service/Excel/GetAll/7v1wIKPe5Jhalsji1Qtoqw%3d%3d/0,domestic,شمش بیلت داخلی,تن,0.0,133759.0,300660270.0,40216017.0,1404-06,1404
کاوه,فولاد کاوه جنوب کیش,steel,1404/06/31,گزارش فعالیت ماهانه دوره ۱ ماهه منتهی به  ۱۴۰۴/۰۶/۳۱(اصلاحیه),۱۴۰۴/۰۷/۳۰ ۱۵:۲۰:۱۱,1424287,True,https://excel.codal.ir/service/Excel/GetAll/7v1wIKPe5Jhalsji1Qtoqw%3d%3d/0,export,شمش بیلت صادراتی,تن,,,0.0,0.0,1404-06,1404
کاوه,فولاد کاوه جنوب کیش,steel,1404/07/30,گزارش فعالیت ماهانه دوره ۱ ماهه منتهی به  ۱۴۰۴/۰۷/۳۰,۱۴۰۴/۰۸/۰۵ ۱۱:۳۰:۱۹,1426123,False,https://excel.codal.ir/service/Excel/GetAll/QQQaQQQ9cENxfadXiOOObOOO7yqrUaFCMw%3d%3d/0,domestic,آهن اسفنجی,تن,170806.0,,,0.0,1404-07,1404
کاوه,فولاد کاوه جنوب کیش,steel,1404/07/30,گزارش فعالیت ماهانه دوره ۱ ماهه منتهی به  ۱۴۰۴/۰۷/۳۰,۱۴۰۴/۰۸/۰۵ ۱۱:۳۰:۱۹,1426123,False,https://excel.codal.ir/service/Excel/GetAll/QQQaQQQ9cENxfadXiOOObOOO7yqrUaFCMw%3d%3d/0,export,آهن اسفنجی,تن,0.0,0.0,0.0,0.0,1404-07,1404
کاوه,فولاد کاوه جنوب کیش,steel,1404/07/30,گزارش فعالیت ماهانه دوره ۱ ماهه منتهی به  ۱۴۰۴/۰۷/۳۰,۱۴۰۴/۰۸/۰۵ ۱۱:۳۰:۱۹,1426123,False,https://excel.codal.ir/service/Excel/GetAll/QQQaQQQ9cENxfadXiOOObOOO7yqrUaFCMw%3d%3d/0,domestic,شمش بیلت,تن,155236.0,,,0.0,1404-07,1404
کاوه,فولاد کاوه جنوب کیش,steel,1404/07/30,گزارش فعالیت ماهانه دوره ۱ ماهه منتهی به  ۱۴۰۴/۰۷/۳۰,۱۴۰۴/۰۸/۰۵ ۱۱:۳۰:۱۹,1426123,False,https://excel.codal.ir/service/Excel/GetAll/QQQaQQQ9cENxfadXiOOObOOO7yqrUaFCMw%3d%3d/0,domestic,شمش بیلت داخلی,تن,,165229.0,315306677.0,52097807.0,1404-07,1404
کاوه,فولاد کاوه جنوب کیش,steel,1404/07/30,گزارش فعالیت ماهانه دوره ۱ ماهه منتهی به  ۱۴۰۴/۰۷/۳۰,۱۴۰۴/۰۸/۰۵ ۱۱:۳۰:۱۹,1426123,False,https://excel.codal.ir/service/Excel/GetAll/QQQaQQQ9cENxfadXiOOObOOO7yqrUaFCMw%3d%3d/0,export,شمش بیلت صادراتی,تن,0.0,0.0,0.0,0.0,1404-07,1404
کاوه,فولاد کاوه جنوب کیش,steel,1404/08/30,گزارش فعالیت ماهانه دوره ۱ ماهه منتهی به  ۱۴۰۴/۰۸/۳۰,۱۴۰۴/۰۹/۰۶ ۱۵:۱۱:۳۶,1443933,False,https://excel.codal.ir/service/Excel/GetAll/4Z8yWGCz3PRDPtILk6Xf0A%3d%3d/0,domestic,آهن اسفنجی,تن,160911.0,,,0.0,1404-08,1404
کاوه,فولاد کاوه جنوب کیش,steel,1404/08/30,گزارش فعالیت ماهانه دوره ۱ ماهه منتهی به  ۱۴۰۴/۰۸/۳۰,۱۴۰۴/۰۹/۰۶ ۱۵:۱۱:۳۶,1443933,False,https://excel.codal.ir/service/Excel/GetAll/4Z8yWGCz3PRDPtILk6Xf0A%3d%3d/0,export,آهن اسفنجی,تن,,,0.0,0.0,1404-08,1404
کاوه,فولاد کاوه جنوب کیش,steel,1404/08/30,گزارش فعالیت ماهانه دوره ۱ ماهه منتهی به  ۱۴۰۴/۰۸/۳۰,۱۴۰۴/۰۹/۰۶ ۱۵:۱۱:۳۶,1443933,False,https://excel.codal.ir/service/Excel/GetAll/4Z8yWGCz3PRDPtILk6Xf0A%3d%3d/0,domestic,شمش بیلت,تن,177331.0,,,0.0,1404-08,1404
کاوه,فولاد کاوه جنوب کیش,steel,1404/08/30,گزارش فعالیت ماهانه دوره ۱ ماهه منتهی به  ۱۴۰۴/۰۸/۳۰,۱۴۰۴/۰۹/۰۶ ۱۵:۱۱:۳۶,1443933,False,https://excel.codal.ir/service/Excel/GetAll/4Z8yWGCz3PRDPtILk6Xf0A%3d%3d/0,domestic,شمش بیلت داخلی,تن,,154059.0,319577220.0,49233747.0,1404-08,1404
کاوه,فولاد کاوه جنوب کیش,steel,1404/08/30,گزارش فعالیت ماهانه دوره ۱ ماهه منتهی به  ۱۴۰۴/۰۸/۳۰,۱۴۰۴/۰۹/۰۶ ۱۵:۱۱:۳۶,1443933,False,https://excel.codal.ir/service/Excel/GetAll/4Z8yWGCz3PRDPtILk6Xf0A%3d%3d/0,export,شمش بیلت صادراتی,تن,,,0.0,0.0,1404-08,1404
کاوه,فولاد کاوه جنوب کیش,steel,1404/09/30,گزارش فعالیت ماهانه دوره ۱ ماهه منتهی به  ۱۴۰۴/۰۹/۳۰,۱۴۰۴/۱۰/۰۷ ۰۹:۰۹:۰۵,1462438,False,https://excel.codal.ir/service/Excel/GetAll/OOObOOOLETxbFdBEhvM7xI5cc9NA%3d%3d/0,domestic,آهن اسفنجی,تن,144226.0,,,0.0,1404-09,1404
کاوه,فولاد کاوه جنوب کیش,steel,1404/09/30,گزارش فعالیت ماهانه دوره ۱ ماهه منتهی به  ۱۴۰۴/۰۹/۳۰,۱۴۰۴/۱۰/۰۷ ۰۹:۰۹:۰۵,1462438,False,https://excel.codal.ir/service/Excel/GetAll/OOObOOOLETxbFdBEhvM7xI5cc9NA%3d%3d/0,export,آهن اسفنجی,تن,,,0.0,0.0,1404-09,1404
کاوه,فولاد کاوه جنوب کیش,steel,1404/09/30,گزارش فعالیت ماهانه دوره ۱ ماهه منتهی به  ۱۴۰۴/۰۹/۳۰,۱۴۰۴/۱۰/۰۷ ۰۹:۰۹:۰۵,1462438,False,https://excel.codal.ir/service/Excel/GetAll/OOObOOOLETxbFdBEhvM7xI5cc9NA%3d%3d/0,domestic,شمش بیلت,تن,150781.0,,,0.0,1404-09,1404
کاوه,فولاد کاوه جنوب کیش,steel,1404/09/30,گزارش فعالیت ماهانه دوره ۱ ماهه منتهی به  ۱۴۰۴/۰۹/۳۰,۱۴۰۴/۱۰/۰۷ ۰۹:۰۹:۰۵,1462438,False,https://excel.codal.ir/service/Excel/GetAll/OOObOOOLETxbFdBEhvM7xI5cc9NA%3d%3d/0,domestic,شمش بیلت داخلی,تن,,102732.0,317199850.0,32586575.0,1404-09,1404
کاوه,فولاد کاوه جنوب کیش,steel,1404/09/30,گزارش فعالیت ماهانه دوره ۱ ماهه منتهی به  ۱۴۰۴/۰۹/۳۰,۱۴۰۴/۱۰/۰۷ ۰۹:۰۹:۰۵,1462438,False,https://excel.codal.ir/service/Excel/GetAll/OOObOOOLETxbFdBEhvM7xI5cc9NA%3d%3d/0,export,شمش بیلت صادراتی,تن,,,0.0,0.0,1404-09,1404
کاوه,فولاد کاوه جنوب کیش,steel,1404/10/30,گزارش فعالیت ماهانه دوره ۱ ماهه منتهی به  ۱۴۰۴/۱۰/۳۰,۱۴۰۴/۱۱/۰۷ ۰۸:۵۸:۵۸,1478605,False,https://excel.codal.ir/service/Excel/GetAll/MbWNXGeh9GOOObOOOnQQQaQQQUJxcL1A2Q%3d%3d/0,domestic,آهن اسفنجی,تن,75105.0,,,0.0,1404-10,1404
کاوه,فولاد کاوه جنوب کیش,steel,1404/10/30,گزارش فعالیت ماهانه دوره ۱ ماهه منتهی به  ۱۴۰۴/۱۰/۳۰,۱۴۰۴/۱۱/۰۷ ۰۸:۵۸:۵۸,1478605,False,https://excel.codal.ir/service/Excel/GetAll/MbWNXGeh9GOOObOOOnQQQaQQQUJxcL1A2Q%3d%3d/0,export,آهن اسفنجی,تن,,,0.0,0.0,1404-10,1404
کاوه,فولاد کاوه جنوب کیش,steel,1404/10/30,گزارش فعالیت ماهانه دوره ۱ ماهه منتهی به  ۱۴۰۴/۱۰/۳۰,۱۴۰۴/۱۱/۰۷ ۰۸:۵۸:۵۸,1478605,False,https://excel.codal.ir/service/Excel/GetAll/MbWNXGeh9GOOObOOOnQQQaQQQUJxcL1A2Q%3d%3d/0,domestic,شمش بیلت,تن,96327.0,0.0,,0.0,1404-10,1404
کاوه,فولاد کاوه جنوب کیش,steel,1404/10/30,گزارش فعالیت ماهانه دوره ۱ ماهه منتهی به  ۱۴۰۴/۱۰/۳۰,۱۴۰۴/۱۱/۰۷ ۰۸:۵۸:۵۸,1478605,False,https://excel.codal.ir/service/Excel/GetAll/MbWNXGeh9GOOObOOOnQQQaQQQUJxcL1A2Q%3d%3d/0,domestic,شمش بیلت داخلی,تن,0.0,96169.0,328993293.0,31638956.0,1404-10,1404
کاوه,فولاد کاوه جنوب کیش,steel,1404/10/30,گزارش فعالیت ماهانه دوره ۱ ماهه منتهی به  ۱۴۰۴/۱۰/۳۰,۱۴۰۴/۱۱/۰۷ ۰۸:۵۸:۵۸,1478605,False,https://excel.codal.ir/service/Excel/GetAll/MbWNXGeh9GOOObOOOnQQQaQQQUJxcL1A2Q%3d%3d/0,export,شمش بیلت صادراتی,تن,,,0.0,0.0,1404-10,1404
کاوه,فولاد کاوه جنوب کیش,steel,1404/11/30,گزارش فعالیت ماهانه دوره ۱ ماهه منتهی به  ۱۴۰۴/۱۱/۳۰,۱۴۰۴/۱۲/۰۶ ۱۳:۰۵:۰۰,1499157,False,https://excel.codal.ir/service/Excel/GetAll/3TgC1XwpRzh5bNptLMRLQQQaQQQg%3d%3d/0,domestic,آهن اسفنجی,تن,87339.0,,,0.0,1404-11,1404
کاوه,فولاد کاوه جنوب کیش,steel,1404/11/30,گزارش فعالیت ماهانه دوره ۱ ماهه منتهی به  ۱۴۰۴/۱۱/۳۰,۱۴۰۴/۱۲/۰۶ ۱۳:۰۵:۰۰,1499157,False,https://excel.codal.ir/service/Excel/GetAll/3TgC1XwpRzh5bNptLMRLQQQaQQQg%3d%3d/0,export,آهن اسفنجی,تن,,,0.0,0.0,1404-11,1404
کاوه,فولاد کاوه جنوب کیش,steel,1404/11/30,گزارش فعالیت ماهانه دوره ۱ ماهه منتهی به  ۱۴۰۴/۱۱/۳۰,۱۴۰۴/۱۲/۰۶ ۱۳:۰۵:۰۰,1499157,False,https://excel.codal.ir/service/Excel/GetAll/3TgC1XwpRzh5bNptLMRLQQQaQQQg%3d%3d/0,domestic,شمش بیلت,تن,108407.0,0.0,,0.0,1404-11,1404
کاوه,فولاد کاوه جنوب کیش,steel,1404/11/30,گزارش فعالیت ماهانه دوره ۱ ماهه منتهی به  ۱۴۰۴/۱۱/۳۰,۱۴۰۴/۱۲/۰۶ ۱۳:۰۵:۰۰,1499157,False,https://excel.codal.ir/service/Excel/GetAll/3TgC1XwpRzh5bNptLMRLQQQaQQQg%3d%3d/0,domestic,شمش بیلت داخلی,تن,0.0,135983.0,352779936.0,47972074.0,1404-11,1404
کاوه,فولاد کاوه جنوب کیش,steel,1404/11/30,گزارش فعالیت ماهانه دوره ۱ ماهه منتهی به  ۱۴۰۴/۱۱/۳۰,۱۴۰۴/۱۲/۰۶ ۱۳:۰۵:۰۰,1499157,False,https://excel.codal.ir/service/Excel/GetAll/3TgC1XwpRzh5bNptLMRLQQQaQQQg%3d%3d/0,export,شمش بیلت صادراتی,تن,,29969.0,461648937.0,13835157.0,1404-11,1404
کاوه,فولاد کاوه جنوب کیش,steel,1404/12/29,گزارش فعالیت ماهانه دوره ۱ ماهه منتهی به  ۱۴۰۴/۱۲/۲۹,۱۴۰۵/۰۱/۱۵ ۱۱:۴۷:۳۹,1505170,False,https://excel.codal.ir/service/Excel/GetAll/9QQQaQQQf5KnWyltvtWyoXLedD2w%3d%3d/0,domestic,آهن اسفنجی,تن,80152.0,0.0,,0.0,1404-12,1404
کاوه,فولاد کاوه جنوب کیش,steel,1404/12/29,گزارش فعالیت ماهانه دوره ۱ ماهه منتهی به  ۱۴۰۴/۱۲/۲۹,۱۴۰۵/۰۱/۱۵ ۱۱:۴۷:۳۹,1505170,False,https://excel.codal.ir/service/Excel/GetAll/9QQQaQQQf5KnWyltvtWyoXLedD2w%3d%3d/0,export,آهن اسفنجی,تن,0.0,0.0,0.0,0.0,1404-12,1404
کاوه,فولاد کاوه جنوب کیش,steel,1404/12/29,گزارش فعالیت ماهانه دوره ۱ ماهه منتهی به  ۱۴۰۴/۱۲/۲۹,۱۴۰۵/۰۱/۱۵ ۱۱:۴۷:۳۹,1505170,False,https://excel.codal.ir/service/Excel/GetAll/9QQQaQQQf5KnWyltvtWyoXLedD2w%3d%3d/0,domestic,شمش بیلت,تن,88606.0,0.0,,0.0,1404-12,1404
کاوه,فولاد کاوه جنوب کیش,steel,1404/12/29,گزارش فعالیت ماهانه دوره ۱ ماهه منتهی به  ۱۴۰۴/۱۲/۲۹,۱۴۰۵/۰۱/۱۵ ۱۱:۴۷:۳۹,1505170,False,https://excel.codal.ir/service/Excel/GetAll/9QQQaQQQf5KnWyltvtWyoXLedD2w%3d%3d/0,domestic,شمش بیلت داخلی,تن,0.0,66374.0,357656251.0,23739076.0,1404-12,1404
کاوه,فولاد کاوه جنوب کیش,steel,1404/12/29,گزارش فعالیت ماهانه دوره ۱ ماهه منتهی به  ۱۴۰۴/۱۲/۲۹,۱۴۰۵/۰۱/۱۵ ۱۱:۴۷:۳۹,1505170,False,https://excel.codal.ir/service/Excel/GetAll/9QQQaQQQf5KnWyltvtWyoXLedD2w%3d%3d/0,export,شمش بیلت صادراتی,تن,0.0,0.0,0.0,0.0,1404-12,1404
کاوه,فولاد کاوه جنوب کیش,steel,1405/01/31,گزارش فعالیت ماهانه دوره ۱ ماهه منتهی به  ۱۴۰۵/۰۱/۳۱,۱۴۰۵/۰۲/۰۳ ۱۴:۰۶:۱۱,1512449,False,https://excel.codal.ir/service/Excel/GetAll/tnLLYxOPWkv0i3uBHomlTA%3d%3d/0,domestic,آهن اسفنجی,تن,61794.0,,,0.0,1405-01,1405
کاوه,فولاد کاوه جنوب کیش,steel,1405/01/31,گزارش فعالیت ماهانه دوره ۱ ماهه منتهی به  ۱۴۰۵/۰۱/۳۱,۱۴۰۵/۰۲/۰۳ ۱۴:۰۶:۱۱,1512449,False,https://excel.codal.ir/service/Excel/GetAll/tnLLYxOPWkv0i3uBHomlTA%3d%3d/0,export,آهن اسفنجی,تن,,,0.0,0.0,1405-01,1405
کاوه,فولاد کاوه جنوب کیش,steel,1405/01/31,گزارش فعالیت ماهانه دوره ۱ ماهه منتهی به  ۱۴۰۵/۰۱/۳۱,۱۴۰۵/۰۲/۰۳ ۱۴:۰۶:۱۱,1512449,False,https://excel.codal.ir/service/Excel/GetAll/tnLLYxOPWkv0i3uBHomlTA%3d%3d/0,domestic,شمش بیلت,تن,62346.0,,,0.0,1405-01,1405
کاوه,فولاد کاوه جنوب کیش,steel,1405/01/31,گزارش فعالیت ماهانه دوره ۱ ماهه منتهی به  ۱۴۰۵/۰۱/۳۱,۱۴۰۵/۰۲/۰۳ ۱۴:۰۶:۱۱,1512449,False,https://excel.codal.ir/service/Excel/GetAll/tnLLYxOPWkv0i3uBHomlTA%3d%3d/0,domestic,شمش بیلت داخلی,تن,,33310.0,413739808.0,13781673.0,1405-01,1405
کاوه,فولاد کاوه جنوب کیش,steel,1405/01/31,گزارش فعالیت ماهانه دوره ۱ ماهه منتهی به  ۱۴۰۵/۰۱/۳۱,۱۴۰۵/۰۲/۰۳ ۱۴:۰۶:۱۱,1512449,False,https://excel.codal.ir/service/Excel/GetAll/tnLLYxOPWkv0i3uBHomlTA%3d%3d/0,export,شمش بیلت صادراتی,تن,0.0,2487.0,545518295.0,1356704.0,1405-01,1405
کاوه,فولاد کاوه جنوب کیش,steel,1405/02/31,گزارش فعالیت ماهانه دوره ۱ ماهه منتهی به  ۱۴۰۵/۰۲/۳۱,۱۴۰۵/۰۳/۱۰ ۱۸:۴۰:۲۳,1540210,False,https://excel.codal.ir/service/Excel/GetAll/7u31h1jOfy2PUvMK5NNYqA%3d%3d/0,domestic,آهن اسفنجی,تن,170188.0,0.0,,0.0,1405-02,1405
کاوه,فولاد کاوه جنوب کیش,steel,1405/02/31,گزارش فعالیت ماهانه دوره ۱ ماهه منتهی به  ۱۴۰۵/۰۲/۳۱,۱۴۰۵/۰۳/۱۰ ۱۸:۴۰:۲۳,1540210,False,https://excel.codal.ir/service/Excel/GetAll/7u31h1jOfy2PUvMK5NNYqA%3d%3d/0,export,آهن اسفنجی,تن,,,0.0,0.0,1405-02,1405
کاوه,فولاد کاوه جنوب کیش,steel,1405/02/31,گزارش فعالیت ماهانه دوره ۱ ماهه منتهی به  ۱۴۰۵/۰۲/۳۱,۱۴۰۵/۰۳/۱۰ ۱۸:۴۰:۲۳,1540210,False,https://excel.codal.ir/service/Excel/GetAll/7u31h1jOfy2PUvMK5NNYqA%3d%3d/0,domestic,شمش بیلت,تن,151408.0,,,0.0,1405-02,1405
کاوه,فولاد کاوه جنوب کیش,steel,1405/02/31,گزارش فعالیت ماهانه دوره ۱ ماهه منتهی به  ۱۴۰۵/۰۲/۳۱,۱۴۰۵/۰۳/۱۰ ۱۸:۴۰:۲۳,1540210,False,https://excel.codal.ir/service/Excel/GetAll/7u31h1jOfy2PUvMK5NNYqA%3d%3d/0,domestic,شمش بیلت داخلی,تن,0.0,125500.0,477474000.0,59922987.0,1405-02,1405
کاوه,فولاد کاوه جنوب کیش,steel,1405/02/31,گزارش فعالیت ماهانه دوره ۱ ماهه منتهی به  ۱۴۰۵/۰۲/۳۱,۱۴۰۵/۰۳/۱۰ ۱۸:۴۰:۲۳,1540210,False,https://excel.codal.ir/service/Excel/GetAll/7u31h1jOfy2PUvMK5NNYqA%3d%3d/0,export,شمش بیلت صادراتی,تن,0.0,13510.0,552228497.0,7460607.0,1405-02,1405
کاوه,فولاد کاوه جنوب کیش,steel,1405/03/31,گزارش فعالیت ماهانه دوره ۱ ماهه منتهی به  ۱۴۰۵/۰۳/۳۱,۱۴۰۵/۰۴/۰۸ ۱۵:۲۵:۱۳,1558319,False,https://excel.codal.ir/service/Excel/GetAll/XlwHX2V38jbi2sUeNz0BQQQaQQQA%3d%3d/0,domestic,آهن اسفنجی,تن,196747.0,,,0.0,1405-03,1405
کاوه,فولاد کاوه جنوب کیش,steel,1405/03/31,گزارش فعالیت ماهانه دوره ۱ ماهه منتهی به  ۱۴۰۵/۰۳/۳۱,۱۴۰۵/۰۴/۰۸ ۱۵:۲۵:۱۳,1558319,False,https://excel.codal.ir/service/Excel/GetAll/XlwHX2V38jbi2sUeNz0BQQQaQQQA%3d%3d/0,export,آهن اسفنجی,تن,,,0.0,0.0,1405-03,1405
کاوه,فولاد کاوه جنوب کیش,steel,1405/03/31,گزارش فعالیت ماهانه دوره ۱ ماهه منتهی به  ۱۴۰۵/۰۳/۳۱,۱۴۰۵/۰۴/۰۸ ۱۵:۲۵:۱۳,1558319,False,https://excel.codal.ir/service/Excel/GetAll/XlwHX2V38jbi2sUeNz0BQQQaQQQA%3d%3d/0,domestic,شمش بیلت,تن,155318.0,,,0.0,1405-03,1405
کاوه,فولاد کاوه جنوب کیش,steel,1405/03/31,گزارش فعالیت ماهانه دوره ۱ ماهه منتهی به  ۱۴۰۵/۰۳/۳۱,۱۴۰۵/۰۴/۰۸ ۱۵:۲۵:۱۳,1558319,False,https://excel.codal.ir/service/Excel/GetAll/XlwHX2V38jbi2sUeNz0BQQQaQQQA%3d%3d/0,domestic,شمش بیلت داخلی,تن,,124288.0,546085423.0,67871865.0,1405-03,1405
کاوه,فولاد کاوه جنوب کیش,steel,1405/03/31,گزارش فعالیت ماهانه دوره ۱ ماهه منتهی به  ۱۴۰۵/۰۳/۳۱,۱۴۰۵/۰۴/۰۸ ۱۵:۲۵:۱۳,1558319,False,https://excel.codal.ir/service/Excel/GetAll/XlwHX2V38jbi2sUeNz0BQQQaQQQA%3d%3d/0,export,شمش بیلت صادراتی,تن,,10499.0,585330508.0,6145385.0,1405-03,1405
کنور,توسعه معدنی و صنعتی صبانور,iron_ore,1400/01/31,گزارش فعالیت ماهانه دوره ۱ ماهه منتهی به ۱۴۰۰/۰۱/۳۱,۱۴۰۰/۰۲/۰۵ ۱۵:۱۲:۴۵,739950,False,https://excel.codal.ir/service/Excel/GetAll/7nQQQaQQQ9moylaiskcLhkOOObOOOZE8Uw%3d%3d/0,export,سنگ آهن دانه بندی شده- خوراک کنسانتره,تن,0.0,0.0,0.0,0.0,1400-01,1400
کنور,توسعه معدنی و صنعتی صبانور,iron_ore,1400/01/31,گزارش فعالیت ماهانه دوره ۱ ماهه منتهی به ۱۴۰۰/۰۱/۳۱,۱۴۰۰/۰۲/۰۵ ۱۵:۱۲:۴۵,739950,False,https://excel.codal.ir/service/Excel/GetAll/7nQQQaQQQ9moylaiskcLhkOOObOOOZE8Uw%3d%3d/0,export,چدن و سایر مشتقات,تن,0.0,0.0,0.0,0.0,1400-01,1400
کنور,توسعه معدنی و صنعتی صبانور,iron_ore,1400/01/31,گزارش فعالیت ماهانه دوره ۱ ماهه منتهی به ۱۴۰۰/۰۱/۳۱,۱۴۰۰/۰۲/۰۵ ۱۵:۱۲:۴۵,739950,False,https://excel.codal.ir/service/Excel/GetAll/7nQQQaQQQ9moylaiskcLhkOOObOOOZE8Uw%3d%3d/0,domestic,کنسانتره خشک,تن,132394.0,93254.0,20982446.0,1956697.0,1400-01,1400
کنور,توسعه معدنی و صنعتی صبانور,iron_ore,1400/01/31,گزارش فعالیت ماهانه دوره ۱ ماهه منتهی به ۱۴۰۰/۰۱/۳۱,۱۴۰۰/۰۲/۰۵ ۱۵:۱۲:۴۵,739950,False,https://excel.codal.ir/service/Excel/GetAll/7nQQQaQQQ9moylaiskcLhkOOObOOOZE8Uw%3d%3d/0,export,کنسانتره خشک,تن,0.0,0.0,0.0,0.0,1400-01,1400
کنور,توسعه معدنی و صنعتی صبانور,iron_ore,1400/01/31,گزارش فعالیت ماهانه دوره ۱ ماهه منتهی به ۱۴۰۰/۰۱/۳۱,۱۴۰۰/۰۲/۰۵ ۱۵:۱۲:۴۵,739950,False,https://excel.codal.ir/service/Excel/GetAll/7nQQQaQQQ9moylaiskcLhkOOObOOOZE8Uw%3d%3d/0,domestic,گندله,تن,31363.0,16624.0,29657363.0,493024.0,1400-01,1400
کنور,توسعه معدنی و صنعتی صبانور,iron_ore,1400/01/31,گزارش فعالیت ماهانه دوره ۱ ماهه منتهی به ۱۴۰۰/۰۱/۳۱,۱۴۰۰/۰۲/۰۵ ۱۵:۱۲:۴۵,739950,False,https://excel.codal.ir/service/Excel/GetAll/7nQQQaQQQ9moylaiskcLhkOOObOOOZE8Uw%3d%3d/0,domestic,گندله نیمه پخته,تن,0.0,0.0,,0.0,1400-01,1400
کنور,توسعه معدنی و صنعتی صبانور,iron_ore,1400/02/31,گزارش فعالیت ماهانه دوره ۱ ماهه منتهی به ۱۴۰۰/۰۲/۳۱,۱۴۰۰/۰۳/۰۵ ۱۴:۱۶:۱۰,750652,False,https://excel.codal.ir/service/Excel/GetAll/Mvg6OaMaPEtkQTQqC8sVVA%3d%3d/0,export,سنگ آهن دانه بندی شده- خوراک کنسانتره,تن,,,0.0,0.0,1400-02,1400
کنور,توسعه معدنی و صنعتی صبانور,iron_ore,1400/02/31,گزارش فعالیت ماهانه دوره ۱ ماهه منتهی به ۱۴۰۰/۰۲/۳۱,۱۴۰۰/۰۳/۰۵ ۱۴:۱۶:۱۰,750652,False,https://excel.codal.ir/service/Excel/GetAll/Mvg6OaMaPEtkQTQqC8sVVA%3d%3d/0,export,چدن و سایر مشتقات,تن,,,0.0,0.0,1400-02,1400
کنور,توسعه معدنی و صنعتی صبانور,iron_ore,1400/02/31,گزارش فعالیت ماهانه دوره ۱ ماهه منتهی به ۱۴۰۰/۰۲/۳۱,۱۴۰۰/۰۳/۰۵ ۱۴:۱۶:۱۰,750652,False,https://excel.codal.ir/service/Excel/GetAll/Mvg6OaMaPEtkQTQqC8sVVA%3d%3d/0,domestic,کنسانتره,تن,118352.0,52277.0,21337261.0,1115448.0,1400-02,1400
کنور,توسعه معدنی و صنعتی صبانور,iron_ore,1400/02/31,گزارش فعالیت ماهانه دوره ۱ ماهه منتهی به ۱۴۰۰/۰۲/۳۱,۱۴۰۰/۰۳/۰۵ ۱۴:۱۶:۱۰,750652,False,https://excel.codal.ir/service/Excel/GetAll/Mvg6OaMaPEtkQTQqC8sVVA%3d%3d/0,export,کنسانتره خشک,تن,,,0.0,0.0,1400-02,1400
کنور,توسعه معدنی و صنعتی صبانور,iron_ore,1400/02/31,گزارش فعالیت ماهانه دوره ۱ ماهه منتهی به ۱۴۰۰/۰۲/۳۱,۱۴۰۰/۰۳/۰۵ ۱۴:۱۶:۱۰,750652,False,https://excel.codal.ir/service/Excel/GetAll/Mvg6OaMaPEtkQTQqC8sVVA%3d%3d/0,domestic,گندله,تن,19057.0,57828.0,31137701.0,1800631.0,1400-02,1400
کنور,توسعه معدنی و صنعتی صبانور,iron_ore,1400/02/31,گزارش فعالیت ماهانه دوره ۱ ماهه منتهی به ۱۴۰۰/۰۲/۳۱,۱۴۰۰/۰۳/۰۵ ۱۴:۱۶:۱۰,750652,False,https://excel.codal.ir/service/Excel/GetAll/Mvg6OaMaPEtkQTQqC8sVVA%3d%3d/0,domestic,گندله نیمه پخته,تن,,,,0.0,1400-02,1400
کنور,توسعه معدنی و صنعتی صبانور,iron_ore,1400/03/31,گزارش فعالیت ماهانه دوره ۱ ماهه منتهی به ۱۴۰۰/۰۳/۳۱,۱۴۰۰/۰۴/۰۵ ۱۶:۳۱:۳۵,761065,False,https://excel.codal.ir/service/Excel/GetAll/ZziOlqaYZROOObOOO89CAQQQaQQQuQQQaQQQbDRw%3d%3d/0,export,سنگ آهن دانه بندی شده- خوراک کنسانتره,تن,,,0.0,0.0,1400-03,1400
کنور,توسعه معدنی و صنعتی صبانور,iron_ore,1400/03/31,گزارش فعالیت ماهانه دوره ۱ ماهه منتهی به ۱۴۰۰/۰۳/۳۱,۱۴۰۰/۰۴/۰۵ ۱۶:۳۱:۳۵,761065,False,https://excel.codal.ir/service/Excel/GetAll/ZziOlqaYZROOObOOO89CAQQQaQQQuQQQaQQQbDRw%3d%3d/0,export,چدن و سایر مشتقات,تن,,,0.0,0.0,1400-03,1400
کنور,توسعه معدنی و صنعتی صبانور,iron_ore,1400/03/31,گزارش فعالیت ماهانه دوره ۱ ماهه منتهی به ۱۴۰۰/۰۳/۳۱,۱۴۰۰/۰۴/۰۵ ۱۶:۳۱:۳۵,761065,False,https://excel.codal.ir/service/Excel/GetAll/ZziOlqaYZROOObOOO89CAQQQaQQQuQQQaQQQbDRw%3d%3d/0,domestic,کنسانتره,تن,111375.0,120385.0,22056976.0,2655329.0,1400-03,1400
کنور,توسعه معدنی و صنعتی صبانور,iron_ore,1400/03/31,گزارش فعالیت ماهانه دوره ۱ ماهه منتهی به ۱۴۰۰/۰۳/۳۱,۱۴۰۰/۰۴/۰۵ ۱۶:۳۱:۳۵,761065,False,https://excel.codal.ir/service/Excel/GetAll/ZziOlqaYZROOObOOO89CAQQQaQQQuQQQaQQQbDRw%3d%3d/0,export,کنسانتره خشک,تن,,,0.0,0.0,1400-03,1400
کنور,توسعه معدنی و صنعتی صبانور,iron_ore,1400/03/31,گزارش فعالیت ماهانه دوره ۱ ماهه منتهی به ۱۴۰۰/۰۳/۳۱,۱۴۰۰/۰۴/۰۵ ۱۶:۳۱:۳۵,761065,False,https://excel.codal.ir/service/Excel/GetAll/ZziOlqaYZROOObOOO89CAQQQaQQQuQQQaQQQbDRw%3d%3d/0,domestic,گندله,تن,9871.0,4735.0,31940232.0,151237.0,1400-03,1400
کنور,توسعه معدنی و صنعتی صبانور,iron_ore,1400/03/31,گزارش فعالیت ماهانه دوره ۱ ماهه منتهی به ۱۴۰۰/۰۳/۳۱,۱۴۰۰/۰۴/۰۵ ۱۶:۳۱:۳۵,761065,False,https://excel.codal.ir/service/Excel/GetAll/ZziOlqaYZROOObOOO89CAQQQaQQQuQQQaQQQbDRw%3d%3d/0,domestic,گندله نیمه پخته,تن,,,,0.0,1400-03,1400
کنور,توسعه معدنی و صنعتی صبانور,iron_ore,1400/04/31,گزارش فعالیت ماهانه دوره ۱ ماهه منتهی به ۱۴۰۰/۰۴/۳۱,۱۴۰۰/۰۵/۰۵ ۱۴:۱۹:۱۳,776587,False,https://excel.codal.ir/service/Excel/GetAll/yyL0Rx2m9EHZ2rTY9jjszA%3d%3d/0,export,سنگ آهن دانه بندی شده- خوراک کنسانتره,تن,,,0.0,0.0,1400-04,1400
کنور,توسعه معدنی و صنعتی صبانور,iron_ore,1400/04/31,گزارش فعالیت ماهانه دوره ۱ ماهه منتهی به ۱۴۰۰/۰۴/۳۱,۱۴۰۰/۰۵/۰۵ ۱۴:۱۹:۱۳,776587,False,https://excel.codal.ir/service/Excel/GetAll/yyL0Rx2m9EHZ2rTY9jjszA%3d%3d/0,export,چدن و سایر مشتقات,تن,,,0.0,0.0,1400-04,1400
کنور,توسعه معدنی و صنعتی صبانور,iron_ore,1400/04/31,گزارش فعالیت ماهانه دوره ۱ ماهه منتهی به ۱۴۰۰/۰۴/۳۱,۱۴۰۰/۰۵/۰۵ ۱۴:۱۹:۱۳,776587,False,https://excel.codal.ir/service/Excel/GetAll/yyL0Rx2m9EHZ2rTY9jjszA%3d%3d/0,domestic,کنسانتره,تن,64718.0,75496.0,26919413.0,2032308.0,1400-04,1400
کنور,توسعه معدنی و صنعتی صبانور,iron_ore,1400/04/31,گزارش فعالیت ماهانه دوره ۱ ماهه منتهی به ۱۴۰۰/۰۴/۳۱,۱۴۰۰/۰۵/۰۵ ۱۴:۱۹:۱۳,776587,False,https://excel.codal.ir/service/Excel/GetAll/yyL0Rx2m9EHZ2rTY9jjszA%3d%3d/0,export,کنسانتره خشک,تن,,,0.0,0.0,1400-04,1400
کنور,توسعه معدنی و صنعتی صبانور,iron_ore,1400/04/31,گزارش فعالیت ماهانه دوره ۱ ماهه منتهی به ۱۴۰۰/۰۴/۳۱,۱۴۰۰/۰۵/۰۵ ۱۴:۱۹:۱۳,776587,False,https://excel.codal.ir/service/Excel/GetAll/yyL0Rx2m9EHZ2rTY9jjszA%3d%3d/0,domestic,گندله,تن,28464.0,3409.0,35668524.0,121594.0,1400-04,1400
کنور,توسعه معدنی و صنعتی صبانور,iron_ore,1400/04/31,گزارش فعالیت ماهانه دوره ۱ ماهه منتهی به ۱۴۰۰/۰۴/۳۱,۱۴۰۰/۰۵/۰۵ ۱۴:۱۹:۱۳,776587,False,https://excel.codal.ir/service/Excel/GetAll/yyL0Rx2m9EHZ2rTY9jjszA%3d%3d/0,domestic,گندله نیمه پخته,تن,,,,0.0,1400-04,1400
کنور,توسعه معدنی و صنعتی صبانور,iron_ore,1400/05/31,گزارش فعالیت ماهانه دوره ۱ ماهه منتهی به ۱۴۰۰/۰۵/۳۱,۱۴۰۰/۰۶/۰۳ ۱۷:۴۱:۵۶,785661,False,https://excel.codal.ir/service/Excel/GetAll/G2VtqkucxqtyqhiycWfeOOObOOOw%3d%3d/0,export,سنگ آهن دانه بندی شده- خوراک کنسانتره,تن,,,0.0,0.0,1400-05,1400
کنور,توسعه معدنی و صنعتی صبانور,iron_ore,1400/05/31,گزارش فعالیت ماهانه دوره ۱ ماهه منتهی به ۱۴۰۰/۰۵/۳۱,۱۴۰۰/۰۶/۰۳ ۱۷:۴۱:۵۶,785661,False,https://excel.codal.ir/service/Excel/GetAll/G2VtqkucxqtyqhiycWfeOOObOOOw%3d%3d/0,export,چدن و سایر مشتقات,تن,,,0.0,0.0,1400-05,1400
کنور,توسعه معدنی و صنعتی صبانور,iron_ore,1400/05/31,گزارش فعالیت ماهانه دوره ۱ ماهه منتهی به ۱۴۰۰/۰۵/۳۱,۱۴۰۰/۰۶/۰۳ ۱۷:۴۱:۵۶,785661,False,https://excel.codal.ir/service/Excel/GetAll/G2VtqkucxqtyqhiycWfeOOObOOOw%3d%3d/0,domestic,کنسانتره,تن,66501.0,82776.0,26688605.0,2209176.0,1400-05,1400
کنور,توسعه معدنی و صنعتی صبانور,iron_ore,1400/05/31,گزارش فعالیت ماهانه دوره ۱ ماهه منتهی به ۱۴۰۰/۰۵/۳۱,۱۴۰۰/۰۶/۰۳ ۱۷:۴۱:۵۶,785661,False,https://excel.codal.ir/service/Excel/GetAll/G2VtqkucxqtyqhiycWfeOOObOOOw%3d%3d/0,export,کنسانتره خشک,تن,,,0.0,0.0,1400-05,1400
کنور,توسعه معدنی و صنعتی صبانور,iron_ore,1400/05/31,گزارش فعالیت ماهانه دوره ۱ ماهه منتهی به ۱۴۰۰/۰۵/۳۱,۱۴۰۰/۰۶/۰۳ ۱۷:۴۱:۵۶,785661,False,https://excel.codal.ir/service/Excel/GetAll/G2VtqkucxqtyqhiycWfeOOObOOOw%3d%3d/0,domestic,گندله,تن,54044.0,3959.0,35668603.0,141212.0,1400-05,1400
کنور,توسعه معدنی و صنعتی صبانور,iron_ore,1400/05/31,گزارش فعالیت ماهانه دوره ۱ ماهه منتهی به ۱۴۰۰/۰۵/۳۱,۱۴۰۰/۰۶/۰۳ ۱۷:۴۱:۵۶,785661,False,https://excel.codal.ir/service/Excel/GetAll/G2VtqkucxqtyqhiycWfeOOObOOOw%3d%3d/0,domestic,گندله نیمه پخته,تن,,,,0.0,1400-05,1400
کنور,توسعه معدنی و صنعتی صبانور,iron_ore,1400/06/31,گزارش فعالیت ماهانه دوره ۱ ماهه منتهی به ۱۴۰۰/۰۶/۳۱,۱۴۰۰/۰۷/۰۶ ۱۶:۲۱:۴۴,793982,False,https://excel.codal.ir/service/Excel/GetAll/1QwFXkW9FsNn6S1LQ2q4DQ%3d%3d/0,export,سنگ آهن دانه بندی شده- خوراک کنسانتره,تن,,,0.0,0.0,1400-06,1400
کنور,توسعه معدنی و صنعتی صبانور,iron_ore,1400/06/31,گزارش فعالیت ماهانه دوره ۱ ماهه منتهی به ۱۴۰۰/۰۶/۳۱,۱۴۰۰/۰۷/۰۶ ۱۶:۲۱:۴۴,793982,False,https://excel.codal.ir/service/Excel/GetAll/1QwFXkW9FsNn6S1LQ2q4DQ%3d%3d/0,export,چدن و سایر مشتقات,تن,,,0.0,0.0,1400-06,1400
کنور,توسعه معدنی و صنعتی صبانور,iron_ore,1400/06/31,گزارش فعالیت ماهانه دوره ۱ ماهه منتهی به ۱۴۰۰/۰۶/۳۱,۱۴۰۰/۰۷/۰۶ ۱۶:۲۱:۴۴,793982,False,https://excel.codal.ir/service/Excel/GetAll/1QwFXkW9FsNn6S1LQ2q4DQ%3d%3d/0,domestic,کنسانتره,تن,121282.0,45972.0,28206865.0,1296726.0,1400-06,1400
کنور,توسعه معدنی و صنعتی صبانور,iron_ore,1400/06/31,گزارش فعالیت ماهانه دوره ۱ ماهه منتهی به ۱۴۰۰/۰۶/۳۱,۱۴۰۰/۰۷/۰۶ ۱۶:۲۱:۴۴,793982,False,https://excel.codal.ir/service/Excel/GetAll/1QwFXkW9FsNn6S1LQ2q4DQ%3d%3d/0,export,کنسانتره خشک,تن,,,0.0,0.0,1400-06,1400
کنور,توسعه معدنی و صنعتی صبانور,iron_ore,1400/06/31,گزارش فعالیت ماهانه دوره ۱ ماهه منتهی به ۱۴۰۰/۰۶/۳۱,۱۴۰۰/۰۷/۰۶ ۱۶:۲۱:۴۴,793982,False,https://excel.codal.ir/service/Excel/GetAll/1QwFXkW9FsNn6S1LQ2q4DQ%3d%3d/0,domestic,گندله,تن,50551.0,4889.0,37414195.0,182918.0,1400-06,1400
کنور,توسعه معدنی و صنعتی صبانور,iron_ore,1400/06/31,گزارش فعالیت ماهانه دوره ۱ ماهه منتهی به ۱۴۰۰/۰۶/۳۱,۱۴۰۰/۰۷/۰۶ ۱۶:۲۱:۴۴,793982,False,https://excel.codal.ir/service/Excel/GetAll/1QwFXkW9FsNn6S1LQ2q4DQ%3d%3d/0,domestic,گندله نیمه پخته,تن,,,,0.0,1400-06,1400
کنور,توسعه معدنی و صنعتی صبانور,iron_ore,1400/07/30,گزارش فعالیت ماهانه دوره ۱ ماهه منتهی به ۱۴۰۰/۰۷/۳۰,۱۴۰۰/۰۸/۰۵ ۰۹:۵۸:۰۶,810644,False,https://excel.codal.ir/service/Excel/GetAll/SXodB6Tg74fHSHVOWK9j0Q%3d%3d/0,export,سنگ آهن دانه بندی شده- خوراک کنسانتره,تن,,,0.0,0.0,1400-07,1400
کنور,توسعه معدنی و صنعتی صبانور,iron_ore,1400/07/30,گزارش فعالیت ماهانه دوره ۱ ماهه منتهی به ۱۴۰۰/۰۷/۳۰,۱۴۰۰/۰۸/۰۵ ۰۹:۵۸:۰۶,810644,False,https://excel.codal.ir/service/Excel/GetAll/SXodB6Tg74fHSHVOWK9j0Q%3d%3d/0,export,چدن و سایر مشتقات,تن,,,0.0,0.0,1400-07,1400
کنور,توسعه معدنی و صنعتی صبانور,iron_ore,1400/07/30,گزارش فعالیت ماهانه دوره ۱ ماهه منتهی به ۱۴۰۰/۰۷/۳۰,۱۴۰۰/۰۸/۰۵ ۰۹:۵۸:۰۶,810644,False,https://excel.codal.ir/service/Excel/GetAll/SXodB6Tg74fHSHVOWK9j0Q%3d%3d/0,domestic,کنسانتره,تن,112473.0,53498.0,28516431.0,1525572.0,1400-07,1400
کنور,توسعه معدنی و صنعتی صبانور,iron_ore,1400/07/30,گزارش فعالیت ماهانه دوره ۱ ماهه منتهی به ۱۴۰۰/۰۷/۳۰,۱۴۰۰/۰۸/۰۵ ۰۹:۵۸:۰۶,810644,False,https://excel.codal.ir/service/Excel/GetAll/SXodB6Tg74fHSHVOWK9j0Q%3d%3d/0,export,کنسانتره خشک,تن,,,0.0,0.0,1400-07,1400
کنور,توسعه معدنی و صنعتی صبانور,iron_ore,1400/07/30,گزارش فعالیت ماهانه دوره ۱ ماهه منتهی به ۱۴۰۰/۰۷/۳۰,۱۴۰۰/۰۸/۰۵ ۰۹:۵۸:۰۶,810644,False,https://excel.codal.ir/service/Excel/GetAll/SXodB6Tg74fHSHVOWK9j0Q%3d%3d/0,domestic,گندله,تن,40321.0,,,0.0,1400-07,1400
کنور,توسعه معدنی و صنعتی صبانور,iron_ore,1400/07/30,گزارش فعالیت ماهانه دوره ۱ ماهه منتهی به ۱۴۰۰/۰۷/۳۰,۱۴۰۰/۰۸/۰۵ ۰۹:۵۸:۰۶,810644,False,https://excel.codal.ir/service/Excel/GetAll/SXodB6Tg74fHSHVOWK9j0Q%3d%3d/0,domestic,گندله نیمه پخته,تن,,,,0.0,1400-07,1400
کنور,توسعه معدنی و صنعتی صبانور,iron_ore,1400/08/30,گزارش فعالیت ماهانه دوره ۱ ماهه منتهی به ۱۴۰۰/۰۸/۳۰,۱۴۰۰/۰۹/۰۶ ۱۹:۲۱:۱۸,821676,False,https://excel.codal.ir/service/Excel/GetAll/9QQQaQQQ6qA7otJDx5Y2nClEOzeQ%3d%3d/0,export,سنگ آهن دانه بندی شده- خوراک کنسانتره,تن,,,0.0,0.0,1400-08,1400
کنور,توسعه معدنی و صنعتی صبانور,iron_ore,1400/08/30,گزارش فعالیت ماهانه دوره ۱ ماهه منتهی به ۱۴۰۰/۰۸/۳۰,۱۴۰۰/۰۹/۰۶ ۱۹:۲۱:۱۸,821676,False,https://excel.codal.ir/service/Excel/GetAll/9QQQaQQQ6qA7otJDx5Y2nClEOzeQ%3d%3d/0,export,چدن و سایر مشتقات,تن,,,0.0,0.0,1400-08,1400
کنور,توسعه معدنی و صنعتی صبانور,iron_ore,1400/08/30,گزارش فعالیت ماهانه دوره ۱ ماهه منتهی به ۱۴۰۰/۰۸/۳۰,۱۴۰۰/۰۹/۰۶ ۱۹:۲۱:۱۸,821676,False,https://excel.codal.ir/service/Excel/GetAll/9QQQaQQQ6qA7otJDx5Y2nClEOzeQ%3d%3d/0,domestic,کنسانتره,تن,147020.0,36456.0,29112492.0,1061325.0,1400-08,1400
کنور,توسعه معدنی و صنعتی صبانور,iron_ore,1400/08/30,گزارش فعالیت ماهانه دوره ۱ ماهه منتهی به ۱۴۰۰/۰۸/۳۰,۱۴۰۰/۰۹/۰۶ ۱۹:۲۱:۱۸,821676,False,https://excel.codal.ir/service/Excel/GetAll/9QQQaQQQ6qA7otJDx5Y2nClEOzeQ%3d%3d/0,export,کنسانتره خشک,تن,,,0.0,0.0,1400-08,1400
کنور,توسعه معدنی و صنعتی صبانور,iron_ore,1400/08/30,گزارش فعالیت ماهانه دوره ۱ ماهه منتهی به ۱۴۰۰/۰۸/۳۰,۱۴۰۰/۰۹/۰۶ ۱۹:۲۱:۱۸,821676,False,https://excel.codal.ir/service/Excel/GetAll/9QQQaQQQ6qA7otJDx5Y2nClEOzeQ%3d%3d/0,domestic,گندله,تن,40573.0,6622.0,39035186.0,258491.0,1400-08,1400
کنور,توسعه معدنی و صنعتی صبانور,iron_ore,1400/08/30,گزارش فعالیت ماهانه دوره ۱ ماهه منتهی به ۱۴۰۰/۰۸/۳۰,۱۴۰۰/۰۹/۰۶ ۱۹:۲۱:۱۸,821676,False,https://excel.codal.ir/service/Excel/GetAll/9QQQaQQQ6qA7otJDx5Y2nClEOzeQ%3d%3d/0,domestic,گندله نیمه پخته,تن,,,,0.0,1400-08,1400
کنور,توسعه معدنی و صنعتی صبانور,iron_ore,1400/09/30,گزارش فعالیت ماهانه دوره ۱ ماهه منتهی به ۱۴۰۰/۰۹/۳۰,۱۴۰۰/۱۰/۰۵ ۱۶:۳۹:۲۰,835486,False,https://excel.codal.ir/service/Excel/GetAll/FU35DX7iOOObOOOgg9XcAHCCv7Ig%3d%3d/0,export,سنگ آهن دانه بندی شده- خوراک کنسانتره,تن,,,0.0,0.0,1400-09,1400
کنور,توسعه معدنی و صنعتی صبانور,iron_ore,1400/09/30,گزارش فعالیت ماهانه دوره ۱ ماهه منتهی به ۱۴۰۰/۰۹/۳۰,۱۴۰۰/۱۰/۰۵ ۱۶:۳۹:۲۰,835486,False,https://excel.codal.ir/service/Excel/GetAll/FU35DX7iOOObOOOgg9XcAHCCv7Ig%3d%3d/0,export,چدن و سایر مشتقات,تن,,,0.0,0.0,1400-09,1400
کنور,توسعه معدنی و صنعتی صبانور,iron_ore,1400/09/30,گزارش فعالیت ماهانه دوره ۱ ماهه منتهی به ۱۴۰۰/۰۹/۳۰,۱۴۰۰/۱۰/۰۵ ۱۶:۳۹:۲۰,835486,False,https://excel.codal.ir/service/Excel/GetAll/FU35DX7iOOObOOOgg9XcAHCCv7Ig%3d%3d/0,domestic,کنسانتره,تن,103736.0,29942.0,28928028.0,866163.0,1400-09,1400
کنور,توسعه معدنی و صنعتی صبانور,iron_ore,1400/09/30,گزارش فعالیت ماهانه دوره ۱ ماهه منتهی به ۱۴۰۰/۰۹/۳۰,۱۴۰۰/۱۰/۰۵ ۱۶:۳۹:۲۰,835486,False,https://excel.codal.ir/service/Excel/GetAll/FU35DX7iOOObOOOgg9XcAHCCv7Ig%3d%3d/0,export,کنسانتره خشک,تن,,,0.0,0.0,1400-09,1400
کنور,توسعه معدنی و صنعتی صبانور,iron_ore,1400/09/30,گزارش فعالیت ماهانه دوره ۱ ماهه منتهی به ۱۴۰۰/۰۹/۳۰,۱۴۰۰/۱۰/۰۵ ۱۶:۳۹:۲۰,835486,False,https://excel.codal.ir/service/Excel/GetAll/FU35DX7iOOObOOOgg9XcAHCCv7Ig%3d%3d/0,domestic,گندله,تن,42333.0,48336.0,37951072.0,1834403.0,1400-09,1400
کنور,توسعه معدنی و صنعتی صبانور,iron_ore,1400/09/30,گزارش فعالیت ماهانه دوره ۱ ماهه منتهی به ۱۴۰۰/۰۹/۳۰,۱۴۰۰/۱۰/۰۵ ۱۶:۳۹:۲۰,835486,False,https://excel.codal.ir/service/Excel/GetAll/FU35DX7iOOObOOOgg9XcAHCCv7Ig%3d%3d/0,domestic,گندله نیمه پخته,تن,,,,0.0,1400-09,1400
کنور,توسعه معدنی و صنعتی صبانور,iron_ore,1400/10/30,گزارش فعالیت ماهانه دوره ۱ ماهه منتهی به ۱۴۰۰/۱۰/۳۰,۱۴۰۰/۱۱/۰۵ ۱۵:۲۹:۰۱,847865,False,https://excel.codal.ir/service/Excel/GetAll/pEcgSmUKduPXCkuh7sWM7Q%3d%3d/0,export,سنگ آهن دانه بندی شده- خوراک کنسانتره,تن,,,0.0,0.0,1400-10,1400
کنور,توسعه معدنی و صنعتی صبانور,iron_ore,1400/10/30,گزارش فعالیت ماهانه دوره ۱ ماهه منتهی به ۱۴۰۰/۱۰/۳۰,۱۴۰۰/۱۱/۰۵ ۱۵:۲۹:۰۱,847865,False,https://excel.codal.ir/service/Excel/GetAll/pEcgSmUKduPXCkuh7sWM7Q%3d%3d/0,export,چدن و سایر مشتقات,تن,,,0.0,0.0,1400-10,1400
کنور,توسعه معدنی و صنعتی صبانور,iron_ore,1400/10/30,گزارش فعالیت ماهانه دوره ۱ ماهه منتهی به ۱۴۰۰/۱۰/۳۰,۱۴۰۰/۱۱/۰۵ ۱۵:۲۹:۰۱,847865,False,https://excel.codal.ir/service/Excel/GetAll/pEcgSmUKduPXCkuh7sWM7Q%3d%3d/0,domestic,کنسانتره,تن,132540.0,98892.0,28911944.0,2859160.0,1400-10,1400
کنور,توسعه معدنی و صنعتی صبانور,iron_ore,1400/10/30,گزارش فعالیت ماهانه دوره ۱ ماهه منتهی به ۱۴۰۰/۱۰/۳۰,۱۴۰۰/۱۱/۰۵ ۱۵:۲۹:۰۱,847865,False,https://excel.codal.ir/service/Excel/GetAll/pEcgSmUKduPXCkuh7sWM7Q%3d%3d/0,export,کنسانتره خشک,تن,,,0.0,0.0,1400-10,1400
کنور,توسعه معدنی و صنعتی صبانور,iron_ore,1400/10/30,گزارش فعالیت ماهانه دوره ۱ ماهه منتهی به ۱۴۰۰/۱۰/۳۰,۱۴۰۰/۱۱/۰۵ ۱۵:۲۹:۰۱,847865,False,https://excel.codal.ir/service/Excel/GetAll/pEcgSmUKduPXCkuh7sWM7Q%3d%3d/0,domestic,گندله,تن,37872.0,59312.0,37709705.0,2236638.0,1400-10,1400
کنور,توسعه معدنی و صنعتی صبانور,iron_ore,1400/10/30,گزارش فعالیت ماهانه دوره ۱ ماهه منتهی به ۱۴۰۰/۱۰/۳۰,۱۴۰۰/۱۱/۰۵ ۱۵:۲۹:۰۱,847865,False,https://excel.codal.ir/service/Excel/GetAll/pEcgSmUKduPXCkuh7sWM7Q%3d%3d/0,domestic,گندله نیمه پخته,تن,,,,0.0,1400-10,1400
کنور,توسعه معدنی و صنعتی صبانور,iron_ore,1400/11/30,گزارش فعالیت ماهانه دوره ۱ ماهه منتهی به ۱۴۰۰/۱۱/۳۰(اصلاحیه),۱۴۰۰/۱۲/۱۸ ۰۹:۱۲:۲۲,861417,True,https://excel.codal.ir/service/Excel/GetAll/UCT8QZrPMFQQQaQQQAjWRAW1vggg%3d%3d/0,export,سنگ آهن دانه بندی شده- خوراک کنسانتره,تن,,,0.0,0.0,1400-11,1400
کنور,توسعه معدنی و صنعتی صبانور,iron_ore,1400/11/30,گزارش فعالیت ماهانه دوره ۱ ماهه منتهی به ۱۴۰۰/۱۱/۳۰(اصلاحیه),۱۴۰۰/۱۲/۱۸ ۰۹:۱۲:۲۲,861417,True,https://excel.codal.ir/service/Excel/GetAll/UCT8QZrPMFQQQaQQQAjWRAW1vggg%3d%3d/0,export,چدن و سایر مشتقات,تن,,,0.0,0.0,1400-11,1400
کنور,توسعه معدنی و صنعتی صبانور,iron_ore,1400/11/30,گزارش فعالیت ماهانه دوره ۱ ماهه منتهی به ۱۴۰۰/۱۱/۳۰(اصلاحیه),۱۴۰۰/۱۲/۱۸ ۰۹:۱۲:۲۲,861417,True,https://excel.codal.ir/service/Excel/GetAll/UCT8QZrPMFQQQaQQQAjWRAW1vggg%3d%3d/0,domestic,کنسانتره,تن,126920.0,34179.0,27618596.0,943976.0,1400-11,1400
کنور,توسعه معدنی و صنعتی صبانور,iron_ore,1400/11/30,گزارش فعالیت ماهانه دوره ۱ ماهه منتهی به ۱۴۰۰/۱۱/۳۰(اصلاحیه),۱۴۰۰/۱۲/۱۸ ۰۹:۱۲:۲۲,861417,True,https://excel.codal.ir/service/Excel/GetAll/UCT8QZrPMFQQQaQQQAjWRAW1vggg%3d%3d/0,export,کنسانتره خشک,تن,,,0.0,0.0,1400-11,1400
کنور,توسعه معدنی و صنعتی صبانور,iron_ore,1400/11/30,گزارش فعالیت ماهانه دوره ۱ ماهه منتهی به ۱۴۰۰/۱۱/۳۰(اصلاحیه),۱۴۰۰/۱۲/۱۸ ۰۹:۱۲:۲۲,861417,True,https://excel.codal.ir/service/Excel/GetAll/UCT8QZrPMFQQQaQQQAjWRAW1vggg%3d%3d/0,domestic,گندله,تن,31392.0,21808.0,36907419.0,804877.0,1400-11,1400
کنور,توسعه معدنی و صنعتی صبانور,iron_ore,1400/11/30,گزارش فعالیت ماهانه دوره ۱ ماهه منتهی به ۱۴۰۰/۱۱/۳۰(اصلاحیه),۱۴۰۰/۱۲/۱۸ ۰۹:۱۲:۲۲,861417,True,https://excel.codal.ir/service/Excel/GetAll/UCT8QZrPMFQQQaQQQAjWRAW1vggg%3d%3d/0,domestic,گندله نیمه پخته,تن,,,,0.0,1400-11,1400
کنور,توسعه معدنی و صنعتی صبانور,iron_ore,1400/12/29,گزارش فعالیت ماهانه دوره ۱ ماهه منتهی به  ۱۴۰۰/۱۲/۲۹(اصلاحیه),۱۴۰۱/۰۳/۰۲ ۱۶:۲۹:۱۶,886439,True,https://excel.codal.ir/service/Excel/GetAll/yzKqPneh2QYgP40w1zIwyQ%3d%3d/0,domestic,کنسانتره,تن,115544.0,99915.0,28368083.0,2834397.0,1400-12,1400
کنور,توسعه معدنی و صنعتی صبانور,iron_ore,1400/12/29,گزارش فعالیت ماهانه دوره ۱ ماهه منتهی به  ۱۴۰۰/۱۲/۲۹(اصلاحیه),۱۴۰۱/۰۳/۰۲ ۱۶:۲۹:۱۶,886439,True,https://excel.codal.ir/service/Excel/GetAll/yzKqPneh2QYgP40w1zIwyQ%3d%3d/0,domestic,گندله,تن,0.0,19891.0,36419637.0,724423.0,1400-12,1400
کنور,توسعه معدنی و صنعتی صبانور,iron_ore,1400/12/29,گزارش فعالیت ماهانه دوره ۱ ماهه منتهی به  ۱۴۰۰/۱۲/۲۹(اصلاحیه),۱۴۰۱/۰۳/۰۲ ۱۶:۲۹:۱۶,886439,True,https://excel.codal.ir/service/Excel/GetAll/yzKqPneh2QYgP40w1zIwyQ%3d%3d/0,domestic,گندله نیمه پخته,تن,,,,0.0,1400-12,1400
کنور,توسعه معدنی و صنعتی صبانور,iron_ore,1401/01/31,گزارش فعالیت ماهانه دوره ۱ ماهه منتهی به  ۱۴۰۱/۰۱/۳۱(اصلاحیه),۱۴۰۱/۰۲/۲۰ ۰۹:۲۶:۵۹,879404,True,https://excel.codal.ir/service/Excel/GetAll/2fseyv3YTcUcCaqbIDzoxA%3d%3d/0,domestic,کنسانتره خشک,تن,131759.0,0.0,,0.0,1401-01,1401
کنور,توسعه معدنی و صنعتی صبانور,iron_ore,1401/01/31,گزارش فعالیت ماهانه دوره ۱ ماهه منتهی به  ۱۴۰۱/۰۱/۳۱(اصلاحیه),۱۴۰۱/۰۲/۲۰ ۰۹:۲۶:۵۹,879404,True,https://excel.codal.ir/service/Excel/GetAll/2fseyv3YTcUcCaqbIDzoxA%3d%3d/0,domestic,گندله,تن,30745.0,11004.0,36210015.0,398455.0,1401-01,1401
کنور,توسعه معدنی و صنعتی صبانور,iron_ore,1401/01/31,گزارش فعالیت ماهانه دوره ۱ ماهه منتهی به  ۱۴۰۱/۰۱/۳۱(اصلاحیه),۱۴۰۱/۰۲/۲۰ ۰۹:۲۶:۵۹,879404,True,https://excel.codal.ir/service/Excel/GetAll/2fseyv3YTcUcCaqbIDzoxA%3d%3d/0,domestic,گندله نیمه پخته,تن,,,,0.0,1401-01,1401
کنور,توسعه معدنی و صنعتی صبانور,iron_ore,1401/02/31,گزارش فعالیت ماهانه دوره ۱ ماهه منتهی به  ۱۴۰۱/۰۲/۳۱,۱۴۰۱/۰۳/۰۴ ۱۸:۳۱:۴۴,887925,False,https://excel.codal.ir/service/Excel/GetAll/QQQaQQQ9ngYyoIOPVmeGGiBa8DpA%3d%3d/0,domestic,کنسانتره خشک,تن,110575.0,25813.0,28904544.0,746113.0,1401-02,1401
کنور,توسعه معدنی و صنعتی صبانور,iron_ore,1401/02/31,گزارش فعالیت ماهانه دوره ۱ ماهه منتهی به  ۱۴۰۱/۰۲/۳۱,۱۴۰۱/۰۳/۰۴ ۱۸:۳۱:۴۴,887925,False,https://excel.codal.ir/service/Excel/GetAll/QQQaQQQ9ngYyoIOPVmeGGiBa8DpA%3d%3d/0,domestic,گندله,تن,52527.0,59323.0,35952228.0,2132794.0,1401-02,1401
کنور,توسعه معدنی و صنعتی صبانور,iron_ore,1401/02/31,گزارش فعالیت ماهانه دوره ۱ ماهه منتهی به  ۱۴۰۱/۰۲/۳۱,۱۴۰۱/۰۳/۰۴ ۱۸:۳۱:۴۴,887925,False,https://excel.codal.ir/service/Excel/GetAll/QQQaQQQ9ngYyoIOPVmeGGiBa8DpA%3d%3d/0,domestic,گندله نیمه پخته,تن,,,,0.0,1401-02,1401
کنور,توسعه معدنی و صنعتی صبانور,iron_ore,1401/03/31,گزارش فعالیت ماهانه دوره ۱ ماهه منتهی به  ۱۴۰۱/۰۳/۳۱(اصلاحیه),۱۴۰۱/۰۵/۰۱ ۱۶:۵۶:۰۰,917029,True,https://excel.codal.ir/service/Excel/GetAll/l1VSud4B88AcISW8uWjy9g%3d%3d/0,domestic,کنسانتره خشک,تن,141133.0,104700.0,30334718.0,3176045.0,1401-03,1401
کنور,توسعه معدنی و صنعتی صبانور,iron_ore,1401/03/31,گزارش فعالیت ماهانه دوره ۱ ماهه منتهی به  ۱۴۰۱/۰۳/۳۱(اصلاحیه),۱۴۰۱/۰۵/۰۱ ۱۶:۵۶:۰۰,917029,True,https://excel.codal.ir/service/Excel/GetAll/l1VSud4B88AcISW8uWjy9g%3d%3d/0,domestic,گندله,تن,49441.0,0.0,,0.0,1401-03,1401
کنور,توسعه معدنی و صنعتی صبانور,iron_ore,1401/03/31,گزارش فعالیت ماهانه دوره ۱ ماهه منتهی به  ۱۴۰۱/۰۳/۳۱(اصلاحیه),۱۴۰۱/۰۵/۰۱ ۱۶:۵۶:۰۰,917029,True,https://excel.codal.ir/service/Excel/GetAll/l1VSud4B88AcISW8uWjy9g%3d%3d/0,domestic,گندله نیمه پخته,تن,,,,0.0,1401-03,1401
کنور,توسعه معدنی و صنعتی صبانور,iron_ore,1401/04/31,گزارش فعالیت ماهانه دوره ۱ ماهه منتهی به  ۱۴۰۱/۰۴/۳۱(اصلاحیه),۱۴۰۱/۰۵/۱۲ ۱۷:۱۷:۲۰,922240,True,https://excel.codal.ir/service/Excel/GetAll/inRjH0tPVV7Avch3gODfQQQaQQQw%3d%3d/0,domestic,کنسانتره خشک,تن,107057.0,0.0,,0.0,1401-04,1401
کنور,توسعه معدنی و صنعتی صبانور,iron_ore,1401/04/31,گزارش فعالیت ماهانه دوره ۱ ماهه منتهی به  ۱۴۰۱/۰۴/۳۱(اصلاحیه),۱۴۰۱/۰۵/۱۲ ۱۷:۱۷:۲۰,922240,True,https://excel.codal.ir/service/Excel/GetAll/inRjH0tPVV7Avch3gODfQQQaQQQw%3d%3d/0,domestic,گندله,تن,32006.0,2310.0,30645455.0,70791.0,1401-04,1401
کنور,توسعه معدنی و صنعتی صبانور,iron_ore,1401/04/31,گزارش فعالیت ماهانه دوره ۱ ماهه منتهی به  ۱۴۰۱/۰۴/۳۱(اصلاحیه),۱۴۰۱/۰۵/۱۲ ۱۷:۱۷:۲۰,922240,True,https://excel.codal.ir/service/Excel/GetAll/inRjH0tPVV7Avch3gODfQQQaQQQw%3d%3d/0,domestic,گندله نیمه پخته,تن,,,,0.0,1401-04,1401
کنور,توسعه معدنی و صنعتی صبانور,iron_ore,1401/05/31,گزارش فعالیت ماهانه دوره ۱ ماهه منتهی به  ۱۴۰۱/۰۵/۳۱,۱۴۰۱/۰۶/۰۵ ۱۹:۱۲:۱۳,930695,False,https://excel.codal.ir/service/Excel/GetAll/JvQsnOOObOOO9ZBg0o55QOYDZ1Yw%3d%3d/0,domestic,کنسانتره خشک,تن,103462.0,0.0,,0.0,1401-05,1401
کنور,توسعه معدنی و صنعتی صبانور,iron_ore,1401/05/31,گزارش فعالیت ماهانه دوره ۱ ماهه منتهی به  ۱۴۰۱/۰۵/۳۱,۱۴۰۱/۰۶/۰۵ ۱۹:۱۲:۱۳,930695,False,https://excel.codal.ir/service/Excel/GetAll/JvQsnOOObOOO9ZBg0o55QOYDZ1Yw%3d%3d/0,domestic,گندله,تن,0.0,10274.0,28040393.0,288087.0,1401-05,1401
کنور,توسعه معدنی و صنعتی صبانور,iron_ore,1401/05/31,گزارش فعالیت ماهانه دوره ۱ ماهه منتهی به  ۱۴۰۱/۰۵/۳۱,۱۴۰۱/۰۶/۰۵ ۱۹:۱۲:۱۳,930695,False,https://excel.codal.ir/service/Excel/GetAll/JvQsnOOObOOO9ZBg0o55QOYDZ1Yw%3d%3d/0,domestic,گندله نیمه پخته,تن,,,,0.0,1401-05,1401
کنور,توسعه معدنی و صنعتی صبانور,iron_ore,1401/06/31,گزارش فعالیت ماهانه دوره ۱ ماهه منتهی به  ۱۴۰۱/۰۶/۳۱(اصلاحیه),۱۴۰۱/۰۷/۳۰ ۱۹:۰۵:۵۴,949071,True,https://excel.codal.ir/service/Excel/GetAll/QzH2WC4k1lbBdJ4cfNRHfg%3d%3d/0,domestic,کنسانتره خشک,تن,101089.0,26862.0,26000298.0,698420.0,1401-06,1401
کنور,توسعه معدنی و صنعتی صبانور,iron_ore,1401/06/31,گزارش فعالیت ماهانه دوره ۱ ماهه منتهی به  ۱۴۰۱/۰۶/۳۱(اصلاحیه),۱۴۰۱/۰۷/۳۰ ۱۹:۰۵:۵۴,949071,True,https://excel.codal.ir/service/Excel/GetAll/QzH2WC4k1lbBdJ4cfNRHfg%3d%3d/0,domestic,گندله,تن,1708.0,57618.0,27899997.0,1607542.0,1401-06,1401
کنور,توسعه معدنی و صنعتی صبانور,iron_ore,1401/06/31,گزارش فعالیت ماهانه دوره ۱ ماهه منتهی به  ۱۴۰۱/۰۶/۳۱(اصلاحیه),۱۴۰۱/۰۷/۳۰ ۱۹:۰۵:۵۴,949071,True,https://excel.codal.ir/service/Excel/GetAll/QzH2WC4k1lbBdJ4cfNRHfg%3d%3d/0,export,گندله,تن,,,0.0,0.0,1401-06,1401
کنور,توسعه معدنی و صنعتی صبانور,iron_ore,1401/06/31,گزارش فعالیت ماهانه دوره ۱ ماهه منتهی به  ۱۴۰۱/۰۶/۳۱(اصلاحیه),۱۴۰۱/۰۷/۳۰ ۱۹:۰۵:۵۴,949071,True,https://excel.codal.ir/service/Excel/GetAll/QzH2WC4k1lbBdJ4cfNRHfg%3d%3d/0,domestic,گندله نیمه پخته,تن,,,,0.0,1401-06,1401
کنور,توسعه معدنی و صنعتی صبانور,iron_ore,1401/07/30,گزارش فعالیت ماهانه دوره ۱ ماهه منتهی به  ۱۴۰۱/۰۷/۳۰(اصلاحیه),۱۴۰۱/۰۸/۲۴ ۱۵:۰۶:۱۸,958210,True,https://excel.codal.ir/service/Excel/GetAll/A1dw3ZOOObOOOicTi2zokF5gLOOObOOOTw%3d%3d/0,domestic,کنسانتره خشک,تن,123781.0,52229.0,23743246.0,1240086.0,1401-07,1401
کنور,توسعه معدنی و صنعتی صبانور,iron_ore,1401/07/30,گزارش فعالیت ماهانه دوره ۱ ماهه منتهی به  ۱۴۰۱/۰۷/۳۰(اصلاحیه),۱۴۰۱/۰۸/۲۴ ۱۵:۰۶:۱۸,958210,True,https://excel.codal.ir/service/Excel/GetAll/A1dw3ZOOObOOOicTi2zokF5gLOOObOOOTw%3d%3d/0,domestic,گندله,تن,43752.0,20992.0,28054449.0,588919.0,1401-07,1401
کنور,توسعه معدنی و صنعتی صبانور,iron_ore,1401/07/30,گزارش فعالیت ماهانه دوره ۱ ماهه منتهی به  ۱۴۰۱/۰۷/۳۰(اصلاحیه),۱۴۰۱/۰۸/۲۴ ۱۵:۰۶:۱۸,958210,True,https://excel.codal.ir/service/Excel/GetAll/A1dw3ZOOObOOOicTi2zokF5gLOOObOOOTw%3d%3d/0,export,گندله,تن,,,0.0,0.0,1401-07,1401
کنور,توسعه معدنی و صنعتی صبانور,iron_ore,1401/08/30,گزارش فعالیت ماهانه دوره ۱ ماهه منتهی به  ۱۴۰۱/۰۸/۳۰,۱۴۰۱/۰۹/۰۵ ۱۷:۴۳:۰۷,962914,False,https://excel.codal.ir/service/Excel/GetAll/wUoJ2dLrleqb9dSCgbNWnQ%3d%3d/0,domestic,کنسانتره خشک,تن,146736.0,85369.0,22600230.0,1929359.0,1401-08,1401
کنور,توسعه معدنی و صنعتی صبانور,iron_ore,1401/08/30,گزارش فعالیت ماهانه دوره ۱ ماهه منتهی به  ۱۴۰۱/۰۸/۳۰,۱۴۰۱/۰۹/۰۵ ۱۷:۴۳:۰۷,962914,False,https://excel.codal.ir/service/Excel/GetAll/wUoJ2dLrleqb9dSCgbNWnQ%3d%3d/0,domestic,گندله,تن,51307.0,24721.0,29933215.0,739979.0,1401-08,1401
کنور,توسعه معدنی و صنعتی صبانور,iron_ore,1401/08/30,گزارش فعالیت ماهانه دوره ۱ ماهه منتهی به  ۱۴۰۱/۰۸/۳۰,۱۴۰۱/۰۹/۰۵ ۱۷:۴۳:۰۷,962914,False,https://excel.codal.ir/service/Excel/GetAll/wUoJ2dLrleqb9dSCgbNWnQ%3d%3d/0,export,گندله,تن,0.0,,0.0,0.0,1401-08,1401
کنور,توسعه معدنی و صنعتی صبانور,iron_ore,1401/09/30,گزارش فعالیت ماهانه دوره ۱ ماهه منتهی به  ۱۴۰۱/۰۹/۳۰(اصلاحیه),۱۴۰۱/۱۱/۰۴ ۱۴:۰۶:۴۲,987018,True,https://excel.codal.ir/service/Excel/GetAll/RxFvubFeO8VDOOObOOOeyR2cvNdQ%3d%3d/0,domestic,کنسانتره خشک,تن,124466.0,70385.0,23029353.0,1620921.0,1401-09,1401
کنور,توسعه معدنی و صنعتی صبانور,iron_ore,1401/09/30,گزارش فعالیت ماهانه دوره ۱ ماهه منتهی به  ۱۴۰۱/۰۹/۳۰(اصلاحیه),۱۴۰۱/۱۱/۰۴ ۱۴:۰۶:۴۲,987018,True,https://excel.codal.ir/service/Excel/GetAll/RxFvubFeO8VDOOObOOOeyR2cvNdQ%3d%3d/0,domestic,گندله,تن,50015.0,13500.0,29404667.0,396963.0,1401-09,1401
کنور,توسعه معدنی و صنعتی صبانور,iron_ore,1401/09/30,گزارش فعالیت ماهانه دوره ۱ ماهه منتهی به  ۱۴۰۱/۰۹/۳۰(اصلاحیه),۱۴۰۱/۱۱/۰۴ ۱۴:۰۶:۴۲,987018,True,https://excel.codal.ir/service/Excel/GetAll/RxFvubFeO8VDOOObOOOeyR2cvNdQ%3d%3d/0,export,گندله,تن,,67700.0,38500000.0,2606450.0,1401-09,1401
کنور,توسعه معدنی و صنعتی صبانور,iron_ore,1401/10/30,گزارش فعالیت ماهانه دوره ۱ ماهه منتهی به  ۱۴۰۱/۱۰/۳۰,۱۴۰۱/۱۱/۰۵ ۱۵:۴۵:۳۸,987728,False,https://excel.codal.ir/service/Excel/GetAll/iT35z5s34T5tXkNEs2CoNQ%3d%3d/0,domestic,کنسانتره خشک,تن,114691.0,51166.0,23907497.0,1223251.0,1401-10,1401
کنور,توسعه معدنی و صنعتی صبانور,iron_ore,1401/10/30,گزارش فعالیت ماهانه دوره ۱ ماهه منتهی به  ۱۴۰۱/۱۰/۳۰,۱۴۰۱/۱۱/۰۵ ۱۵:۴۵:۳۸,987728,False,https://excel.codal.ir/service/Excel/GetAll/iT35z5s34T5tXkNEs2CoNQ%3d%3d/0,domestic,گندله,تن,3739.0,19197.0,33799448.0,648848.0,1401-10,1401
کنور,توسعه معدنی و صنعتی صبانور,iron_ore,1401/10/30,گزارش فعالیت ماهانه دوره ۱ ماهه منتهی به  ۱۴۰۱/۱۰/۳۰,۱۴۰۱/۱۱/۰۵ ۱۵:۴۵:۳۸,987728,False,https://excel.codal.ir/service/Excel/GetAll/iT35z5s34T5tXkNEs2CoNQ%3d%3d/0,export,گندله,تن,0.0,,0.0,0.0,1401-10,1401
کنور,توسعه معدنی و صنعتی صبانور,iron_ore,1401/11/30,گزارش فعالیت ماهانه دوره ۱ ماهه منتهی به  ۱۴۰۱/۱۱/۳۰(اصلاحیه),۱۴۰۱/۱۲/۰۷ ۱۱:۱۷:۵۸,997080,True,https://excel.codal.ir/service/Excel/GetAll/Yja0m2gDJQQQaQQQCaGJbw6eMRvw%3d%3d/0,domestic,کنسانتره خشک,تن,98567.0,71907.0,26144061.0,1879941.0,1401-11,1401
کنور,توسعه معدنی و صنعتی صبانور,iron_ore,1401/11/30,گزارش فعالیت ماهانه دوره ۱ ماهه منتهی به  ۱۴۰۱/۱۱/۳۰(اصلاحیه),۱۴۰۱/۱۲/۰۷ ۱۱:۱۷:۵۸,997080,True,https://excel.codal.ir/service/Excel/GetAll/Yja0m2gDJQQQaQQQCaGJbw6eMRvw%3d%3d/0,domestic,گندله,تن,15045.0,8803.0,36613427.0,322308.0,1401-11,1401
کنور,توسعه معدنی و صنعتی صبانور,iron_ore,1401/11/30,گزارش فعالیت ماهانه دوره ۱ ماهه منتهی به  ۱۴۰۱/۱۱/۳۰(اصلاحیه),۱۴۰۱/۱۲/۰۷ ۱۱:۱۷:۵۸,997080,True,https://excel.codal.ir/service/Excel/GetAll/Yja0m2gDJQQQaQQQCaGJbw6eMRvw%3d%3d/0,export,گندله,تن,,,0.0,0.0,1401-11,1401
کنور,توسعه معدنی و صنعتی صبانور,iron_ore,1401/12/29,گزارش فعالیت ماهانه دوره ۱ ماهه منتهی به  ۱۴۰۱/۱۲/۲۹(اصلاحیه),۱۴۰۲/۰۳/۰۶ ۱۸:۱۵:۳۰,1030778,True,https://excel.codal.ir/service/Excel/GetAll/OOObOOOSzA9siGt9WLvhbQQQaQQQEY1YMA%3d%3d/0,domestic,کنسانتره خشک,تن,81000.0,133343.0,27941789.0,3725842.0,1401-12,1401
کنور,توسعه معدنی و صنعتی صبانور,iron_ore,1401/12/29,گزارش فعالیت ماهانه دوره ۱ ماهه منتهی به  ۱۴۰۱/۱۲/۲۹(اصلاحیه),۱۴۰۲/۰۳/۰۶ ۱۸:۱۵:۳۰,1030778,True,https://excel.codal.ir/service/Excel/GetAll/OOObOOOSzA9siGt9WLvhbQQQaQQQEY1YMA%3d%3d/0,domestic,گندله,تن,15000.0,9000.0,42101111.0,378910.0,1401-12,1401
کنور,توسعه معدنی و صنعتی صبانور,iron_ore,1401/12/29,گزارش فعالیت ماهانه دوره ۱ ماهه منتهی به  ۱۴۰۱/۱۲/۲۹(اصلاحیه),۱۴۰۲/۰۳/۰۶ ۱۸:۱۵:۳۰,1030778,True,https://excel.codal.ir/service/Excel/GetAll/OOObOOOSzA9siGt9WLvhbQQQaQQQEY1YMA%3d%3d/0,export,گندله,تن,,,0.0,0.0,1401-12,1401
کنور,توسعه معدنی و صنعتی صبانور,iron_ore,1402/01/31,گزارش فعالیت ماهانه دوره ۱ ماهه منتهی به  ۱۴۰۲/۰۱/۳۱,۱۴۰۲/۰۲/۰۵ ۱۸:۱۹:۰۸,1016926,False,https://excel.codal.ir/service/Excel/GetAll/tzVvTdhOOObOOO3YTC0K9OOObOOO1QQQaQQQZi8w%3d%3d/0,domestic,کنسانتره,تن,87546.0,38448.0,31181492.0,1198866.0,1402-01,1402
کنور,توسعه معدنی و صنعتی صبانور,iron_ore,1402/01/31,گزارش فعالیت ماهانه دوره ۱ ماهه منتهی به  ۱۴۰۲/۰۱/۳۱,۱۴۰۲/۰۲/۰۵ ۱۸:۱۹:۰۸,1016926,False,https://excel.codal.ir/service/Excel/GetAll/tzVvTdhOOObOOO3YTC0K9OOObOOO1QQQaQQQZi8w%3d%3d/0,export,کنسانتره,تن,,,0.0,0.0,1402-01,1402
کنور,توسعه معدنی و صنعتی صبانور,iron_ore,1402/01/31,گزارش فعالیت ماهانه دوره ۱ ماهه منتهی به  ۱۴۰۲/۰۱/۳۱,۱۴۰۲/۰۲/۰۵ ۱۸:۱۹:۰۸,1016926,False,https://excel.codal.ir/service/Excel/GetAll/tzVvTdhOOObOOO3YTC0K9OOObOOO1QQQaQQQZi8w%3d%3d/0,domestic,گندله,تن,31670.0,0.0,,0.0,1402-01,1402
کنور,توسعه معدنی و صنعتی صبانور,iron_ore,1402/01/31,گزارش فعالیت ماهانه دوره ۱ ماهه منتهی به  ۱۴۰۲/۰۱/۳۱,۱۴۰۲/۰۲/۰۵ ۱۸:۱۹:۰۸,1016926,False,https://excel.codal.ir/service/Excel/GetAll/tzVvTdhOOObOOO3YTC0K9OOObOOO1QQQaQQQZi8w%3d%3d/0,export,گندله,تن,,,0.0,0.0,1402-01,1402
کنور,توسعه معدنی و صنعتی صبانور,iron_ore,1402/02/31,گزارش فعالیت ماهانه دوره ۱ ماهه منتهی به  ۱۴۰۲/۰۲/۳۱,۱۴۰۲/۰۳/۰۶ ۱۷:۴۳:۳۱,1030481,False,https://excel.codal.ir/service/Excel/GetAll/B9pLYXSVOXfpXWHubMNarg%3d%3d/0,export,کنسانتره,تن,0.0,64716.0,34387818.0,2225442.0,1402-02,1402
کنور,توسعه معدنی و صنعتی صبانور,iron_ore,1402/02/31,گزارش فعالیت ماهانه دوره ۱ ماهه منتهی به  ۱۴۰۲/۰۲/۳۱,۱۴۰۲/۰۳/۰۶ ۱۷:۴۳:۳۱,1030481,False,https://excel.codal.ir/service/Excel/GetAll/B9pLYXSVOXfpXWHubMNarg%3d%3d/0,domestic,کنسانتره خشک,تن,106371.0,46172.0,33342957.0,1539511.0,1402-02,1402
کنور,توسعه معدنی و صنعتی صبانور,iron_ore,1402/02/31,گزارش فعالیت ماهانه دوره ۱ ماهه منتهی به  ۱۴۰۲/۰۲/۳۱,۱۴۰۲/۰۳/۰۶ ۱۷:۴۳:۳۱,1030481,False,https://excel.codal.ir/service/Excel/GetAll/B9pLYXSVOXfpXWHubMNarg%3d%3d/0,domestic,گندله,تن,32606.0,0.0,,0.0,1402-02,1402
کنور,توسعه معدنی و صنعتی صبانور,iron_ore,1402/02/31,گزارش فعالیت ماهانه دوره ۱ ماهه منتهی به  ۱۴۰۲/۰۲/۳۱,۱۴۰۲/۰۳/۰۶ ۱۷:۴۳:۳۱,1030481,False,https://excel.codal.ir/service/Excel/GetAll/B9pLYXSVOXfpXWHubMNarg%3d%3d/0,export,گندله,تن,0.0,0.0,0.0,0.0,1402-02,1402
کنور,توسعه معدنی و صنعتی صبانور,iron_ore,1402/03/31,گزارش فعالیت ماهانه دوره ۱ ماهه منتهی به  ۱۴۰۲/۰۳/۳۱(اصلاحیه),۱۴۰۲/۰۴/۳۱ ۱۹:۳۸:۲۹,1058072,True,https://excel.codal.ir/service/Excel/GetAll/RqV1AlGXBYoFBgMnrSldUw%3d%3d/0,domestic,کنسانتره خشک,تن,130608.0,108105.0,37700106.0,4075570.0,1402-03,1402
کنور,توسعه معدنی و صنعتی صبانور,iron_ore,1402/03/31,گزارش فعالیت ماهانه دوره ۱ ماهه منتهی به  ۱۴۰۲/۰۳/۳۱(اصلاحیه),۱۴۰۲/۰۴/۳۱ ۱۹:۳۸:۲۹,1058072,True,https://excel.codal.ir/service/Excel/GetAll/RqV1AlGXBYoFBgMnrSldUw%3d%3d/0,export,کنسانتره خشک,تن,,,0.0,0.0,1402-03,1402
کنور,توسعه معدنی و صنعتی صبانور,iron_ore,1402/03/31,گزارش فعالیت ماهانه دوره ۱ ماهه منتهی به  ۱۴۰۲/۰۳/۳۱(اصلاحیه),۱۴۰۲/۰۴/۳۱ ۱۹:۳۸:۲۹,1058072,True,https://excel.codal.ir/service/Excel/GetAll/RqV1AlGXBYoFBgMnrSldUw%3d%3d/0,domestic,گندله,تن,51033.0,10000.0,50883200.0,508832.0,1402-03,1402
کنور,توسعه معدنی و صنعتی صبانور,iron_ore,1402/03/31,گزارش فعالیت ماهانه دوره ۱ ماهه منتهی به  ۱۴۰۲/۰۳/۳۱(اصلاحیه),۱۴۰۲/۰۴/۳۱ ۱۹:۳۸:۲۹,1058072,True,https://excel.codal.ir/service/Excel/GetAll/RqV1AlGXBYoFBgMnrSldUw%3d%3d/0,export,گندله,تن,0.0,69847.0,37461022.0,2616540.0,1402-03,1402
کنور,توسعه معدنی و صنعتی صبانور,iron_ore,1402/04/31,گزارش فعالیت ماهانه دوره ۱ ماهه منتهی به  ۱۴۰۲/۰۴/۳۱,۱۴۰۲/۰۵/۰۴ ۱۶:۵۷:۳۸,1063147,False,https://excel.codal.ir/service/Excel/GetAll/iOZCeicFeZJYXZDLQQQaQQQnobYg%3d%3d/0,domestic,کنسانتره خشک,تن,124960.0,103706.0,35948605.0,3728086.0,1402-04,1402
کنور,توسعه معدنی و صنعتی صبانور,iron_ore,1402/04/31,گزارش فعالیت ماهانه دوره ۱ ماهه منتهی به  ۱۴۰۲/۰۴/۳۱,۱۴۰۲/۰۵/۰۴ ۱۶:۵۷:۳۸,1063147,False,https://excel.codal.ir/service/Excel/GetAll/iOZCeicFeZJYXZDLQQQaQQQnobYg%3d%3d/0,export,کنسانتره خشک,تن,0.0,0.0,0.0,0.0,1402-04,1402
کنور,توسعه معدنی و صنعتی صبانور,iron_ore,1402/04/31,گزارش فعالیت ماهانه دوره ۱ ماهه منتهی به  ۱۴۰۲/۰۴/۳۱,۱۴۰۲/۰۵/۰۴ ۱۶:۵۷:۳۸,1063147,False,https://excel.codal.ir/service/Excel/GetAll/iOZCeicFeZJYXZDLQQQaQQQnobYg%3d%3d/0,domestic,گندله,تن,40008.0,7384.0,46214924.0,341251.0,1402-04,1402
کنور,توسعه معدنی و صنعتی صبانور,iron_ore,1402/04/31,گزارش فعالیت ماهانه دوره ۱ ماهه منتهی به  ۱۴۰۲/۰۴/۳۱,۱۴۰۲/۰۵/۰۴ ۱۶:۵۷:۳۸,1063147,False,https://excel.codal.ir/service/Excel/GetAll/iOZCeicFeZJYXZDLQQQaQQQnobYg%3d%3d/0,export,گندله,تن,0.0,0.0,0.0,0.0,1402-04,1402
کنور,توسعه معدنی و صنعتی صبانور,iron_ore,1402/05/31,گزارش فعالیت ماهانه دوره ۱ ماهه منتهی به  ۱۴۰۲/۰۵/۳۱,۱۴۰۲/۰۶/۰۵ ۱۹:۱۲:۵۹,1075654,False,https://excel.codal.ir/service/Excel/GetAll/7aOOObOOOXs5x0QXcVkbKv979sQQ%3d%3d/0,domestic,کنسانتره خشک,تن,112596.0,32206.0,36886605.0,1187970.0,1402-05,1402
کنور,توسعه معدنی و صنعتی صبانور,iron_ore,1402/05/31,گزارش فعالیت ماهانه دوره ۱ ماهه منتهی به  ۱۴۰۲/۰۵/۳۱,۱۴۰۲/۰۶/۰۵ ۱۹:۱۲:۵۹,1075654,False,https://excel.codal.ir/service/Excel/GetAll/7aOOObOOOXs5x0QXcVkbKv979sQQ%3d%3d/0,export,کنسانتره خشک,تن,,,0.0,0.0,1402-05,1402
کنور,توسعه معدنی و صنعتی صبانور,iron_ore,1402/05/31,گزارش فعالیت ماهانه دوره ۱ ماهه منتهی به  ۱۴۰۲/۰۵/۳۱,۱۴۰۲/۰۶/۰۵ ۱۹:۱۲:۵۹,1075654,False,https://excel.codal.ir/service/Excel/GetAll/7aOOObOOOXs5x0QXcVkbKv979sQQ%3d%3d/0,domestic,گندله,تن,30277.0,1615.0,46214861.0,74637.0,1402-05,1402
کنور,توسعه معدنی و صنعتی صبانور,iron_ore,1402/05/31,گزارش فعالیت ماهانه دوره ۱ ماهه منتهی به  ۱۴۰۲/۰۵/۳۱,۱۴۰۲/۰۶/۰۵ ۱۹:۱۲:۵۹,1075654,False,https://excel.codal.ir/service/Excel/GetAll/7aOOObOOOXs5x0QXcVkbKv979sQQ%3d%3d/0,export,گندله,تن,0.0,65021.0,43971717.0,2859085.0,1402-05,1402
کنور,توسعه معدنی و صنعتی صبانور,iron_ore,1402/06/31,گزارش فعالیت ماهانه دوره ۱ ماهه منتهی به  ۱۴۰۲/۰۶/۳۱(اصلاحیه),۱۴۰۲/۰۷/۲۲ ۱۹:۳۰:۱۸,1091948,True,https://excel.codal.ir/service/Excel/GetAll/h9BEEmwaawlBU0MCh16O3g%3d%3d/0,domestic,کنسانتره خشک,تن,162844.0,78817.0,40486963.0,3191061.0,1402-06,1402
کنور,توسعه معدنی و صنعتی صبانور,iron_ore,1402/06/31,گزارش فعالیت ماهانه دوره ۱ ماهه منتهی به  ۱۴۰۲/۰۶/۳۱(اصلاحیه),۱۴۰۲/۰۷/۲۲ ۱۹:۳۰:۱۸,1091948,True,https://excel.codal.ir/service/Excel/GetAll/h9BEEmwaawlBU0MCh16O3g%3d%3d/0,export,کنسانتره خشک,تن,,,0.0,0.0,1402-06,1402
کنور,توسعه معدنی و صنعتی صبانور,iron_ore,1402/06/31,گزارش فعالیت ماهانه دوره ۱ ماهه منتهی به  ۱۴۰۲/۰۶/۳۱(اصلاحیه),۱۴۰۲/۰۷/۲۲ ۱۹:۳۰:۱۸,1091948,True,https://excel.codal.ir/service/Excel/GetAll/h9BEEmwaawlBU0MCh16O3g%3d%3d/0,domestic,گندله,تن,55228.0,56130.0,47198610.0,2649258.0,1402-06,1402
کنور,توسعه معدنی و صنعتی صبانور,iron_ore,1402/06/31,گزارش فعالیت ماهانه دوره ۱ ماهه منتهی به  ۱۴۰۲/۰۶/۳۱(اصلاحیه),۱۴۰۲/۰۷/۲۲ ۱۹:۳۰:۱۸,1091948,True,https://excel.codal.ir/service/Excel/GetAll/h9BEEmwaawlBU0MCh16O3g%3d%3d/0,export,گندله,تن,0.0,,0.0,0.0,1402-06,1402
کنور,توسعه معدنی و صنعتی صبانور,iron_ore,1402/07/30,گزارش فعالیت ماهانه دوره ۱ ماهه منتهی به  ۱۴۰۲/۰۷/۳۰,۱۴۰۲/۰۸/۰۳ ۱۷:۵۹:۳۵,1097366,False,https://excel.codal.ir/service/Excel/GetAll/wcHvVQQQaQQQ4RNbRyIxOxT8L7FA%3d%3d/0,domestic,کنسانتره خشک,تن,117433.0,54497.0,38908344.0,2120388.0,1402-07,1402
کنور,توسعه معدنی و صنعتی صبانور,iron_ore,1402/07/30,گزارش فعالیت ماهانه دوره ۱ ماهه منتهی به  ۱۴۰۲/۰۷/۳۰,۱۴۰۲/۰۸/۰۳ ۱۷:۵۹:۳۵,1097366,False,https://excel.codal.ir/service/Excel/GetAll/wcHvVQQQaQQQ4RNbRyIxOxT8L7FA%3d%3d/0,export,کنسانتره خشک,تن,0.0,,0.0,0.0,1402-07,1402
کنور,توسعه معدنی و صنعتی صبانور,iron_ore,1402/07/30,گزارش فعالیت ماهانه دوره ۱ ماهه منتهی به  ۱۴۰۲/۰۷/۳۰,۱۴۰۲/۰۸/۰۳ ۱۷:۵۹:۳۵,1097366,False,https://excel.codal.ir/service/Excel/GetAll/wcHvVQQQaQQQ4RNbRyIxOxT8L7FA%3d%3d/0,domestic,گندله,تن,19353.0,23329.0,48266750.0,1126015.0,1402-07,1402
کنور,توسعه معدنی و صنعتی صبانور,iron_ore,1402/07/30,گزارش فعالیت ماهانه دوره ۱ ماهه منتهی به  ۱۴۰۲/۰۷/۳۰,۱۴۰۲/۰۸/۰۳ ۱۷:۵۹:۳۵,1097366,False,https://excel.codal.ir/service/Excel/GetAll/wcHvVQQQaQQQ4RNbRyIxOxT8L7FA%3d%3d/0,export,گندله,تن,0.0,70185.0,46607865.0,3271173.0,1402-07,1402
کنور,توسعه معدنی و صنعتی صبانور,iron_ore,1402/08/30,گزارش فعالیت ماهانه دوره ۱ ماهه منتهی به  ۱۴۰۲/۰۸/۳۰,۱۴۰۲/۰۹/۱۳ ۱۶:۴۲:۱۹,1112214,False,https://excel.codal.ir/service/Excel/GetAll/tOVQQQaQQQ5M2GAY2mqu0BwufAUQ%3d%3d/0,domestic,کنسانتره خشک,تن,118733.0,63317.0,38160857.0,2416231.0,1402-08,1402
کنور,توسعه معدنی و صنعتی صبانور,iron_ore,1402/08/30,گزارش فعالیت ماهانه دوره ۱ ماهه منتهی به  ۱۴۰۲/۰۸/۳۰,۱۴۰۲/۰۹/۱۳ ۱۶:۴۲:۱۹,1112214,False,https://excel.codal.ir/service/Excel/GetAll/tOVQQQaQQQ5M2GAY2mqu0BwufAUQ%3d%3d/0,export,کنسانتره خشک,تن,,,0.0,0.0,1402-08,1402
کنور,توسعه معدنی و صنعتی صبانور,iron_ore,1402/08/30,گزارش فعالیت ماهانه دوره ۱ ماهه منتهی به  ۱۴۰۲/۰۸/۳۰,۱۴۰۲/۰۹/۱۳ ۱۶:۴۲:۱۹,1112214,False,https://excel.codal.ir/service/Excel/GetAll/tOVQQQaQQQ5M2GAY2mqu0BwufAUQ%3d%3d/0,domestic,گندله,تن,43548.0,13379.0,50266462.0,672515.0,1402-08,1402
کنور,توسعه معدنی و صنعتی صبانور,iron_ore,1402/08/30,گزارش فعالیت ماهانه دوره ۱ ماهه منتهی به  ۱۴۰۲/۰۸/۳۰,۱۴۰۲/۰۹/۱۳ ۱۶:۴۲:۱۹,1112214,False,https://excel.codal.ir/service/Excel/GetAll/tOVQQQaQQQ5M2GAY2mqu0BwufAUQ%3d%3d/0,export,گندله,تن,,,0.0,0.0,1402-08,1402
کنور,توسعه معدنی و صنعتی صبانور,iron_ore,1402/09/30,گزارش فعالیت ماهانه دوره ۱ ماهه منتهی به  ۱۴۰۲/۰۹/۳۰(اصلاحیه),۱۴۰۲/۱۰/۳۰ ۲۱:۰۴:۵۵,1143845,True,https://excel.codal.ir/service/Excel/GetAll/Ty0Fi5s3xexyqQQQaQQQB3tTrtQQQaQQQg%3d%3d/0,domestic,کنسانتره خشک,تن,117381.0,92501.0,38881504.0,3596578.0,1402-09,1402
کنور,توسعه معدنی و صنعتی صبانور,iron_ore,1402/09/30,گزارش فعالیت ماهانه دوره ۱ ماهه منتهی به  ۱۴۰۲/۰۹/۳۰(اصلاحیه),۱۴۰۲/۱۰/۳۰ ۲۱:۰۴:۵۵,1143845,True,https://excel.codal.ir/service/Excel/GetAll/Ty0Fi5s3xexyqQQQaQQQB3tTrtQQQaQQQg%3d%3d/0,export,کنسانتره خشک,تن,,0.0,0.0,0.0,1402-09,1402
کنور,توسعه معدنی و صنعتی صبانور,iron_ore,1402/09/30,گزارش فعالیت ماهانه دوره ۱ ماهه منتهی به  ۱۴۰۲/۰۹/۳۰(اصلاحیه),۱۴۰۲/۱۰/۳۰ ۲۱:۰۴:۵۵,1143845,True,https://excel.codal.ir/service/Excel/GetAll/Ty0Fi5s3xexyqQQQaQQQB3tTrtQQQaQQQg%3d%3d/0,domestic,گندله,تن,45364.0,36615.0,50266503.0,1840508.0,1402-09,1402
کنور,توسعه معدنی و صنعتی صبانور,iron_ore,1402/09/30,گزارش فعالیت ماهانه دوره ۱ ماهه منتهی به  ۱۴۰۲/۰۹/۳۰(اصلاحیه),۱۴۰۲/۱۰/۳۰ ۲۱:۰۴:۵۵,1143845,True,https://excel.codal.ir/service/Excel/GetAll/Ty0Fi5s3xexyqQQQaQQQB3tTrtQQQaQQQg%3d%3d/0,export,گندله,تن,,0.0,0.0,0.0,1402-09,1402
کنور,توسعه معدنی و صنعتی صبانور,iron_ore,1402/10/30,گزارش فعالیت ماهانه دوره ۱ ماهه منتهی به  ۱۴۰۲/۱۰/۳۰,۱۴۰۲/۱۱/۰۴ ۱۷:۳۸:۴۳,1146792,False,https://excel.codal.ir/service/Excel/GetAll/Dm5BYBSiNaXTyYHjbOOObOOOa9AQ%3d%3d/0,domestic,کنسانتره خشک,تن,133719.0,84516.0,37102608.0,3135764.0,1402-10,1402
کنور,توسعه معدنی و صنعتی صبانور,iron_ore,1402/10/30,گزارش فعالیت ماهانه دوره ۱ ماهه منتهی به  ۱۴۰۲/۱۰/۳۰,۱۴۰۲/۱۱/۰۴ ۱۷:۳۸:۴۳,1146792,False,https://excel.codal.ir/service/Excel/GetAll/Dm5BYBSiNaXTyYHjbOOObOOOa9AQ%3d%3d/0,export,کنسانتره خشک,تن,,,0.0,0.0,1402-10,1402
کنور,توسعه معدنی و صنعتی صبانور,iron_ore,1402/10/30,گزارش فعالیت ماهانه دوره ۱ ماهه منتهی به  ۱۴۰۲/۱۰/۳۰,۱۴۰۲/۱۱/۰۴ ۱۷:۳۸:۴۳,1146792,False,https://excel.codal.ir/service/Excel/GetAll/Dm5BYBSiNaXTyYHjbOOObOOOa9AQ%3d%3d/0,domestic,گندله,تن,8356.0,9996.0,49099540.0,490799.0,1402-10,1402
کنور,توسعه معدنی و صنعتی صبانور,iron_ore,1402/10/30,گزارش فعالیت ماهانه دوره ۱ ماهه منتهی به  ۱۴۰۲/۱۰/۳۰,۱۴۰۲/۱۱/۰۴ ۱۷:۳۸:۴۳,1146792,False,https://excel.codal.ir/service/Excel/GetAll/Dm5BYBSiNaXTyYHjbOOObOOOa9AQ%3d%3d/0,export,گندله,تن,,69458.0,53074333.0,3686437.0,1402-10,1402
کنور,توسعه معدنی و صنعتی صبانور,iron_ore,1402/11/30,گزارش فعالیت ماهانه دوره ۱ ماهه منتهی به  ۱۴۰۲/۱۱/۳۰,۱۴۰۲/۱۲/۰۵ ۰۹:۴۵:۲۱,1158059,False,https://excel.codal.ir/service/Excel/GetAll/UcMIHOOOObOOOr1HHJnp6P8RIHqw%3d%3d/0,domestic,کنسانتره خشک,تن,120822.0,96475.0,36904804.0,3560391.0,1402-11,1402
کنور,توسعه معدنی و صنعتی صبانور,iron_ore,1402/11/30,گزارش فعالیت ماهانه دوره ۱ ماهه منتهی به  ۱۴۰۲/۱۱/۳۰,۱۴۰۲/۱۲/۰۵ ۰۹:۴۵:۲۱,1158059,False,https://excel.codal.ir/service/Excel/GetAll/UcMIHOOOObOOOr1HHJnp6P8RIHqw%3d%3d/0,export,کنسانتره خشک,تن,,,0.0,0.0,1402-11,1402
کنور,توسعه معدنی و صنعتی صبانور,iron_ore,1402/11/30,گزارش فعالیت ماهانه دوره ۱ ماهه منتهی به  ۱۴۰۲/۱۱/۳۰,۱۴۰۲/۱۲/۰۵ ۰۹:۴۵:۲۱,1158059,False,https://excel.codal.ir/service/Excel/GetAll/UcMIHOOOObOOOr1HHJnp6P8RIHqw%3d%3d/0,domestic,گندله,تن,0.0,6027.0,49011117.0,295390.0,1402-11,1402
کنور,توسعه معدنی و صنعتی صبانور,iron_ore,1402/11/30,گزارش فعالیت ماهانه دوره ۱ ماهه منتهی به  ۱۴۰۲/۱۱/۳۰,۱۴۰۲/۱۲/۰۵ ۰۹:۴۵:۲۱,1158059,False,https://excel.codal.ir/service/Excel/GetAll/UcMIHOOOObOOOr1HHJnp6P8RIHqw%3d%3d/0,export,گندله,تن,,,0.0,0.0,1402-11,1402
کنور,توسعه معدنی و صنعتی صبانور,iron_ore,1402/12/29,گزارش فعالیت ماهانه دوره ۱ ماهه منتهی به  ۱۴۰۲/۱۲/۲۹(اصلاحیه),۱۴۰۳/۰۳/۰۱ ۱۶:۵۹:۱۴,1193150,True,https://excel.codal.ir/service/Excel/GetAll/2OtR9RZNECMC6aBEWHHQqg%3d%3d/0,domestic,کنسانتره خشک,تن,132868.0,120367.0,37275391.0,4486727.0,1402-12,1402
کنور,توسعه معدنی و صنعتی صبانور,iron_ore,1402/12/29,گزارش فعالیت ماهانه دوره ۱ ماهه منتهی به  ۱۴۰۲/۱۲/۲۹(اصلاحیه),۱۴۰۳/۰۳/۰۱ ۱۶:۵۹:۱۴,1193150,True,https://excel.codal.ir/service/Excel/GetAll/2OtR9RZNECMC6aBEWHHQqg%3d%3d/0,export,کنسانتره خشک,تن,0.0,0.0,0.0,0.0,1402-12,1402
کنور,توسعه معدنی و صنعتی صبانور,iron_ore,1402/12/29,گزارش فعالیت ماهانه دوره ۱ ماهه منتهی به  ۱۴۰۲/۱۲/۲۹(اصلاحیه),۱۴۰۳/۰۳/۰۱ ۱۶:۵۹:۱۴,1193150,True,https://excel.codal.ir/service/Excel/GetAll/2OtR9RZNECMC6aBEWHHQqg%3d%3d/0,domestic,گندله,تن,0.0,5000.0,48180000.0,240900.0,1402-12,1402
کنور,توسعه معدنی و صنعتی صبانور,iron_ore,1402/12/29,گزارش فعالیت ماهانه دوره ۱ ماهه منتهی به  ۱۴۰۲/۱۲/۲۹(اصلاحیه),۱۴۰۳/۰۳/۰۱ ۱۶:۵۹:۱۴,1193150,True,https://excel.codal.ir/service/Excel/GetAll/2OtR9RZNECMC6aBEWHHQqg%3d%3d/0,export,گندله,تن,0.0,0.0,0.0,0.0,1402-12,1402
کنور,توسعه معدنی و صنعتی صبانور,iron_ore,1403/02/31,گزارش فعالیت ماهانه دوره ۱ ماهه منتهی به  ۱۴۰۳/۰۲/۳۱(اصلاحیه),۱۴۰۳/۰۴/۰۹ ۱۶:۳۹:۵۷,1195579,True,https://excel.codal.ir/service/Excel/GetAll/iGOQQQaQQQTiBifGjBU3pOOObOOOeF9efw%3d%3d/0,domestic,نرمه گندله,تن,0.0,30818.0,30359984.0,935634.0,1403-02,1403
کنور,توسعه معدنی و صنعتی صبانور,iron_ore,1403/02/31,گزارش فعالیت ماهانه دوره ۱ ماهه منتهی به  ۱۴۰۳/۰۲/۳۱(اصلاحیه),۱۴۰۳/۰۴/۰۹ ۱۶:۳۹:۵۷,1195579,True,https://excel.codal.ir/service/Excel/GetAll/iGOQQQaQQQTiBifGjBU3pOOObOOOeF9efw%3d%3d/0,domestic,کنسانتره,تن,145829.0,143675.0,37174401.0,5341032.0,1403-02,1403
کنور,توسعه معدنی و صنعتی صبانور,iron_ore,1403/02/31,گزارش فعالیت ماهانه دوره ۱ ماهه منتهی به  ۱۴۰۳/۰۲/۳۱(اصلاحیه),۱۴۰۳/۰۴/۰۹ ۱۶:۳۹:۵۷,1195579,True,https://excel.codal.ir/service/Excel/GetAll/iGOQQQaQQQTiBifGjBU3pOOObOOOeF9efw%3d%3d/0,export,کنسانتره,تن,,,0.0,0.0,1403-02,1403
کنور,توسعه معدنی و صنعتی صبانور,iron_ore,1403/02/31,گزارش فعالیت ماهانه دوره ۱ ماهه منتهی به  ۱۴۰۳/۰۲/۳۱(اصلاحیه),۱۴۰۳/۰۴/۰۹ ۱۶:۳۹:۵۷,1195579,True,https://excel.codal.ir/service/Excel/GetAll/iGOQQQaQQQTiBifGjBU3pOOObOOOeF9efw%3d%3d/0,domestic,گندله,تن,56647.0,13203.0,55330531.0,730529.0,1403-02,1403
کنور,توسعه معدنی و صنعتی صبانور,iron_ore,1403/02/31,گزارش فعالیت ماهانه دوره ۱ ماهه منتهی به  ۱۴۰۳/۰۲/۳۱(اصلاحیه),۱۴۰۳/۰۴/۰۹ ۱۶:۳۹:۵۷,1195579,True,https://excel.codal.ir/service/Excel/GetAll/iGOQQQaQQQTiBifGjBU3pOOObOOOeF9efw%3d%3d/0,export,گندله,تن,,,0.0,0.0,1403-02,1403
کنور,توسعه معدنی و صنعتی صبانور,iron_ore,1403/03/31,گزارش فعالیت ماهانه دوره ۱ ماهه منتهی به  ۱۴۰۳/۰۳/۳۱(اصلاحیه),۱۴۰۳/۰۴/۳۰ ۲۰:۴۹:۳۸,1220828,True,https://excel.codal.ir/service/Excel/GetAll/1OfXcM2FasVthdzMdWnNNA%3d%3d/0,domestic,نرمه گندله,تن,0.0,15168.0,28911261.0,438526.0,1403-03,1403
کنور,توسعه معدنی و صنعتی صبانور,iron_ore,1403/03/31,گزارش فعالیت ماهانه دوره ۱ ماهه منتهی به  ۱۴۰۳/۰۳/۳۱(اصلاحیه),۱۴۰۳/۰۴/۳۰ ۲۰:۴۹:۳۸,1220828,True,https://excel.codal.ir/service/Excel/GetAll/1OfXcM2FasVthdzMdWnNNA%3d%3d/0,domestic,کنسانتره,تن,153106.0,146955.0,37244748.0,5473302.0,1403-03,1403
کنور,توسعه معدنی و صنعتی صبانور,iron_ore,1403/03/31,گزارش فعالیت ماهانه دوره ۱ ماهه منتهی به  ۱۴۰۳/۰۳/۳۱(اصلاحیه),۱۴۰۳/۰۴/۳۰ ۲۰:۴۹:۳۸,1220828,True,https://excel.codal.ir/service/Excel/GetAll/1OfXcM2FasVthdzMdWnNNA%3d%3d/0,export,کنسانتره,تن,,,0.0,0.0,1403-03,1403
کنور,توسعه معدنی و صنعتی صبانور,iron_ore,1403/03/31,گزارش فعالیت ماهانه دوره ۱ ماهه منتهی به  ۱۴۰۳/۰۳/۳۱(اصلاحیه),۱۴۰۳/۰۴/۳۰ ۲۰:۴۹:۳۸,1220828,True,https://excel.codal.ir/service/Excel/GetAll/1OfXcM2FasVthdzMdWnNNA%3d%3d/0,domestic,گندله,تن,45349.0,16660.0,54404202.0,906374.0,1403-03,1403
کنور,توسعه معدنی و صنعتی صبانور,iron_ore,1403/03/31,گزارش فعالیت ماهانه دوره ۱ ماهه منتهی به  ۱۴۰۳/۰۳/۳۱(اصلاحیه),۱۴۰۳/۰۴/۳۰ ۲۰:۴۹:۳۸,1220828,True,https://excel.codal.ir/service/Excel/GetAll/1OfXcM2FasVthdzMdWnNNA%3d%3d/0,export,گندله,تن,,,0.0,0.0,1403-03,1403
کنور,توسعه معدنی و صنعتی صبانور,iron_ore,1403/04/31,گزارش فعالیت ماهانه دوره ۱ ماهه منتهی به  ۱۴۰۳/۰۴/۳۱,۱۴۰۳/۰۵/۰۶ ۱۶:۲۱:۱۸,1225900,False,https://excel.codal.ir/service/Excel/GetAll/IfD1WRTFjRXOOObOOOiRKY8Y5OOObOOO8w%3d%3d/0,domestic,نرمه گندله,تن,0.0,,,0.0,1403-04,1403
کنور,توسعه معدنی و صنعتی صبانور,iron_ore,1403/04/31,گزارش فعالیت ماهانه دوره ۱ ماهه منتهی به  ۱۴۰۳/۰۴/۳۱,۱۴۰۳/۰۵/۰۶ ۱۶:۲۱:۱۸,1225900,False,https://excel.codal.ir/service/Excel/GetAll/IfD1WRTFjRXOOObOOOiRKY8Y5OOObOOO8w%3d%3d/0,domestic,کنسانتره,تن,136110.0,81168.0,40082533.0,3253419.0,1403-04,1403
کنور,توسعه معدنی و صنعتی صبانور,iron_ore,1403/04/31,گزارش فعالیت ماهانه دوره ۱ ماهه منتهی به  ۱۴۰۳/۰۴/۳۱,۱۴۰۳/۰۵/۰۶ ۱۶:۲۱:۱۸,1225900,False,https://excel.codal.ir/service/Excel/GetAll/IfD1WRTFjRXOOObOOOiRKY8Y5OOObOOO8w%3d%3d/0,export,کنسانتره,تن,,,0.0,0.0,1403-04,1403
کنور,توسعه معدنی و صنعتی صبانور,iron_ore,1403/04/31,گزارش فعالیت ماهانه دوره ۱ ماهه منتهی به  ۱۴۰۳/۰۴/۳۱,۱۴۰۳/۰۵/۰۶ ۱۶:۲۱:۱۸,1225900,False,https://excel.codal.ir/service/Excel/GetAll/IfD1WRTFjRXOOObOOOiRKY8Y5OOObOOO8w%3d%3d/0,domestic,گندله,تن,58356.0,6758.0,54354247.0,367326.0,1403-04,1403
کنور,توسعه معدنی و صنعتی صبانور,iron_ore,1403/04/31,گزارش فعالیت ماهانه دوره ۱ ماهه منتهی به  ۱۴۰۳/۰۴/۳۱,۱۴۰۳/۰۵/۰۶ ۱۶:۲۱:۱۸,1225900,False,https://excel.codal.ir/service/Excel/GetAll/IfD1WRTFjRXOOObOOOiRKY8Y5OOObOOO8w%3d%3d/0,export,گندله,تن,,,0.0,0.0,1403-04,1403
کنور,توسعه معدنی و صنعتی صبانور,iron_ore,1403/05/31,گزارش فعالیت ماهانه دوره ۱ ماهه منتهی به  ۱۴۰۳/۰۵/۳۱,۱۴۰۳/۰۶/۰۶ ۱۷:۱۳:۱۷,1239409,False,https://excel.codal.ir/service/Excel/GetAll/j4fKYOTekc7U9mQrPd292A%3d%3d/0,domestic,نرمه گندله,تن,0.0,0.0,,0.0,1403-05,1403
کنور,توسعه معدنی و صنعتی صبانور,iron_ore,1403/05/31,گزارش فعالیت ماهانه دوره ۱ ماهه منتهی به  ۱۴۰۳/۰۵/۳۱,۱۴۰۳/۰۶/۰۶ ۱۷:۱۳:۱۷,1239409,False,https://excel.codal.ir/service/Excel/GetAll/j4fKYOTekc7U9mQrPd292A%3d%3d/0,domestic,کنسانتره,تن,125792.0,27491.0,40479903.0,1112833.0,1403-05,1403
کنور,توسعه معدنی و صنعتی صبانور,iron_ore,1403/05/31,گزارش فعالیت ماهانه دوره ۱ ماهه منتهی به  ۱۴۰۳/۰۵/۳۱,۱۴۰۳/۰۶/۰۶ ۱۷:۱۳:۱۷,1239409,False,https://excel.codal.ir/service/Excel/GetAll/j4fKYOTekc7U9mQrPd292A%3d%3d/0,export,کنسانتره,تن,,,0.0,0.0,1403-05,1403
کنور,توسعه معدنی و صنعتی صبانور,iron_ore,1403/05/31,گزارش فعالیت ماهانه دوره ۱ ماهه منتهی به  ۱۴۰۳/۰۵/۳۱,۱۴۰۳/۰۶/۰۶ ۱۷:۱۳:۱۷,1239409,False,https://excel.codal.ir/service/Excel/GetAll/j4fKYOTekc7U9mQrPd292A%3d%3d/0,domestic,گندله,تن,54202.0,74241.0,52568096.0,3902708.0,1403-05,1403
کنور,توسعه معدنی و صنعتی صبانور,iron_ore,1403/05/31,گزارش فعالیت ماهانه دوره ۱ ماهه منتهی به  ۱۴۰۳/۰۵/۳۱,۱۴۰۳/۰۶/۰۶ ۱۷:۱۳:۱۷,1239409,False,https://excel.codal.ir/service/Excel/GetAll/j4fKYOTekc7U9mQrPd292A%3d%3d/0,export,گندله,تن,,,0.0,0.0,1403-05,1403
کنور,توسعه معدنی و صنعتی صبانور,iron_ore,1403/06/31,گزارش فعالیت ماهانه دوره ۱ ماهه منتهی به  ۱۴۰۳/۰۶/۳۱(اصلاحیه),۱۴۰۳/۰۸/۰۱ ۲۱:۰۳:۲۶,1260527,True,https://excel.codal.ir/service/Excel/GetAll/CZO9Csi5eBTXRBD3NtAw7w%3d%3d/0,domestic,نرمه گندله,تن,0.0,0.0,,0.0,1403-06,1403
کنور,توسعه معدنی و صنعتی صبانور,iron_ore,1403/06/31,گزارش فعالیت ماهانه دوره ۱ ماهه منتهی به  ۱۴۰۳/۰۶/۳۱(اصلاحیه),۱۴۰۳/۰۸/۰۱ ۲۱:۰۳:۲۶,1260527,True,https://excel.codal.ir/service/Excel/GetAll/CZO9Csi5eBTXRBD3NtAw7w%3d%3d/0,domestic,کنسانتره,تن,134354.0,16323.0,42122343.0,687563.0,1403-06,1403
کنور,توسعه معدنی و صنعتی صبانور,iron_ore,1403/06/31,گزارش فعالیت ماهانه دوره ۱ ماهه منتهی به  ۱۴۰۳/۰۶/۳۱(اصلاحیه),۱۴۰۳/۰۸/۰۱ ۲۱:۰۳:۲۶,1260527,True,https://excel.codal.ir/service/Excel/GetAll/CZO9Csi5eBTXRBD3NtAw7w%3d%3d/0,export,کنسانتره,تن,0.0,46164.0,36132679.0,1668029.0,1403-06,1403
کنور,توسعه معدنی و صنعتی صبانور,iron_ore,1403/06/31,گزارش فعالیت ماهانه دوره ۱ ماهه منتهی به  ۱۴۰۳/۰۶/۳۱(اصلاحیه),۱۴۰۳/۰۸/۰۱ ۲۱:۰۳:۲۶,1260527,True,https://excel.codal.ir/service/Excel/GetAll/CZO9Csi5eBTXRBD3NtAw7w%3d%3d/0,domestic,گندله,تن,56329.0,35137.0,54642940.0,1919989.0,1403-06,1403
کنور,توسعه معدنی و صنعتی صبانور,iron_ore,1403/06/31,گزارش فعالیت ماهانه دوره ۱ ماهه منتهی به  ۱۴۰۳/۰۶/۳۱(اصلاحیه),۱۴۰۳/۰۸/۰۱ ۲۱:۰۳:۲۶,1260527,True,https://excel.codal.ir/service/Excel/GetAll/CZO9Csi5eBTXRBD3NtAw7w%3d%3d/0,export,گندله,تن,0.0,50812.0,42078407.0,2138088.0,1403-06,1403
کنور,توسعه معدنی و صنعتی صبانور,iron_ore,1403/07/30,گزارش فعالیت ماهانه دوره ۱ ماهه منتهی به  ۱۴۰۳/۰۷/۳۰,۱۴۰۳/۰۸/۰۵ ۱۷:۵۳:۲۱,1261799,False,https://excel.codal.ir/service/Excel/GetAll/aI186tkOOObOOOw7hR1I66Gb1XQQQaQQQw%3d%3d/0,domestic,نرمه گندله,تن,0.0,0.0,,0.0,1403-07,1403
کنور,توسعه معدنی و صنعتی صبانور,iron_ore,1403/07/30,گزارش فعالیت ماهانه دوره ۱ ماهه منتهی به  ۱۴۰۳/۰۷/۳۰,۱۴۰۳/۰۸/۰۵ ۱۷:۵۳:۲۱,1261799,False,https://excel.codal.ir/service/Excel/GetAll/aI186tkOOObOOOw7hR1I66Gb1XQQQaQQQw%3d%3d/0,domestic,کنسانتره,تن,118135.0,7776.0,40186600.0,312491.0,1403-07,1403
کنور,توسعه معدنی و صنعتی صبانور,iron_ore,1403/07/30,گزارش فعالیت ماهانه دوره ۱ ماهه منتهی به  ۱۴۰۳/۰۷/۳۰,۱۴۰۳/۰۸/۰۵ ۱۷:۵۳:۲۱,1261799,False,https://excel.codal.ir/service/Excel/GetAll/aI186tkOOObOOOw7hR1I66Gb1XQQQaQQQw%3d%3d/0,export,کنسانتره,تن,0.0,45819.0,38118772.0,1746564.0,1403-07,1403
کنور,توسعه معدنی و صنعتی صبانور,iron_ore,1403/07/30,گزارش فعالیت ماهانه دوره ۱ ماهه منتهی به  ۱۴۰۳/۰۷/۳۰,۱۴۰۳/۰۸/۰۵ ۱۷:۵۳:۲۱,1261799,False,https://excel.codal.ir/service/Excel/GetAll/aI186tkOOObOOOw7hR1I66Gb1XQQQaQQQw%3d%3d/0,domestic,گندله,تن,56123.0,27234.0,56580157.0,1540904.0,1403-07,1403
کنور,توسعه معدنی و صنعتی صبانور,iron_ore,1403/07/30,گزارش فعالیت ماهانه دوره ۱ ماهه منتهی به  ۱۴۰۳/۰۷/۳۰,۱۴۰۳/۰۸/۰۵ ۱۷:۵۳:۲۱,1261799,False,https://excel.codal.ir/service/Excel/GetAll/aI186tkOOObOOOw7hR1I66Gb1XQQQaQQQw%3d%3d/0,export,گندله,تن,0.0,0.0,0.0,0.0,1403-07,1403
کنور,توسعه معدنی و صنعتی صبانور,iron_ore,1403/08/30,گزارش فعالیت ماهانه دوره ۱ ماهه منتهی به  ۱۴۰۳/۰۸/۳۰,۱۴۰۳/۰۹/۰۵ ۱۴:۵۷:۱۰,1274823,False,https://excel.codal.ir/service/Excel/GetAll/bn0tnFHGasKylYX0IgbOOObOOOmA%3d%3d/0,domestic,نرمه گندله,تن,,,,0.0,1403-08,1403
کنور,توسعه معدنی و صنعتی صبانور,iron_ore,1403/08/30,گزارش فعالیت ماهانه دوره ۱ ماهه منتهی به  ۱۴۰۳/۰۸/۳۰,۱۴۰۳/۰۹/۰۵ ۱۴:۵۷:۱۰,1274823,False,https://excel.codal.ir/service/Excel/GetAll/bn0tnFHGasKylYX0IgbOOObOOOmA%3d%3d/0,domestic,کنسانتره,تن,137075.0,20205.0,40075575.0,809727.0,1403-08,1403
کنور,توسعه معدنی و صنعتی صبانور,iron_ore,1403/08/30,گزارش فعالیت ماهانه دوره ۱ ماهه منتهی به  ۱۴۰۳/۰۸/۳۰,۱۴۰۳/۰۹/۰۵ ۱۴:۵۷:۱۰,1274823,False,https://excel.codal.ir/service/Excel/GetAll/bn0tnFHGasKylYX0IgbOOObOOOmA%3d%3d/0,export,کنسانتره,تن,,,0.0,0.0,1403-08,1403
کنور,توسعه معدنی و صنعتی صبانور,iron_ore,1403/08/30,گزارش فعالیت ماهانه دوره ۱ ماهه منتهی به  ۱۴۰۳/۰۸/۳۰,۱۴۰۳/۰۹/۰۵ ۱۴:۵۷:۱۰,1274823,False,https://excel.codal.ir/service/Excel/GetAll/bn0tnFHGasKylYX0IgbOOObOOOmA%3d%3d/0,domestic,گندله,تن,30016.0,22764.0,53498902.0,1217849.0,1403-08,1403
کنور,توسعه معدنی و صنعتی صبانور,iron_ore,1403/08/30,گزارش فعالیت ماهانه دوره ۱ ماهه منتهی به  ۱۴۰۳/۰۸/۳۰,۱۴۰۳/۰۹/۰۵ ۱۴:۵۷:۱۰,1274823,False,https://excel.codal.ir/service/Excel/GetAll/bn0tnFHGasKylYX0IgbOOObOOOmA%3d%3d/0,export,گندله,تن,,,0.0,0.0,1403-08,1403
کنور,توسعه معدنی و صنعتی صبانور,iron_ore,1403/09/30,گزارش فعالیت ماهانه دوره ۱ ماهه منتهی به  ۱۴۰۳/۰۹/۳۰(اصلاحیه),۱۴۰۳/۱۰/۳۰ ۱۸:۳۶:۲۸,1296881,True,https://excel.codal.ir/service/Excel/GetAll/VZQ1jnmeC05cvnbt00xOyA%3d%3d/0,domestic,نرمه گندله,تن,0.0,50700.0,23153235.0,1173869.0,1403-09,1403
کنور,توسعه معدنی و صنعتی صبانور,iron_ore,1403/09/30,گزارش فعالیت ماهانه دوره ۱ ماهه منتهی به  ۱۴۰۳/۰۹/۳۰(اصلاحیه),۱۴۰۳/۱۰/۳۰ ۱۸:۳۶:۲۸,1296881,True,https://excel.codal.ir/service/Excel/GetAll/VZQ1jnmeC05cvnbt00xOyA%3d%3d/0,domestic,کلوخه سنگ آهن,تن,0.0,69010.0,9970135.0,688039.0,1403-09,1403
کنور,توسعه معدنی و صنعتی صبانور,iron_ore,1403/09/30,گزارش فعالیت ماهانه دوره ۱ ماهه منتهی به  ۱۴۰۳/۰۹/۳۰(اصلاحیه),۱۴۰۳/۱۰/۳۰ ۱۸:۳۶:۲۸,1296881,True,https://excel.codal.ir/service/Excel/GetAll/VZQ1jnmeC05cvnbt00xOyA%3d%3d/0,domestic,کنسانتره,تن,123923.0,70588.0,41433062.0,2924677.0,1403-09,1403
کنور,توسعه معدنی و صنعتی صبانور,iron_ore,1403/09/30,گزارش فعالیت ماهانه دوره ۱ ماهه منتهی به  ۱۴۰۳/۰۹/۳۰(اصلاحیه),۱۴۰۳/۱۰/۳۰ ۱۸:۳۶:۲۸,1296881,True,https://excel.codal.ir/service/Excel/GetAll/VZQ1jnmeC05cvnbt00xOyA%3d%3d/0,export,کنسانتره,تن,,45720.0,56995166.0,2605819.0,1403-09,1403
کنور,توسعه معدنی و صنعتی صبانور,iron_ore,1403/09/30,گزارش فعالیت ماهانه دوره ۱ ماهه منتهی به  ۱۴۰۳/۰۹/۳۰(اصلاحیه),۱۴۰۳/۱۰/۳۰ ۱۸:۳۶:۲۸,1296881,True,https://excel.codal.ir/service/Excel/GetAll/VZQ1jnmeC05cvnbt00xOyA%3d%3d/0,domestic,گندله,تن,0.0,0.0,,0.0,1403-09,1403
کنور,توسعه معدنی و صنعتی صبانور,iron_ore,1403/09/30,گزارش فعالیت ماهانه دوره ۱ ماهه منتهی به  ۱۴۰۳/۰۹/۳۰(اصلاحیه),۱۴۰۳/۱۰/۳۰ ۱۸:۳۶:۲۸,1296881,True,https://excel.codal.ir/service/Excel/GetAll/VZQ1jnmeC05cvnbt00xOyA%3d%3d/0,export,گندله,تن,,,0.0,0.0,1403-09,1403
کنور,توسعه معدنی و صنعتی صبانور,iron_ore,1403/10/30,گزارش فعالیت ماهانه دوره ۱ ماهه منتهی به  ۱۴۰۳/۱۰/۳۰,۱۴۰۳/۱۱/۰۶ ۱۶:۴۴:۳۷,1300753,False,https://excel.codal.ir/service/Excel/GetAll/QQ1fQPdzCOOObOOO8M9DmQkmE9pQ%3d%3d/0,domestic,نرمه گندله,تن,0.0,0.0,,0.0,1403-10,1403
کنور,توسعه معدنی و صنعتی صبانور,iron_ore,1403/10/30,گزارش فعالیت ماهانه دوره ۱ ماهه منتهی به  ۱۴۰۳/۱۰/۳۰,۱۴۰۳/۱۱/۰۶ ۱۶:۴۴:۳۷,1300753,False,https://excel.codal.ir/service/Excel/GetAll/QQ1fQPdzCOOObOOO8M9DmQkmE9pQ%3d%3d/0,domestic,کلوخه سنگ آهن,تن,0.0,36518.0,9546470.0,348618.0,1403-10,1403
کنور,توسعه معدنی و صنعتی صبانور,iron_ore,1403/10/30,گزارش فعالیت ماهانه دوره ۱ ماهه منتهی به  ۱۴۰۳/۱۰/۳۰,۱۴۰۳/۱۱/۰۶ ۱۶:۴۴:۳۷,1300753,False,https://excel.codal.ir/service/Excel/GetAll/QQ1fQPdzCOOObOOO8M9DmQkmE9pQ%3d%3d/0,domestic,کنسانتره,تن,130522.0,99029.0,41998778.0,4159097.0,1403-10,1403
کنور,توسعه معدنی و صنعتی صبانور,iron_ore,1403/10/30,گزارش فعالیت ماهانه دوره ۱ ماهه منتهی به  ۱۴۰۳/۱۰/۳۰,۱۴۰۳/۱۱/۰۶ ۱۶:۴۴:۳۷,1300753,False,https://excel.codal.ir/service/Excel/GetAll/QQ1fQPdzCOOObOOO8M9DmQkmE9pQ%3d%3d/0,export,کنسانتره,تن,,,0.0,0.0,1403-10,1403
کنور,توسعه معدنی و صنعتی صبانور,iron_ore,1403/10/30,گزارش فعالیت ماهانه دوره ۱ ماهه منتهی به  ۱۴۰۳/۱۰/۳۰,۱۴۰۳/۱۱/۰۶ ۱۶:۴۴:۳۷,1300753,False,https://excel.codal.ir/service/Excel/GetAll/QQ1fQPdzCOOObOOO8M9DmQkmE9pQ%3d%3d/0,domestic,گندله,تن,0.0,49155.0,61159231.0,3006282.0,1403-10,1403
کنور,توسعه معدنی و صنعتی صبانور,iron_ore,1403/10/30,گزارش فعالیت ماهانه دوره ۱ ماهه منتهی به  ۱۴۰۳/۱۰/۳۰,۱۴۰۳/۱۱/۰۶ ۱۶:۴۴:۳۷,1300753,False,https://excel.codal.ir/service/Excel/GetAll/QQ1fQPdzCOOObOOO8M9DmQkmE9pQ%3d%3d/0,export,گندله,تن,,,0.0,0.0,1403-10,1403
کنور,توسعه معدنی و صنعتی صبانور,iron_ore,1403/11/30,گزارش فعالیت ماهانه دوره ۱ ماهه منتهی به  ۱۴۰۳/۱۱/۳۰,۱۴۰۳/۱۲/۰۵ ۱۴:۰۶:۳۲,1311756,False,https://excel.codal.ir/service/Excel/GetAll/rkUnU7Hgp6YVLiQQQaQQQQmgjQDQ%3d%3d/0,domestic,نرمه گندله,تن,,,,0.0,1403-11,1403
کنور,توسعه معدنی و صنعتی صبانور,iron_ore,1403/11/30,گزارش فعالیت ماهانه دوره ۱ ماهه منتهی به  ۱۴۰۳/۱۱/۳۰,۱۴۰۳/۱۲/۰۵ ۱۴:۰۶:۳۲,1311756,False,https://excel.codal.ir/service/Excel/GetAll/rkUnU7Hgp6YVLiQQQaQQQQmgjQDQ%3d%3d/0,domestic,کلوخه سنگ آهن,تن,0.0,31669.0,9926648.0,314367.0,1403-11,1403
کنور,توسعه معدنی و صنعتی صبانور,iron_ore,1403/11/30,گزارش فعالیت ماهانه دوره ۱ ماهه منتهی به  ۱۴۰۳/۱۱/۳۰,۱۴۰۳/۱۲/۰۵ ۱۴:۰۶:۳۲,1311756,False,https://excel.codal.ir/service/Excel/GetAll/rkUnU7Hgp6YVLiQQQaQQQQmgjQDQ%3d%3d/0,domestic,کنسانتره,تن,131583.0,126093.0,43663272.0,5505633.0,1403-11,1403
کنور,توسعه معدنی و صنعتی صبانور,iron_ore,1403/11/30,گزارش فعالیت ماهانه دوره ۱ ماهه منتهی به  ۱۴۰۳/۱۱/۳۰,۱۴۰۳/۱۲/۰۵ ۱۴:۰۶:۳۲,1311756,False,https://excel.codal.ir/service/Excel/GetAll/rkUnU7Hgp6YVLiQQQaQQQQmgjQDQ%3d%3d/0,export,کنسانتره,تن,0.0,0.0,0.0,0.0,1403-11,1403
کنور,توسعه معدنی و صنعتی صبانور,iron_ore,1403/11/30,گزارش فعالیت ماهانه دوره ۱ ماهه منتهی به  ۱۴۰۳/۱۱/۳۰,۱۴۰۳/۱۲/۰۵ ۱۴:۰۶:۳۲,1311756,False,https://excel.codal.ir/service/Excel/GetAll/rkUnU7Hgp6YVLiQQQaQQQQmgjQDQ%3d%3d/0,domestic,گندله,تن,8411.0,2000.0,54067000.0,108134.0,1403-11,1403
کنور,توسعه معدنی و صنعتی صبانور,iron_ore,1403/11/30,گزارش فعالیت ماهانه دوره ۱ ماهه منتهی به  ۱۴۰۳/۱۱/۳۰,۱۴۰۳/۱۲/۰۵ ۱۴:۰۶:۳۲,1311756,False,https://excel.codal.ir/service/Excel/GetAll/rkUnU7Hgp6YVLiQQQaQQQQmgjQDQ%3d%3d/0,export,گندله,تن,0.0,0.0,0.0,0.0,1403-11,1403
کنور,توسعه معدنی و صنعتی صبانور,iron_ore,1403/12/30,گزارش فعالیت ماهانه دوره ۱ ماهه منتهی به  ۱۴۰۳/۱۲/۳۰(اصلاحیه),۱۴۰۴/۰۲/۳۱ ۲۰:۴۰:۵۹,1347699,True,https://excel.codal.ir/service/Excel/GetAll/tXkHrIPfI7ohOOObOOOjihXqSABA%3d%3d/0,domestic,نرمه گندله,تن,,26073.0,15551030.0,405462.0,1403-12,1403
کنور,توسعه معدنی و صنعتی صبانور,iron_ore,1403/12/30,گزارش فعالیت ماهانه دوره ۱ ماهه منتهی به  ۱۴۰۳/۱۲/۳۰(اصلاحیه),۱۴۰۴/۰۲/۳۱ ۲۰:۴۰:۵۹,1347699,True,https://excel.codal.ir/service/Excel/GetAll/tXkHrIPfI7ohOOObOOOjihXqSABA%3d%3d/0,domestic,کلوخه سنگ آهن,تن,,26396.0,10280914.0,271375.0,1403-12,1403
کنور,توسعه معدنی و صنعتی صبانور,iron_ore,1403/12/30,گزارش فعالیت ماهانه دوره ۱ ماهه منتهی به  ۱۴۰۳/۱۲/۳۰(اصلاحیه),۱۴۰۴/۰۲/۳۱ ۲۰:۴۰:۵۹,1347699,True,https://excel.codal.ir/service/Excel/GetAll/tXkHrIPfI7ohOOObOOOjihXqSABA%3d%3d/0,domestic,کنسانتره,تن,94111.0,137534.0,46354094.0,6375264.0,1403-12,1403
کنور,توسعه معدنی و صنعتی صبانور,iron_ore,1403/12/30,گزارش فعالیت ماهانه دوره ۱ ماهه منتهی به  ۱۴۰۳/۱۲/۳۰(اصلاحیه),۱۴۰۴/۰۲/۳۱ ۲۰:۴۰:۵۹,1347699,True,https://excel.codal.ir/service/Excel/GetAll/tXkHrIPfI7ohOOObOOOjihXqSABA%3d%3d/0,export,کنسانتره,تن,,,0.0,0.0,1403-12,1403
کنور,توسعه معدنی و صنعتی صبانور,iron_ore,1403/12/30,گزارش فعالیت ماهانه دوره ۱ ماهه منتهی به  ۱۴۰۳/۱۲/۳۰(اصلاحیه),۱۴۰۴/۰۲/۳۱ ۲۰:۴۰:۵۹,1347699,True,https://excel.codal.ir/service/Excel/GetAll/tXkHrIPfI7ohOOObOOOjihXqSABA%3d%3d/0,domestic,گندله,تن,46691.0,5857.0,66220249.0,387852.0,1403-12,1403
کنور,توسعه معدنی و صنعتی صبانور,iron_ore,1403/12/30,گزارش فعالیت ماهانه دوره ۱ ماهه منتهی به  ۱۴۰۳/۱۲/۳۰(اصلاحیه),۱۴۰۴/۰۲/۳۱ ۲۰:۴۰:۵۹,1347699,True,https://excel.codal.ir/service/Excel/GetAll/tXkHrIPfI7ohOOObOOOjihXqSABA%3d%3d/0,export,گندله,تن,,,0.0,0.0,1403-12,1403
کنور,توسعه معدنی و صنعتی صبانور,iron_ore,1404/01/31,گزارش فعالیت ماهانه دوره ۱ ماهه منتهی به  ۱۴۰۴/۰۱/۳۱,۱۴۰۴/۰۲/۰۶ ۱۶:۳۰:۳۱,1335272,False,https://excel.codal.ir/service/Excel/GetAll/Y9tj9pBb8wFwojpXm2QPDQ%3d%3d/0,domestic,نرمه گندله,تن,,0.0,,0.0,1404-01,1404
کنور,توسعه معدنی و صنعتی صبانور,iron_ore,1404/01/31,گزارش فعالیت ماهانه دوره ۱ ماهه منتهی به  ۱۴۰۴/۰۱/۳۱,۱۴۰۴/۰۲/۰۶ ۱۶:۳۰:۳۱,1335272,False,https://excel.codal.ir/service/Excel/GetAll/Y9tj9pBb8wFwojpXm2QPDQ%3d%3d/0,domestic,کلوخه سنگ آهن,تن,,34108.0,10022282.0,341840.0,1404-01,1404
کنور,توسعه معدنی و صنعتی صبانور,iron_ore,1404/01/31,گزارش فعالیت ماهانه دوره ۱ ماهه منتهی به  ۱۴۰۴/۰۱/۳۱,۱۴۰۴/۰۲/۰۶ ۱۶:۳۰:۳۱,1335272,False,https://excel.codal.ir/service/Excel/GetAll/Y9tj9pBb8wFwojpXm2QPDQ%3d%3d/0,domestic,کنسانتره,تن,118996.0,86874.0,46831181.0,4068412.0,1404-01,1404
کنور,توسعه معدنی و صنعتی صبانور,iron_ore,1404/01/31,گزارش فعالیت ماهانه دوره ۱ ماهه منتهی به  ۱۴۰۴/۰۱/۳۱,۱۴۰۴/۰۲/۰۶ ۱۶:۳۰:۳۱,1335272,False,https://excel.codal.ir/service/Excel/GetAll/Y9tj9pBb8wFwojpXm2QPDQ%3d%3d/0,export,کنسانتره,تن,,45809.0,54244690.0,2484895.0,1404-01,1404
کنور,توسعه معدنی و صنعتی صبانور,iron_ore,1404/01/31,گزارش فعالیت ماهانه دوره ۱ ماهه منتهی به  ۱۴۰۴/۰۱/۳۱,۱۴۰۴/۰۲/۰۶ ۱۶:۳۰:۳۱,1335272,False,https://excel.codal.ir/service/Excel/GetAll/Y9tj9pBb8wFwojpXm2QPDQ%3d%3d/0,domestic,گندله,تن,41353.0,26659.0,72560486.0,1934390.0,1404-01,1404
کنور,توسعه معدنی و صنعتی صبانور,iron_ore,1404/01/31,گزارش فعالیت ماهانه دوره ۱ ماهه منتهی به  ۱۴۰۴/۰۱/۳۱,۱۴۰۴/۰۲/۰۶ ۱۶:۳۰:۳۱,1335272,False,https://excel.codal.ir/service/Excel/GetAll/Y9tj9pBb8wFwojpXm2QPDQ%3d%3d/0,export,گندله,تن,,52429.0,69346182.0,3635751.0,1404-01,1404
کنور,توسعه معدنی و صنعتی صبانور,iron_ore,1404/02/31,گزارش فعالیت ماهانه دوره ۱ ماهه منتهی به  ۱۴۰۴/۰۲/۳۱,۱۴۰۴/۰۳/۰۵ ۱۷:۰۱:۲۲,1349971,False,https://excel.codal.ir/service/Excel/GetAll/BgCUVUwZQVVfKP77ZmHsTA%3d%3d/0,domestic,نرمه گندله,تن,0.0,0.0,,0.0,1404-02,1404
کنور,توسعه معدنی و صنعتی صبانور,iron_ore,1404/02/31,گزارش فعالیت ماهانه دوره ۱ ماهه منتهی به  ۱۴۰۴/۰۲/۳۱,۱۴۰۴/۰۳/۰۵ ۱۷:۰۱:۲۲,1349971,False,https://excel.codal.ir/service/Excel/GetAll/BgCUVUwZQVVfKP77ZmHsTA%3d%3d/0,domestic,کلوخه سنگ آهن,تن,0.0,46137.0,10018532.0,462225.0,1404-02,1404
کنور,توسعه معدنی و صنعتی صبانور,iron_ore,1404/02/31,گزارش فعالیت ماهانه دوره ۱ ماهه منتهی به  ۱۴۰۴/۰۲/۳۱,۱۴۰۴/۰۳/۰۵ ۱۷:۰۱:۲۲,1349971,False,https://excel.codal.ir/service/Excel/GetAll/BgCUVUwZQVVfKP77ZmHsTA%3d%3d/0,domestic,کنسانتره,تن,134004.0,45246.0,46382310.0,2098614.0,1404-02,1404
کنور,توسعه معدنی و صنعتی صبانور,iron_ore,1404/02/31,گزارش فعالیت ماهانه دوره ۱ ماهه منتهی به  ۱۴۰۴/۰۲/۳۱,۱۴۰۴/۰۳/۰۵ ۱۷:۰۱:۲۲,1349971,False,https://excel.codal.ir/service/Excel/GetAll/BgCUVUwZQVVfKP77ZmHsTA%3d%3d/0,export,کنسانتره,تن,0.0,0.0,0.0,0.0,1404-02,1404
کنور,توسعه معدنی و صنعتی صبانور,iron_ore,1404/02/31,گزارش فعالیت ماهانه دوره ۱ ماهه منتهی به  ۱۴۰۴/۰۲/۳۱,۱۴۰۴/۰۳/۰۵ ۱۷:۰۱:۲۲,1349971,False,https://excel.codal.ir/service/Excel/GetAll/BgCUVUwZQVVfKP77ZmHsTA%3d%3d/0,domestic,گندله,تن,49032.0,61219.0,77037978.0,4716188.0,1404-02,1404
کنور,توسعه معدنی و صنعتی صبانور,iron_ore,1404/02/31,گزارش فعالیت ماهانه دوره ۱ ماهه منتهی به  ۱۴۰۴/۰۲/۳۱,۱۴۰۴/۰۳/۰۵ ۱۷:۰۱:۲۲,1349971,False,https://excel.codal.ir/service/Excel/GetAll/BgCUVUwZQVVfKP77ZmHsTA%3d%3d/0,export,گندله,تن,0.0,0.0,0.0,0.0,1404-02,1404
کنور,توسعه معدنی و صنعتی صبانور,iron_ore,1404/03/31,گزارش فعالیت ماهانه دوره ۱ ماهه منتهی به  ۱۴۰۴/۰۳/۳۱(اصلاحیه),۱۴۰۴/۰۴/۳۰ ۲۱:۵۷:۲۴,1367035,True,https://excel.codal.ir/service/Excel/GetAll/SN715eXIIZr3y3c1sTHQQQaQQQzg%3d%3d/0,domestic,نرمه گندله,تن,0.0,0.0,,0.0,1404-03,1404
کنور,توسعه معدنی و صنعتی صبانور,iron_ore,1404/03/31,گزارش فعالیت ماهانه دوره ۱ ماهه منتهی به  ۱۴۰۴/۰۳/۳۱(اصلاحیه),۱۴۰۴/۰۴/۳۰ ۲۱:۵۷:۲۴,1367035,True,https://excel.codal.ir/service/Excel/GetAll/SN715eXIIZr3y3c1sTHQQQaQQQzg%3d%3d/0,domestic,کلوخه سنگ آهن,تن,0.0,64449.0,11980093.0,772105.0,1404-03,1404
کنور,توسعه معدنی و صنعتی صبانور,iron_ore,1404/03/31,گزارش فعالیت ماهانه دوره ۱ ماهه منتهی به  ۱۴۰۴/۰۳/۳۱(اصلاحیه),۱۴۰۴/۰۴/۳۰ ۲۱:۵۷:۲۴,1367035,True,https://excel.codal.ir/service/Excel/GetAll/SN715eXIIZr3y3c1sTHQQQaQQQzg%3d%3d/0,domestic,کنسانتره,تن,154256.0,63226.0,50904359.0,3218479.0,1404-03,1404
کنور,توسعه معدنی و صنعتی صبانور,iron_ore,1404/03/31,گزارش فعالیت ماهانه دوره ۱ ماهه منتهی به  ۱۴۰۴/۰۳/۳۱(اصلاحیه),۱۴۰۴/۰۴/۳۰ ۲۱:۵۷:۲۴,1367035,True,https://excel.codal.ir/service/Excel/GetAll/SN715eXIIZr3y3c1sTHQQQaQQQzg%3d%3d/0,export,کنسانتره,تن,0.0,0.0,0.0,0.0,1404-03,1404
کنور,توسعه معدنی و صنعتی صبانور,iron_ore,1404/03/31,گزارش فعالیت ماهانه دوره ۱ ماهه منتهی به  ۱۴۰۴/۰۳/۳۱(اصلاحیه),۱۴۰۴/۰۴/۳۰ ۲۱:۵۷:۲۴,1367035,True,https://excel.codal.ir/service/Excel/GetAll/SN715eXIIZr3y3c1sTHQQQaQQQzg%3d%3d/0,domestic,گندله,تن,47529.0,27121.0,73271819.0,1987205.0,1404-03,1404
کنور,توسعه معدنی و صنعتی صبانور,iron_ore,1404/03/31,گزارش فعالیت ماهانه دوره ۱ ماهه منتهی به  ۱۴۰۴/۰۳/۳۱(اصلاحیه),۱۴۰۴/۰۴/۳۰ ۲۱:۵۷:۲۴,1367035,True,https://excel.codal.ir/service/Excel/GetAll/SN715eXIIZr3y3c1sTHQQQaQQQzg%3d%3d/0,export,گندله,تن,0.0,0.0,0.0,0.0,1404-03,1404
کنور,توسعه معدنی و صنعتی صبانور,iron_ore,1404/04/31,گزارش فعالیت ماهانه دوره ۱ ماهه منتهی به  ۱۴۰۴/۰۴/۳۱(اصلاحیه),۱۴۰۴/۰۵/۲۱ ۱۴:۳۵:۱۹,1392045,True,https://excel.codal.ir/service/Excel/GetAll/VXKCkRIBolBYbAYhvCN0wg%3d%3d/0,domestic,باطله سنگ آهن,تن,,1997.0,2000000.0,3994.0,1404-04,1404
کنور,توسعه معدنی و صنعتی صبانور,iron_ore,1404/04/31,گزارش فعالیت ماهانه دوره ۱ ماهه منتهی به  ۱۴۰۴/۰۴/۳۱(اصلاحیه),۱۴۰۴/۰۵/۲۱ ۱۴:۳۵:۱۹,1392045,True,https://excel.codal.ir/service/Excel/GetAll/VXKCkRIBolBYbAYhvCN0wg%3d%3d/0,domestic,نرمه گندله,تن,0.0,0.0,,0.0,1404-04,1404
کنور,توسعه معدنی و صنعتی صبانور,iron_ore,1404/04/31,گزارش فعالیت ماهانه دوره ۱ ماهه منتهی به  ۱۴۰۴/۰۴/۳۱(اصلاحیه),۱۴۰۴/۰۵/۲۱ ۱۴:۳۵:۱۹,1392045,True,https://excel.codal.ir/service/Excel/GetAll/VXKCkRIBolBYbAYhvCN0wg%3d%3d/0,domestic,کلوخه سنگ آهن,تن,376339.0,10710.0,13469374.0,144257.0,1404-04,1404
کنور,توسعه معدنی و صنعتی صبانور,iron_ore,1404/04/31,گزارش فعالیت ماهانه دوره ۱ ماهه منتهی به  ۱۴۰۴/۰۴/۳۱(اصلاحیه),۱۴۰۴/۰۵/۲۱ ۱۴:۳۵:۱۹,1392045,True,https://excel.codal.ir/service/Excel/GetAll/VXKCkRIBolBYbAYhvCN0wg%3d%3d/0,domestic,کنسانتره,تن,149198.0,0.0,,0.0,1404-04,1404
کنور,توسعه معدنی و صنعتی صبانور,iron_ore,1404/04/31,گزارش فعالیت ماهانه دوره ۱ ماهه منتهی به  ۱۴۰۴/۰۴/۳۱(اصلاحیه),۱۴۰۴/۰۵/۲۱ ۱۴:۳۵:۱۹,1392045,True,https://excel.codal.ir/service/Excel/GetAll/VXKCkRIBolBYbAYhvCN0wg%3d%3d/0,export,کنسانتره,تن,0.0,47483.0,60060043.0,2851831.0,1404-04,1404
کنور,توسعه معدنی و صنعتی صبانور,iron_ore,1404/04/31,گزارش فعالیت ماهانه دوره ۱ ماهه منتهی به  ۱۴۰۴/۰۴/۳۱(اصلاحیه),۱۴۰۴/۰۵/۲۱ ۱۴:۳۵:۱۹,1392045,True,https://excel.codal.ir/service/Excel/GetAll/VXKCkRIBolBYbAYhvCN0wg%3d%3d/0,domestic,گندله,تن,0.0,0.0,,0.0,1404-04,1404
کنور,توسعه معدنی و صنعتی صبانور,iron_ore,1404/04/31,گزارش فعالیت ماهانه دوره ۱ ماهه منتهی به  ۱۴۰۴/۰۴/۳۱(اصلاحیه),۱۴۰۴/۰۵/۲۱ ۱۴:۳۵:۱۹,1392045,True,https://excel.codal.ir/service/Excel/GetAll/VXKCkRIBolBYbAYhvCN0wg%3d%3d/0,export,گندله,تن,0.0,0.0,0.0,0.0,1404-04,1404
کنور,توسعه معدنی و صنعتی صبانور,iron_ore,1404/06/31,گزارش فعالیت ماهانه دوره ۱ ماهه منتهی به  ۱۴۰۴/۰۶/۳۱(اصلاحیه),۱۴۰۴/۰۹/۱۲ ۲۰:۳۸:۳۳,1447701,True,https://excel.codal.ir/service/Excel/GetAll/FY2f5w730LOOObOOOiRQivtf9X9g%3d%3d/0,domestic,باطله سنگ آهن,تن,,,,0.0,1404-06,1404
کنور,توسعه معدنی و صنعتی صبانور,iron_ore,1404/06/31,گزارش فعالیت ماهانه دوره ۱ ماهه منتهی به  ۱۴۰۴/۰۶/۳۱(اصلاحیه),۱۴۰۴/۰۹/۱۲ ۲۰:۳۸:۳۳,1447701,True,https://excel.codal.ir/service/Excel/GetAll/FY2f5w730LOOObOOOiRQivtf9X9g%3d%3d/0,domestic,نرمه گندله,تن,0.0,28215.0,33892717.0,956283.0,1404-06,1404
کنور,توسعه معدنی و صنعتی صبانور,iron_ore,1404/06/31,گزارش فعالیت ماهانه دوره ۱ ماهه منتهی به  ۱۴۰۴/۰۶/۳۱(اصلاحیه),۱۴۰۴/۰۹/۱۲ ۲۰:۳۸:۳۳,1447701,True,https://excel.codal.ir/service/Excel/GetAll/FY2f5w730LOOObOOOiRQivtf9X9g%3d%3d/0,domestic,کلوخه سنگ آهن,تن,546367.0,83964.0,12270723.0,1030299.0,1404-06,1404
کنور,توسعه معدنی و صنعتی صبانور,iron_ore,1404/06/31,گزارش فعالیت ماهانه دوره ۱ ماهه منتهی به  ۱۴۰۴/۰۶/۳۱(اصلاحیه),۱۴۰۴/۰۹/۱۲ ۲۰:۳۸:۳۳,1447701,True,https://excel.codal.ir/service/Excel/GetAll/FY2f5w730LOOObOOOiRQivtf9X9g%3d%3d/0,domestic,کنسانتره,تن,161612.0,92057.0,57721053.0,5313627.0,1404-06,1404
کنور,توسعه معدنی و صنعتی صبانور,iron_ore,1404/06/31,گزارش فعالیت ماهانه دوره ۱ ماهه منتهی به  ۱۴۰۴/۰۶/۳۱(اصلاحیه),۱۴۰۴/۰۹/۱۲ ۲۰:۳۸:۳۳,1447701,True,https://excel.codal.ir/service/Excel/GetAll/FY2f5w730LOOObOOOiRQivtf9X9g%3d%3d/0,export,کنسانتره,تن,0.0,47674.0,63822838.0,3042690.0,1404-06,1404
کنور,توسعه معدنی و صنعتی صبانور,iron_ore,1404/06/31,گزارش فعالیت ماهانه دوره ۱ ماهه منتهی به  ۱۴۰۴/۰۶/۳۱(اصلاحیه),۱۴۰۴/۰۹/۱۲ ۲۰:۳۸:۳۳,1447701,True,https://excel.codal.ir/service/Excel/GetAll/FY2f5w730LOOObOOOiRQivtf9X9g%3d%3d/0,domestic,گندله,تن,42627.0,32504.0,68729264.0,2233976.0,1404-06,1404
کنور,توسعه معدنی و صنعتی صبانور,iron_ore,1404/06/31,گزارش فعالیت ماهانه دوره ۱ ماهه منتهی به  ۱۴۰۴/۰۶/۳۱(اصلاحیه),۱۴۰۴/۰۹/۱۲ ۲۰:۳۸:۳۳,1447701,True,https://excel.codal.ir/service/Excel/GetAll/FY2f5w730LOOObOOOiRQivtf9X9g%3d%3d/0,export,گندله,تن,,,0.0,0.0,1404-06,1404
کنور,توسعه معدنی و صنعتی صبانور,iron_ore,1404/07/30,گزارش فعالیت ماهانه دوره ۱ ماهه منتهی به  ۱۴۰۴/۰۷/۳۰(اصلاحیه),۱۴۰۴/۱۰/۰۳ ۱۳:۴۶:۵۵,1462705,True,https://excel.codal.ir/service/Excel/GetAll/qLfCB5xRncCvXjQlrjtC9A%3d%3d/0,domestic,باطله سنگ آهن,تن,,,,0.0,1404-07,1404
کنور,توسعه معدنی و صنعتی صبانور,iron_ore,1404/07/30,گزارش فعالیت ماهانه دوره ۱ ماهه منتهی به  ۱۴۰۴/۰۷/۳۰(اصلاحیه),۱۴۰۴/۱۰/۰۳ ۱۳:۴۶:۵۵,1462705,True,https://excel.codal.ir/service/Excel/GetAll/qLfCB5xRncCvXjQlrjtC9A%3d%3d/0,domestic,نرمه گندله,تن,0.0,22605.0,33714046.0,762106.0,1404-07,1404
کنور,توسعه معدنی و صنعتی صبانور,iron_ore,1404/07/30,گزارش فعالیت ماهانه دوره ۱ ماهه منتهی به  ۱۴۰۴/۰۷/۳۰(اصلاحیه),۱۴۰۴/۱۰/۰۳ ۱۳:۴۶:۵۵,1462705,True,https://excel.codal.ir/service/Excel/GetAll/qLfCB5xRncCvXjQlrjtC9A%3d%3d/0,domestic,کلوخه سنگ آهن,تن,432186.0,33632.0,8966817.0,301572.0,1404-07,1404
کنور,توسعه معدنی و صنعتی صبانور,iron_ore,1404/07/30,گزارش فعالیت ماهانه دوره ۱ ماهه منتهی به  ۱۴۰۴/۰۷/۳۰(اصلاحیه),۱۴۰۴/۱۰/۰۳ ۱۳:۴۶:۵۵,1462705,True,https://excel.codal.ir/service/Excel/GetAll/qLfCB5xRncCvXjQlrjtC9A%3d%3d/0,domestic,کنسانتره,تن,144819.0,38526.0,62378394.0,2403190.0,1404-07,1404
کنور,توسعه معدنی و صنعتی صبانور,iron_ore,1404/07/30,گزارش فعالیت ماهانه دوره ۱ ماهه منتهی به  ۱۴۰۴/۰۷/۳۰(اصلاحیه),۱۴۰۴/۱۰/۰۳ ۱۳:۴۶:۵۵,1462705,True,https://excel.codal.ir/service/Excel/GetAll/qLfCB5xRncCvXjQlrjtC9A%3d%3d/0,export,کنسانتره,تن,,,0.0,0.0,1404-07,1404
کنور,توسعه معدنی و صنعتی صبانور,iron_ore,1404/07/30,گزارش فعالیت ماهانه دوره ۱ ماهه منتهی به  ۱۴۰۴/۰۷/۳۰(اصلاحیه),۱۴۰۴/۱۰/۰۳ ۱۳:۴۶:۵۵,1462705,True,https://excel.codal.ir/service/Excel/GetAll/qLfCB5xRncCvXjQlrjtC9A%3d%3d/0,domestic,گندله,تن,54186.0,52031.0,68790125.0,3579219.0,1404-07,1404
کنور,توسعه معدنی و صنعتی صبانور,iron_ore,1404/07/30,گزارش فعالیت ماهانه دوره ۱ ماهه منتهی به  ۱۴۰۴/۰۷/۳۰(اصلاحیه),۱۴۰۴/۱۰/۰۳ ۱۳:۴۶:۵۵,1462705,True,https://excel.codal.ir/service/Excel/GetAll/qLfCB5xRncCvXjQlrjtC9A%3d%3d/0,export,گندله,تن,,,0.0,0.0,1404-07,1404
کنور,توسعه معدنی و صنعتی صبانور,iron_ore,1404/08/30,گزارش فعالیت ماهانه دوره ۱ ماهه منتهی به  ۱۴۰۴/۰۸/۳۰(اصلاحیه),۱۴۰۴/۱۰/۰۳ ۱۴:۰۵:۰۴,1462748,True,https://excel.codal.ir/service/Excel/GetAll/3xE59TKSKRF3brhwd49jDA%3d%3d/0,domestic,باطله سنگ آهن,تن,,,,0.0,1404-08,1404
کنور,توسعه معدنی و صنعتی صبانور,iron_ore,1404/08/30,گزارش فعالیت ماهانه دوره ۱ ماهه منتهی به  ۱۴۰۴/۰۸/۳۰(اصلاحیه),۱۴۰۴/۱۰/۰۳ ۱۴:۰۵:۰۴,1462748,True,https://excel.codal.ir/service/Excel/GetAll/3xE59TKSKRF3brhwd49jDA%3d%3d/0,domestic,نرمه گندله,تن,,,,0.0,1404-08,1404
کنور,توسعه معدنی و صنعتی صبانور,iron_ore,1404/08/30,گزارش فعالیت ماهانه دوره ۱ ماهه منتهی به  ۱۴۰۴/۰۸/۳۰(اصلاحیه),۱۴۰۴/۱۰/۰۳ ۱۴:۰۵:۰۴,1462748,True,https://excel.codal.ir/service/Excel/GetAll/3xE59TKSKRF3brhwd49jDA%3d%3d/0,domestic,کلوخه سنگ آهن,تن,,,,0.0,1404-08,1404
کنور,توسعه معدنی و صنعتی صبانور,iron_ore,1404/08/30,گزارش فعالیت ماهانه دوره ۱ ماهه منتهی به  ۱۴۰۴/۰۸/۳۰(اصلاحیه),۱۴۰۴/۱۰/۰۳ ۱۴:۰۵:۰۴,1462748,True,https://excel.codal.ir/service/Excel/GetAll/3xE59TKSKRF3brhwd49jDA%3d%3d/0,domestic,کنسانتره,تن,145853.0,39643.0,61577277.0,2441108.0,1404-08,1404
کنور,توسعه معدنی و صنعتی صبانور,iron_ore,1404/08/30,گزارش فعالیت ماهانه دوره ۱ ماهه منتهی به  ۱۴۰۴/۰۸/۳۰(اصلاحیه),۱۴۰۴/۱۰/۰۳ ۱۴:۰۵:۰۴,1462748,True,https://excel.codal.ir/service/Excel/GetAll/3xE59TKSKRF3brhwd49jDA%3d%3d/0,export,کنسانتره,تن,,88526.0,64624156.0,5720918.0,1404-08,1404
کنور,توسعه معدنی و صنعتی صبانور,iron_ore,1404/08/30,گزارش فعالیت ماهانه دوره ۱ ماهه منتهی به  ۱۴۰۴/۰۸/۳۰(اصلاحیه),۱۴۰۴/۱۰/۰۳ ۱۴:۰۵:۰۴,1462748,True,https://excel.codal.ir/service/Excel/GetAll/3xE59TKSKRF3brhwd49jDA%3d%3d/0,domestic,گندله,تن,51540.0,60390.0,72374979.0,4370725.0,1404-08,1404
کنور,توسعه معدنی و صنعتی صبانور,iron_ore,1404/08/30,گزارش فعالیت ماهانه دوره ۱ ماهه منتهی به  ۱۴۰۴/۰۸/۳۰(اصلاحیه),۱۴۰۴/۱۰/۰۳ ۱۴:۰۵:۰۴,1462748,True,https://excel.codal.ir/service/Excel/GetAll/3xE59TKSKRF3brhwd49jDA%3d%3d/0,export,گندله,تن,,0.0,0.0,0.0,1404-08,1404
کنور,توسعه معدنی و صنعتی صبانور,iron_ore,1404/09/30,گزارش فعالیت ماهانه دوره ۱ ماهه منتهی به  ۱۴۰۴/۰۹/۳۰(اصلاحیه),۱۴۰۴/۱۰/۳۰ ۱۶:۵۴:۵۸,1475273,True,https://excel.codal.ir/service/Excel/GetAll/zwOOObOOOuBlQCvJ0XOIZGbNRTfQ%3d%3d/0,domestic,باطله سنگ آهن,تن,,,,0.0,1404-09,1404
کنور,توسعه معدنی و صنعتی صبانور,iron_ore,1404/09/30,گزارش فعالیت ماهانه دوره ۱ ماهه منتهی به  ۱۴۰۴/۰۹/۳۰(اصلاحیه),۱۴۰۴/۱۰/۳۰ ۱۶:۵۴:۵۸,1475273,True,https://excel.codal.ir/service/Excel/GetAll/zwOOObOOOuBlQCvJ0XOIZGbNRTfQ%3d%3d/0,domestic,نرمه گندله,تن,,,,0.0,1404-09,1404
کنور,توسعه معدنی و صنعتی صبانور,iron_ore,1404/09/30,گزارش فعالیت ماهانه دوره ۱ ماهه منتهی به  ۱۴۰۴/۰۹/۳۰(اصلاحیه),۱۴۰۴/۱۰/۳۰ ۱۶:۵۴:۵۸,1475273,True,https://excel.codal.ir/service/Excel/GetAll/zwOOObOOOuBlQCvJ0XOIZGbNRTfQ%3d%3d/0,domestic,کلوخه سنگ آهن,تن,,,,0.0,1404-09,1404
کنور,توسعه معدنی و صنعتی صبانور,iron_ore,1404/09/30,گزارش فعالیت ماهانه دوره ۱ ماهه منتهی به  ۱۴۰۴/۰۹/۳۰(اصلاحیه),۱۴۰۴/۱۰/۳۰ ۱۶:۵۴:۵۸,1475273,True,https://excel.codal.ir/service/Excel/GetAll/zwOOObOOOuBlQCvJ0XOIZGbNRTfQ%3d%3d/0,domestic,کنسانتره,تن,163480.0,64240.0,62616905.0,4022510.0,1404-09,1404
کنور,توسعه معدنی و صنعتی صبانور,iron_ore,1404/09/30,گزارش فعالیت ماهانه دوره ۱ ماهه منتهی به  ۱۴۰۴/۰۹/۳۰(اصلاحیه),۱۴۰۴/۱۰/۳۰ ۱۶:۵۴:۵۸,1475273,True,https://excel.codal.ir/service/Excel/GetAll/zwOOObOOOuBlQCvJ0XOIZGbNRTfQ%3d%3d/0,export,کنسانتره,تن,,,0.0,0.0,1404-09,1404
کنور,توسعه معدنی و صنعتی صبانور,iron_ore,1404/09/30,گزارش فعالیت ماهانه دوره ۱ ماهه منتهی به  ۱۴۰۴/۰۹/۳۰(اصلاحیه),۱۴۰۴/۱۰/۳۰ ۱۶:۵۴:۵۸,1475273,True,https://excel.codal.ir/service/Excel/GetAll/zwOOObOOOuBlQCvJ0XOIZGbNRTfQ%3d%3d/0,domestic,گندله,تن,48724.0,59903.0,74336060.0,4452953.0,1404-09,1404
کنور,توسعه معدنی و صنعتی صبانور,iron_ore,1404/09/30,گزارش فعالیت ماهانه دوره ۱ ماهه منتهی به  ۱۴۰۴/۰۹/۳۰(اصلاحیه),۱۴۰۴/۱۰/۳۰ ۱۶:۵۴:۵۸,1475273,True,https://excel.codal.ir/service/Excel/GetAll/zwOOObOOOuBlQCvJ0XOIZGbNRTfQ%3d%3d/0,export,گندله,تن,,,0.0,0.0,1404-09,1404
کنور,توسعه معدنی و صنعتی صبانور,iron_ore,1404/10/30,گزارش فعالیت ماهانه دوره ۱ ماهه منتهی به  ۱۴۰۴/۱۰/۳۰,۱۴۰۴/۱۱/۰۶ ۱۸:۵۶:۱۵,1477392,False,https://excel.codal.ir/service/Excel/GetAll/kgoR7t8PJA79wGE8HOxBnA%3d%3d/0,domestic,باطله سنگ آهن,تن,0.0,0.0,,0.0,1404-10,1404
کنور,توسعه معدنی و صنعتی صبانور,iron_ore,1404/10/30,گزارش فعالیت ماهانه دوره ۱ ماهه منتهی به  ۱۴۰۴/۱۰/۳۰,۱۴۰۴/۱۱/۰۶ ۱۸:۵۶:۱۵,1477392,False,https://excel.codal.ir/service/Excel/GetAll/kgoR7t8PJA79wGE8HOxBnA%3d%3d/0,domestic,نرمه گندله,تن,0.0,0.0,,0.0,1404-10,1404
کنور,توسعه معدنی و صنعتی صبانور,iron_ore,1404/10/30,گزارش فعالیت ماهانه دوره ۱ ماهه منتهی به  ۱۴۰۴/۱۰/۳۰,۱۴۰۴/۱۱/۰۶ ۱۸:۵۶:۱۵,1477392,False,https://excel.codal.ir/service/Excel/GetAll/kgoR7t8PJA79wGE8HOxBnA%3d%3d/0,domestic,کلوخه سنگ آهن,تن,186433.0,0.0,,0.0,1404-10,1404
کنور,توسعه معدنی و صنعتی صبانور,iron_ore,1404/10/30,گزارش فعالیت ماهانه دوره ۱ ماهه منتهی به  ۱۴۰۴/۱۰/۳۰,۱۴۰۴/۱۱/۰۶ ۱۸:۵۶:۱۵,1477392,False,https://excel.codal.ir/service/Excel/GetAll/kgoR7t8PJA79wGE8HOxBnA%3d%3d/0,domestic,کنسانتره,تن,143777.0,36982.0,60167622.0,2225119.0,1404-10,1404
کنور,توسعه معدنی و صنعتی صبانور,iron_ore,1404/10/30,گزارش فعالیت ماهانه دوره ۱ ماهه منتهی به  ۱۴۰۴/۱۰/۳۰,۱۴۰۴/۱۱/۰۶ ۱۸:۵۶:۱۵,1477392,False,https://excel.codal.ir/service/Excel/GetAll/kgoR7t8PJA79wGE8HOxBnA%3d%3d/0,export,کنسانتره,تن,,,0.0,0.0,1404-10,1404
کنور,توسعه معدنی و صنعتی صبانور,iron_ore,1404/10/30,گزارش فعالیت ماهانه دوره ۱ ماهه منتهی به  ۱۴۰۴/۱۰/۳۰,۱۴۰۴/۱۱/۰۶ ۱۸:۵۶:۱۵,1477392,False,https://excel.codal.ir/service/Excel/GetAll/kgoR7t8PJA79wGE8HOxBnA%3d%3d/0,domestic,گندله,تن,54184.0,16683.0,71826710.0,1198285.0,1404-10,1404
کنور,توسعه معدنی و صنعتی صبانور,iron_ore,1404/10/30,گزارش فعالیت ماهانه دوره ۱ ماهه منتهی به  ۱۴۰۴/۱۰/۳۰,۱۴۰۴/۱۱/۰۶ ۱۸:۵۶:۱۵,1477392,False,https://excel.codal.ir/service/Excel/GetAll/kgoR7t8PJA79wGE8HOxBnA%3d%3d/0,export,گندله,تن,,,0.0,0.0,1404-10,1404
کنور,توسعه معدنی و صنعتی صبانور,iron_ore,1404/11/30,گزارش فعالیت ماهانه دوره ۱ ماهه منتهی به  ۱۴۰۴/۱۱/۳۰,۱۴۰۴/۱۲/۰۵ ۱۵:۳۹:۳۸,1493504,False,https://excel.codal.ir/service/Excel/GetAll/V1A1ppwKRvCWRn1KYDCROg%3d%3d/0,domestic,باطله سنگ آهن,تن,0.0,0.0,,0.0,1404-11,1404
کنور,توسعه معدنی و صنعتی صبانور,iron_ore,1404/11/30,گزارش فعالیت ماهانه دوره ۱ ماهه منتهی به  ۱۴۰۴/۱۱/۳۰,۱۴۰۴/۱۲/۰۵ ۱۵:۳۹:۳۸,1493504,False,https://excel.codal.ir/service/Excel/GetAll/V1A1ppwKRvCWRn1KYDCROg%3d%3d/0,domestic,نرمه گندله,تن,0.0,0.0,,0.0,1404-11,1404
کنور,توسعه معدنی و صنعتی صبانور,iron_ore,1404/11/30,گزارش فعالیت ماهانه دوره ۱ ماهه منتهی به  ۱۴۰۴/۱۱/۳۰,۱۴۰۴/۱۲/۰۵ ۱۵:۳۹:۳۸,1493504,False,https://excel.codal.ir/service/Excel/GetAll/V1A1ppwKRvCWRn1KYDCROg%3d%3d/0,domestic,کلوخه سنگ آهن,تن,163563.0,0.0,,0.0,1404-11,1404
کنور,توسعه معدنی و صنعتی صبانور,iron_ore,1404/11/30,گزارش فعالیت ماهانه دوره ۱ ماهه منتهی به  ۱۴۰۴/۱۱/۳۰,۱۴۰۴/۱۲/۰۵ ۱۵:۳۹:۳۸,1493504,False,https://excel.codal.ir/service/Excel/GetAll/V1A1ppwKRvCWRn1KYDCROg%3d%3d/0,domestic,کنسانتره,تن,133539.0,131751.0,64277220.0,8468588.0,1404-11,1404
کنور,توسعه معدنی و صنعتی صبانور,iron_ore,1404/11/30,گزارش فعالیت ماهانه دوره ۱ ماهه منتهی به  ۱۴۰۴/۱۱/۳۰,۱۴۰۴/۱۲/۰۵ ۱۵:۳۹:۳۸,1493504,False,https://excel.codal.ir/service/Excel/GetAll/V1A1ppwKRvCWRn1KYDCROg%3d%3d/0,export,کنسانتره,تن,,,0.0,0.0,1404-11,1404
کنور,توسعه معدنی و صنعتی صبانور,iron_ore,1404/11/30,گزارش فعالیت ماهانه دوره ۱ ماهه منتهی به  ۱۴۰۴/۱۱/۳۰,۱۴۰۴/۱۲/۰۵ ۱۵:۳۹:۳۸,1493504,False,https://excel.codal.ir/service/Excel/GetAll/V1A1ppwKRvCWRn1KYDCROg%3d%3d/0,domestic,گندله,تن,48705.0,38000.0,79762763.0,3030985.0,1404-11,1404
کنور,توسعه معدنی و صنعتی صبانور,iron_ore,1404/11/30,گزارش فعالیت ماهانه دوره ۱ ماهه منتهی به  ۱۴۰۴/۱۱/۳۰,۱۴۰۴/۱۲/۰۵ ۱۵:۳۹:۳۸,1493504,False,https://excel.codal.ir/service/Excel/GetAll/V1A1ppwKRvCWRn1KYDCROg%3d%3d/0,export,گندله,تن,,,0.0,0.0,1404-11,1404
کنور,توسعه معدنی و صنعتی صبانور,iron_ore,1404/12/29,گزارش فعالیت ماهانه دوره ۱ ماهه منتهی به  ۱۴۰۴/۱۲/۲۹(اصلاحیه),۱۴۰۵/۰۳/۱۸ ۱۷:۰۴:۵۶,1545944,True,https://excel.codal.ir/service/Excel/GetAll/HgOKQGhyViCcHBnvbLGfZw%3d%3d/0,domestic,باطله سنگ آهن,تن,0.0,0.0,,0.0,1404-12,1404
کنور,توسعه معدنی و صنعتی صبانور,iron_ore,1404/12/29,گزارش فعالیت ماهانه دوره ۱ ماهه منتهی به  ۱۴۰۴/۱۲/۲۹(اصلاحیه),۱۴۰۵/۰۳/۱۸ ۱۷:۰۴:۵۶,1545944,True,https://excel.codal.ir/service/Excel/GetAll/HgOKQGhyViCcHBnvbLGfZw%3d%3d/0,domestic,نرمه گندله,تن,0.0,0.0,,0.0,1404-12,1404
کنور,توسعه معدنی و صنعتی صبانور,iron_ore,1404/12/29,گزارش فعالیت ماهانه دوره ۱ ماهه منتهی به  ۱۴۰۴/۱۲/۲۹(اصلاحیه),۱۴۰۵/۰۳/۱۸ ۱۷:۰۴:۵۶,1545944,True,https://excel.codal.ir/service/Excel/GetAll/HgOKQGhyViCcHBnvbLGfZw%3d%3d/0,domestic,کلوخه سنگ آهن,تن,140128.0,19570.0,15990393.0,312932.0,1404-12,1404
کنور,توسعه معدنی و صنعتی صبانور,iron_ore,1404/12/29,گزارش فعالیت ماهانه دوره ۱ ماهه منتهی به  ۱۴۰۴/۱۲/۲۹(اصلاحیه),۱۴۰۵/۰۳/۱۸ ۱۷:۰۴:۵۶,1545944,True,https://excel.codal.ir/service/Excel/GetAll/HgOKQGhyViCcHBnvbLGfZw%3d%3d/0,domestic,کنسانتره,تن,149153.0,74284.0,69542647.0,5165906.0,1404-12,1404
کنور,توسعه معدنی و صنعتی صبانور,iron_ore,1404/12/29,گزارش فعالیت ماهانه دوره ۱ ماهه منتهی به  ۱۴۰۴/۱۲/۲۹(اصلاحیه),۱۴۰۵/۰۳/۱۸ ۱۷:۰۴:۵۶,1545944,True,https://excel.codal.ir/service/Excel/GetAll/HgOKQGhyViCcHBnvbLGfZw%3d%3d/0,export,کنسانتره,تن,0.0,49395.0,110499544.0,5458125.0,1404-12,1404
کنور,توسعه معدنی و صنعتی صبانور,iron_ore,1404/12/29,گزارش فعالیت ماهانه دوره ۱ ماهه منتهی به  ۱۴۰۴/۱۲/۲۹(اصلاحیه),۱۴۰۵/۰۳/۱۸ ۱۷:۰۴:۵۶,1545944,True,https://excel.codal.ir/service/Excel/GetAll/HgOKQGhyViCcHBnvbLGfZw%3d%3d/0,domestic,گندله,تن,29897.0,46319.0,88621300.0,4104850.0,1404-12,1404
کنور,توسعه معدنی و صنعتی صبانور,iron_ore,1404/12/29,گزارش فعالیت ماهانه دوره ۱ ماهه منتهی به  ۱۴۰۴/۱۲/۲۹(اصلاحیه),۱۴۰۵/۰۳/۱۸ ۱۷:۰۴:۵۶,1545944,True,https://excel.codal.ir/service/Excel/GetAll/HgOKQGhyViCcHBnvbLGfZw%3d%3d/0,export,گندله,تن,0.0,0.0,0.0,0.0,1404-12,1404
کنور,توسعه معدنی و صنعتی صبانور,iron_ore,1405/01/31,گزارش فعالیت ماهانه دوره ۱ ماهه منتهی به  ۱۴۰۵/۰۱/۳۱,۱۴۰۵/۰۲/۰۷ ۱۵:۳۵:۳۰,1507892,False,https://excel.codal.ir/service/Excel/GetAll/A9OOObOOO5se7TDHZNngPT1tfOQQQaQQQw%3d%3d/0,domestic,باطله سنگ آهن,تن,,,,0.0,1405-01,1405
کنور,توسعه معدنی و صنعتی صبانور,iron_ore,1405/01/31,گزارش فعالیت ماهانه دوره ۱ ماهه منتهی به  ۱۴۰۵/۰۱/۳۱,۱۴۰۵/۰۲/۰۷ ۱۵:۳۵:۳۰,1507892,False,https://excel.codal.ir/service/Excel/GetAll/A9OOObOOO5se7TDHZNngPT1tfOQQQaQQQw%3d%3d/0,domestic,نرمه گندله,تن,,,,0.0,1405-01,1405
کنور,توسعه معدنی و صنعتی صبانور,iron_ore,1405/01/31,گزارش فعالیت ماهانه دوره ۱ ماهه منتهی به  ۱۴۰۵/۰۱/۳۱,۱۴۰۵/۰۲/۰۷ ۱۵:۳۵:۳۰,1507892,False,https://excel.codal.ir/service/Excel/GetAll/A9OOObOOO5se7TDHZNngPT1tfOQQQaQQQw%3d%3d/0,domestic,کلوخه سنگ آهن,تن,170091.0,4297.0,8574820.0,36846.0,1405-01,1405
کنور,توسعه معدنی و صنعتی صبانور,iron_ore,1405/01/31,گزارش فعالیت ماهانه دوره ۱ ماهه منتهی به  ۱۴۰۵/۰۱/۳۱,۱۴۰۵/۰۲/۰۷ ۱۵:۳۵:۳۰,1507892,False,https://excel.codal.ir/service/Excel/GetAll/A9OOObOOO5se7TDHZNngPT1tfOQQQaQQQw%3d%3d/0,domestic,کنسانتره,تن,126684.0,57568.0,73474587.0,4229785.0,1405-01,1405
کنور,توسعه معدنی و صنعتی صبانور,iron_ore,1405/01/31,گزارش فعالیت ماهانه دوره ۱ ماهه منتهی به  ۱۴۰۵/۰۱/۳۱,۱۴۰۵/۰۲/۰۷ ۱۵:۳۵:۳۰,1507892,False,https://excel.codal.ir/service/Excel/GetAll/A9OOObOOO5se7TDHZNngPT1tfOQQQaQQQw%3d%3d/0,export,کنسانتره,تن,,,0.0,0.0,1405-01,1405
کنور,توسعه معدنی و صنعتی صبانور,iron_ore,1405/01/31,گزارش فعالیت ماهانه دوره ۱ ماهه منتهی به  ۱۴۰۵/۰۱/۳۱,۱۴۰۵/۰۲/۰۷ ۱۵:۳۵:۳۰,1507892,False,https://excel.codal.ir/service/Excel/GetAll/A9OOObOOO5se7TDHZNngPT1tfOQQQaQQQw%3d%3d/0,domestic,گندله,تن,14468.0,18811.0,91586997.0,1722843.0,1405-01,1405
کنور,توسعه معدنی و صنعتی صبانور,iron_ore,1405/01/31,گزارش فعالیت ماهانه دوره ۱ ماهه منتهی به  ۱۴۰۵/۰۱/۳۱,۱۴۰۵/۰۲/۰۷ ۱۵:۳۵:۳۰,1507892,False,https://excel.codal.ir/service/Excel/GetAll/A9OOObOOO5se7TDHZNngPT1tfOQQQaQQQw%3d%3d/0,export,گندله,تن,,,0.0,0.0,1405-01,1405
کنور,توسعه معدنی و صنعتی صبانور,iron_ore,1405/02/31,گزارش فعالیت ماهانه دوره ۱ ماهه منتهی به  ۱۴۰۵/۰۲/۳۱,۱۴۰۵/۰۳/۰۹ ۱۸:۵۸:۱۷,1530927,False,https://excel.codal.ir/service/Excel/GetAll/YfRiaJeDEBOOObOOOsEu0MTCyLCQ%3d%3d/0,domestic,باطله سنگ آهن,تن,,,,0.0,1405-02,1405
کنور,توسعه معدنی و صنعتی صبانور,iron_ore,1405/02/31,گزارش فعالیت ماهانه دوره ۱ ماهه منتهی به  ۱۴۰۵/۰۲/۳۱,۱۴۰۵/۰۳/۰۹ ۱۸:۵۸:۱۷,1530927,False,https://excel.codal.ir/service/Excel/GetAll/YfRiaJeDEBOOObOOOsEu0MTCyLCQ%3d%3d/0,domestic,نرمه گندله,تن,,,,0.0,1405-02,1405
کنور,توسعه معدنی و صنعتی صبانور,iron_ore,1405/02/31,گزارش فعالیت ماهانه دوره ۱ ماهه منتهی به  ۱۴۰۵/۰۲/۳۱,۱۴۰۵/۰۳/۰۹ ۱۸:۵۸:۱۷,1530927,False,https://excel.codal.ir/service/Excel/GetAll/YfRiaJeDEBOOObOOOsEu0MTCyLCQ%3d%3d/0,domestic,کلوخه سنگ آهن,تن,302441.0,6070.0,13294399.0,80697.0,1405-02,1405
کنور,توسعه معدنی و صنعتی صبانور,iron_ore,1405/02/31,گزارش فعالیت ماهانه دوره ۱ ماهه منتهی به  ۱۴۰۵/۰۲/۳۱,۱۴۰۵/۰۳/۰۹ ۱۸:۵۸:۱۷,1530927,False,https://excel.codal.ir/service/Excel/GetAll/YfRiaJeDEBOOObOOOsEu0MTCyLCQ%3d%3d/0,domestic,کنسانتره,تن,180136.0,107738.0,75489697.0,8133109.0,1405-02,1405
کنور,توسعه معدنی و صنعتی صبانور,iron_ore,1405/02/31,گزارش فعالیت ماهانه دوره ۱ ماهه منتهی به  ۱۴۰۵/۰۲/۳۱,۱۴۰۵/۰۳/۰۹ ۱۸:۵۸:۱۷,1530927,False,https://excel.codal.ir/service/Excel/GetAll/YfRiaJeDEBOOObOOOsEu0MTCyLCQ%3d%3d/0,export,کنسانتره,تن,,,0.0,0.0,1405-02,1405
کنور,توسعه معدنی و صنعتی صبانور,iron_ore,1405/02/31,گزارش فعالیت ماهانه دوره ۱ ماهه منتهی به  ۱۴۰۵/۰۲/۳۱,۱۴۰۵/۰۳/۰۹ ۱۸:۵۸:۱۷,1530927,False,https://excel.codal.ir/service/Excel/GetAll/YfRiaJeDEBOOObOOOsEu0MTCyLCQ%3d%3d/0,domestic,گندله,تن,41365.0,81322.0,95158174.0,7738453.0,1405-02,1405
کنور,توسعه معدنی و صنعتی صبانور,iron_ore,1405/02/31,گزارش فعالیت ماهانه دوره ۱ ماهه منتهی به  ۱۴۰۵/۰۲/۳۱,۱۴۰۵/۰۳/۰۹ ۱۸:۵۸:۱۷,1530927,False,https://excel.codal.ir/service/Excel/GetAll/YfRiaJeDEBOOObOOOsEu0MTCyLCQ%3d%3d/0,export,گندله,تن,,,0.0,0.0,1405-02,1405
کنور,توسعه معدنی و صنعتی صبانور,iron_ore,1405/03/31,گزارش فعالیت ماهانه دوره ۱ ماهه منتهی به  ۱۴۰۵/۰۳/۳۱(اصلاحیه),۱۴۰۵/۰۴/۳۰ ۱۸:۳۱:۱۴,1570845,True,https://excel.codal.ir/service/Excel/GetAll/vj2DSpGIjpOOObOOOfYNf0hGv6BQ%3d%3d/0,domestic,باطله سنگ آهن,تن,,,,0.0,1405-03,1405
کنور,توسعه معدنی و صنعتی صبانور,iron_ore,1405/03/31,گزارش فعالیت ماهانه دوره ۱ ماهه منتهی به  ۱۴۰۵/۰۳/۳۱(اصلاحیه),۱۴۰۵/۰۴/۳۰ ۱۸:۳۱:۱۴,1570845,True,https://excel.codal.ir/service/Excel/GetAll/vj2DSpGIjpOOObOOOfYNf0hGv6BQ%3d%3d/0,domestic,نرمه گندله,تن,0.0,1730.0,71763006.0,124150.0,1405-03,1405
کنور,توسعه معدنی و صنعتی صبانور,iron_ore,1405/03/31,گزارش فعالیت ماهانه دوره ۱ ماهه منتهی به  ۱۴۰۵/۰۳/۳۱(اصلاحیه),۱۴۰۵/۰۴/۳۰ ۱۸:۳۱:۱۴,1570845,True,https://excel.codal.ir/service/Excel/GetAll/vj2DSpGIjpOOObOOOfYNf0hGv6BQ%3d%3d/0,domestic,کلوخه سنگ آهن,تن,390192.0,,,0.0,1405-03,1405
کنور,توسعه معدنی و صنعتی صبانور,iron_ore,1405/03/31,گزارش فعالیت ماهانه دوره ۱ ماهه منتهی به  ۱۴۰۵/۰۳/۳۱(اصلاحیه),۱۴۰۵/۰۴/۳۰ ۱۸:۳۱:۱۴,1570845,True,https://excel.codal.ir/service/Excel/GetAll/vj2DSpGIjpOOObOOOfYNf0hGv6BQ%3d%3d/0,domestic,کنسانتره,تن,172628.0,116383.0,85427141.0,9942267.0,1405-03,1405
کنور,توسعه معدنی و صنعتی صبانور,iron_ore,1405/03/31,گزارش فعالیت ماهانه دوره ۱ ماهه منتهی به  ۱۴۰۵/۰۳/۳۱(اصلاحیه),۱۴۰۵/۰۴/۳۰ ۱۸:۳۱:۱۴,1570845,True,https://excel.codal.ir/service/Excel/GetAll/vj2DSpGIjpOOObOOOfYNf0hGv6BQ%3d%3d/0,export,کنسانتره,تن,,,0.0,0.0,1405-03,1405
کنور,توسعه معدنی و صنعتی صبانور,iron_ore,1405/03/31,گزارش فعالیت ماهانه دوره ۱ ماهه منتهی به  ۱۴۰۵/۰۳/۳۱(اصلاحیه),۱۴۰۵/۰۴/۳۰ ۱۸:۳۱:۱۴,1570845,True,https://excel.codal.ir/service/Excel/GetAll/vj2DSpGIjpOOObOOOfYNf0hGv6BQ%3d%3d/0,domestic,گندله,تن,51381.0,35022.0,105975301.0,3711467.0,1405-03,1405
کنور,توسعه معدنی و صنعتی صبانور,iron_ore,1405/03/31,گزارش فعالیت ماهانه دوره ۱ ماهه منتهی به  ۱۴۰۵/۰۳/۳۱(اصلاحیه),۱۴۰۵/۰۴/۳۰ ۱۸:۳۱:۱۴,1570845,True,https://excel.codal.ir/service/Excel/GetAll/vj2DSpGIjpOOObOOOfYNf0hGv6BQ%3d%3d/0,export,گندله,تن,,,0.0,0.0,1405-03,1405
کچاد,معدنی و صنعتی چادرملو,iron_ore,1400/01/31,گزارش فعالیت ماهانه دوره ۱ ماهه منتهی به ۱۴۰۰/۰۱/۳۱,۱۴۰۰/۰۲/۰۵ ۱۸:۵۰:۰۷,740515,False,https://excel.codal.ir/service/Excel/GetAll/UHUkxlq91JBlbxOoEB16Rg%3d%3d/0,domestic,آهن اسفنجی,تن,155877.0,17715.0,67508947.0,1195921.0,1400-01,1400
کچاد,معدنی و صنعتی چادرملو,iron_ore,1400/01/31,گزارش فعالیت ماهانه دوره ۱ ماهه منتهی به ۱۴۰۰/۰۱/۳۱,۱۴۰۰/۰۲/۰۵ ۱۸:۵۰:۰۷,740515,False,https://excel.codal.ir/service/Excel/GetAll/UHUkxlq91JBlbxOoEB16Rg%3d%3d/0,domestic,آپاتیت,تن,843.0,664.0,21000000.0,13944.0,1400-01,1400
کچاد,معدنی و صنعتی چادرملو,iron_ore,1400/01/31,گزارش فعالیت ماهانه دوره ۱ ماهه منتهی به ۱۴۰۰/۰۱/۳۱,۱۴۰۰/۰۲/۰۵ ۱۸:۵۰:۰۷,740515,False,https://excel.codal.ir/service/Excel/GetAll/UHUkxlq91JBlbxOoEB16Rg%3d%3d/0,domestic,ارسالی گندله به احیاء,تن,0.0,207458.0,0.0,0.0,1400-01,1400
کچاد,معدنی و صنعتی چادرملو,iron_ore,1400/01/31,گزارش فعالیت ماهانه دوره ۱ ماهه منتهی به ۱۴۰۰/۰۱/۳۱,۱۴۰۰/۰۲/۰۵ ۱۸:۵۰:۰۷,740515,False,https://excel.codal.ir/service/Excel/GetAll/UHUkxlq91JBlbxOoEB16Rg%3d%3d/0,domestic,سنگ دانه بندی,تن,0.0,0.0,,0.0,1400-01,1400
کچاد,معدنی و صنعتی چادرملو,iron_ore,1400/01/31,گزارش فعالیت ماهانه دوره ۱ ماهه منتهی به ۱۴۰۰/۰۱/۳۱,۱۴۰۰/۰۲/۰۵ ۱۸:۵۰:۰۷,740515,False,https://excel.codal.ir/service/Excel/GetAll/UHUkxlq91JBlbxOoEB16Rg%3d%3d/0,export,سنگ دانه بندی,تن,0.0,0.0,0.0,0.0,1400-01,1400
کچاد,معدنی و صنعتی چادرملو,iron_ore,1400/01/31,گزارش فعالیت ماهانه دوره ۱ ماهه منتهی به ۱۴۰۰/۰۱/۳۱,۱۴۰۰/۰۲/۰۵ ۱۸:۵۰:۰۷,740515,False,https://excel.codal.ir/service/Excel/GetAll/UHUkxlq91JBlbxOoEB16Rg%3d%3d/0,domestic,عرضه برق تولیدی (نیروگاه),مگاوات ساعت,0.0,0.0,,0.0,1400-01,1400
کچاد,معدنی و صنعتی چادرملو,iron_ore,1400/01/31,گزارش فعالیت ماهانه دوره ۱ ماهه منتهی به ۱۴۰۰/۰۱/۳۱,۱۴۰۰/۰۲/۰۵ ۱۸:۵۰:۰۷,740515,False,https://excel.codal.ir/service/Excel/GetAll/UHUkxlq91JBlbxOoEB16Rg%3d%3d/0,domestic,فولاد,تن,105435.0,57584.0,107107617.0,6167685.0,1400-01,1400
کچاد,معدنی و صنعتی چادرملو,iron_ore,1400/01/31,گزارش فعالیت ماهانه دوره ۱ ماهه منتهی به ۱۴۰۰/۰۱/۳۱,۱۴۰۰/۰۲/۰۵ ۱۸:۵۰:۰۷,740515,False,https://excel.codal.ir/service/Excel/GetAll/UHUkxlq91JBlbxOoEB16Rg%3d%3d/0,export,فولاد,تن,0.0,3000.0,123143000.0,369429.0,1400-01,1400
کچاد,معدنی و صنعتی چادرملو,iron_ore,1400/01/31,گزارش فعالیت ماهانه دوره ۱ ماهه منتهی به ۱۴۰۰/۰۱/۳۱,۱۴۰۰/۰۲/۰۵ ۱۸:۵۰:۰۷,740515,False,https://excel.codal.ir/service/Excel/GetAll/UHUkxlq91JBlbxOoEB16Rg%3d%3d/0,domestic,نرمه گندله (Pellet Fine),تن,0.0,71.0,12492958.0,887.0,1400-01,1400
کچاد,معدنی و صنعتی چادرملو,iron_ore,1400/01/31,گزارش فعالیت ماهانه دوره ۱ ماهه منتهی به ۱۴۰۰/۰۱/۳۱,۱۴۰۰/۰۲/۰۵ ۱۸:۵۰:۰۷,740515,False,https://excel.codal.ir/service/Excel/GetAll/UHUkxlq91JBlbxOoEB16Rg%3d%3d/0,domestic,کنسانتره آهن (خشک ),تن,862967.0,694298.0,21697693.0,15064665.0,1400-01,1400
کچاد,معدنی و صنعتی چادرملو,iron_ore,1400/01/31,گزارش فعالیت ماهانه دوره ۱ ماهه منتهی به ۱۴۰۰/۰۱/۳۱,۱۴۰۰/۰۲/۰۵ ۱۸:۵۰:۰۷,740515,False,https://excel.codal.ir/service/Excel/GetAll/UHUkxlq91JBlbxOoEB16Rg%3d%3d/0,domestic,کنسانتره مصرف شده در تولید گندله,تن,0.0,301556.0,0.0,0.0,1400-01,1400
کچاد,معدنی و صنعتی چادرملو,iron_ore,1400/01/31,گزارش فعالیت ماهانه دوره ۱ ماهه منتهی به ۱۴۰۰/۰۱/۳۱,۱۴۰۰/۰۲/۰۵ ۱۸:۵۰:۰۷,740515,False,https://excel.codal.ir/service/Excel/GetAll/UHUkxlq91JBlbxOoEB16Rg%3d%3d/0,domestic,گندله,تن,278428.0,84707.0,31291015.0,2650568.0,1400-01,1400
کچاد,معدنی و صنعتی چادرملو,iron_ore,1400/01/31,گزارش فعالیت ماهانه دوره ۱ ماهه منتهی به ۱۴۰۰/۰۱/۳۱,۱۴۰۰/۰۲/۰۵ ۱۸:۵۰:۰۷,740515,False,https://excel.codal.ir/service/Excel/GetAll/UHUkxlq91JBlbxOoEB16Rg%3d%3d/0,export,گندله,تن,0.0,0.0,0.0,0.0,1400-01,1400
کچاد,معدنی و صنعتی چادرملو,iron_ore,1400/02/31,گزارش فعالیت ماهانه دوره ۱ ماهه منتهی به ۱۴۰۰/۰۲/۳۱,۱۴۰۰/۰۳/۰۴ ۱۹:۳۵:۴۴,750723,False,https://excel.codal.ir/service/Excel/GetAll/akPJDduujUKgt6wsieSKWA%3d%3d/0,domestic,آهن اسفنجی,تن,135308.0,9417.0,68040353.0,640736.0,1400-02,1400
کچاد,معدنی و صنعتی چادرملو,iron_ore,1400/02/31,گزارش فعالیت ماهانه دوره ۱ ماهه منتهی به ۱۴۰۰/۰۲/۳۱,۱۴۰۰/۰۳/۰۴ ۱۹:۳۵:۴۴,750723,False,https://excel.codal.ir/service/Excel/GetAll/akPJDduujUKgt6wsieSKWA%3d%3d/0,domestic,آپاتیت,تن,4668.0,22805.0,14906863.0,339951.0,1400-02,1400
کچاد,معدنی و صنعتی چادرملو,iron_ore,1400/02/31,گزارش فعالیت ماهانه دوره ۱ ماهه منتهی به ۱۴۰۰/۰۲/۳۱,۱۴۰۰/۰۳/۰۴ ۱۹:۳۵:۴۴,750723,False,https://excel.codal.ir/service/Excel/GetAll/akPJDduujUKgt6wsieSKWA%3d%3d/0,domestic,ارسالی گندله به احیاء,تن,,178326.0,0.0,0.0,1400-02,1400
کچاد,معدنی و صنعتی چادرملو,iron_ore,1400/02/31,گزارش فعالیت ماهانه دوره ۱ ماهه منتهی به ۱۴۰۰/۰۲/۳۱,۱۴۰۰/۰۳/۰۴ ۱۹:۳۵:۴۴,750723,False,https://excel.codal.ir/service/Excel/GetAll/akPJDduujUKgt6wsieSKWA%3d%3d/0,domestic,سنگ دانه بندی,تن,,,,0.0,1400-02,1400
کچاد,معدنی و صنعتی چادرملو,iron_ore,1400/02/31,گزارش فعالیت ماهانه دوره ۱ ماهه منتهی به ۱۴۰۰/۰۲/۳۱,۱۴۰۰/۰۳/۰۴ ۱۹:۳۵:۴۴,750723,False,https://excel.codal.ir/service/Excel/GetAll/akPJDduujUKgt6wsieSKWA%3d%3d/0,export,سنگ دانه بندی,تن,,,0.0,0.0,1400-02,1400
کچاد,معدنی و صنعتی چادرملو,iron_ore,1400/02/31,گزارش فعالیت ماهانه دوره ۱ ماهه منتهی به ۱۴۰۰/۰۲/۳۱,۱۴۰۰/۰۳/۰۴ ۱۹:۳۵:۴۴,750723,False,https://excel.codal.ir/service/Excel/GetAll/akPJDduujUKgt6wsieSKWA%3d%3d/0,domestic,عرضه برق تولیدی (نیروگاه),مگاوات ساعت,,,,0.0,1400-02,1400
کچاد,معدنی و صنعتی چادرملو,iron_ore,1400/02/31,گزارش فعالیت ماهانه دوره ۱ ماهه منتهی به ۱۴۰۰/۰۲/۳۱,۱۴۰۰/۰۳/۰۴ ۱۹:۳۵:۴۴,750723,False,https://excel.codal.ir/service/Excel/GetAll/akPJDduujUKgt6wsieSKWA%3d%3d/0,domestic,فولاد,تن,99174.0,54380.0,111494722.0,6063083.0,1400-02,1400
کچاد,معدنی و صنعتی چادرملو,iron_ore,1400/02/31,گزارش فعالیت ماهانه دوره ۱ ماهه منتهی به ۱۴۰۰/۰۲/۳۱,۱۴۰۰/۰۳/۰۴ ۱۹:۳۵:۴۴,750723,False,https://excel.codal.ir/service/Excel/GetAll/akPJDduujUKgt6wsieSKWA%3d%3d/0,export,فولاد,تن,,,0.0,0.0,1400-02,1400
کچاد,معدنی و صنعتی چادرملو,iron_ore,1400/02/31,گزارش فعالیت ماهانه دوره ۱ ماهه منتهی به ۱۴۰۰/۰۲/۳۱,۱۴۰۰/۰۳/۰۴ ۱۹:۳۵:۴۴,750723,False,https://excel.codal.ir/service/Excel/GetAll/akPJDduujUKgt6wsieSKWA%3d%3d/0,domestic,نرمه گندله (Pellet Fine),تن,,55944.0,12500036.0,699302.0,1400-02,1400
کچاد,معدنی و صنعتی چادرملو,iron_ore,1400/02/31,گزارش فعالیت ماهانه دوره ۱ ماهه منتهی به ۱۴۰۰/۰۲/۳۱,۱۴۰۰/۰۳/۰۴ ۱۹:۳۵:۴۴,750723,False,https://excel.codal.ir/service/Excel/GetAll/akPJDduujUKgt6wsieSKWA%3d%3d/0,domestic,کنسانتره آهن (خشک ),تن,925235.0,702417.0,22737982.0,15971545.0,1400-02,1400
کچاد,معدنی و صنعتی چادرملو,iron_ore,1400/02/31,گزارش فعالیت ماهانه دوره ۱ ماهه منتهی به ۱۴۰۰/۰۲/۳۱,۱۴۰۰/۰۳/۰۴ ۱۹:۳۵:۴۴,750723,False,https://excel.codal.ir/service/Excel/GetAll/akPJDduujUKgt6wsieSKWA%3d%3d/0,domestic,کنسانتره مصرف شده در تولید گندله,تن,,288973.0,0.0,0.0,1400-02,1400
کچاد,معدنی و صنعتی چادرملو,iron_ore,1400/02/31,گزارش فعالیت ماهانه دوره ۱ ماهه منتهی به ۱۴۰۰/۰۲/۳۱,۱۴۰۰/۰۳/۰۴ ۱۹:۳۵:۴۴,750723,False,https://excel.codal.ir/service/Excel/GetAll/akPJDduujUKgt6wsieSKWA%3d%3d/0,domestic,گندله,تن,343838.0,69710.0,34251040.0,2387640.0,1400-02,1400
کچاد,معدنی و صنعتی چادرملو,iron_ore,1400/02/31,گزارش فعالیت ماهانه دوره ۱ ماهه منتهی به ۱۴۰۰/۰۲/۳۱,۱۴۰۰/۰۳/۰۴ ۱۹:۳۵:۴۴,750723,False,https://excel.codal.ir/service/Excel/GetAll/akPJDduujUKgt6wsieSKWA%3d%3d/0,export,گندله,تن,,,0.0,0.0,1400-02,1400
کچاد,معدنی و صنعتی چادرملو,iron_ore,1400/03/31,گزارش فعالیت ماهانه دوره ۱ ماهه منتهی به ۱۴۰۰/۰۳/۳۱,۱۴۰۰/۰۴/۰۶ ۱۸:۴۷:۵۷,762614,False,https://excel.codal.ir/service/Excel/GetAll/9oIPSbkrVvQQQaQQQuev5xYHNnAw%3d%3d/0,domestic,آهن اسفنجی,تن,155380.0,11565.0,72566191.0,839228.0,1400-03,1400
کچاد,معدنی و صنعتی چادرملو,iron_ore,1400/03/31,گزارش فعالیت ماهانه دوره ۱ ماهه منتهی به ۱۴۰۰/۰۳/۳۱,۱۴۰۰/۰۴/۰۶ ۱۸:۴۷:۵۷,762614,False,https://excel.codal.ir/service/Excel/GetAll/9oIPSbkrVvQQQaQQQuev5xYHNnAw%3d%3d/0,domestic,آپاتیت,تن,10867.0,,,0.0,1400-03,1400
کچاد,معدنی و صنعتی چادرملو,iron_ore,1400/03/31,گزارش فعالیت ماهانه دوره ۱ ماهه منتهی به ۱۴۰۰/۰۳/۳۱,۱۴۰۰/۰۴/۰۶ ۱۸:۴۷:۵۷,762614,False,https://excel.codal.ir/service/Excel/GetAll/9oIPSbkrVvQQQaQQQuev5xYHNnAw%3d%3d/0,domestic,ارسالی گندله به احیاء,تن,0.0,202029.0,0.0,0.0,1400-03,1400
کچاد,معدنی و صنعتی چادرملو,iron_ore,1400/03/31,گزارش فعالیت ماهانه دوره ۱ ماهه منتهی به ۱۴۰۰/۰۳/۳۱,۱۴۰۰/۰۴/۰۶ ۱۸:۴۷:۵۷,762614,False,https://excel.codal.ir/service/Excel/GetAll/9oIPSbkrVvQQQaQQQuev5xYHNnAw%3d%3d/0,domestic,سنگ دانه بندی,تن,0.0,,,0.0,1400-03,1400
کچاد,معدنی و صنعتی چادرملو,iron_ore,1400/03/31,گزارش فعالیت ماهانه دوره ۱ ماهه منتهی به ۱۴۰۰/۰۳/۳۱,۱۴۰۰/۰۴/۰۶ ۱۸:۴۷:۵۷,762614,False,https://excel.codal.ir/service/Excel/GetAll/9oIPSbkrVvQQQaQQQuev5xYHNnAw%3d%3d/0,export,سنگ دانه بندی,تن,,,0.0,0.0,1400-03,1400
کچاد,معدنی و صنعتی چادرملو,iron_ore,1400/03/31,گزارش فعالیت ماهانه دوره ۱ ماهه منتهی به ۱۴۰۰/۰۳/۳۱,۱۴۰۰/۰۴/۰۶ ۱۸:۴۷:۵۷,762614,False,https://excel.codal.ir/service/Excel/GetAll/9oIPSbkrVvQQQaQQQuev5xYHNnAw%3d%3d/0,domestic,عرضه برق تولیدی (نیروگاه),مگاوات ساعت,0.0,0.0,,0.0,1400-03,1400
کچاد,معدنی و صنعتی چادرملو,iron_ore,1400/03/31,گزارش فعالیت ماهانه دوره ۱ ماهه منتهی به ۱۴۰۰/۰۳/۳۱,۱۴۰۰/۰۴/۰۶ ۱۸:۴۷:۵۷,762614,False,https://excel.codal.ir/service/Excel/GetAll/9oIPSbkrVvQQQaQQQuev5xYHNnAw%3d%3d/0,domestic,فولاد,تن,101603.0,48868.0,120205615.0,5874208.0,1400-03,1400
کچاد,معدنی و صنعتی چادرملو,iron_ore,1400/03/31,گزارش فعالیت ماهانه دوره ۱ ماهه منتهی به ۱۴۰۰/۰۳/۳۱,۱۴۰۰/۰۴/۰۶ ۱۸:۴۷:۵۷,762614,False,https://excel.codal.ir/service/Excel/GetAll/9oIPSbkrVvQQQaQQQuev5xYHNnAw%3d%3d/0,export,فولاد,تن,,77978.0,122700890.0,9567970.0,1400-03,1400
کچاد,معدنی و صنعتی چادرملو,iron_ore,1400/03/31,گزارش فعالیت ماهانه دوره ۱ ماهه منتهی به ۱۴۰۰/۰۳/۳۱,۱۴۰۰/۰۴/۰۶ ۱۸:۴۷:۵۷,762614,False,https://excel.codal.ir/service/Excel/GetAll/9oIPSbkrVvQQQaQQQuev5xYHNnAw%3d%3d/0,domestic,نرمه گندله (Pellet Fine),تن,0.0,,,0.0,1400-03,1400
کچاد,معدنی و صنعتی چادرملو,iron_ore,1400/03/31,گزارش فعالیت ماهانه دوره ۱ ماهه منتهی به ۱۴۰۰/۰۳/۳۱,۱۴۰۰/۰۴/۰۶ ۱۸:۴۷:۵۷,762614,False,https://excel.codal.ir/service/Excel/GetAll/9oIPSbkrVvQQQaQQQuev5xYHNnAw%3d%3d/0,domestic,کنسانتره آهن (خشک ),تن,1039936.0,729397.0,25450442.0,18563476.0,1400-03,1400
کچاد,معدنی و صنعتی چادرملو,iron_ore,1400/03/31,گزارش فعالیت ماهانه دوره ۱ ماهه منتهی به ۱۴۰۰/۰۳/۳۱,۱۴۰۰/۰۴/۰۶ ۱۸:۴۷:۵۷,762614,False,https://excel.codal.ir/service/Excel/GetAll/9oIPSbkrVvQQQaQQQuev5xYHNnAw%3d%3d/0,domestic,کنسانتره مصرف شده در تولید گندله,تن,0.0,210163.0,0.0,0.0,1400-03,1400
کچاد,معدنی و صنعتی چادرملو,iron_ore,1400/03/31,گزارش فعالیت ماهانه دوره ۱ ماهه منتهی به ۱۴۰۰/۰۳/۳۱,۱۴۰۰/۰۴/۰۶ ۱۸:۴۷:۵۷,762614,False,https://excel.codal.ir/service/Excel/GetAll/9oIPSbkrVvQQQaQQQuev5xYHNnAw%3d%3d/0,domestic,گندله,تن,68654.0,49780.0,35630976.0,1773710.0,1400-03,1400
کچاد,معدنی و صنعتی چادرملو,iron_ore,1400/03/31,گزارش فعالیت ماهانه دوره ۱ ماهه منتهی به ۱۴۰۰/۰۳/۳۱,۱۴۰۰/۰۴/۰۶ ۱۸:۴۷:۵۷,762614,False,https://excel.codal.ir/service/Excel/GetAll/9oIPSbkrVvQQQaQQQuev5xYHNnAw%3d%3d/0,export,گندله,تن,,,0.0,0.0,1400-03,1400
کچاد,معدنی و صنعتی چادرملو,iron_ore,1400/04/31,گزارش فعالیت ماهانه دوره ۱ ماهه منتهی به ۱۴۰۰/۰۴/۳۱,۱۴۰۰/۰۵/۰۶ ۱۴:۵۳:۴۹,777894,False,https://excel.codal.ir/service/Excel/GetAll/jtCzroH6AW85DUiEX4sosQ%3d%3d/0,domestic,آهن اسفنجی,تن,111591.0,18014.0,80152215.0,1443862.0,1400-04,1400
کچاد,معدنی و صنعتی چادرملو,iron_ore,1400/04/31,گزارش فعالیت ماهانه دوره ۱ ماهه منتهی به ۱۴۰۰/۰۴/۳۱,۱۴۰۰/۰۵/۰۶ ۱۴:۵۳:۴۹,777894,False,https://excel.codal.ir/service/Excel/GetAll/jtCzroH6AW85DUiEX4sosQ%3d%3d/0,domestic,آپاتیت,تن,10227.0,9940.0,21000604.0,208746.0,1400-04,1400
کچاد,معدنی و صنعتی چادرملو,iron_ore,1400/04/31,گزارش فعالیت ماهانه دوره ۱ ماهه منتهی به ۱۴۰۰/۰۴/۳۱,۱۴۰۰/۰۵/۰۶ ۱۴:۵۳:۴۹,777894,False,https://excel.codal.ir/service/Excel/GetAll/jtCzroH6AW85DUiEX4sosQ%3d%3d/0,domestic,ارسالی گندله به احیاء,تن,,151836.0,0.0,0.0,1400-04,1400
کچاد,معدنی و صنعتی چادرملو,iron_ore,1400/04/31,گزارش فعالیت ماهانه دوره ۱ ماهه منتهی به ۱۴۰۰/۰۴/۳۱,۱۴۰۰/۰۵/۰۶ ۱۴:۵۳:۴۹,777894,False,https://excel.codal.ir/service/Excel/GetAll/jtCzroH6AW85DUiEX4sosQ%3d%3d/0,domestic,سنگ دانه بندی,تن,0.0,,,0.0,1400-04,1400
کچاد,معدنی و صنعتی چادرملو,iron_ore,1400/04/31,گزارش فعالیت ماهانه دوره ۱ ماهه منتهی به ۱۴۰۰/۰۴/۳۱,۱۴۰۰/۰۵/۰۶ ۱۴:۵۳:۴۹,777894,False,https://excel.codal.ir/service/Excel/GetAll/jtCzroH6AW85DUiEX4sosQ%3d%3d/0,export,سنگ دانه بندی,تن,,,0.0,0.0,1400-04,1400
کچاد,معدنی و صنعتی چادرملو,iron_ore,1400/04/31,گزارش فعالیت ماهانه دوره ۱ ماهه منتهی به ۱۴۰۰/۰۴/۳۱,۱۴۰۰/۰۵/۰۶ ۱۴:۵۳:۴۹,777894,False,https://excel.codal.ir/service/Excel/GetAll/jtCzroH6AW85DUiEX4sosQ%3d%3d/0,domestic,عرضه برق تولیدی (نیروگاه),مگاوات ساعت,0.0,,,0.0,1400-04,1400
کچاد,معدنی و صنعتی چادرملو,iron_ore,1400/04/31,گزارش فعالیت ماهانه دوره ۱ ماهه منتهی به ۱۴۰۰/۰۴/۳۱,۱۴۰۰/۰۵/۰۶ ۱۴:۵۳:۴۹,777894,False,https://excel.codal.ir/service/Excel/GetAll/jtCzroH6AW85DUiEX4sosQ%3d%3d/0,domestic,فولاد,تن,49773.0,27951.0,130170727.0,3638402.0,1400-04,1400
کچاد,معدنی و صنعتی چادرملو,iron_ore,1400/04/31,گزارش فعالیت ماهانه دوره ۱ ماهه منتهی به ۱۴۰۰/۰۴/۳۱,۱۴۰۰/۰۵/۰۶ ۱۴:۵۳:۴۹,777894,False,https://excel.codal.ir/service/Excel/GetAll/jtCzroH6AW85DUiEX4sosQ%3d%3d/0,export,فولاد,تن,,31496.0,124851283.0,3932316.0,1400-04,1400
کچاد,معدنی و صنعتی چادرملو,iron_ore,1400/04/31,گزارش فعالیت ماهانه دوره ۱ ماهه منتهی به ۱۴۰۰/۰۴/۳۱,۱۴۰۰/۰۵/۰۶ ۱۴:۵۳:۴۹,777894,False,https://excel.codal.ir/service/Excel/GetAll/jtCzroH6AW85DUiEX4sosQ%3d%3d/0,domestic,نرمه گندله (Pellet Fine),تن,,36136.0,12500055.0,451702.0,1400-04,1400
کچاد,معدنی و صنعتی چادرملو,iron_ore,1400/04/31,گزارش فعالیت ماهانه دوره ۱ ماهه منتهی به ۱۴۰۰/۰۴/۳۱,۱۴۰۰/۰۵/۰۶ ۱۴:۵۳:۴۹,777894,False,https://excel.codal.ir/service/Excel/GetAll/jtCzroH6AW85DUiEX4sosQ%3d%3d/0,domestic,کنسانتره آهن (خشک ),تن,928134.0,730469.0,28421239.0,20760834.0,1400-04,1400
کچاد,معدنی و صنعتی چادرملو,iron_ore,1400/04/31,گزارش فعالیت ماهانه دوره ۱ ماهه منتهی به ۱۴۰۰/۰۴/۳۱,۱۴۰۰/۰۵/۰۶ ۱۴:۵۳:۴۹,777894,False,https://excel.codal.ir/service/Excel/GetAll/jtCzroH6AW85DUiEX4sosQ%3d%3d/0,domestic,کنسانتره مصرف شده در تولید گندله,تن,,207067.0,0.0,0.0,1400-04,1400
کچاد,معدنی و صنعتی چادرملو,iron_ore,1400/04/31,گزارش فعالیت ماهانه دوره ۱ ماهه منتهی به ۱۴۰۰/۰۴/۳۱,۱۴۰۰/۰۵/۰۶ ۱۴:۵۳:۴۹,777894,False,https://excel.codal.ir/service/Excel/GetAll/jtCzroH6AW85DUiEX4sosQ%3d%3d/0,domestic,گندله,تن,286498.0,37790.0,39789865.0,1503659.0,1400-04,1400
کچاد,معدنی و صنعتی چادرملو,iron_ore,1400/04/31,گزارش فعالیت ماهانه دوره ۱ ماهه منتهی به ۱۴۰۰/۰۴/۳۱,۱۴۰۰/۰۵/۰۶ ۱۴:۵۳:۴۹,777894,False,https://excel.codal.ir/service/Excel/GetAll/jtCzroH6AW85DUiEX4sosQ%3d%3d/0,export,گندله,تن,,,0.0,0.0,1400-04,1400
کچاد,معدنی و صنعتی چادرملو,iron_ore,1400/05/31,گزارش فعالیت ماهانه دوره ۱ ماهه منتهی به ۱۴۰۰/۰۵/۳۱,۱۴۰۰/۰۶/۰۳ ۲۰:۴۲:۴۶,785967,False,https://excel.codal.ir/service/Excel/GetAll/kT3JPGftQazFGYn6OOObOOObNStg%3d%3d/0,domestic,آهن اسفنجی,تن,137296.0,30181.0,76484013.0,2308364.0,1400-05,1400
کچاد,معدنی و صنعتی چادرملو,iron_ore,1400/05/31,گزارش فعالیت ماهانه دوره ۱ ماهه منتهی به ۱۴۰۰/۰۵/۳۱,۱۴۰۰/۰۶/۰۳ ۲۰:۴۲:۴۶,785967,False,https://excel.codal.ir/service/Excel/GetAll/kT3JPGftQazFGYn6OOObOOObNStg%3d%3d/0,domestic,آپاتیت,تن,9582.0,1243.0,21007241.0,26112.0,1400-05,1400
کچاد,معدنی و صنعتی چادرملو,iron_ore,1400/05/31,گزارش فعالیت ماهانه دوره ۱ ماهه منتهی به ۱۴۰۰/۰۵/۳۱,۱۴۰۰/۰۶/۰۳ ۲۰:۴۲:۴۶,785967,False,https://excel.codal.ir/service/Excel/GetAll/kT3JPGftQazFGYn6OOObOOObNStg%3d%3d/0,domestic,ارسالی گندله به احیاء,تن,,188924.0,0.0,0.0,1400-05,1400
کچاد,معدنی و صنعتی چادرملو,iron_ore,1400/05/31,گزارش فعالیت ماهانه دوره ۱ ماهه منتهی به ۱۴۰۰/۰۵/۳۱,۱۴۰۰/۰۶/۰۳ ۲۰:۴۲:۴۶,785967,False,https://excel.codal.ir/service/Excel/GetAll/kT3JPGftQazFGYn6OOObOOObNStg%3d%3d/0,domestic,سنگ دانه بندی,تن,0.0,,,0.0,1400-05,1400
کچاد,معدنی و صنعتی چادرملو,iron_ore,1400/05/31,گزارش فعالیت ماهانه دوره ۱ ماهه منتهی به ۱۴۰۰/۰۵/۳۱,۱۴۰۰/۰۶/۰۳ ۲۰:۴۲:۴۶,785967,False,https://excel.codal.ir/service/Excel/GetAll/kT3JPGftQazFGYn6OOObOOObNStg%3d%3d/0,export,سنگ دانه بندی,تن,,,0.0,0.0,1400-05,1400
کچاد,معدنی و صنعتی چادرملو,iron_ore,1400/05/31,گزارش فعالیت ماهانه دوره ۱ ماهه منتهی به ۱۴۰۰/۰۵/۳۱,۱۴۰۰/۰۶/۰۳ ۲۰:۴۲:۴۶,785967,False,https://excel.codal.ir/service/Excel/GetAll/kT3JPGftQazFGYn6OOObOOObNStg%3d%3d/0,domestic,عرضه برق تولیدی (نیروگاه),مگاوات ساعت,0.0,,,0.0,1400-05,1400
کچاد,معدنی و صنعتی چادرملو,iron_ore,1400/05/31,گزارش فعالیت ماهانه دوره ۱ ماهه منتهی به ۱۴۰۰/۰۵/۳۱,۱۴۰۰/۰۶/۰۳ ۲۰:۴۲:۴۶,785967,False,https://excel.codal.ir/service/Excel/GetAll/kT3JPGftQazFGYn6OOObOOObNStg%3d%3d/0,domestic,فولاد,تن,36472.0,15794.0,132445296.0,2091841.0,1400-05,1400
کچاد,معدنی و صنعتی چادرملو,iron_ore,1400/05/31,گزارش فعالیت ماهانه دوره ۱ ماهه منتهی به ۱۴۰۰/۰۵/۳۱,۱۴۰۰/۰۶/۰۳ ۲۰:۴۲:۴۶,785967,False,https://excel.codal.ir/service/Excel/GetAll/kT3JPGftQazFGYn6OOObOOObNStg%3d%3d/0,export,فولاد,تن,,59990.0,128122154.0,7686048.0,1400-05,1400
کچاد,معدنی و صنعتی چادرملو,iron_ore,1400/05/31,گزارش فعالیت ماهانه دوره ۱ ماهه منتهی به ۱۴۰۰/۰۵/۳۱,۱۴۰۰/۰۶/۰۳ ۲۰:۴۲:۴۶,785967,False,https://excel.codal.ir/service/Excel/GetAll/kT3JPGftQazFGYn6OOObOOObNStg%3d%3d/0,domestic,نرمه گندله (Pellet Fine),تن,,,,0.0,1400-05,1400
کچاد,معدنی و صنعتی چادرملو,iron_ore,1400/05/31,گزارش فعالیت ماهانه دوره ۱ ماهه منتهی به ۱۴۰۰/۰۵/۳۱,۱۴۰۰/۰۶/۰۳ ۲۰:۴۲:۴۶,785967,False,https://excel.codal.ir/service/Excel/GetAll/kT3JPGftQazFGYn6OOObOOObNStg%3d%3d/0,domestic,کنسانتره آهن (خشک ),تن,919854.0,688770.0,30582623.0,21064393.0,1400-05,1400
کچاد,معدنی و صنعتی چادرملو,iron_ore,1400/05/31,گزارش فعالیت ماهانه دوره ۱ ماهه منتهی به ۱۴۰۰/۰۵/۳۱,۱۴۰۰/۰۶/۰۳ ۲۰:۴۲:۴۶,785967,False,https://excel.codal.ir/service/Excel/GetAll/kT3JPGftQazFGYn6OOObOOObNStg%3d%3d/0,domestic,کنسانتره مصرف شده در تولید گندله,تن,,259349.0,0.0,0.0,1400-05,1400
کچاد,معدنی و صنعتی چادرملو,iron_ore,1400/05/31,گزارش فعالیت ماهانه دوره ۱ ماهه منتهی به ۱۴۰۰/۰۵/۳۱,۱۴۰۰/۰۶/۰۳ ۲۰:۴۲:۴۶,785967,False,https://excel.codal.ir/service/Excel/GetAll/kT3JPGftQazFGYn6OOObOOObNStg%3d%3d/0,domestic,گندله,تن,367954.0,173871.0,42815593.0,7444390.0,1400-05,1400
کچاد,معدنی و صنعتی چادرملو,iron_ore,1400/05/31,گزارش فعالیت ماهانه دوره ۱ ماهه منتهی به ۱۴۰۰/۰۵/۳۱,۱۴۰۰/۰۶/۰۳ ۲۰:۴۲:۴۶,785967,False,https://excel.codal.ir/service/Excel/GetAll/kT3JPGftQazFGYn6OOObOOObNStg%3d%3d/0,export,گندله,تن,,,0.0,0.0,1400-05,1400
کچاد,معدنی و صنعتی چادرملو,iron_ore,1400/06/31,گزارش فعالیت ماهانه دوره ۱ ماهه منتهی به ۱۴۰۰/۰۶/۳۱(اصلاحیه),۱۴۰۰/۰۷/۱۰ ۱۲:۱۷:۴۱,801610,True,https://excel.codal.ir/service/Excel/GetAll/3fs0QABZGSH1UH2U28QQQaQQQxdQ%3d%3d/0,domestic,آهن اسفنجی,تن,119155.0,24591.0,82405311.0,2026429.0,1400-06,1400
کچاد,معدنی و صنعتی چادرملو,iron_ore,1400/06/31,گزارش فعالیت ماهانه دوره ۱ ماهه منتهی به ۱۴۰۰/۰۶/۳۱(اصلاحیه),۱۴۰۰/۰۷/۱۰ ۱۲:۱۷:۴۱,801610,True,https://excel.codal.ir/service/Excel/GetAll/3fs0QABZGSH1UH2U28QQQaQQQxdQ%3d%3d/0,domestic,آپاتیت,تن,,2062.0,18341416.0,37820.0,1400-06,1400
کچاد,معدنی و صنعتی چادرملو,iron_ore,1400/06/31,گزارش فعالیت ماهانه دوره ۱ ماهه منتهی به ۱۴۰۰/۰۶/۳۱(اصلاحیه),۱۴۰۰/۰۷/۱۰ ۱۲:۱۷:۴۱,801610,True,https://excel.codal.ir/service/Excel/GetAll/3fs0QABZGSH1UH2U28QQQaQQQxdQ%3d%3d/0,domestic,ارسالی گندله به احیاء,تن,,157515.0,0.0,0.0,1400-06,1400
کچاد,معدنی و صنعتی چادرملو,iron_ore,1400/06/31,گزارش فعالیت ماهانه دوره ۱ ماهه منتهی به ۱۴۰۰/۰۶/۳۱(اصلاحیه),۱۴۰۰/۰۷/۱۰ ۱۲:۱۷:۴۱,801610,True,https://excel.codal.ir/service/Excel/GetAll/3fs0QABZGSH1UH2U28QQQaQQQxdQ%3d%3d/0,domestic,سنگ دانه بندی,تن,,,,0.0,1400-06,1400
کچاد,معدنی و صنعتی چادرملو,iron_ore,1400/06/31,گزارش فعالیت ماهانه دوره ۱ ماهه منتهی به ۱۴۰۰/۰۶/۳۱(اصلاحیه),۱۴۰۰/۰۷/۱۰ ۱۲:۱۷:۴۱,801610,True,https://excel.codal.ir/service/Excel/GetAll/3fs0QABZGSH1UH2U28QQQaQQQxdQ%3d%3d/0,export,سنگ دانه بندی,تن,,,0.0,0.0,1400-06,1400
کچاد,معدنی و صنعتی چادرملو,iron_ore,1400/06/31,گزارش فعالیت ماهانه دوره ۱ ماهه منتهی به ۱۴۰۰/۰۶/۳۱(اصلاحیه),۱۴۰۰/۰۷/۱۰ ۱۲:۱۷:۴۱,801610,True,https://excel.codal.ir/service/Excel/GetAll/3fs0QABZGSH1UH2U28QQQaQQQxdQ%3d%3d/0,domestic,عرضه برق تولیدی (نیروگاه),مگاوات ساعت,,,,1046639.0,1400-06,1400
کچاد,معدنی و صنعتی چادرملو,iron_ore,1400/06/31,گزارش فعالیت ماهانه دوره ۱ ماهه منتهی به ۱۴۰۰/۰۶/۳۱(اصلاحیه),۱۴۰۰/۰۷/۱۰ ۱۲:۱۷:۴۱,801610,True,https://excel.codal.ir/service/Excel/GetAll/3fs0QABZGSH1UH2U28QQQaQQQxdQ%3d%3d/0,domestic,فولاد,تن,63803.0,59022.0,132650046.0,7829271.0,1400-06,1400
کچاد,معدنی و صنعتی چادرملو,iron_ore,1400/06/31,گزارش فعالیت ماهانه دوره ۱ ماهه منتهی به ۱۴۰۰/۰۶/۳۱(اصلاحیه),۱۴۰۰/۰۷/۱۰ ۱۲:۱۷:۴۱,801610,True,https://excel.codal.ir/service/Excel/GetAll/3fs0QABZGSH1UH2U28QQQaQQQxdQ%3d%3d/0,export,فولاد,تن,,,0.0,0.0,1400-06,1400
کچاد,معدنی و صنعتی چادرملو,iron_ore,1400/06/31,گزارش فعالیت ماهانه دوره ۱ ماهه منتهی به ۱۴۰۰/۰۶/۳۱(اصلاحیه),۱۴۰۰/۰۷/۱۰ ۱۲:۱۷:۴۱,801610,True,https://excel.codal.ir/service/Excel/GetAll/3fs0QABZGSH1UH2U28QQQaQQQxdQ%3d%3d/0,domestic,نرمه گندله (Pellet Fine),تن,,,,0.0,1400-06,1400
کچاد,معدنی و صنعتی چادرملو,iron_ore,1400/06/31,گزارش فعالیت ماهانه دوره ۱ ماهه منتهی به ۱۴۰۰/۰۶/۳۱(اصلاحیه),۱۴۰۰/۰۷/۱۰ ۱۲:۱۷:۴۱,801610,True,https://excel.codal.ir/service/Excel/GetAll/3fs0QABZGSH1UH2U28QQQaQQQxdQ%3d%3d/0,domestic,کنسانتره آهن (خشک ),تن,940094.0,708142.0,31072772.0,22003935.0,1400-06,1400
کچاد,معدنی و صنعتی چادرملو,iron_ore,1400/06/31,گزارش فعالیت ماهانه دوره ۱ ماهه منتهی به ۱۴۰۰/۰۶/۳۱(اصلاحیه),۱۴۰۰/۰۷/۱۰ ۱۲:۱۷:۴۱,801610,True,https://excel.codal.ir/service/Excel/GetAll/3fs0QABZGSH1UH2U28QQQaQQQxdQ%3d%3d/0,domestic,کنسانتره مصرف شده در تولید گندله,تن,,495271.0,0.0,0.0,1400-06,1400
کچاد,معدنی و صنعتی چادرملو,iron_ore,1400/06/31,گزارش فعالیت ماهانه دوره ۱ ماهه منتهی به ۱۴۰۰/۰۶/۳۱(اصلاحیه),۱۴۰۰/۰۷/۱۰ ۱۲:۱۷:۴۱,801610,True,https://excel.codal.ir/service/Excel/GetAll/3fs0QABZGSH1UH2U28QQQaQQQxdQ%3d%3d/0,domestic,گندله,تن,368522.0,166349.0,44392169.0,7384593.0,1400-06,1400
کچاد,معدنی و صنعتی چادرملو,iron_ore,1400/06/31,گزارش فعالیت ماهانه دوره ۱ ماهه منتهی به ۱۴۰۰/۰۶/۳۱(اصلاحیه),۱۴۰۰/۰۷/۱۰ ۱۲:۱۷:۴۱,801610,True,https://excel.codal.ir/service/Excel/GetAll/3fs0QABZGSH1UH2U28QQQaQQQxdQ%3d%3d/0,export,گندله,تن,,,0.0,0.0,1400-06,1400
کچاد,معدنی و صنعتی چادرملو,iron_ore,1400/07/30,گزارش فعالیت ماهانه دوره ۱ ماهه منتهی به ۱۴۰۰/۰۷/۳۰,۱۴۰۰/۰۸/۰۷ ۱۳:۴۴:۱۱,811306,False,https://excel.codal.ir/service/Excel/GetAll/7ZrxEUWbHUVSFERFy2EpdA%3d%3d/0,domestic,آهن اسفنجی,تن,50166.0,31214.0,80519799.0,2513345.0,1400-07,1400
کچاد,معدنی و صنعتی چادرملو,iron_ore,1400/07/30,گزارش فعالیت ماهانه دوره ۱ ماهه منتهی به ۱۴۰۰/۰۷/۳۰,۱۴۰۰/۰۸/۰۷ ۱۳:۴۴:۱۱,811306,False,https://excel.codal.ir/service/Excel/GetAll/7ZrxEUWbHUVSFERFy2EpdA%3d%3d/0,domestic,آپاتیت,تن,2544.0,9228.8,21000022.0,193805.0,1400-07,1400
کچاد,معدنی و صنعتی چادرملو,iron_ore,1400/07/30,گزارش فعالیت ماهانه دوره ۱ ماهه منتهی به ۱۴۰۰/۰۷/۳۰,۱۴۰۰/۰۸/۰۷ ۱۳:۴۴:۱۱,811306,False,https://excel.codal.ir/service/Excel/GetAll/7ZrxEUWbHUVSFERFy2EpdA%3d%3d/0,domestic,ارسالی گندله به احیاء,تن,,76458.0,0.0,0.0,1400-07,1400
کچاد,معدنی و صنعتی چادرملو,iron_ore,1400/07/30,گزارش فعالیت ماهانه دوره ۱ ماهه منتهی به ۱۴۰۰/۰۷/۳۰,۱۴۰۰/۰۸/۰۷ ۱۳:۴۴:۱۱,811306,False,https://excel.codal.ir/service/Excel/GetAll/7ZrxEUWbHUVSFERFy2EpdA%3d%3d/0,domestic,سنگ دانه بندی,تن,,23.1,17835498.0,412.0,1400-07,1400
کچاد,معدنی و صنعتی چادرملو,iron_ore,1400/07/30,گزارش فعالیت ماهانه دوره ۱ ماهه منتهی به ۱۴۰۰/۰۷/۳۰,۱۴۰۰/۰۸/۰۷ ۱۳:۴۴:۱۱,811306,False,https://excel.codal.ir/service/Excel/GetAll/7ZrxEUWbHUVSFERFy2EpdA%3d%3d/0,export,سنگ دانه بندی,تن,,,0.0,0.0,1400-07,1400
کچاد,معدنی و صنعتی چادرملو,iron_ore,1400/07/30,گزارش فعالیت ماهانه دوره ۱ ماهه منتهی به ۱۴۰۰/۰۷/۳۰,۱۴۰۰/۰۸/۰۷ ۱۳:۴۴:۱۱,811306,False,https://excel.codal.ir/service/Excel/GetAll/7ZrxEUWbHUVSFERFy2EpdA%3d%3d/0,domestic,عرضه برق تولیدی (نیروگاه),مگاوات ساعت,,,,0.0,1400-07,1400
کچاد,معدنی و صنعتی چادرملو,iron_ore,1400/07/30,گزارش فعالیت ماهانه دوره ۱ ماهه منتهی به ۱۴۰۰/۰۷/۳۰,۱۴۰۰/۰۸/۰۷ ۱۳:۴۴:۱۱,811306,False,https://excel.codal.ir/service/Excel/GetAll/7ZrxEUWbHUVSFERFy2EpdA%3d%3d/0,domestic,فولاد,تن,94137.0,56188.0,125597637.0,7057080.0,1400-07,1400
کچاد,معدنی و صنعتی چادرملو,iron_ore,1400/07/30,گزارش فعالیت ماهانه دوره ۱ ماهه منتهی به ۱۴۰۰/۰۷/۳۰,۱۴۰۰/۰۸/۰۷ ۱۳:۴۴:۱۱,811306,False,https://excel.codal.ir/service/Excel/GetAll/7ZrxEUWbHUVSFERFy2EpdA%3d%3d/0,export,فولاد,تن,,30001.0,132321856.0,3969788.0,1400-07,1400
کچاد,معدنی و صنعتی چادرملو,iron_ore,1400/07/30,گزارش فعالیت ماهانه دوره ۱ ماهه منتهی به ۱۴۰۰/۰۷/۳۰,۱۴۰۰/۰۸/۰۷ ۱۳:۴۴:۱۱,811306,False,https://excel.codal.ir/service/Excel/GetAll/7ZrxEUWbHUVSFERFy2EpdA%3d%3d/0,domestic,نرمه گندله (Pellet Fine),تن,,,,0.0,1400-07,1400
کچاد,معدنی و صنعتی چادرملو,iron_ore,1400/07/30,گزارش فعالیت ماهانه دوره ۱ ماهه منتهی به ۱۴۰۰/۰۷/۳۰,۱۴۰۰/۰۸/۰۷ ۱۳:۴۴:۱۱,811306,False,https://excel.codal.ir/service/Excel/GetAll/7ZrxEUWbHUVSFERFy2EpdA%3d%3d/0,domestic,کنسانتره آهن (خشک ),تن,896262.0,528007.0,29726523.0,15695812.0,1400-07,1400
کچاد,معدنی و صنعتی چادرملو,iron_ore,1400/07/30,گزارش فعالیت ماهانه دوره ۱ ماهه منتهی به ۱۴۰۰/۰۷/۳۰,۱۴۰۰/۰۸/۰۷ ۱۳:۴۴:۱۱,811306,False,https://excel.codal.ir/service/Excel/GetAll/7ZrxEUWbHUVSFERFy2EpdA%3d%3d/0,domestic,کنسانتره مصرف شده در تولید گندله,تن,,351184.0,0.0,0.0,1400-07,1400
کچاد,معدنی و صنعتی چادرملو,iron_ore,1400/07/30,گزارش فعالیت ماهانه دوره ۱ ماهه منتهی به ۱۴۰۰/۰۷/۳۰,۱۴۰۰/۰۸/۰۷ ۱۳:۴۴:۱۱,811306,False,https://excel.codal.ir/service/Excel/GetAll/7ZrxEUWbHUVSFERFy2EpdA%3d%3d/0,domestic,گندله,تن,370603.0,254035.0,41617257.0,10572240.0,1400-07,1400
کچاد,معدنی و صنعتی چادرملو,iron_ore,1400/07/30,گزارش فعالیت ماهانه دوره ۱ ماهه منتهی به ۱۴۰۰/۰۷/۳۰,۱۴۰۰/۰۸/۰۷ ۱۳:۴۴:۱۱,811306,False,https://excel.codal.ir/service/Excel/GetAll/7ZrxEUWbHUVSFERFy2EpdA%3d%3d/0,export,گندله,تن,,,0.0,0.0,1400-07,1400
کچاد,معدنی و صنعتی چادرملو,iron_ore,1400/08/30,گزارش فعالیت ماهانه دوره ۱ ماهه منتهی به ۱۴۰۰/۰۸/۳۰,۱۴۰۰/۰۹/۰۷ ۱۵:۰۰:۳۴,823322,False,https://excel.codal.ir/service/Excel/GetAll/gBDcojK7bqbvFsfAlWgtAw%3d%3d/0,domestic,آهن اسفنجی,تن,134534.0,24206.0,78558085.0,1901577.0,1400-08,1400
کچاد,معدنی و صنعتی چادرملو,iron_ore,1400/08/30,گزارش فعالیت ماهانه دوره ۱ ماهه منتهی به ۱۴۰۰/۰۸/۳۰,۱۴۰۰/۰۹/۰۷ ۱۵:۰۰:۳۴,823322,False,https://excel.codal.ir/service/Excel/GetAll/gBDcojK7bqbvFsfAlWgtAw%3d%3d/0,domestic,آپاتیت,تن,3773.0,2967.0,18844961.0,55913.0,1400-08,1400
کچاد,معدنی و صنعتی چادرملو,iron_ore,1400/08/30,گزارش فعالیت ماهانه دوره ۱ ماهه منتهی به ۱۴۰۰/۰۸/۳۰,۱۴۰۰/۰۹/۰۷ ۱۵:۰۰:۳۴,823322,False,https://excel.codal.ir/service/Excel/GetAll/gBDcojK7bqbvFsfAlWgtAw%3d%3d/0,domestic,ارسالی گندله به احیاء,تن,,168846.0,0.0,0.0,1400-08,1400
کچاد,معدنی و صنعتی چادرملو,iron_ore,1400/08/30,گزارش فعالیت ماهانه دوره ۱ ماهه منتهی به ۱۴۰۰/۰۸/۳۰,۱۴۰۰/۰۹/۰۷ ۱۵:۰۰:۳۴,823322,False,https://excel.codal.ir/service/Excel/GetAll/gBDcojK7bqbvFsfAlWgtAw%3d%3d/0,domestic,سنگ دانه بندی,تن,0.0,3000.0,18414333.0,55243.0,1400-08,1400
کچاد,معدنی و صنعتی چادرملو,iron_ore,1400/08/30,گزارش فعالیت ماهانه دوره ۱ ماهه منتهی به ۱۴۰۰/۰۸/۳۰,۱۴۰۰/۰۹/۰۷ ۱۵:۰۰:۳۴,823322,False,https://excel.codal.ir/service/Excel/GetAll/gBDcojK7bqbvFsfAlWgtAw%3d%3d/0,export,سنگ دانه بندی,تن,,,0.0,0.0,1400-08,1400
کچاد,معدنی و صنعتی چادرملو,iron_ore,1400/08/30,گزارش فعالیت ماهانه دوره ۱ ماهه منتهی به ۱۴۰۰/۰۸/۳۰,۱۴۰۰/۰۹/۰۷ ۱۵:۰۰:۳۴,823322,False,https://excel.codal.ir/service/Excel/GetAll/gBDcojK7bqbvFsfAlWgtAw%3d%3d/0,domestic,عرضه برق تولیدی (نیروگاه),مگاوات ساعت,,,,0.0,1400-08,1400
کچاد,معدنی و صنعتی چادرملو,iron_ore,1400/08/30,گزارش فعالیت ماهانه دوره ۱ ماهه منتهی به ۱۴۰۰/۰۸/۳۰,۱۴۰۰/۰۹/۰۷ ۱۵:۰۰:۳۴,823322,False,https://excel.codal.ir/service/Excel/GetAll/gBDcojK7bqbvFsfAlWgtAw%3d%3d/0,domestic,فولاد,تن,101456.0,40074.0,128045990.0,5131315.0,1400-08,1400
کچاد,معدنی و صنعتی چادرملو,iron_ore,1400/08/30,گزارش فعالیت ماهانه دوره ۱ ماهه منتهی به ۱۴۰۰/۰۸/۳۰,۱۴۰۰/۰۹/۰۷ ۱۵:۰۰:۳۴,823322,False,https://excel.codal.ir/service/Excel/GetAll/gBDcojK7bqbvFsfAlWgtAw%3d%3d/0,export,فولاد,تن,,30157.0,147437676.0,4446278.0,1400-08,1400
کچاد,معدنی و صنعتی چادرملو,iron_ore,1400/08/30,گزارش فعالیت ماهانه دوره ۱ ماهه منتهی به ۱۴۰۰/۰۸/۳۰,۱۴۰۰/۰۹/۰۷ ۱۵:۰۰:۳۴,823322,False,https://excel.codal.ir/service/Excel/GetAll/gBDcojK7bqbvFsfAlWgtAw%3d%3d/0,domestic,نرمه گندله (Pellet Fine),تن,,8113.0,12501294.0,101423.0,1400-08,1400
کچاد,معدنی و صنعتی چادرملو,iron_ore,1400/08/30,گزارش فعالیت ماهانه دوره ۱ ماهه منتهی به ۱۴۰۰/۰۸/۳۰,۱۴۰۰/۰۹/۰۷ ۱۵:۰۰:۳۴,823322,False,https://excel.codal.ir/service/Excel/GetAll/gBDcojK7bqbvFsfAlWgtAw%3d%3d/0,domestic,کنسانتره آهن (خشک ),تن,945244.0,570551.0,30690510.0,17510501.0,1400-08,1400
کچاد,معدنی و صنعتی چادرملو,iron_ore,1400/08/30,گزارش فعالیت ماهانه دوره ۱ ماهه منتهی به ۱۴۰۰/۰۸/۳۰,۱۴۰۰/۰۹/۰۷ ۱۵:۰۰:۳۴,823322,False,https://excel.codal.ir/service/Excel/GetAll/gBDcojK7bqbvFsfAlWgtAw%3d%3d/0,domestic,کنسانتره مصرف شده در تولید گندله,تن,,351003.0,0.0,0.0,1400-08,1400
کچاد,معدنی و صنعتی چادرملو,iron_ore,1400/08/30,گزارش فعالیت ماهانه دوره ۱ ماهه منتهی به ۱۴۰۰/۰۸/۳۰,۱۴۰۰/۰۹/۰۷ ۱۵:۰۰:۳۴,823322,False,https://excel.codal.ir/service/Excel/GetAll/gBDcojK7bqbvFsfAlWgtAw%3d%3d/0,domestic,گندله,تن,344629.0,185338.0,42966607.0,7963345.0,1400-08,1400
کچاد,معدنی و صنعتی چادرملو,iron_ore,1400/08/30,گزارش فعالیت ماهانه دوره ۱ ماهه منتهی به ۱۴۰۰/۰۸/۳۰,۱۴۰۰/۰۹/۰۷ ۱۵:۰۰:۳۴,823322,False,https://excel.codal.ir/service/Excel/GetAll/gBDcojK7bqbvFsfAlWgtAw%3d%3d/0,export,گندله,تن,,,0.0,0.0,1400-08,1400
کچاد,معدنی و صنعتی چادرملو,iron_ore,1400/09/30,گزارش فعالیت ماهانه دوره ۱ ماهه منتهی به ۱۴۰۰/۰۹/۳۰,۱۴۰۰/۱۰/۰۶ ۱۹:۲۳:۵۱,836209,False,https://excel.codal.ir/service/Excel/GetAll/gEYmONhvtspX2E87v77AvQ%3d%3d/0,domestic,آهن اسفنجی,تن,134942.0,1179.0,79598813.0,93847.0,1400-09,1400
کچاد,معدنی و صنعتی چادرملو,iron_ore,1400/09/30,گزارش فعالیت ماهانه دوره ۱ ماهه منتهی به ۱۴۰۰/۰۹/۳۰,۱۴۰۰/۱۰/۰۶ ۱۹:۲۳:۵۱,836209,False,https://excel.codal.ir/service/Excel/GetAll/gEYmONhvtspX2E87v77AvQ%3d%3d/0,domestic,آپاتیت,تن,1597.0,9566.0,16598578.0,158782.0,1400-09,1400
کچاد,معدنی و صنعتی چادرملو,iron_ore,1400/09/30,گزارش فعالیت ماهانه دوره ۱ ماهه منتهی به ۱۴۰۰/۰۹/۳۰,۱۴۰۰/۱۰/۰۶ ۱۹:۲۳:۵۱,836209,False,https://excel.codal.ir/service/Excel/GetAll/gEYmONhvtspX2E87v77AvQ%3d%3d/0,domestic,ارسالی گندله به احیاء,تن,,185188.0,0.0,0.0,1400-09,1400
کچاد,معدنی و صنعتی چادرملو,iron_ore,1400/09/30,گزارش فعالیت ماهانه دوره ۱ ماهه منتهی به ۱۴۰۰/۰۹/۳۰,۱۴۰۰/۱۰/۰۶ ۱۹:۲۳:۵۱,836209,False,https://excel.codal.ir/service/Excel/GetAll/gEYmONhvtspX2E87v77AvQ%3d%3d/0,domestic,سنگ دانه بندی,تن,0.0,0.0,,0.0,1400-09,1400
کچاد,معدنی و صنعتی چادرملو,iron_ore,1400/09/30,گزارش فعالیت ماهانه دوره ۱ ماهه منتهی به ۱۴۰۰/۰۹/۳۰,۱۴۰۰/۱۰/۰۶ ۱۹:۲۳:۵۱,836209,False,https://excel.codal.ir/service/Excel/GetAll/gEYmONhvtspX2E87v77AvQ%3d%3d/0,export,سنگ دانه بندی,تن,,,0.0,0.0,1400-09,1400
کچاد,معدنی و صنعتی چادرملو,iron_ore,1400/09/30,گزارش فعالیت ماهانه دوره ۱ ماهه منتهی به ۱۴۰۰/۰۹/۳۰,۱۴۰۰/۱۰/۰۶ ۱۹:۲۳:۵۱,836209,False,https://excel.codal.ir/service/Excel/GetAll/gEYmONhvtspX2E87v77AvQ%3d%3d/0,domestic,عرضه برق تولیدی (نیروگاه),مگاوات ساعت,0.0,0.0,,0.0,1400-09,1400
کچاد,معدنی و صنعتی چادرملو,iron_ore,1400/09/30,گزارش فعالیت ماهانه دوره ۱ ماهه منتهی به ۱۴۰۰/۰۹/۳۰,۱۴۰۰/۱۰/۰۶ ۱۹:۲۳:۵۱,836209,False,https://excel.codal.ir/service/Excel/GetAll/gEYmONhvtspX2E87v77AvQ%3d%3d/0,domestic,فولاد,تن,107576.0,68560.0,135375175.0,9281322.0,1400-09,1400
کچاد,معدنی و صنعتی چادرملو,iron_ore,1400/09/30,گزارش فعالیت ماهانه دوره ۱ ماهه منتهی به ۱۴۰۰/۰۹/۳۰,۱۴۰۰/۱۰/۰۶ ۱۹:۲۳:۵۱,836209,False,https://excel.codal.ir/service/Excel/GetAll/gEYmONhvtspX2E87v77AvQ%3d%3d/0,export,فولاد,تن,,30296.0,146980658.0,4452926.0,1400-09,1400
کچاد,معدنی و صنعتی چادرملو,iron_ore,1400/09/30,گزارش فعالیت ماهانه دوره ۱ ماهه منتهی به ۱۴۰۰/۰۹/۳۰,۱۴۰۰/۱۰/۰۶ ۱۹:۲۳:۵۱,836209,False,https://excel.codal.ir/service/Excel/GetAll/gEYmONhvtspX2E87v77AvQ%3d%3d/0,domestic,نرمه گندله (Pellet Fine),تن,,,,0.0,1400-09,1400
کچاد,معدنی و صنعتی چادرملو,iron_ore,1400/09/30,گزارش فعالیت ماهانه دوره ۱ ماهه منتهی به ۱۴۰۰/۰۹/۳۰,۱۴۰۰/۱۰/۰۶ ۱۹:۲۳:۵۱,836209,False,https://excel.codal.ir/service/Excel/GetAll/gEYmONhvtspX2E87v77AvQ%3d%3d/0,domestic,کنسانتره آهن (خشک ),تن,885132.0,611278.0,29630234.0,18112310.0,1400-09,1400
کچاد,معدنی و صنعتی چادرملو,iron_ore,1400/09/30,گزارش فعالیت ماهانه دوره ۱ ماهه منتهی به ۱۴۰۰/۰۹/۳۰,۱۴۰۰/۱۰/۰۶ ۱۹:۲۳:۵۱,836209,False,https://excel.codal.ir/service/Excel/GetAll/gEYmONhvtspX2E87v77AvQ%3d%3d/0,domestic,کنسانتره مصرف شده در تولید گندله,تن,,387527.0,0.0,0.0,1400-09,1400
کچاد,معدنی و صنعتی چادرملو,iron_ore,1400/09/30,گزارش فعالیت ماهانه دوره ۱ ماهه منتهی به ۱۴۰۰/۰۹/۳۰,۱۴۰۰/۱۰/۰۶ ۱۹:۲۳:۵۱,836209,False,https://excel.codal.ir/service/Excel/GetAll/gEYmONhvtspX2E87v77AvQ%3d%3d/0,domestic,گندله,تن,334942.0,158771.0,41998835.0,6668197.0,1400-09,1400
کچاد,معدنی و صنعتی چادرملو,iron_ore,1400/09/30,گزارش فعالیت ماهانه دوره ۱ ماهه منتهی به ۱۴۰۰/۰۹/۳۰,۱۴۰۰/۱۰/۰۶ ۱۹:۲۳:۵۱,836209,False,https://excel.codal.ir/service/Excel/GetAll/gEYmONhvtspX2E87v77AvQ%3d%3d/0,export,گندله,تن,,,0.0,0.0,1400-09,1400
کچاد,معدنی و صنعتی چادرملو,iron_ore,1400/10/30,گزارش فعالیت ماهانه دوره ۱ ماهه منتهی به ۱۴۰۰/۱۰/۳۰,۱۴۰۰/۱۱/۰۶ ۱۲:۲۲:۳۳,848560,False,https://excel.codal.ir/service/Excel/GetAll/sxQ9CYu9yCWIOOObOOOxnJf1YPyw%3d%3d/0,domestic,آهن اسفنجی,تن,132751.0,4641.0,82891618.0,384700.0,1400-10,1400
کچاد,معدنی و صنعتی چادرملو,iron_ore,1400/10/30,گزارش فعالیت ماهانه دوره ۱ ماهه منتهی به ۱۴۰۰/۱۰/۳۰,۱۴۰۰/۱۱/۰۶ ۱۲:۲۲:۳۳,848560,False,https://excel.codal.ir/service/Excel/GetAll/sxQ9CYu9yCWIOOObOOOxnJf1YPyw%3d%3d/0,domestic,آپاتیت,تن,5913.0,13202.0,18054537.0,238356.0,1400-10,1400
کچاد,معدنی و صنعتی چادرملو,iron_ore,1400/10/30,گزارش فعالیت ماهانه دوره ۱ ماهه منتهی به ۱۴۰۰/۱۰/۳۰,۱۴۰۰/۱۱/۰۶ ۱۲:۲۲:۳۳,848560,False,https://excel.codal.ir/service/Excel/GetAll/sxQ9CYu9yCWIOOObOOOxnJf1YPyw%3d%3d/0,domestic,ارسالی گندله به احیاء,تن,,175966.0,0.0,0.0,1400-10,1400
کچاد,معدنی و صنعتی چادرملو,iron_ore,1400/10/30,گزارش فعالیت ماهانه دوره ۱ ماهه منتهی به ۱۴۰۰/۱۰/۳۰,۱۴۰۰/۱۱/۰۶ ۱۲:۲۲:۳۳,848560,False,https://excel.codal.ir/service/Excel/GetAll/sxQ9CYu9yCWIOOObOOOxnJf1YPyw%3d%3d/0,domestic,سنگ دانه بندی,تن,0.0,3011.0,17000000.0,51187.0,1400-10,1400
کچاد,معدنی و صنعتی چادرملو,iron_ore,1400/10/30,گزارش فعالیت ماهانه دوره ۱ ماهه منتهی به ۱۴۰۰/۱۰/۳۰,۱۴۰۰/۱۱/۰۶ ۱۲:۲۲:۳۳,848560,False,https://excel.codal.ir/service/Excel/GetAll/sxQ9CYu9yCWIOOObOOOxnJf1YPyw%3d%3d/0,export,سنگ دانه بندی,تن,,,0.0,0.0,1400-10,1400
کچاد,معدنی و صنعتی چادرملو,iron_ore,1400/10/30,گزارش فعالیت ماهانه دوره ۱ ماهه منتهی به ۱۴۰۰/۱۰/۳۰,۱۴۰۰/۱۱/۰۶ ۱۲:۲۲:۳۳,848560,False,https://excel.codal.ir/service/Excel/GetAll/sxQ9CYu9yCWIOOObOOOxnJf1YPyw%3d%3d/0,domestic,عرضه برق تولیدی (نیروگاه),مگاوات ساعت,153085.0,153085.0,698932.0,106996.0,1400-10,1400
کچاد,معدنی و صنعتی چادرملو,iron_ore,1400/10/30,گزارش فعالیت ماهانه دوره ۱ ماهه منتهی به ۱۴۰۰/۱۰/۳۰,۱۴۰۰/۱۱/۰۶ ۱۲:۲۲:۳۳,848560,False,https://excel.codal.ir/service/Excel/GetAll/sxQ9CYu9yCWIOOObOOOxnJf1YPyw%3d%3d/0,domestic,فولاد,تن,102471.0,68564.0,126857987.0,8697891.0,1400-10,1400
کچاد,معدنی و صنعتی چادرملو,iron_ore,1400/10/30,گزارش فعالیت ماهانه دوره ۱ ماهه منتهی به ۱۴۰۰/۱۰/۳۰,۱۴۰۰/۱۱/۰۶ ۱۲:۲۲:۳۳,848560,False,https://excel.codal.ir/service/Excel/GetAll/sxQ9CYu9yCWIOOObOOOxnJf1YPyw%3d%3d/0,export,فولاد,تن,,29984.0,137248032.0,4115245.0,1400-10,1400
کچاد,معدنی و صنعتی چادرملو,iron_ore,1400/10/30,گزارش فعالیت ماهانه دوره ۱ ماهه منتهی به ۱۴۰۰/۱۰/۳۰,۱۴۰۰/۱۱/۰۶ ۱۲:۲۲:۳۳,848560,False,https://excel.codal.ir/service/Excel/GetAll/sxQ9CYu9yCWIOOObOOOxnJf1YPyw%3d%3d/0,domestic,نرمه گندله (Pellet Fine),تن,,618.0,14506472.0,8965.0,1400-10,1400
کچاد,معدنی و صنعتی چادرملو,iron_ore,1400/10/30,گزارش فعالیت ماهانه دوره ۱ ماهه منتهی به ۱۴۰۰/۱۰/۳۰,۱۴۰۰/۱۱/۰۶ ۱۲:۲۲:۳۳,848560,False,https://excel.codal.ir/service/Excel/GetAll/sxQ9CYu9yCWIOOObOOOxnJf1YPyw%3d%3d/0,domestic,کنسانتره آهن (خشک ),تن,877087.0,569298.0,29508828.0,16799317.0,1400-10,1400
کچاد,معدنی و صنعتی چادرملو,iron_ore,1400/10/30,گزارش فعالیت ماهانه دوره ۱ ماهه منتهی به ۱۴۰۰/۱۰/۳۰,۱۴۰۰/۱۱/۰۶ ۱۲:۲۲:۳۳,848560,False,https://excel.codal.ir/service/Excel/GetAll/sxQ9CYu9yCWIOOObOOOxnJf1YPyw%3d%3d/0,domestic,کنسانتره مصرف شده در تولید گندله,تن,,348139.0,0.0,0.0,1400-10,1400
کچاد,معدنی و صنعتی چادرملو,iron_ore,1400/10/30,گزارش فعالیت ماهانه دوره ۱ ماهه منتهی به ۱۴۰۰/۱۰/۳۰,۱۴۰۰/۱۱/۰۶ ۱۲:۲۲:۳۳,848560,False,https://excel.codal.ir/service/Excel/GetAll/sxQ9CYu9yCWIOOObOOOxnJf1YPyw%3d%3d/0,domestic,گندله,تن,388118.0,173801.0,41312398.0,7180136.0,1400-10,1400
کچاد,معدنی و صنعتی چادرملو,iron_ore,1400/10/30,گزارش فعالیت ماهانه دوره ۱ ماهه منتهی به ۱۴۰۰/۱۰/۳۰,۱۴۰۰/۱۱/۰۶ ۱۲:۲۲:۳۳,848560,False,https://excel.codal.ir/service/Excel/GetAll/sxQ9CYu9yCWIOOObOOOxnJf1YPyw%3d%3d/0,export,گندله,تن,,,0.0,0.0,1400-10,1400
کچاد,معدنی و صنعتی چادرملو,iron_ore,1400/11/30,گزارش فعالیت ماهانه دوره ۱ ماهه منتهی به ۱۴۰۰/۱۱/۳۰,۱۴۰۰/۱۲/۰۵ ۱۸:۱۰:۲۸,857441,False,https://excel.codal.ir/service/Excel/GetAll/kZNUWROFUkksdRoSLxzQQQaQQQ3Q%3d%3d/0,domestic,آهن اسفنجی,تن,55848.0,,,0.0,1400-11,1400
کچاد,معدنی و صنعتی چادرملو,iron_ore,1400/11/30,گزارش فعالیت ماهانه دوره ۱ ماهه منتهی به ۱۴۰۰/۱۱/۳۰,۱۴۰۰/۱۲/۰۵ ۱۸:۱۰:۲۸,857441,False,https://excel.codal.ir/service/Excel/GetAll/kZNUWROFUkksdRoSLxzQQQaQQQ3Q%3d%3d/0,domestic,آپاتیت,تن,0.0,9566.0,17270332.0,165208.0,1400-11,1400
کچاد,معدنی و صنعتی چادرملو,iron_ore,1400/11/30,گزارش فعالیت ماهانه دوره ۱ ماهه منتهی به ۱۴۰۰/۱۱/۳۰,۱۴۰۰/۱۲/۰۵ ۱۸:۱۰:۲۸,857441,False,https://excel.codal.ir/service/Excel/GetAll/kZNUWROFUkksdRoSLxzQQQaQQQ3Q%3d%3d/0,domestic,ارسالی گندله به احیاء,تن,,72996.0,0.0,0.0,1400-11,1400
کچاد,معدنی و صنعتی چادرملو,iron_ore,1400/11/30,گزارش فعالیت ماهانه دوره ۱ ماهه منتهی به ۱۴۰۰/۱۱/۳۰,۱۴۰۰/۱۲/۰۵ ۱۸:۱۰:۲۸,857441,False,https://excel.codal.ir/service/Excel/GetAll/kZNUWROFUkksdRoSLxzQQQaQQQ3Q%3d%3d/0,domestic,سنگ دانه بندی,تن,0.0,,,0.0,1400-11,1400
کچاد,معدنی و صنعتی چادرملو,iron_ore,1400/11/30,گزارش فعالیت ماهانه دوره ۱ ماهه منتهی به ۱۴۰۰/۱۱/۳۰,۱۴۰۰/۱۲/۰۵ ۱۸:۱۰:۲۸,857441,False,https://excel.codal.ir/service/Excel/GetAll/kZNUWROFUkksdRoSLxzQQQaQQQ3Q%3d%3d/0,export,سنگ دانه بندی,تن,,,0.0,0.0,1400-11,1400
کچاد,معدنی و صنعتی چادرملو,iron_ore,1400/11/30,گزارش فعالیت ماهانه دوره ۱ ماهه منتهی به ۱۴۰۰/۱۱/۳۰,۱۴۰۰/۱۲/۰۵ ۱۸:۱۰:۲۸,857441,False,https://excel.codal.ir/service/Excel/GetAll/kZNUWROFUkksdRoSLxzQQQaQQQ3Q%3d%3d/0,domestic,عرضه برق تولیدی (نیروگاه),مگاوات ساعت,290605.0,162543.0,721723.0,117311.0,1400-11,1400
کچاد,معدنی و صنعتی چادرملو,iron_ore,1400/11/30,گزارش فعالیت ماهانه دوره ۱ ماهه منتهی به ۱۴۰۰/۱۱/۳۰,۱۴۰۰/۱۲/۰۵ ۱۸:۱۰:۲۸,857441,False,https://excel.codal.ir/service/Excel/GetAll/kZNUWROFUkksdRoSLxzQQQaQQQ3Q%3d%3d/0,domestic,فولاد,تن,88471.0,76015.0,126584687.0,9622335.0,1400-11,1400
کچاد,معدنی و صنعتی چادرملو,iron_ore,1400/11/30,گزارش فعالیت ماهانه دوره ۱ ماهه منتهی به ۱۴۰۰/۱۱/۳۰,۱۴۰۰/۱۲/۰۵ ۱۸:۱۰:۲۸,857441,False,https://excel.codal.ir/service/Excel/GetAll/kZNUWROFUkksdRoSLxzQQQaQQQ3Q%3d%3d/0,export,فولاد,تن,,33000.0,137688727.0,4543728.0,1400-11,1400
کچاد,معدنی و صنعتی چادرملو,iron_ore,1400/11/30,گزارش فعالیت ماهانه دوره ۱ ماهه منتهی به ۱۴۰۰/۱۱/۳۰,۱۴۰۰/۱۲/۰۵ ۱۸:۱۰:۲۸,857441,False,https://excel.codal.ir/service/Excel/GetAll/kZNUWROFUkksdRoSLxzQQQaQQQ3Q%3d%3d/0,domestic,نرمه گندله (Pellet Fine),تن,0.0,11437.0,14500918.0,165847.0,1400-11,1400
کچاد,معدنی و صنعتی چادرملو,iron_ore,1400/11/30,گزارش فعالیت ماهانه دوره ۱ ماهه منتهی به ۱۴۰۰/۱۱/۳۰,۱۴۰۰/۱۲/۰۵ ۱۸:۱۰:۲۸,857441,False,https://excel.codal.ir/service/Excel/GetAll/kZNUWROFUkksdRoSLxzQQQaQQQ3Q%3d%3d/0,domestic,کنسانتره آهن (خشک ),تن,925572.0,602378.0,28554067.0,17200342.0,1400-11,1400
کچاد,معدنی و صنعتی چادرملو,iron_ore,1400/11/30,گزارش فعالیت ماهانه دوره ۱ ماهه منتهی به ۱۴۰۰/۱۱/۳۰,۱۴۰۰/۱۲/۰۵ ۱۸:۱۰:۲۸,857441,False,https://excel.codal.ir/service/Excel/GetAll/kZNUWROFUkksdRoSLxzQQQaQQQ3Q%3d%3d/0,domestic,کنسانتره مصرف شده در تولید گندله,تن,,406156.0,0.0,0.0,1400-11,1400
کچاد,معدنی و صنعتی چادرملو,iron_ore,1400/11/30,گزارش فعالیت ماهانه دوره ۱ ماهه منتهی به ۱۴۰۰/۱۱/۳۰,۱۴۰۰/۱۲/۰۵ ۱۸:۱۰:۲۸,857441,False,https://excel.codal.ir/service/Excel/GetAll/kZNUWROFUkksdRoSLxzQQQaQQQ3Q%3d%3d/0,domestic,گندله,تن,332414.0,247192.0,40159317.0,9927062.0,1400-11,1400
کچاد,معدنی و صنعتی چادرملو,iron_ore,1400/11/30,گزارش فعالیت ماهانه دوره ۱ ماهه منتهی به ۱۴۰۰/۱۱/۳۰,۱۴۰۰/۱۲/۰۵ ۱۸:۱۰:۲۸,857441,False,https://excel.codal.ir/service/Excel/GetAll/kZNUWROFUkksdRoSLxzQQQaQQQ3Q%3d%3d/0,export,گندله,تن,,,0.0,0.0,1400-11,1400
کچاد,معدنی و صنعتی چادرملو,iron_ore,1400/12/29,گزارش فعالیت ماهانه دوره ۱ ماهه منتهی به  ۱۴۰۰/۱۲/۲۹(اصلاحیه),۱۴۰۱/۰۴/۰۸ ۱۹:۱۵:۴۵,904771,True,https://excel.codal.ir/service/Excel/GetAll/Ywt5UOWzA3myG1QgskmKAg%3d%3d/0,domestic,آهن اسفنجی,تن,141888.0,0.0,,0.0,1400-12,1400
کچاد,معدنی و صنعتی چادرملو,iron_ore,1400/12/29,گزارش فعالیت ماهانه دوره ۱ ماهه منتهی به  ۱۴۰۰/۱۲/۲۹(اصلاحیه),۱۴۰۱/۰۴/۰۸ ۱۹:۱۵:۴۵,904771,True,https://excel.codal.ir/service/Excel/GetAll/Ywt5UOWzA3myG1QgskmKAg%3d%3d/0,domestic,آپاتیت,تن,30998.0,2812.0,32459815.0,91277.0,1400-12,1400
کچاد,معدنی و صنعتی چادرملو,iron_ore,1400/12/29,گزارش فعالیت ماهانه دوره ۱ ماهه منتهی به  ۱۴۰۰/۱۲/۲۹(اصلاحیه),۱۴۰۱/۰۴/۰۸ ۱۹:۱۵:۴۵,904771,True,https://excel.codal.ir/service/Excel/GetAll/Ywt5UOWzA3myG1QgskmKAg%3d%3d/0,domestic,ارسالی گندله به احیاء,تن,,,,0.0,1400-12,1400
کچاد,معدنی و صنعتی چادرملو,iron_ore,1400/12/29,گزارش فعالیت ماهانه دوره ۱ ماهه منتهی به  ۱۴۰۰/۱۲/۲۹(اصلاحیه),۱۴۰۱/۰۴/۰۸ ۱۹:۱۵:۴۵,904771,True,https://excel.codal.ir/service/Excel/GetAll/Ywt5UOWzA3myG1QgskmKAg%3d%3d/0,domestic,سنگ دانه بندی,تن,0.0,0.0,,0.0,1400-12,1400
کچاد,معدنی و صنعتی چادرملو,iron_ore,1400/12/29,گزارش فعالیت ماهانه دوره ۱ ماهه منتهی به  ۱۴۰۰/۱۲/۲۹(اصلاحیه),۱۴۰۱/۰۴/۰۸ ۱۹:۱۵:۴۵,904771,True,https://excel.codal.ir/service/Excel/GetAll/Ywt5UOWzA3myG1QgskmKAg%3d%3d/0,export,سنگ دانه بندی,تن,,,0.0,0.0,1400-12,1400
کچاد,معدنی و صنعتی چادرملو,iron_ore,1400/12/29,گزارش فعالیت ماهانه دوره ۱ ماهه منتهی به  ۱۴۰۰/۱۲/۲۹(اصلاحیه),۱۴۰۱/۰۴/۰۸ ۱۹:۱۵:۴۵,904771,True,https://excel.codal.ir/service/Excel/GetAll/Ywt5UOWzA3myG1QgskmKAg%3d%3d/0,export,سود سرمایه گذاریها,تن,,,0.0,12945991.0,1400-12,1400
کچاد,معدنی و صنعتی چادرملو,iron_ore,1400/12/29,گزارش فعالیت ماهانه دوره ۱ ماهه منتهی به  ۱۴۰۰/۱۲/۲۹(اصلاحیه),۱۴۰۱/۰۴/۰۸ ۱۹:۱۵:۴۵,904771,True,https://excel.codal.ir/service/Excel/GetAll/Ywt5UOWzA3myG1QgskmKAg%3d%3d/0,domestic,عرضه برق تولیدی (نیروگاه),مگاوات ساعت,280405.0,1509910.0,85098.0,128490.0,1400-12,1400
کچاد,معدنی و صنعتی چادرملو,iron_ore,1400/12/29,گزارش فعالیت ماهانه دوره ۱ ماهه منتهی به  ۱۴۰۰/۱۲/۲۹(اصلاحیه),۱۴۰۱/۰۴/۰۸ ۱۹:۱۵:۴۵,904771,True,https://excel.codal.ir/service/Excel/GetAll/Ywt5UOWzA3myG1QgskmKAg%3d%3d/0,domestic,فولاد,تن,104427.0,88764.0,132325763.0,11745764.0,1400-12,1400
کچاد,معدنی و صنعتی چادرملو,iron_ore,1400/12/29,گزارش فعالیت ماهانه دوره ۱ ماهه منتهی به  ۱۴۰۰/۱۲/۲۹(اصلاحیه),۱۴۰۱/۰۴/۰۸ ۱۹:۱۵:۴۵,904771,True,https://excel.codal.ir/service/Excel/GetAll/Ywt5UOWzA3myG1QgskmKAg%3d%3d/0,export,فولاد,تن,,29998.0,135765518.0,4072694.0,1400-12,1400
کچاد,معدنی و صنعتی چادرملو,iron_ore,1400/12/29,گزارش فعالیت ماهانه دوره ۱ ماهه منتهی به  ۱۴۰۰/۱۲/۲۹(اصلاحیه),۱۴۰۱/۰۴/۰۸ ۱۹:۱۵:۴۵,904771,True,https://excel.codal.ir/service/Excel/GetAll/Ywt5UOWzA3myG1QgskmKAg%3d%3d/0,domestic,نرمه گندله (Pellet Fine),تن,47674.0,18816.0,12071429.0,227136.0,1400-12,1400
کچاد,معدنی و صنعتی چادرملو,iron_ore,1400/12/29,گزارش فعالیت ماهانه دوره ۱ ماهه منتهی به  ۱۴۰۰/۱۲/۲۹(اصلاحیه),۱۴۰۱/۰۴/۰۸ ۱۹:۱۵:۴۵,904771,True,https://excel.codal.ir/service/Excel/GetAll/Ywt5UOWzA3myG1QgskmKAg%3d%3d/0,domestic,کنسانتره آهن (خشک ),تن,876760.0,513064.0,28581335.0,14664054.0,1400-12,1400
کچاد,معدنی و صنعتی چادرملو,iron_ore,1400/12/29,گزارش فعالیت ماهانه دوره ۱ ماهه منتهی به  ۱۴۰۰/۱۲/۲۹(اصلاحیه),۱۴۰۱/۰۴/۰۸ ۱۹:۱۵:۴۵,904771,True,https://excel.codal.ir/service/Excel/GetAll/Ywt5UOWzA3myG1QgskmKAg%3d%3d/0,domestic,کنسانتره مصرف شده در تولید گندله,تن,,,,0.0,1400-12,1400
کچاد,معدنی و صنعتی چادرملو,iron_ore,1400/12/29,گزارش فعالیت ماهانه دوره ۱ ماهه منتهی به  ۱۴۰۰/۱۲/۲۹(اصلاحیه),۱۴۰۱/۰۴/۰۸ ۱۹:۱۵:۴۵,904771,True,https://excel.codal.ir/service/Excel/GetAll/Ywt5UOWzA3myG1QgskmKAg%3d%3d/0,domestic,گندله,تن,324997.0,200717.0,40013870.0,8031464.0,1400-12,1400
کچاد,معدنی و صنعتی چادرملو,iron_ore,1400/12/29,گزارش فعالیت ماهانه دوره ۱ ماهه منتهی به  ۱۴۰۰/۱۲/۲۹(اصلاحیه),۱۴۰۱/۰۴/۰۸ ۱۹:۱۵:۴۵,904771,True,https://excel.codal.ir/service/Excel/GetAll/Ywt5UOWzA3myG1QgskmKAg%3d%3d/0,export,گندله,تن,,,0.0,0.0,1400-12,1400
کچاد,معدنی و صنعتی چادرملو,iron_ore,1401/01/31,گزارش فعالیت ماهانه دوره ۱ ماهه منتهی به  ۱۴۰۱/۰۱/۳۱,۱۴۰۱/۰۲/۱۰ ۱۴:۱۰:۵۸,876416,False,https://excel.codal.ir/service/Excel/GetAll/BPkd5aNZBgTfYOOObOOOczQQQaQQQQBrjA%3d%3d/0,domestic,آهن اسفنجی,تن,156041.0,,,0.0,1401-01,1401
کچاد,معدنی و صنعتی چادرملو,iron_ore,1401/01/31,گزارش فعالیت ماهانه دوره ۱ ماهه منتهی به  ۱۴۰۱/۰۱/۳۱,۱۴۰۱/۰۲/۱۰ ۱۴:۱۰:۵۸,876416,False,https://excel.codal.ir/service/Excel/GetAll/BPkd5aNZBgTfYOOObOOOczQQQaQQQQBrjA%3d%3d/0,domestic,آپاتیت,تن,3352.0,161.0,17149068.0,2761.0,1401-01,1401
کچاد,معدنی و صنعتی چادرملو,iron_ore,1401/01/31,گزارش فعالیت ماهانه دوره ۱ ماهه منتهی به  ۱۴۰۱/۰۱/۳۱,۱۴۰۱/۰۲/۱۰ ۱۴:۱۰:۵۸,876416,False,https://excel.codal.ir/service/Excel/GetAll/BPkd5aNZBgTfYOOObOOOczQQQaQQQQBrjA%3d%3d/0,domestic,ارسالی گندله به احیاء,تن,,208018.0,0.0,0.0,1401-01,1401
کچاد,معدنی و صنعتی چادرملو,iron_ore,1401/01/31,گزارش فعالیت ماهانه دوره ۱ ماهه منتهی به  ۱۴۰۱/۰۱/۳۱,۱۴۰۱/۰۲/۱۰ ۱۴:۱۰:۵۸,876416,False,https://excel.codal.ir/service/Excel/GetAll/BPkd5aNZBgTfYOOObOOOczQQQaQQQQBrjA%3d%3d/0,domestic,سنگ دانه بندی,تن,,,,0.0,1401-01,1401
کچاد,معدنی و صنعتی چادرملو,iron_ore,1401/01/31,گزارش فعالیت ماهانه دوره ۱ ماهه منتهی به  ۱۴۰۱/۰۱/۳۱,۱۴۰۱/۰۲/۱۰ ۱۴:۱۰:۵۸,876416,False,https://excel.codal.ir/service/Excel/GetAll/BPkd5aNZBgTfYOOObOOOczQQQaQQQQBrjA%3d%3d/0,domestic,عرضه برق تولیدی (نیروگاه),مگاوات ساعت,,,,0.0,1401-01,1401
کچاد,معدنی و صنعتی چادرملو,iron_ore,1401/01/31,گزارش فعالیت ماهانه دوره ۱ ماهه منتهی به  ۱۴۰۱/۰۱/۳۱,۱۴۰۱/۰۲/۱۰ ۱۴:۱۰:۵۸,876416,False,https://excel.codal.ir/service/Excel/GetAll/BPkd5aNZBgTfYOOObOOOczQQQaQQQQBrjA%3d%3d/0,domestic,فولاد,تن,108137.0,73536.0,149732947.0,11010762.0,1401-01,1401
کچاد,معدنی و صنعتی چادرملو,iron_ore,1401/01/31,گزارش فعالیت ماهانه دوره ۱ ماهه منتهی به  ۱۴۰۱/۰۱/۳۱,۱۴۰۱/۰۲/۱۰ ۱۴:۱۰:۵۸,876416,False,https://excel.codal.ir/service/Excel/GetAll/BPkd5aNZBgTfYOOObOOOczQQQaQQQQBrjA%3d%3d/0,export,فولاد,تن,,30364.0,122763371.0,3727587.0,1401-01,1401
کچاد,معدنی و صنعتی چادرملو,iron_ore,1401/01/31,گزارش فعالیت ماهانه دوره ۱ ماهه منتهی به  ۱۴۰۱/۰۱/۳۱,۱۴۰۱/۰۲/۱۰ ۱۴:۱۰:۵۸,876416,False,https://excel.codal.ir/service/Excel/GetAll/BPkd5aNZBgTfYOOObOOOczQQQaQQQQBrjA%3d%3d/0,domestic,نرمه گندله (Pellet Fine),تن,0.0,5668.0,16396436.0,92935.0,1401-01,1401
کچاد,معدنی و صنعتی چادرملو,iron_ore,1401/01/31,گزارش فعالیت ماهانه دوره ۱ ماهه منتهی به  ۱۴۰۱/۰۱/۳۱,۱۴۰۱/۰۲/۱۰ ۱۴:۱۰:۵۸,876416,False,https://excel.codal.ir/service/Excel/GetAll/BPkd5aNZBgTfYOOObOOOczQQQaQQQQBrjA%3d%3d/0,domestic,کنسانتره آهن (خشک ),تن,916434.0,562918.0,28043259.0,15786055.0,1401-01,1401
کچاد,معدنی و صنعتی چادرملو,iron_ore,1401/01/31,گزارش فعالیت ماهانه دوره ۱ ماهه منتهی به  ۱۴۰۱/۰۱/۳۱,۱۴۰۱/۰۲/۱۰ ۱۴:۱۰:۵۸,876416,False,https://excel.codal.ir/service/Excel/GetAll/BPkd5aNZBgTfYOOObOOOczQQQaQQQQBrjA%3d%3d/0,domestic,کنسانتره مصرف شده در تولید گندله,تن,,367788.0,0.0,0.0,1401-01,1401
کچاد,معدنی و صنعتی چادرملو,iron_ore,1401/01/31,گزارش فعالیت ماهانه دوره ۱ ماهه منتهی به  ۱۴۰۱/۰۱/۳۱,۱۴۰۱/۰۲/۱۰ ۱۴:۱۰:۵۸,876416,False,https://excel.codal.ir/service/Excel/GetAll/BPkd5aNZBgTfYOOObOOOczQQQaQQQQBrjA%3d%3d/0,domestic,گندله,تن,393264.0,204234.0,41327066.0,8440392.0,1401-01,1401
کچاد,معدنی و صنعتی چادرملو,iron_ore,1401/02/31,گزارش فعالیت ماهانه دوره ۱ ماهه منتهی به  ۱۴۰۱/۰۲/۳۱,۱۴۰۱/۰۳/۰۵ ۱۸:۴۵:۵۰,888259,False,https://excel.codal.ir/service/Excel/GetAll/PzinVGQCWeQscrQxdIcoSA%3d%3d/0,domestic,آهن اسفنجی,تن,156503.0,11874.0,84092134.0,998510.0,1401-02,1401
کچاد,معدنی و صنعتی چادرملو,iron_ore,1401/02/31,گزارش فعالیت ماهانه دوره ۱ ماهه منتهی به  ۱۴۰۱/۰۲/۳۱,۱۴۰۱/۰۳/۰۵ ۱۸:۴۵:۵۰,888259,False,https://excel.codal.ir/service/Excel/GetAll/PzinVGQCWeQscrQxdIcoSA%3d%3d/0,domestic,آپاتیت,تن,,5897.0,20743259.0,122323.0,1401-02,1401
کچاد,معدنی و صنعتی چادرملو,iron_ore,1401/02/31,گزارش فعالیت ماهانه دوره ۱ ماهه منتهی به  ۱۴۰۱/۰۲/۳۱,۱۴۰۱/۰۳/۰۵ ۱۸:۴۵:۵۰,888259,False,https://excel.codal.ir/service/Excel/GetAll/PzinVGQCWeQscrQxdIcoSA%3d%3d/0,domestic,ارسالی گندله به احیاء,تن,,206162.0,0.0,0.0,1401-02,1401
کچاد,معدنی و صنعتی چادرملو,iron_ore,1401/02/31,گزارش فعالیت ماهانه دوره ۱ ماهه منتهی به  ۱۴۰۱/۰۲/۳۱,۱۴۰۱/۰۳/۰۵ ۱۸:۴۵:۵۰,888259,False,https://excel.codal.ir/service/Excel/GetAll/PzinVGQCWeQscrQxdIcoSA%3d%3d/0,domestic,سنگ دانه بندی,تن,,,,0.0,1401-02,1401
کچاد,معدنی و صنعتی چادرملو,iron_ore,1401/02/31,گزارش فعالیت ماهانه دوره ۱ ماهه منتهی به  ۱۴۰۱/۰۲/۳۱,۱۴۰۱/۰۳/۰۵ ۱۸:۴۵:۵۰,888259,False,https://excel.codal.ir/service/Excel/GetAll/PzinVGQCWeQscrQxdIcoSA%3d%3d/0,domestic,عرضه برق تولیدی (نیروگاه),مگاوات ساعت,,,,0.0,1401-02,1401
کچاد,معدنی و صنعتی چادرملو,iron_ore,1401/02/31,گزارش فعالیت ماهانه دوره ۱ ماهه منتهی به  ۱۴۰۱/۰۲/۳۱,۱۴۰۱/۰۳/۰۵ ۱۸:۴۵:۵۰,888259,False,https://excel.codal.ir/service/Excel/GetAll/PzinVGQCWeQscrQxdIcoSA%3d%3d/0,domestic,فولاد,تن,112234.0,62633.0,155804688.0,9758515.0,1401-02,1401
کچاد,معدنی و صنعتی چادرملو,iron_ore,1401/02/31,گزارش فعالیت ماهانه دوره ۱ ماهه منتهی به  ۱۴۰۱/۰۲/۳۱,۱۴۰۱/۰۳/۰۵ ۱۸:۴۵:۵۰,888259,False,https://excel.codal.ir/service/Excel/GetAll/PzinVGQCWeQscrQxdIcoSA%3d%3d/0,export,فولاد,تن,,30219.0,158655349.0,4794406.0,1401-02,1401
کچاد,معدنی و صنعتی چادرملو,iron_ore,1401/02/31,گزارش فعالیت ماهانه دوره ۱ ماهه منتهی به  ۱۴۰۱/۰۲/۳۱,۱۴۰۱/۰۳/۰۵ ۱۸:۴۵:۵۰,888259,False,https://excel.codal.ir/service/Excel/GetAll/PzinVGQCWeQscrQxdIcoSA%3d%3d/0,domestic,نرمه گندله (Pellet Fine),تن,,248.0,12500000.0,3100.0,1401-02,1401
کچاد,معدنی و صنعتی چادرملو,iron_ore,1401/02/31,گزارش فعالیت ماهانه دوره ۱ ماهه منتهی به  ۱۴۰۱/۰۲/۳۱,۱۴۰۱/۰۳/۰۵ ۱۸:۴۵:۵۰,888259,False,https://excel.codal.ir/service/Excel/GetAll/PzinVGQCWeQscrQxdIcoSA%3d%3d/0,domestic,کنسانتره آهن (خشک ),تن,961840.0,499905.0,28029478.0,14012076.0,1401-02,1401
کچاد,معدنی و صنعتی چادرملو,iron_ore,1401/02/31,گزارش فعالیت ماهانه دوره ۱ ماهه منتهی به  ۱۴۰۱/۰۲/۳۱,۱۴۰۱/۰۳/۰۵ ۱۸:۴۵:۵۰,888259,False,https://excel.codal.ir/service/Excel/GetAll/PzinVGQCWeQscrQxdIcoSA%3d%3d/0,domestic,کنسانتره مصرف شده در تولید گندله,تن,,408019.0,0.0,0.0,1401-02,1401
کچاد,معدنی و صنعتی چادرملو,iron_ore,1401/02/31,گزارش فعالیت ماهانه دوره ۱ ماهه منتهی به  ۱۴۰۱/۰۲/۳۱,۱۴۰۱/۰۳/۰۵ ۱۸:۴۵:۵۰,888259,False,https://excel.codal.ir/service/Excel/GetAll/PzinVGQCWeQscrQxdIcoSA%3d%3d/0,domestic,گندله,تن,395162.0,145789.0,41306827.0,6022081.0,1401-02,1401
کچاد,معدنی و صنعتی چادرملو,iron_ore,1401/03/31,گزارش فعالیت ماهانه دوره ۱ ماهه منتهی به  ۱۴۰۱/۰۳/۳۱(اصلاحیه),۱۴۰۱/۰۴/۳۰ ۲۰:۲۴:۱۵,916247,True,https://excel.codal.ir/service/Excel/GetAll/7UR5VI58hJV1mN6kMJ6Tkw%3d%3d/0,domestic,آهن اسفنجی,تن,152322.0,8116.0,93964884.0,762619.0,1401-03,1401
کچاد,معدنی و صنعتی چادرملو,iron_ore,1401/03/31,گزارش فعالیت ماهانه دوره ۱ ماهه منتهی به  ۱۴۰۱/۰۳/۳۱(اصلاحیه),۱۴۰۱/۰۴/۳۰ ۲۰:۲۴:۱۵,916247,True,https://excel.codal.ir/service/Excel/GetAll/7UR5VI58hJV1mN6kMJ6Tkw%3d%3d/0,domestic,آپاتیت,تن,6437.0,6031.0,24202288.0,145964.0,1401-03,1401
کچاد,معدنی و صنعتی چادرملو,iron_ore,1401/03/31,گزارش فعالیت ماهانه دوره ۱ ماهه منتهی به  ۱۴۰۱/۰۳/۳۱(اصلاحیه),۱۴۰۱/۰۴/۳۰ ۲۰:۲۴:۱۵,916247,True,https://excel.codal.ir/service/Excel/GetAll/7UR5VI58hJV1mN6kMJ6Tkw%3d%3d/0,domestic,ارسالی گندله به احیاء,تن,,,,0.0,1401-03,1401
کچاد,معدنی و صنعتی چادرملو,iron_ore,1401/03/31,گزارش فعالیت ماهانه دوره ۱ ماهه منتهی به  ۱۴۰۱/۰۳/۳۱(اصلاحیه),۱۴۰۱/۰۴/۳۰ ۲۰:۲۴:۱۵,916247,True,https://excel.codal.ir/service/Excel/GetAll/7UR5VI58hJV1mN6kMJ6Tkw%3d%3d/0,domestic,سنگ دانه بندی,تن,0.0,0.0,,0.0,1401-03,1401
کچاد,معدنی و صنعتی چادرملو,iron_ore,1401/03/31,گزارش فعالیت ماهانه دوره ۱ ماهه منتهی به  ۱۴۰۱/۰۳/۳۱(اصلاحیه),۱۴۰۱/۰۴/۳۰ ۲۰:۲۴:۱۵,916247,True,https://excel.codal.ir/service/Excel/GetAll/7UR5VI58hJV1mN6kMJ6Tkw%3d%3d/0,domestic,سود سرمایه گذاریها,تن,0.0,0.0,,586923.0,1401-03,1401
کچاد,معدنی و صنعتی چادرملو,iron_ore,1401/03/31,گزارش فعالیت ماهانه دوره ۱ ماهه منتهی به  ۱۴۰۱/۰۳/۳۱(اصلاحیه),۱۴۰۱/۰۴/۳۰ ۲۰:۲۴:۱۵,916247,True,https://excel.codal.ir/service/Excel/GetAll/7UR5VI58hJV1mN6kMJ6Tkw%3d%3d/0,domestic,عرضه برق تولیدی (نیروگاه),مگاوات ساعت,288700.0,152003.0,1294757.0,196807.0,1401-03,1401
کچاد,معدنی و صنعتی چادرملو,iron_ore,1401/03/31,گزارش فعالیت ماهانه دوره ۱ ماهه منتهی به  ۱۴۰۱/۰۳/۳۱(اصلاحیه),۱۴۰۱/۰۴/۳۰ ۲۰:۲۴:۱۵,916247,True,https://excel.codal.ir/service/Excel/GetAll/7UR5VI58hJV1mN6kMJ6Tkw%3d%3d/0,domestic,فولاد,تن,101579.0,51381.0,151025301.0,7759831.0,1401-03,1401
کچاد,معدنی و صنعتی چادرملو,iron_ore,1401/03/31,گزارش فعالیت ماهانه دوره ۱ ماهه منتهی به  ۱۴۰۱/۰۳/۳۱(اصلاحیه),۱۴۰۱/۰۴/۳۰ ۲۰:۲۴:۱۵,916247,True,https://excel.codal.ir/service/Excel/GetAll/7UR5VI58hJV1mN6kMJ6Tkw%3d%3d/0,export,فولاد,تن,,60167.0,160246431.0,9641547.0,1401-03,1401
کچاد,معدنی و صنعتی چادرملو,iron_ore,1401/03/31,گزارش فعالیت ماهانه دوره ۱ ماهه منتهی به  ۱۴۰۱/۰۳/۳۱(اصلاحیه),۱۴۰۱/۰۴/۳۰ ۲۰:۲۴:۱۵,916247,True,https://excel.codal.ir/service/Excel/GetAll/7UR5VI58hJV1mN6kMJ6Tkw%3d%3d/0,domestic,نرمه گندله (Pellet Fine),تن,0.0,816.0,21481618.0,17529.0,1401-03,1401
کچاد,معدنی و صنعتی چادرملو,iron_ore,1401/03/31,گزارش فعالیت ماهانه دوره ۱ ماهه منتهی به  ۱۴۰۱/۰۳/۳۱(اصلاحیه),۱۴۰۱/۰۴/۳۰ ۲۰:۲۴:۱۵,916247,True,https://excel.codal.ir/service/Excel/GetAll/7UR5VI58hJV1mN6kMJ6Tkw%3d%3d/0,domestic,کنسانتره آهن (خشک ),تن,794876.0,624784.0,32479015.0,20292369.0,1401-03,1401
کچاد,معدنی و صنعتی چادرملو,iron_ore,1401/03/31,گزارش فعالیت ماهانه دوره ۱ ماهه منتهی به  ۱۴۰۱/۰۳/۳۱(اصلاحیه),۱۴۰۱/۰۴/۳۰ ۲۰:۲۴:۱۵,916247,True,https://excel.codal.ir/service/Excel/GetAll/7UR5VI58hJV1mN6kMJ6Tkw%3d%3d/0,domestic,کنسانتره مصرف شده در تولید گندله,تن,,,,0.0,1401-03,1401
کچاد,معدنی و صنعتی چادرملو,iron_ore,1401/03/31,گزارش فعالیت ماهانه دوره ۱ ماهه منتهی به  ۱۴۰۱/۰۳/۳۱(اصلاحیه),۱۴۰۱/۰۴/۳۰ ۲۰:۲۴:۱۵,916247,True,https://excel.codal.ir/service/Excel/GetAll/7UR5VI58hJV1mN6kMJ6Tkw%3d%3d/0,domestic,گندله,تن,396524.0,91838.0,41073684.0,3772125.0,1401-03,1401
کچاد,معدنی و صنعتی چادرملو,iron_ore,1401/04/31,گزارش فعالیت ماهانه دوره ۱ ماهه منتهی به  ۱۴۰۱/۰۴/۳۱,۱۴۰۱/۰۵/۰۵ ۱۴:۱۸:۵۶,919404,False,https://excel.codal.ir/service/Excel/GetAll/a7TKtUv3hjdW8lbDSojgzw%3d%3d/0,domestic,آهن اسفنجی,تن,155946.0,,,0.0,1401-04,1401
کچاد,معدنی و صنعتی چادرملو,iron_ore,1401/04/31,گزارش فعالیت ماهانه دوره ۱ ماهه منتهی به  ۱۴۰۱/۰۴/۳۱,۱۴۰۱/۰۵/۰۵ ۱۴:۱۸:۵۶,919404,False,https://excel.codal.ir/service/Excel/GetAll/a7TKtUv3hjdW8lbDSojgzw%3d%3d/0,domestic,آپاتیت,تن,4238.0,4036.0,20870168.0,84232.0,1401-04,1401
کچاد,معدنی و صنعتی چادرملو,iron_ore,1401/04/31,گزارش فعالیت ماهانه دوره ۱ ماهه منتهی به  ۱۴۰۱/۰۴/۳۱,۱۴۰۱/۰۵/۰۵ ۱۴:۱۸:۵۶,919404,False,https://excel.codal.ir/service/Excel/GetAll/a7TKtUv3hjdW8lbDSojgzw%3d%3d/0,domestic,ارسالی گندله به احیاء,تن,,204652.0,0.0,0.0,1401-04,1401
کچاد,معدنی و صنعتی چادرملو,iron_ore,1401/04/31,گزارش فعالیت ماهانه دوره ۱ ماهه منتهی به  ۱۴۰۱/۰۴/۳۱,۱۴۰۱/۰۵/۰۵ ۱۴:۱۸:۵۶,919404,False,https://excel.codal.ir/service/Excel/GetAll/a7TKtUv3hjdW8lbDSojgzw%3d%3d/0,domestic,سنگ دانه بندی,تن,,,,0.0,1401-04,1401
کچاد,معدنی و صنعتی چادرملو,iron_ore,1401/04/31,گزارش فعالیت ماهانه دوره ۱ ماهه منتهی به  ۱۴۰۱/۰۴/۳۱,۱۴۰۱/۰۵/۰۵ ۱۴:۱۸:۵۶,919404,False,https://excel.codal.ir/service/Excel/GetAll/a7TKtUv3hjdW8lbDSojgzw%3d%3d/0,domestic,سود سرمایه گذاریها,تن,,,,0.0,1401-04,1401
کچاد,معدنی و صنعتی چادرملو,iron_ore,1401/04/31,گزارش فعالیت ماهانه دوره ۱ ماهه منتهی به  ۱۴۰۱/۰۴/۳۱,۱۴۰۱/۰۵/۰۵ ۱۴:۱۸:۵۶,919404,False,https://excel.codal.ir/service/Excel/GetAll/a7TKtUv3hjdW8lbDSojgzw%3d%3d/0,domestic,عرضه برق تولیدی (نیروگاه),مگاوات ساعت,,,,0.0,1401-04,1401
کچاد,معدنی و صنعتی چادرملو,iron_ore,1401/04/31,گزارش فعالیت ماهانه دوره ۱ ماهه منتهی به  ۱۴۰۱/۰۴/۳۱,۱۴۰۱/۰۵/۰۵ ۱۴:۱۸:۵۶,919404,False,https://excel.codal.ir/service/Excel/GetAll/a7TKtUv3hjdW8lbDSojgzw%3d%3d/0,domestic,فولاد,تن,95146.0,86822.0,144612218.0,12555522.0,1401-04,1401
کچاد,معدنی و صنعتی چادرملو,iron_ore,1401/04/31,گزارش فعالیت ماهانه دوره ۱ ماهه منتهی به  ۱۴۰۱/۰۴/۳۱,۱۴۰۱/۰۵/۰۵ ۱۴:۱۸:۵۶,919404,False,https://excel.codal.ir/service/Excel/GetAll/a7TKtUv3hjdW8lbDSojgzw%3d%3d/0,export,فولاد,تن,,6550.0,169406412.0,1109612.0,1401-04,1401
کچاد,معدنی و صنعتی چادرملو,iron_ore,1401/04/31,گزارش فعالیت ماهانه دوره ۱ ماهه منتهی به  ۱۴۰۱/۰۴/۳۱,۱۴۰۱/۰۵/۰۵ ۱۴:۱۸:۵۶,919404,False,https://excel.codal.ir/service/Excel/GetAll/a7TKtUv3hjdW8lbDSojgzw%3d%3d/0,domestic,نرمه گندله (Pellet Fine),تن,,,,0.0,1401-04,1401
کچاد,معدنی و صنعتی چادرملو,iron_ore,1401/04/31,گزارش فعالیت ماهانه دوره ۱ ماهه منتهی به  ۱۴۰۱/۰۴/۳۱,۱۴۰۱/۰۵/۰۵ ۱۴:۱۸:۵۶,919404,False,https://excel.codal.ir/service/Excel/GetAll/a7TKtUv3hjdW8lbDSojgzw%3d%3d/0,domestic,کنسانتره آهن (خشک ),تن,653562.0,624301.0,30888249.0,19283565.0,1401-04,1401
کچاد,معدنی و صنعتی چادرملو,iron_ore,1401/04/31,گزارش فعالیت ماهانه دوره ۱ ماهه منتهی به  ۱۴۰۱/۰۴/۳۱,۱۴۰۱/۰۵/۰۵ ۱۴:۱۸:۵۶,919404,False,https://excel.codal.ir/service/Excel/GetAll/a7TKtUv3hjdW8lbDSojgzw%3d%3d/0,domestic,کنسانتره مصرف شده در تولید گندله,تن,,60861.0,0.0,0.0,1401-04,1401
کچاد,معدنی و صنعتی چادرملو,iron_ore,1401/04/31,گزارش فعالیت ماهانه دوره ۱ ماهه منتهی به  ۱۴۰۱/۰۴/۳۱,۱۴۰۱/۰۵/۰۵ ۱۴:۱۸:۵۶,919404,False,https://excel.codal.ir/service/Excel/GetAll/a7TKtUv3hjdW8lbDSojgzw%3d%3d/0,domestic,گندله,تن,690.0,42626.0,40775677.0,1738104.0,1401-04,1401
کچاد,معدنی و صنعتی چادرملو,iron_ore,1401/05/31,گزارش فعالیت ماهانه دوره ۱ ماهه منتهی به  ۱۴۰۱/۰۵/۳۱,۱۴۰۱/۰۶/۰۶ ۱۹:۰۹:۳۹,931492,False,https://excel.codal.ir/service/Excel/GetAll/15s1gtSPI0OOObOOO4OOObOOOx5tkFIe8w%3d%3d/0,domestic,آهن اسفنجی,تن,144644.0,,,0.0,1401-05,1401
کچاد,معدنی و صنعتی چادرملو,iron_ore,1401/05/31,گزارش فعالیت ماهانه دوره ۱ ماهه منتهی به  ۱۴۰۱/۰۵/۳۱,۱۴۰۱/۰۶/۰۶ ۱۹:۰۹:۳۹,931492,False,https://excel.codal.ir/service/Excel/GetAll/15s1gtSPI0OOObOOO4OOObOOOx5tkFIe8w%3d%3d/0,domestic,آپاتیت,تن,5858.0,19819.0,21250164.0,421157.0,1401-05,1401
کچاد,معدنی و صنعتی چادرملو,iron_ore,1401/05/31,گزارش فعالیت ماهانه دوره ۱ ماهه منتهی به  ۱۴۰۱/۰۵/۳۱,۱۴۰۱/۰۶/۰۶ ۱۹:۰۹:۳۹,931492,False,https://excel.codal.ir/service/Excel/GetAll/15s1gtSPI0OOObOOO4OOObOOOx5tkFIe8w%3d%3d/0,domestic,ارسالی گندله به احیاء,تن,,194176.0,0.0,0.0,1401-05,1401
کچاد,معدنی و صنعتی چادرملو,iron_ore,1401/05/31,گزارش فعالیت ماهانه دوره ۱ ماهه منتهی به  ۱۴۰۱/۰۵/۳۱,۱۴۰۱/۰۶/۰۶ ۱۹:۰۹:۳۹,931492,False,https://excel.codal.ir/service/Excel/GetAll/15s1gtSPI0OOObOOO4OOObOOOx5tkFIe8w%3d%3d/0,domestic,سنگ دانه بندی,تن,,,,0.0,1401-05,1401
کچاد,معدنی و صنعتی چادرملو,iron_ore,1401/05/31,گزارش فعالیت ماهانه دوره ۱ ماهه منتهی به  ۱۴۰۱/۰۵/۳۱,۱۴۰۱/۰۶/۰۶ ۱۹:۰۹:۳۹,931492,False,https://excel.codal.ir/service/Excel/GetAll/15s1gtSPI0OOObOOO4OOObOOOx5tkFIe8w%3d%3d/0,domestic,سود سرمایه گذاریها,تن,,,,0.0,1401-05,1401
کچاد,معدنی و صنعتی چادرملو,iron_ore,1401/05/31,گزارش فعالیت ماهانه دوره ۱ ماهه منتهی به  ۱۴۰۱/۰۵/۳۱,۱۴۰۱/۰۶/۰۶ ۱۹:۰۹:۳۹,931492,False,https://excel.codal.ir/service/Excel/GetAll/15s1gtSPI0OOObOOO4OOObOOOx5tkFIe8w%3d%3d/0,domestic,عرضه برق تولیدی (نیروگاه),مگاوات ساعت,78000.0,162655.0,1112207.0,180906.0,1401-05,1401
کچاد,معدنی و صنعتی چادرملو,iron_ore,1401/05/31,گزارش فعالیت ماهانه دوره ۱ ماهه منتهی به  ۱۴۰۱/۰۵/۳۱,۱۴۰۱/۰۶/۰۶ ۱۹:۰۹:۳۹,931492,False,https://excel.codal.ir/service/Excel/GetAll/15s1gtSPI0OOObOOO4OOObOOOx5tkFIe8w%3d%3d/0,domestic,فولاد,تن,63630.0,65747.0,136049067.0,8944818.0,1401-05,1401
کچاد,معدنی و صنعتی چادرملو,iron_ore,1401/05/31,گزارش فعالیت ماهانه دوره ۱ ماهه منتهی به  ۱۴۰۱/۰۵/۳۱,۱۴۰۱/۰۶/۰۶ ۱۹:۰۹:۳۹,931492,False,https://excel.codal.ir/service/Excel/GetAll/15s1gtSPI0OOObOOO4OOObOOOx5tkFIe8w%3d%3d/0,export,فولاد,تن,,,0.0,0.0,1401-05,1401
کچاد,معدنی و صنعتی چادرملو,iron_ore,1401/05/31,گزارش فعالیت ماهانه دوره ۱ ماهه منتهی به  ۱۴۰۱/۰۵/۳۱,۱۴۰۱/۰۶/۰۶ ۱۹:۰۹:۳۹,931492,False,https://excel.codal.ir/service/Excel/GetAll/15s1gtSPI0OOObOOO4OOObOOOx5tkFIe8w%3d%3d/0,domestic,نرمه گندله (Pellet Fine),تن,16366.0,497.0,12476861.0,6201.0,1401-05,1401
کچاد,معدنی و صنعتی چادرملو,iron_ore,1401/05/31,گزارش فعالیت ماهانه دوره ۱ ماهه منتهی به  ۱۴۰۱/۰۵/۳۱,۱۴۰۱/۰۶/۰۶ ۱۹:۰۹:۳۹,931492,False,https://excel.codal.ir/service/Excel/GetAll/15s1gtSPI0OOObOOO4OOObOOOx5tkFIe8w%3d%3d/0,domestic,کنسانتره آهن (خشک ),تن,790247.0,445073.0,27515812.0,12246545.0,1401-05,1401
کچاد,معدنی و صنعتی چادرملو,iron_ore,1401/05/31,گزارش فعالیت ماهانه دوره ۱ ماهه منتهی به  ۱۴۰۱/۰۵/۳۱,۱۴۰۱/۰۶/۰۶ ۱۹:۰۹:۳۹,931492,False,https://excel.codal.ir/service/Excel/GetAll/15s1gtSPI0OOObOOO4OOObOOOx5tkFIe8w%3d%3d/0,domestic,کنسانتره مصرف شده در تولید گندله,تن,,311357.0,0.0,0.0,1401-05,1401
کچاد,معدنی و صنعتی چادرملو,iron_ore,1401/05/31,گزارش فعالیت ماهانه دوره ۱ ماهه منتهی به  ۱۴۰۱/۰۵/۳۱,۱۴۰۱/۰۶/۰۶ ۱۹:۰۹:۳۹,931492,False,https://excel.codal.ir/service/Excel/GetAll/15s1gtSPI0OOObOOO4OOObOOOx5tkFIe8w%3d%3d/0,domestic,گندله,تن,250670.0,110817.0,31895964.0,3534615.0,1401-05,1401
کچاد,معدنی و صنعتی چادرملو,iron_ore,1401/06/31,گزارش فعالیت ماهانه دوره ۱ ماهه منتهی به  ۱۴۰۱/۰۶/۳۱(اصلاحیه),۱۴۰۱/۰۹/۱۵ ۱۵:۰۶:۰۰,968409,True,https://excel.codal.ir/service/Excel/GetAll/mMn8ftnLkKBiIxklLi1G1g%3d%3d/0,domestic,آهن اسفنجی,تن,157360.0,25662.0,75773167.0,1944491.0,1401-06,1401
کچاد,معدنی و صنعتی چادرملو,iron_ore,1401/06/31,گزارش فعالیت ماهانه دوره ۱ ماهه منتهی به  ۱۴۰۱/۰۶/۳۱(اصلاحیه),۱۴۰۱/۰۹/۱۵ ۱۵:۰۶:۰۰,968409,True,https://excel.codal.ir/service/Excel/GetAll/mMn8ftnLkKBiIxklLi1G1g%3d%3d/0,domestic,آپاتیت,تن,5666.0,10169.0,22311535.0,226886.0,1401-06,1401
کچاد,معدنی و صنعتی چادرملو,iron_ore,1401/06/31,گزارش فعالیت ماهانه دوره ۱ ماهه منتهی به  ۱۴۰۱/۰۶/۳۱(اصلاحیه),۱۴۰۱/۰۹/۱۵ ۱۵:۰۶:۰۰,968409,True,https://excel.codal.ir/service/Excel/GetAll/mMn8ftnLkKBiIxklLi1G1g%3d%3d/0,domestic,ارسالی گندله به احیاء,تن,,,,0.0,1401-06,1401
کچاد,معدنی و صنعتی چادرملو,iron_ore,1401/06/31,گزارش فعالیت ماهانه دوره ۱ ماهه منتهی به  ۱۴۰۱/۰۶/۳۱(اصلاحیه),۱۴۰۱/۰۹/۱۵ ۱۵:۰۶:۰۰,968409,True,https://excel.codal.ir/service/Excel/GetAll/mMn8ftnLkKBiIxklLi1G1g%3d%3d/0,domestic,سنگ دانه بندی,تن,,,,0.0,1401-06,1401
کچاد,معدنی و صنعتی چادرملو,iron_ore,1401/06/31,گزارش فعالیت ماهانه دوره ۱ ماهه منتهی به  ۱۴۰۱/۰۶/۳۱(اصلاحیه),۱۴۰۱/۰۹/۱۵ ۱۵:۰۶:۰۰,968409,True,https://excel.codal.ir/service/Excel/GetAll/mMn8ftnLkKBiIxklLi1G1g%3d%3d/0,domestic,سود سرمایه گذاریها,تن,,,,67796.0,1401-06,1401
کچاد,معدنی و صنعتی چادرملو,iron_ore,1401/06/31,گزارش فعالیت ماهانه دوره ۱ ماهه منتهی به  ۱۴۰۱/۰۶/۳۱(اصلاحیه),۱۴۰۱/۰۹/۱۵ ۱۵:۰۶:۰۰,968409,True,https://excel.codal.ir/service/Excel/GetAll/mMn8ftnLkKBiIxklLi1G1g%3d%3d/0,domestic,عرضه برق تولیدی (نیروگاه),مگاوات ساعت,295882.0,170704.0,1331123.0,227228.0,1401-06,1401
کچاد,معدنی و صنعتی چادرملو,iron_ore,1401/06/31,گزارش فعالیت ماهانه دوره ۱ ماهه منتهی به  ۱۴۰۱/۰۶/۳۱(اصلاحیه),۱۴۰۱/۰۹/۱۵ ۱۵:۰۶:۰۰,968409,True,https://excel.codal.ir/service/Excel/GetAll/mMn8ftnLkKBiIxklLi1G1g%3d%3d/0,domestic,فولاد,تن,110792.0,80303.0,134132262.0,10771223.0,1401-06,1401
کچاد,معدنی و صنعتی چادرملو,iron_ore,1401/06/31,گزارش فعالیت ماهانه دوره ۱ ماهه منتهی به  ۱۴۰۱/۰۶/۳۱(اصلاحیه),۱۴۰۱/۰۹/۱۵ ۱۵:۰۶:۰۰,968409,True,https://excel.codal.ir/service/Excel/GetAll/mMn8ftnLkKBiIxklLi1G1g%3d%3d/0,export,فولاد,تن,,,0.0,0.0,1401-06,1401
کچاد,معدنی و صنعتی چادرملو,iron_ore,1401/06/31,گزارش فعالیت ماهانه دوره ۱ ماهه منتهی به  ۱۴۰۱/۰۶/۳۱(اصلاحیه),۱۴۰۱/۰۹/۱۵ ۱۵:۰۶:۰۰,968409,True,https://excel.codal.ir/service/Excel/GetAll/mMn8ftnLkKBiIxklLi1G1g%3d%3d/0,domestic,نرمه گندله (Pellet Fine),تن,,,,0.0,1401-06,1401
کچاد,معدنی و صنعتی چادرملو,iron_ore,1401/06/31,گزارش فعالیت ماهانه دوره ۱ ماهه منتهی به  ۱۴۰۱/۰۶/۳۱(اصلاحیه),۱۴۰۱/۰۹/۱۵ ۱۵:۰۶:۰۰,968409,True,https://excel.codal.ir/service/Excel/GetAll/mMn8ftnLkKBiIxklLi1G1g%3d%3d/0,domestic,کنسانتره آهن (خشک ),تن,767240.0,517851.0,26800207.0,13878514.0,1401-06,1401
کچاد,معدنی و صنعتی چادرملو,iron_ore,1401/06/31,گزارش فعالیت ماهانه دوره ۱ ماهه منتهی به  ۱۴۰۱/۰۶/۳۱(اصلاحیه),۱۴۰۱/۰۹/۱۵ ۱۵:۰۶:۰۰,968409,True,https://excel.codal.ir/service/Excel/GetAll/mMn8ftnLkKBiIxklLi1G1g%3d%3d/0,domestic,کنسانتره مصرف شده در تولید گندله,تن,,,,0.0,1401-06,1401
کچاد,معدنی و صنعتی چادرملو,iron_ore,1401/06/31,گزارش فعالیت ماهانه دوره ۱ ماهه منتهی به  ۱۴۰۱/۰۶/۳۱(اصلاحیه),۱۴۰۱/۰۹/۱۵ ۱۵:۰۶:۰۰,968409,True,https://excel.codal.ir/service/Excel/GetAll/mMn8ftnLkKBiIxklLi1G1g%3d%3d/0,domestic,گندله,تن,393617.0,150587.0,29319775.0,4415177.0,1401-06,1401
کچاد,معدنی و صنعتی چادرملو,iron_ore,1401/07/30,گزارش فعالیت ماهانه دوره ۱ ماهه منتهی به  ۱۴۰۱/۰۷/۳۰(اصلاحیه),۱۴۰۱/۱۰/۰۸ ۱۳:۵۰:۳۹,975964,True,https://excel.codal.ir/service/Excel/GetAll/Ob1soJiEIvkWQklkpegPZw%3d%3d/0,domestic,آهن اسفنجی,تن,152513.0,34689.0,74035198.0,2568207.0,1401-07,1401
کچاد,معدنی و صنعتی چادرملو,iron_ore,1401/07/30,گزارش فعالیت ماهانه دوره ۱ ماهه منتهی به  ۱۴۰۱/۰۷/۳۰(اصلاحیه),۱۴۰۱/۱۰/۰۸ ۱۳:۵۰:۳۹,975964,True,https://excel.codal.ir/service/Excel/GetAll/Ob1soJiEIvkWQklkpegPZw%3d%3d/0,domestic,آپاتیت,تن,5809.0,11047.0,21173622.0,233905.0,1401-07,1401
کچاد,معدنی و صنعتی چادرملو,iron_ore,1401/07/30,گزارش فعالیت ماهانه دوره ۱ ماهه منتهی به  ۱۴۰۱/۰۷/۳۰(اصلاحیه),۱۴۰۱/۱۰/۰۸ ۱۳:۵۰:۳۹,975964,True,https://excel.codal.ir/service/Excel/GetAll/Ob1soJiEIvkWQklkpegPZw%3d%3d/0,domestic,ارسالی گندله به احیاء,تن,0.0,197586.0,0.0,0.0,1401-07,1401
کچاد,معدنی و صنعتی چادرملو,iron_ore,1401/07/30,گزارش فعالیت ماهانه دوره ۱ ماهه منتهی به  ۱۴۰۱/۰۷/۳۰(اصلاحیه),۱۴۰۱/۱۰/۰۸ ۱۳:۵۰:۳۹,975964,True,https://excel.codal.ir/service/Excel/GetAll/Ob1soJiEIvkWQklkpegPZw%3d%3d/0,domestic,سنگ دانه بندی,تن,,,,0.0,1401-07,1401
کچاد,معدنی و صنعتی چادرملو,iron_ore,1401/07/30,گزارش فعالیت ماهانه دوره ۱ ماهه منتهی به  ۱۴۰۱/۰۷/۳۰(اصلاحیه),۱۴۰۱/۱۰/۰۸ ۱۳:۵۰:۳۹,975964,True,https://excel.codal.ir/service/Excel/GetAll/Ob1soJiEIvkWQklkpegPZw%3d%3d/0,domestic,سود سرمایه گذاریها,تن,0.0,0.0,,0.0,1401-07,1401
کچاد,معدنی و صنعتی چادرملو,iron_ore,1401/07/30,گزارش فعالیت ماهانه دوره ۱ ماهه منتهی به  ۱۴۰۱/۰۷/۳۰(اصلاحیه),۱۴۰۱/۱۰/۰۸ ۱۳:۵۰:۳۹,975964,True,https://excel.codal.ir/service/Excel/GetAll/Ob1soJiEIvkWQklkpegPZw%3d%3d/0,domestic,عرضه برق تولیدی (نیروگاه),مگاوات ساعت,0.0,0.0,,0.0,1401-07,1401
کچاد,معدنی و صنعتی چادرملو,iron_ore,1401/07/30,گزارش فعالیت ماهانه دوره ۱ ماهه منتهی به  ۱۴۰۱/۰۷/۳۰(اصلاحیه),۱۴۰۱/۱۰/۰۸ ۱۳:۵۰:۳۹,975964,True,https://excel.codal.ir/service/Excel/GetAll/Ob1soJiEIvkWQklkpegPZw%3d%3d/0,domestic,فولاد,تن,106024.0,68237.0,136205241.0,9294237.0,1401-07,1401
کچاد,معدنی و صنعتی چادرملو,iron_ore,1401/07/30,گزارش فعالیت ماهانه دوره ۱ ماهه منتهی به  ۱۴۰۱/۰۷/۳۰(اصلاحیه),۱۴۰۱/۱۰/۰۸ ۱۳:۵۰:۳۹,975964,True,https://excel.codal.ir/service/Excel/GetAll/Ob1soJiEIvkWQklkpegPZw%3d%3d/0,export,فولاد,تن,0.0,29999.0,126405814.0,3792048.0,1401-07,1401
کچاد,معدنی و صنعتی چادرملو,iron_ore,1401/07/30,گزارش فعالیت ماهانه دوره ۱ ماهه منتهی به  ۱۴۰۱/۰۷/۳۰(اصلاحیه),۱۴۰۱/۱۰/۰۸ ۱۳:۵۰:۳۹,975964,True,https://excel.codal.ir/service/Excel/GetAll/Ob1soJiEIvkWQklkpegPZw%3d%3d/0,domestic,نرمه گندله (Pellet Fine),تن,0.0,0.0,,0.0,1401-07,1401
کچاد,معدنی و صنعتی چادرملو,iron_ore,1401/07/30,گزارش فعالیت ماهانه دوره ۱ ماهه منتهی به  ۱۴۰۱/۰۷/۳۰(اصلاحیه),۱۴۰۱/۱۰/۰۸ ۱۳:۵۰:۳۹,975964,True,https://excel.codal.ir/service/Excel/GetAll/Ob1soJiEIvkWQklkpegPZw%3d%3d/0,domestic,کنسانتره آهن (خشک ),تن,863908.0,491151.0,23166859.0,11378426.0,1401-07,1401
کچاد,معدنی و صنعتی چادرملو,iron_ore,1401/07/30,گزارش فعالیت ماهانه دوره ۱ ماهه منتهی به  ۱۴۰۱/۰۷/۳۰(اصلاحیه),۱۴۰۱/۱۰/۰۸ ۱۳:۵۰:۳۹,975964,True,https://excel.codal.ir/service/Excel/GetAll/Ob1soJiEIvkWQklkpegPZw%3d%3d/0,domestic,کنسانتره مصرف شده در تولید گندله,تن,0.0,413449.0,0.0,0.0,1401-07,1401
کچاد,معدنی و صنعتی چادرملو,iron_ore,1401/07/30,گزارش فعالیت ماهانه دوره ۱ ماهه منتهی به  ۱۴۰۱/۰۷/۳۰(اصلاحیه),۱۴۰۱/۱۰/۰۸ ۱۳:۵۰:۳۹,975964,True,https://excel.codal.ir/service/Excel/GetAll/Ob1soJiEIvkWQklkpegPZw%3d%3d/0,domestic,گندله,تن,381018.0,145564.0,27699967.0,4032118.0,1401-07,1401
کچاد,معدنی و صنعتی چادرملو,iron_ore,1401/08/30,گزارش فعالیت ماهانه دوره ۱ ماهه منتهی به  ۱۴۰۱/۰۸/۳۰(اصلاحیه),۱۴۰۱/۱۰/۰۸ ۱۳:۵۴:۵۸,975963,True,https://excel.codal.ir/service/Excel/GetAll/mmTgIBxhTB3bVkiueWq2iA%3d%3d/0,domestic,آهن اسفنجی,تن,143914.0,45837.0,74163034.0,3399411.0,1401-08,1401
کچاد,معدنی و صنعتی چادرملو,iron_ore,1401/08/30,گزارش فعالیت ماهانه دوره ۱ ماهه منتهی به  ۱۴۰۱/۰۸/۳۰(اصلاحیه),۱۴۰۱/۱۰/۰۸ ۱۳:۵۴:۵۸,975963,True,https://excel.codal.ir/service/Excel/GetAll/mmTgIBxhTB3bVkiueWq2iA%3d%3d/0,domestic,آپاتیت,تن,5765.0,3837.0,21342716.0,81892.0,1401-08,1401
کچاد,معدنی و صنعتی چادرملو,iron_ore,1401/08/30,گزارش فعالیت ماهانه دوره ۱ ماهه منتهی به  ۱۴۰۱/۰۸/۳۰(اصلاحیه),۱۴۰۱/۱۰/۰۸ ۱۳:۵۴:۵۸,975963,True,https://excel.codal.ir/service/Excel/GetAll/mmTgIBxhTB3bVkiueWq2iA%3d%3d/0,domestic,ارسالی گندله به احیاء,تن,0.0,189932.0,0.0,0.0,1401-08,1401
کچاد,معدنی و صنعتی چادرملو,iron_ore,1401/08/30,گزارش فعالیت ماهانه دوره ۱ ماهه منتهی به  ۱۴۰۱/۰۸/۳۰(اصلاحیه),۱۴۰۱/۱۰/۰۸ ۱۳:۵۴:۵۸,975963,True,https://excel.codal.ir/service/Excel/GetAll/mmTgIBxhTB3bVkiueWq2iA%3d%3d/0,domestic,سنگ دانه بندی,تن,,,,0.0,1401-08,1401
کچاد,معدنی و صنعتی چادرملو,iron_ore,1401/08/30,گزارش فعالیت ماهانه دوره ۱ ماهه منتهی به  ۱۴۰۱/۰۸/۳۰(اصلاحیه),۱۴۰۱/۱۰/۰۸ ۱۳:۵۴:۵۸,975963,True,https://excel.codal.ir/service/Excel/GetAll/mmTgIBxhTB3bVkiueWq2iA%3d%3d/0,domestic,سود سرمایه گذاریها,تن,0.0,,,0.0,1401-08,1401
کچاد,معدنی و صنعتی چادرملو,iron_ore,1401/08/30,گزارش فعالیت ماهانه دوره ۱ ماهه منتهی به  ۱۴۰۱/۰۸/۳۰(اصلاحیه),۱۴۰۱/۱۰/۰۸ ۱۳:۵۴:۵۸,975963,True,https://excel.codal.ir/service/Excel/GetAll/mmTgIBxhTB3bVkiueWq2iA%3d%3d/0,domestic,عرضه برق تولیدی (نیروگاه),مگاوات ساعت,290462.0,216774.0,1270863.0,275490.0,1401-08,1401
کچاد,معدنی و صنعتی چادرملو,iron_ore,1401/08/30,گزارش فعالیت ماهانه دوره ۱ ماهه منتهی به  ۱۴۰۱/۰۸/۳۰(اصلاحیه),۱۴۰۱/۱۰/۰۸ ۱۳:۵۴:۵۸,975963,True,https://excel.codal.ir/service/Excel/GetAll/mmTgIBxhTB3bVkiueWq2iA%3d%3d/0,domestic,فولاد,تن,107008.0,96845.0,141205917.0,13675087.0,1401-08,1401
کچاد,معدنی و صنعتی چادرملو,iron_ore,1401/08/30,گزارش فعالیت ماهانه دوره ۱ ماهه منتهی به  ۱۴۰۱/۰۸/۳۰(اصلاحیه),۱۴۰۱/۱۰/۰۸ ۱۳:۵۴:۵۸,975963,True,https://excel.codal.ir/service/Excel/GetAll/mmTgIBxhTB3bVkiueWq2iA%3d%3d/0,export,فولاد,تن,0.0,32990.0,123454895.0,4072777.0,1401-08,1401
کچاد,معدنی و صنعتی چادرملو,iron_ore,1401/08/30,گزارش فعالیت ماهانه دوره ۱ ماهه منتهی به  ۱۴۰۱/۰۸/۳۰(اصلاحیه),۱۴۰۱/۱۰/۰۸ ۱۳:۵۴:۵۸,975963,True,https://excel.codal.ir/service/Excel/GetAll/mmTgIBxhTB3bVkiueWq2iA%3d%3d/0,domestic,نرمه گندله (Pellet Fine),تن,0.0,,,0.0,1401-08,1401
کچاد,معدنی و صنعتی چادرملو,iron_ore,1401/08/30,گزارش فعالیت ماهانه دوره ۱ ماهه منتهی به  ۱۴۰۱/۰۸/۳۰(اصلاحیه),۱۴۰۱/۱۰/۰۸ ۱۳:۵۴:۵۸,975963,True,https://excel.codal.ir/service/Excel/GetAll/mmTgIBxhTB3bVkiueWq2iA%3d%3d/0,domestic,کنسانتره آهن (خشک ),تن,867784.0,464380.0,24862875.0,11545822.0,1401-08,1401
کچاد,معدنی و صنعتی چادرملو,iron_ore,1401/08/30,گزارش فعالیت ماهانه دوره ۱ ماهه منتهی به  ۱۴۰۱/۰۸/۳۰(اصلاحیه),۱۴۰۱/۱۰/۰۸ ۱۳:۵۴:۵۸,975963,True,https://excel.codal.ir/service/Excel/GetAll/mmTgIBxhTB3bVkiueWq2iA%3d%3d/0,domestic,کنسانتره مصرف شده در تولید گندله,تن,0.0,398718.0,0.0,0.0,1401-08,1401
کچاد,معدنی و صنعتی چادرملو,iron_ore,1401/08/30,گزارش فعالیت ماهانه دوره ۱ ماهه منتهی به  ۱۴۰۱/۰۸/۳۰(اصلاحیه),۱۴۰۱/۱۰/۰۸ ۱۳:۵۴:۵۸,975963,True,https://excel.codal.ir/service/Excel/GetAll/mmTgIBxhTB3bVkiueWq2iA%3d%3d/0,domestic,گندله,تن,374932.0,152661.0,29222034.0,4461065.0,1401-08,1401
کچاد,معدنی و صنعتی چادرملو,iron_ore,1401/09/30,گزارش فعالیت ماهانه دوره ۱ ماهه منتهی به  ۱۴۰۱/۰۹/۳۰(اصلاحیه),۱۴۰۱/۱۰/۲۸ ۲۱:۱۵:۰۳,984352,True,https://excel.codal.ir/service/Excel/GetAll/9UEwJ1CSRpCD81PvKOOObOOORm2g%3d%3d/0,domestic,آهن اسفنجی,تن,113966.0,8534.0,74473518.0,635557.0,1401-09,1401
کچاد,معدنی و صنعتی چادرملو,iron_ore,1401/09/30,گزارش فعالیت ماهانه دوره ۱ ماهه منتهی به  ۱۴۰۱/۰۹/۳۰(اصلاحیه),۱۴۰۱/۱۰/۲۸ ۲۱:۱۵:۰۳,984352,True,https://excel.codal.ir/service/Excel/GetAll/9UEwJ1CSRpCD81PvKOOObOOORm2g%3d%3d/0,domestic,آپاتیت,تن,15419.0,,,0.0,1401-09,1401
کچاد,معدنی و صنعتی چادرملو,iron_ore,1401/09/30,گزارش فعالیت ماهانه دوره ۱ ماهه منتهی به  ۱۴۰۱/۰۹/۳۰(اصلاحیه),۱۴۰۱/۱۰/۲۸ ۲۱:۱۵:۰۳,984352,True,https://excel.codal.ir/service/Excel/GetAll/9UEwJ1CSRpCD81PvKOOObOOORm2g%3d%3d/0,domestic,ارسالی گندله به احیاء,تن,,149124.0,0.0,0.0,1401-09,1401
کچاد,معدنی و صنعتی چادرملو,iron_ore,1401/09/30,گزارش فعالیت ماهانه دوره ۱ ماهه منتهی به  ۱۴۰۱/۰۹/۳۰(اصلاحیه),۱۴۰۱/۱۰/۲۸ ۲۱:۱۵:۰۳,984352,True,https://excel.codal.ir/service/Excel/GetAll/9UEwJ1CSRpCD81PvKOOObOOORm2g%3d%3d/0,domestic,سنگ دانه بندی,تن,,,,0.0,1401-09,1401
کچاد,معدنی و صنعتی چادرملو,iron_ore,1401/09/30,گزارش فعالیت ماهانه دوره ۱ ماهه منتهی به  ۱۴۰۱/۰۹/۳۰(اصلاحیه),۱۴۰۱/۱۰/۲۸ ۲۱:۱۵:۰۳,984352,True,https://excel.codal.ir/service/Excel/GetAll/9UEwJ1CSRpCD81PvKOOObOOORm2g%3d%3d/0,domestic,سود سرمایه گذاریها,تن,,,,0.0,1401-09,1401
کچاد,معدنی و صنعتی چادرملو,iron_ore,1401/09/30,گزارش فعالیت ماهانه دوره ۱ ماهه منتهی به  ۱۴۰۱/۰۹/۳۰(اصلاحیه),۱۴۰۱/۱۰/۲۸ ۲۱:۱۵:۰۳,984352,True,https://excel.codal.ir/service/Excel/GetAll/9UEwJ1CSRpCD81PvKOOObOOORm2g%3d%3d/0,domestic,عرضه برق تولیدی (نیروگاه),مگاوات ساعت,289741.0,159294.0,1048458.0,167013.0,1401-09,1401
کچاد,معدنی و صنعتی چادرملو,iron_ore,1401/09/30,گزارش فعالیت ماهانه دوره ۱ ماهه منتهی به  ۱۴۰۱/۰۹/۳۰(اصلاحیه),۱۴۰۱/۱۰/۲۸ ۲۱:۱۵:۰۳,984352,True,https://excel.codal.ir/service/Excel/GetAll/9UEwJ1CSRpCD81PvKOOObOOORm2g%3d%3d/0,domestic,فولاد,تن,103816.0,106308.0,143069468.0,15209429.0,1401-09,1401
کچاد,معدنی و صنعتی چادرملو,iron_ore,1401/09/30,گزارش فعالیت ماهانه دوره ۱ ماهه منتهی به  ۱۴۰۱/۰۹/۳۰(اصلاحیه),۱۴۰۱/۱۰/۲۸ ۲۱:۱۵:۰۳,984352,True,https://excel.codal.ir/service/Excel/GetAll/9UEwJ1CSRpCD81PvKOOObOOORm2g%3d%3d/0,export,فولاد,تن,,15133.0,126758541.0,1918237.0,1401-09,1401
کچاد,معدنی و صنعتی چادرملو,iron_ore,1401/09/30,گزارش فعالیت ماهانه دوره ۱ ماهه منتهی به  ۱۴۰۱/۰۹/۳۰(اصلاحیه),۱۴۰۱/۱۰/۲۸ ۲۱:۱۵:۰۳,984352,True,https://excel.codal.ir/service/Excel/GetAll/9UEwJ1CSRpCD81PvKOOObOOORm2g%3d%3d/0,domestic,نرمه گندله (Pellet Fine),تن,1691.0,,,0.0,1401-09,1401
کچاد,معدنی و صنعتی چادرملو,iron_ore,1401/09/30,گزارش فعالیت ماهانه دوره ۱ ماهه منتهی به  ۱۴۰۱/۰۹/۳۰(اصلاحیه),۱۴۰۱/۱۰/۲۸ ۲۱:۱۵:۰۳,984352,True,https://excel.codal.ir/service/Excel/GetAll/9UEwJ1CSRpCD81PvKOOObOOORm2g%3d%3d/0,domestic,کنسانتره آهن (خشک ),تن,934499.0,356312.0,26881346.0,9578146.0,1401-09,1401
کچاد,معدنی و صنعتی چادرملو,iron_ore,1401/09/30,گزارش فعالیت ماهانه دوره ۱ ماهه منتهی به  ۱۴۰۱/۰۹/۳۰(اصلاحیه),۱۴۰۱/۱۰/۲۸ ۲۱:۱۵:۰۳,984352,True,https://excel.codal.ir/service/Excel/GetAll/9UEwJ1CSRpCD81PvKOOObOOORm2g%3d%3d/0,domestic,کنسانتره مصرف شده در تولید گندله,تن,,335681.0,0.0,0.0,1401-09,1401
کچاد,معدنی و صنعتی چادرملو,iron_ore,1401/09/30,گزارش فعالیت ماهانه دوره ۱ ماهه منتهی به  ۱۴۰۱/۰۹/۳۰(اصلاحیه),۱۴۰۱/۱۰/۲۸ ۲۱:۱۵:۰۳,984352,True,https://excel.codal.ir/service/Excel/GetAll/9UEwJ1CSRpCD81PvKOOObOOORm2g%3d%3d/0,domestic,گندله,تن,366624.0,78987.0,30360870.0,2398114.0,1401-09,1401
کچاد,معدنی و صنعتی چادرملو,iron_ore,1401/10/30,گزارش فعالیت ماهانه دوره ۱ ماهه منتهی به  ۱۴۰۱/۱۰/۳۰,۱۴۰۱/۱۱/۰۵ ۱۲:۵۷:۴۸,987369,False,https://excel.codal.ir/service/Excel/GetAll/0QQQaQQQ9vO8sZhIoZGvvFpRorEw%3d%3d/0,domestic,آهن اسفنجی,تن,78788.0,0.0,,0.0,1401-10,1401
کچاد,معدنی و صنعتی چادرملو,iron_ore,1401/10/30,گزارش فعالیت ماهانه دوره ۱ ماهه منتهی به  ۱۴۰۱/۱۰/۳۰,۱۴۰۱/۱۱/۰۵ ۱۲:۵۷:۴۸,987369,False,https://excel.codal.ir/service/Excel/GetAll/0QQQaQQQ9vO8sZhIoZGvvFpRorEw%3d%3d/0,domestic,آپاتیت,تن,6786.0,0.0,,0.0,1401-10,1401
کچاد,معدنی و صنعتی چادرملو,iron_ore,1401/10/30,گزارش فعالیت ماهانه دوره ۱ ماهه منتهی به  ۱۴۰۱/۱۰/۳۰,۱۴۰۱/۱۱/۰۵ ۱۲:۵۷:۴۸,987369,False,https://excel.codal.ir/service/Excel/GetAll/0QQQaQQQ9vO8sZhIoZGvvFpRorEw%3d%3d/0,domestic,ارسالی گندله به احیاء,تن,0.0,94924.0,0.0,0.0,1401-10,1401
کچاد,معدنی و صنعتی چادرملو,iron_ore,1401/10/30,گزارش فعالیت ماهانه دوره ۱ ماهه منتهی به  ۱۴۰۱/۱۰/۳۰,۱۴۰۱/۱۱/۰۵ ۱۲:۵۷:۴۸,987369,False,https://excel.codal.ir/service/Excel/GetAll/0QQQaQQQ9vO8sZhIoZGvvFpRorEw%3d%3d/0,domestic,سنگ دانه بندی,تن,0.0,0.0,,0.0,1401-10,1401
کچاد,معدنی و صنعتی چادرملو,iron_ore,1401/10/30,گزارش فعالیت ماهانه دوره ۱ ماهه منتهی به  ۱۴۰۱/۱۰/۳۰,۱۴۰۱/۱۱/۰۵ ۱۲:۵۷:۴۸,987369,False,https://excel.codal.ir/service/Excel/GetAll/0QQQaQQQ9vO8sZhIoZGvvFpRorEw%3d%3d/0,domestic,سود سرمایه گذاریها,تن,0.0,0.0,,0.0,1401-10,1401
کچاد,معدنی و صنعتی چادرملو,iron_ore,1401/10/30,گزارش فعالیت ماهانه دوره ۱ ماهه منتهی به  ۱۴۰۱/۱۰/۳۰,۱۴۰۱/۱۱/۰۵ ۱۲:۵۷:۴۸,987369,False,https://excel.codal.ir/service/Excel/GetAll/0QQQaQQQ9vO8sZhIoZGvvFpRorEw%3d%3d/0,domestic,عرضه برق تولیدی (نیروگاه),مگاوات ساعت,0.0,0.0,,1665.0,1401-10,1401
کچاد,معدنی و صنعتی چادرملو,iron_ore,1401/10/30,گزارش فعالیت ماهانه دوره ۱ ماهه منتهی به  ۱۴۰۱/۱۰/۳۰,۱۴۰۱/۱۱/۰۵ ۱۲:۵۷:۴۸,987369,False,https://excel.codal.ir/service/Excel/GetAll/0QQQaQQQ9vO8sZhIoZGvvFpRorEw%3d%3d/0,domestic,فولاد,تن,89012.0,75918.0,140928265.0,10698992.0,1401-10,1401
کچاد,معدنی و صنعتی چادرملو,iron_ore,1401/10/30,گزارش فعالیت ماهانه دوره ۱ ماهه منتهی به  ۱۴۰۱/۱۰/۳۰,۱۴۰۱/۱۱/۰۵ ۱۲:۵۷:۴۸,987369,False,https://excel.codal.ir/service/Excel/GetAll/0QQQaQQQ9vO8sZhIoZGvvFpRorEw%3d%3d/0,export,فولاد,تن,0.0,14987.0,144690665.0,2168479.0,1401-10,1401
کچاد,معدنی و صنعتی چادرملو,iron_ore,1401/10/30,گزارش فعالیت ماهانه دوره ۱ ماهه منتهی به  ۱۴۰۱/۱۰/۳۰,۱۴۰۱/۱۱/۰۵ ۱۲:۵۷:۴۸,987369,False,https://excel.codal.ir/service/Excel/GetAll/0QQQaQQQ9vO8sZhIoZGvvFpRorEw%3d%3d/0,domestic,نرمه گندله (Pellet Fine),تن,0.0,0.0,,0.0,1401-10,1401
کچاد,معدنی و صنعتی چادرملو,iron_ore,1401/10/30,گزارش فعالیت ماهانه دوره ۱ ماهه منتهی به  ۱۴۰۱/۱۰/۳۰,۱۴۰۱/۱۱/۰۵ ۱۲:۵۷:۴۸,987369,False,https://excel.codal.ir/service/Excel/GetAll/0QQQaQQQ9vO8sZhIoZGvvFpRorEw%3d%3d/0,domestic,کنسانتره آهن (خشک ),تن,796500.0,597343.0,25397303.0,15170901.0,1401-10,1401
کچاد,معدنی و صنعتی چادرملو,iron_ore,1401/10/30,گزارش فعالیت ماهانه دوره ۱ ماهه منتهی به  ۱۴۰۱/۱۰/۳۰,۱۴۰۱/۱۱/۰۵ ۱۲:۵۷:۴۸,987369,False,https://excel.codal.ir/service/Excel/GetAll/0QQQaQQQ9vO8sZhIoZGvvFpRorEw%3d%3d/0,domestic,کنسانتره مصرف شده در تولید گندله,تن,0.0,143190.0,0.0,0.0,1401-10,1401
کچاد,معدنی و صنعتی چادرملو,iron_ore,1401/10/30,گزارش فعالیت ماهانه دوره ۱ ماهه منتهی به  ۱۴۰۱/۱۰/۳۰,۱۴۰۱/۱۱/۰۵ ۱۲:۵۷:۴۸,987369,False,https://excel.codal.ir/service/Excel/GetAll/0QQQaQQQ9vO8sZhIoZGvvFpRorEw%3d%3d/0,domestic,گندله,تن,309373.0,54369.0,31274697.0,1700374.0,1401-10,1401
کچاد,معدنی و صنعتی چادرملو,iron_ore,1401/11/30,گزارش فعالیت ماهانه دوره ۱ ماهه منتهی به  ۱۴۰۱/۱۱/۳۰,۱۴۰۱/۱۲/۰۴ ۱۴:۵۰:۲۰,996355,False,https://excel.codal.ir/service/Excel/GetAll/uQQQaQQQWJ11pzJuOOObOOOnubxWeiCBXA%3d%3d/0,domestic,آهن اسفنجی,تن,39727.0,0.0,,0.0,1401-11,1401
کچاد,معدنی و صنعتی چادرملو,iron_ore,1401/11/30,گزارش فعالیت ماهانه دوره ۱ ماهه منتهی به  ۱۴۰۱/۱۱/۳۰,۱۴۰۱/۱۲/۰۴ ۱۴:۵۰:۲۰,996355,False,https://excel.codal.ir/service/Excel/GetAll/uQQQaQQQWJ11pzJuOOObOOOnubxWeiCBXA%3d%3d/0,domestic,آپاتیت,تن,547.0,6577.0,30008515.0,197366.0,1401-11,1401
کچاد,معدنی و صنعتی چادرملو,iron_ore,1401/11/30,گزارش فعالیت ماهانه دوره ۱ ماهه منتهی به  ۱۴۰۱/۱۱/۳۰,۱۴۰۱/۱۲/۰۴ ۱۴:۵۰:۲۰,996355,False,https://excel.codal.ir/service/Excel/GetAll/uQQQaQQQWJ11pzJuOOObOOOnubxWeiCBXA%3d%3d/0,domestic,ارسالی گندله به احیاء,تن,,70480.0,0.0,0.0,1401-11,1401
کچاد,معدنی و صنعتی چادرملو,iron_ore,1401/11/30,گزارش فعالیت ماهانه دوره ۱ ماهه منتهی به  ۱۴۰۱/۱۱/۳۰,۱۴۰۱/۱۲/۰۴ ۱۴:۵۰:۲۰,996355,False,https://excel.codal.ir/service/Excel/GetAll/uQQQaQQQWJ11pzJuOOObOOOnubxWeiCBXA%3d%3d/0,domestic,سنگ دانه بندی,تن,,,,0.0,1401-11,1401
کچاد,معدنی و صنعتی چادرملو,iron_ore,1401/11/30,گزارش فعالیت ماهانه دوره ۱ ماهه منتهی به  ۱۴۰۱/۱۱/۳۰,۱۴۰۱/۱۲/۰۴ ۱۴:۵۰:۲۰,996355,False,https://excel.codal.ir/service/Excel/GetAll/uQQQaQQQWJ11pzJuOOObOOOnubxWeiCBXA%3d%3d/0,domestic,سود سرمایه گذاریها,تن,,,,0.0,1401-11,1401
کچاد,معدنی و صنعتی چادرملو,iron_ore,1401/11/30,گزارش فعالیت ماهانه دوره ۱ ماهه منتهی به  ۱۴۰۱/۱۱/۳۰,۱۴۰۱/۱۲/۰۴ ۱۴:۵۰:۲۰,996355,False,https://excel.codal.ir/service/Excel/GetAll/uQQQaQQQWJ11pzJuOOObOOOnubxWeiCBXA%3d%3d/0,domestic,عرضه برق تولیدی (نیروگاه),مگاوات ساعت,250557.0,127318.0,749156.0,95381.0,1401-11,1401
کچاد,معدنی و صنعتی چادرملو,iron_ore,1401/11/30,گزارش فعالیت ماهانه دوره ۱ ماهه منتهی به  ۱۴۰۱/۱۱/۳۰,۱۴۰۱/۱۲/۰۴ ۱۴:۵۰:۲۰,996355,False,https://excel.codal.ir/service/Excel/GetAll/uQQQaQQQWJ11pzJuOOObOOOnubxWeiCBXA%3d%3d/0,domestic,فولاد,تن,83780.0,75831.0,149471971.0,11334609.0,1401-11,1401
کچاد,معدنی و صنعتی چادرملو,iron_ore,1401/11/30,گزارش فعالیت ماهانه دوره ۱ ماهه منتهی به  ۱۴۰۱/۱۱/۳۰,۱۴۰۱/۱۲/۰۴ ۱۴:۵۰:۲۰,996355,False,https://excel.codal.ir/service/Excel/GetAll/uQQQaQQQWJ11pzJuOOObOOOnubxWeiCBXA%3d%3d/0,export,فولاد,تن,,32199.0,134993012.0,4346640.0,1401-11,1401
کچاد,معدنی و صنعتی چادرملو,iron_ore,1401/11/30,گزارش فعالیت ماهانه دوره ۱ ماهه منتهی به  ۱۴۰۱/۱۱/۳۰,۱۴۰۱/۱۲/۰۴ ۱۴:۵۰:۲۰,996355,False,https://excel.codal.ir/service/Excel/GetAll/uQQQaQQQWJ11pzJuOOObOOOnubxWeiCBXA%3d%3d/0,domestic,نرمه گندله (Pellet Fine),تن,,,,0.0,1401-11,1401
کچاد,معدنی و صنعتی چادرملو,iron_ore,1401/11/30,گزارش فعالیت ماهانه دوره ۱ ماهه منتهی به  ۱۴۰۱/۱۱/۳۰,۱۴۰۱/۱۲/۰۴ ۱۴:۵۰:۲۰,996355,False,https://excel.codal.ir/service/Excel/GetAll/uQQQaQQQWJ11pzJuOOObOOOnubxWeiCBXA%3d%3d/0,domestic,کنسانتره آهن (خشک ),تن,861717.0,526893.0,28232778.0,14875653.0,1401-11,1401
کچاد,معدنی و صنعتی چادرملو,iron_ore,1401/11/30,گزارش فعالیت ماهانه دوره ۱ ماهه منتهی به  ۱۴۰۱/۱۱/۳۰,۱۴۰۱/۱۲/۰۴ ۱۴:۵۰:۲۰,996355,False,https://excel.codal.ir/service/Excel/GetAll/uQQQaQQQWJ11pzJuOOObOOOnubxWeiCBXA%3d%3d/0,domestic,کنسانتره مصرف شده در تولید گندله,تن,,248556.0,0.0,0.0,1401-11,1401
کچاد,معدنی و صنعتی چادرملو,iron_ore,1401/11/30,گزارش فعالیت ماهانه دوره ۱ ماهه منتهی به  ۱۴۰۱/۱۱/۳۰,۱۴۰۱/۱۲/۰۴ ۱۴:۵۰:۲۰,996355,False,https://excel.codal.ir/service/Excel/GetAll/uQQQaQQQWJ11pzJuOOObOOOnubxWeiCBXA%3d%3d/0,domestic,گندله,تن,133510.0,42111.0,32449218.0,1366469.0,1401-11,1401
کچاد,معدنی و صنعتی چادرملو,iron_ore,1401/12/29,گزارش فعالیت ماهانه دوره ۱ ماهه منتهی به  ۱۴۰۱/۱۲/۲۹(اصلاحیه),۱۴۰۲/۰۳/۲۷ ۲۳:۰۰:۲۲,1040847,True,https://excel.codal.ir/service/Excel/GetAll/or66mnzojoeFVYSUagIdzw%3d%3d/0,domestic,آهن اسفنجی,تن,163291.0,,,0.0,1401-12,1401
کچاد,معدنی و صنعتی چادرملو,iron_ore,1401/12/29,گزارش فعالیت ماهانه دوره ۱ ماهه منتهی به  ۱۴۰۱/۱۲/۲۹(اصلاحیه),۱۴۰۲/۰۳/۲۷ ۲۳:۰۰:۲۲,1040847,True,https://excel.codal.ir/service/Excel/GetAll/or66mnzojoeFVYSUagIdzw%3d%3d/0,domestic,آپاتیت,تن,1097.0,8118.0,31220251.0,253446.0,1401-12,1401
کچاد,معدنی و صنعتی چادرملو,iron_ore,1401/12/29,گزارش فعالیت ماهانه دوره ۱ ماهه منتهی به  ۱۴۰۱/۱۲/۲۹(اصلاحیه),۱۴۰۲/۰۳/۲۷ ۲۳:۰۰:۲۲,1040847,True,https://excel.codal.ir/service/Excel/GetAll/or66mnzojoeFVYSUagIdzw%3d%3d/0,domestic,ارسالی گندله به احیاء,تن,,190121.0,0.0,0.0,1401-12,1401
کچاد,معدنی و صنعتی چادرملو,iron_ore,1401/12/29,گزارش فعالیت ماهانه دوره ۱ ماهه منتهی به  ۱۴۰۱/۱۲/۲۹(اصلاحیه),۱۴۰۲/۰۳/۲۷ ۲۳:۰۰:۲۲,1040847,True,https://excel.codal.ir/service/Excel/GetAll/or66mnzojoeFVYSUagIdzw%3d%3d/0,domestic,سنگ دانه بندی,تن,,,,0.0,1401-12,1401
کچاد,معدنی و صنعتی چادرملو,iron_ore,1401/12/29,گزارش فعالیت ماهانه دوره ۱ ماهه منتهی به  ۱۴۰۱/۱۲/۲۹(اصلاحیه),۱۴۰۲/۰۳/۲۷ ۲۳:۰۰:۲۲,1040847,True,https://excel.codal.ir/service/Excel/GetAll/or66mnzojoeFVYSUagIdzw%3d%3d/0,domestic,سود سرمایه گذاریها,تن,,,,27294119.0,1401-12,1401
کچاد,معدنی و صنعتی چادرملو,iron_ore,1401/12/29,گزارش فعالیت ماهانه دوره ۱ ماهه منتهی به  ۱۴۰۱/۱۲/۲۹(اصلاحیه),۱۴۰۲/۰۳/۲۷ ۲۳:۰۰:۲۲,1040847,True,https://excel.codal.ir/service/Excel/GetAll/or66mnzojoeFVYSUagIdzw%3d%3d/0,domestic,عرضه برق تولیدی (نیروگاه),مگاوات ساعت,87006.0,49109.0,746788.0,36674.0,1401-12,1401
کچاد,معدنی و صنعتی چادرملو,iron_ore,1401/12/29,گزارش فعالیت ماهانه دوره ۱ ماهه منتهی به  ۱۴۰۱/۱۲/۲۹(اصلاحیه),۱۴۰۲/۰۳/۲۷ ۲۳:۰۰:۲۲,1040847,True,https://excel.codal.ir/service/Excel/GetAll/or66mnzojoeFVYSUagIdzw%3d%3d/0,domestic,فولاد,تن,108060.0,68169.0,204490590.0,13939919.0,1401-12,1401
کچاد,معدنی و صنعتی چادرملو,iron_ore,1401/12/29,گزارش فعالیت ماهانه دوره ۱ ماهه منتهی به  ۱۴۰۱/۱۲/۲۹(اصلاحیه),۱۴۰۲/۰۳/۲۷ ۲۳:۰۰:۲۲,1040847,True,https://excel.codal.ir/service/Excel/GetAll/or66mnzojoeFVYSUagIdzw%3d%3d/0,export,فولاد,تن,,14971.45,169970177.0,2544700.0,1401-12,1401
کچاد,معدنی و صنعتی چادرملو,iron_ore,1401/12/29,گزارش فعالیت ماهانه دوره ۱ ماهه منتهی به  ۱۴۰۱/۱۲/۲۹(اصلاحیه),۱۴۰۲/۰۳/۲۷ ۲۳:۰۰:۲۲,1040847,True,https://excel.codal.ir/service/Excel/GetAll/or66mnzojoeFVYSUagIdzw%3d%3d/0,domestic,نرمه گندله (Pellet Fine),تن,,,,0.0,1401-12,1401
کچاد,معدنی و صنعتی چادرملو,iron_ore,1401/12/29,گزارش فعالیت ماهانه دوره ۱ ماهه منتهی به  ۱۴۰۱/۱۲/۲۹(اصلاحیه),۱۴۰۲/۰۳/۲۷ ۲۳:۰۰:۲۲,1040847,True,https://excel.codal.ir/service/Excel/GetAll/or66mnzojoeFVYSUagIdzw%3d%3d/0,domestic,کنسانتره آهن (خشک ),تن,870490.0,406343.0,32474323.0,13195714.0,1401-12,1401
کچاد,معدنی و صنعتی چادرملو,iron_ore,1401/12/29,گزارش فعالیت ماهانه دوره ۱ ماهه منتهی به  ۱۴۰۱/۱۲/۲۹(اصلاحیه),۱۴۰۲/۰۳/۲۷ ۲۳:۰۰:۲۲,1040847,True,https://excel.codal.ir/service/Excel/GetAll/or66mnzojoeFVYSUagIdzw%3d%3d/0,domestic,کنسانتره مصرف شده در تولید گندله,تن,,367451.0,0.0,0.0,1401-12,1401
کچاد,معدنی و صنعتی چادرملو,iron_ore,1401/12/29,گزارش فعالیت ماهانه دوره ۱ ماهه منتهی به  ۱۴۰۱/۱۲/۲۹(اصلاحیه),۱۴۰۲/۰۳/۲۷ ۲۳:۰۰:۲۲,1040847,True,https://excel.codal.ir/service/Excel/GetAll/or66mnzojoeFVYSUagIdzw%3d%3d/0,domestic,گندله,تن,372553.0,142628.0,36704988.0,5235159.0,1401-12,1401
کچاد,معدنی و صنعتی چادرملو,iron_ore,1402/01/31,گزارش فعالیت ماهانه دوره ۱ ماهه منتهی به  ۱۴۰۲/۰۱/۳۱,۱۴۰۲/۰۲/۰۷ ۰۹:۵۷:۲۷,1018039,False,https://excel.codal.ir/service/Excel/GetAll/Jj2bEUjbpOOObOOO4VehXCQQQaQQQnoYHQ%3d%3d/0,domestic,آهن اسفنجی,تن,157820.0,,,0.0,1402-01,1402
کچاد,معدنی و صنعتی چادرملو,iron_ore,1402/01/31,گزارش فعالیت ماهانه دوره ۱ ماهه منتهی به  ۱۴۰۲/۰۱/۳۱,۱۴۰۲/۰۲/۰۷ ۰۹:۵۷:۲۷,1018039,False,https://excel.codal.ir/service/Excel/GetAll/Jj2bEUjbpOOObOOO4VehXCQQQaQQQnoYHQ%3d%3d/0,domestic,آپاتیت,تن,,8307.0,31289394.0,259921.0,1402-01,1402
کچاد,معدنی و صنعتی چادرملو,iron_ore,1402/01/31,گزارش فعالیت ماهانه دوره ۱ ماهه منتهی به  ۱۴۰۲/۰۱/۳۱,۱۴۰۲/۰۲/۰۷ ۰۹:۵۷:۲۷,1018039,False,https://excel.codal.ir/service/Excel/GetAll/Jj2bEUjbpOOObOOO4VehXCQQQaQQQnoYHQ%3d%3d/0,domestic,ارسالی گندله به احیاء,تن,213912.0,,,0.0,1402-01,1402
کچاد,معدنی و صنعتی چادرملو,iron_ore,1402/01/31,گزارش فعالیت ماهانه دوره ۱ ماهه منتهی به  ۱۴۰۲/۰۱/۳۱,۱۴۰۲/۰۲/۰۷ ۰۹:۵۷:۲۷,1018039,False,https://excel.codal.ir/service/Excel/GetAll/Jj2bEUjbpOOObOOO4VehXCQQQaQQQnoYHQ%3d%3d/0,domestic,سنگ دانه بندی,تن,,,,0.0,1402-01,1402
کچاد,معدنی و صنعتی چادرملو,iron_ore,1402/01/31,گزارش فعالیت ماهانه دوره ۱ ماهه منتهی به  ۱۴۰۲/۰۱/۳۱,۱۴۰۲/۰۲/۰۷ ۰۹:۵۷:۲۷,1018039,False,https://excel.codal.ir/service/Excel/GetAll/Jj2bEUjbpOOObOOO4VehXCQQQaQQQnoYHQ%3d%3d/0,domestic,سود سرمایه گذاریها,تن,,,,0.0,1402-01,1402
کچاد,معدنی و صنعتی چادرملو,iron_ore,1402/01/31,گزارش فعالیت ماهانه دوره ۱ ماهه منتهی به  ۱۴۰۲/۰۱/۳۱,۱۴۰۲/۰۲/۰۷ ۰۹:۵۷:۲۷,1018039,False,https://excel.codal.ir/service/Excel/GetAll/Jj2bEUjbpOOObOOO4VehXCQQQaQQQnoYHQ%3d%3d/0,domestic,عرضه برق تولیدی (نیروگاه),مگاوات ساعت,229663.0,130300.0,971727.0,126616.0,1402-01,1402
کچاد,معدنی و صنعتی چادرملو,iron_ore,1402/01/31,گزارش فعالیت ماهانه دوره ۱ ماهه منتهی به  ۱۴۰۲/۰۱/۳۱,۱۴۰۲/۰۲/۰۷ ۰۹:۵۷:۲۷,1018039,False,https://excel.codal.ir/service/Excel/GetAll/Jj2bEUjbpOOObOOO4VehXCQQQaQQQnoYHQ%3d%3d/0,domestic,فولاد,تن,112457.0,61946.0,187227698.0,11598007.0,1402-01,1402
کچاد,معدنی و صنعتی چادرملو,iron_ore,1402/01/31,گزارش فعالیت ماهانه دوره ۱ ماهه منتهی به  ۱۴۰۲/۰۱/۳۱,۱۴۰۲/۰۲/۰۷ ۰۹:۵۷:۲۷,1018039,False,https://excel.codal.ir/service/Excel/GetAll/Jj2bEUjbpOOObOOO4VehXCQQQaQQQnoYHQ%3d%3d/0,export,فولاد,تن,,,0.0,0.0,1402-01,1402
کچاد,معدنی و صنعتی چادرملو,iron_ore,1402/01/31,گزارش فعالیت ماهانه دوره ۱ ماهه منتهی به  ۱۴۰۲/۰۱/۳۱,۱۴۰۲/۰۲/۰۷ ۰۹:۵۷:۲۷,1018039,False,https://excel.codal.ir/service/Excel/GetAll/Jj2bEUjbpOOObOOO4VehXCQQQaQQQnoYHQ%3d%3d/0,domestic,نرمه گندله (Pellet Fine),تن,,,,0.0,1402-01,1402
کچاد,معدنی و صنعتی چادرملو,iron_ore,1402/01/31,گزارش فعالیت ماهانه دوره ۱ ماهه منتهی به  ۱۴۰۲/۰۱/۳۱,۱۴۰۲/۰۲/۰۷ ۰۹:۵۷:۲۷,1018039,False,https://excel.codal.ir/service/Excel/GetAll/Jj2bEUjbpOOObOOO4VehXCQQQaQQQnoYHQ%3d%3d/0,domestic,کنسانتره آهن (خشک ),تن,836229.0,395191.0,30756143.0,12154551.0,1402-01,1402
کچاد,معدنی و صنعتی چادرملو,iron_ore,1402/01/31,گزارش فعالیت ماهانه دوره ۱ ماهه منتهی به  ۱۴۰۲/۰۱/۳۱,۱۴۰۲/۰۲/۰۷ ۰۹:۵۷:۲۷,1018039,False,https://excel.codal.ir/service/Excel/GetAll/Jj2bEUjbpOOObOOO4VehXCQQQaQQQnoYHQ%3d%3d/0,domestic,کنسانتره مصرف شده در تولید گندله,تن,,308118.0,0.0,0.0,1402-01,1402
کچاد,معدنی و صنعتی چادرملو,iron_ore,1402/01/31,گزارش فعالیت ماهانه دوره ۱ ماهه منتهی به  ۱۴۰۲/۰۱/۳۱,۱۴۰۲/۰۲/۰۷ ۰۹:۵۷:۲۷,1018039,False,https://excel.codal.ir/service/Excel/GetAll/Jj2bEUjbpOOObOOO4VehXCQQQaQQQnoYHQ%3d%3d/0,domestic,گندله,تن,369519.0,230783.0,39953675.0,9220629.0,1402-01,1402
کچاد,معدنی و صنعتی چادرملو,iron_ore,1402/02/31,گزارش فعالیت ماهانه دوره ۱ ماهه منتهی به  ۱۴۰۲/۰۲/۳۱,۱۴۰۲/۰۳/۰۷ ۱۲:۳۷:۴۸,1032182,False,https://excel.codal.ir/service/Excel/GetAll/gHpJHHEPJPsTyRJrw6NyQA%3d%3d/0,domestic,آهن اسفنجی,تن,157507.0,0.0,,0.0,1402-02,1402
کچاد,معدنی و صنعتی چادرملو,iron_ore,1402/02/31,گزارش فعالیت ماهانه دوره ۱ ماهه منتهی به  ۱۴۰۲/۰۲/۳۱,۱۴۰۲/۰۳/۰۷ ۱۲:۳۷:۴۸,1032182,False,https://excel.codal.ir/service/Excel/GetAll/gHpJHHEPJPsTyRJrw6NyQA%3d%3d/0,domestic,آپاتیت,تن,8120.0,4345.0,30022785.0,130449.0,1402-02,1402
کچاد,معدنی و صنعتی چادرملو,iron_ore,1402/02/31,گزارش فعالیت ماهانه دوره ۱ ماهه منتهی به  ۱۴۰۲/۰۲/۳۱,۱۴۰۲/۰۳/۰۷ ۱۲:۳۷:۴۸,1032182,False,https://excel.codal.ir/service/Excel/GetAll/gHpJHHEPJPsTyRJrw6NyQA%3d%3d/0,domestic,ارسالی گندله به احیاء,تن,,211334.0,0.0,0.0,1402-02,1402
کچاد,معدنی و صنعتی چادرملو,iron_ore,1402/02/31,گزارش فعالیت ماهانه دوره ۱ ماهه منتهی به  ۱۴۰۲/۰۲/۳۱,۱۴۰۲/۰۳/۰۷ ۱۲:۳۷:۴۸,1032182,False,https://excel.codal.ir/service/Excel/GetAll/gHpJHHEPJPsTyRJrw6NyQA%3d%3d/0,domestic,سود سرمایه گذاریها,تن,0.0,0.0,,0.0,1402-02,1402
کچاد,معدنی و صنعتی چادرملو,iron_ore,1402/02/31,گزارش فعالیت ماهانه دوره ۱ ماهه منتهی به  ۱۴۰۲/۰۲/۳۱,۱۴۰۲/۰۳/۰۷ ۱۲:۳۷:۴۸,1032182,False,https://excel.codal.ir/service/Excel/GetAll/gHpJHHEPJPsTyRJrw6NyQA%3d%3d/0,domestic,عرضه برق تولیدی (نیروگاه),مگاوات ساعت,267985.0,136921.0,1249414.0,171071.0,1402-02,1402
کچاد,معدنی و صنعتی چادرملو,iron_ore,1402/02/31,گزارش فعالیت ماهانه دوره ۱ ماهه منتهی به  ۱۴۰۲/۰۲/۳۱,۱۴۰۲/۰۳/۰۷ ۱۲:۳۷:۴۸,1032182,False,https://excel.codal.ir/service/Excel/GetAll/gHpJHHEPJPsTyRJrw6NyQA%3d%3d/0,domestic,فولاد,تن,110125.0,123711.0,194744566.0,24092045.0,1402-02,1402
کچاد,معدنی و صنعتی چادرملو,iron_ore,1402/02/31,گزارش فعالیت ماهانه دوره ۱ ماهه منتهی به  ۱۴۰۲/۰۲/۳۱,۱۴۰۲/۰۳/۰۷ ۱۲:۳۷:۴۸,1032182,False,https://excel.codal.ir/service/Excel/GetAll/gHpJHHEPJPsTyRJrw6NyQA%3d%3d/0,export,فولاد,تن,0.0,0.0,0.0,0.0,1402-02,1402
کچاد,معدنی و صنعتی چادرملو,iron_ore,1402/02/31,گزارش فعالیت ماهانه دوره ۱ ماهه منتهی به  ۱۴۰۲/۰۲/۳۱,۱۴۰۲/۰۳/۰۷ ۱۲:۳۷:۴۸,1032182,False,https://excel.codal.ir/service/Excel/GetAll/gHpJHHEPJPsTyRJrw6NyQA%3d%3d/0,domestic,نرمه گندله (Pellet Fine),تن,0.0,0.0,,0.0,1402-02,1402
کچاد,معدنی و صنعتی چادرملو,iron_ore,1402/02/31,گزارش فعالیت ماهانه دوره ۱ ماهه منتهی به  ۱۴۰۲/۰۲/۳۱,۱۴۰۲/۰۳/۰۷ ۱۲:۳۷:۴۸,1032182,False,https://excel.codal.ir/service/Excel/GetAll/gHpJHHEPJPsTyRJrw6NyQA%3d%3d/0,domestic,کنسانتره آهن (خشک ),تن,951294.0,518125.0,31509779.0,16326004.0,1402-02,1402
کچاد,معدنی و صنعتی چادرملو,iron_ore,1402/02/31,گزارش فعالیت ماهانه دوره ۱ ماهه منتهی به  ۱۴۰۲/۰۲/۳۱,۱۴۰۲/۰۳/۰۷ ۱۲:۳۷:۴۸,1032182,False,https://excel.codal.ir/service/Excel/GetAll/gHpJHHEPJPsTyRJrw6NyQA%3d%3d/0,domestic,کنسانتره مصرف شده در تولید گندله,تن,,371885.0,0.0,0.0,1402-02,1402
کچاد,معدنی و صنعتی چادرملو,iron_ore,1402/02/31,گزارش فعالیت ماهانه دوره ۱ ماهه منتهی به  ۱۴۰۲/۰۲/۳۱,۱۴۰۲/۰۳/۰۷ ۱۲:۳۷:۴۸,1032182,False,https://excel.codal.ir/service/Excel/GetAll/gHpJHHEPJPsTyRJrw6NyQA%3d%3d/0,domestic,گندله,تن,382378.0,214265.0,42044258.0,9008613.0,1402-02,1402
کچاد,معدنی و صنعتی چادرملو,iron_ore,1402/03/31,گزارش فعالیت ماهانه دوره ۱ ماهه منتهی به  ۱۴۰۲/۰۳/۳۱(اصلاحیه),۱۴۰۲/۰۴/۲۹ ۱۹:۱۱:۵۸,1060413,True,https://excel.codal.ir/service/Excel/GetAll/DjOOObOOO3EgJzhFluBfqEQQQaQQQXzCiA%3d%3d/0,domestic,آهن اسفنجی,تن,150435.0,,,0.0,1402-03,1402
کچاد,معدنی و صنعتی چادرملو,iron_ore,1402/03/31,گزارش فعالیت ماهانه دوره ۱ ماهه منتهی به  ۱۴۰۲/۰۳/۳۱(اصلاحیه),۱۴۰۲/۰۴/۲۹ ۱۹:۱۱:۵۸,1060413,True,https://excel.codal.ir/service/Excel/GetAll/DjOOObOOO3EgJzhFluBfqEQQQaQQQXzCiA%3d%3d/0,domestic,آپاتیت,تن,5895.0,6009.0,34678149.0,208381.0,1402-03,1402
کچاد,معدنی و صنعتی چادرملو,iron_ore,1402/03/31,گزارش فعالیت ماهانه دوره ۱ ماهه منتهی به  ۱۴۰۲/۰۳/۳۱(اصلاحیه),۱۴۰۲/۰۴/۲۹ ۱۹:۱۱:۵۸,1060413,True,https://excel.codal.ir/service/Excel/GetAll/DjOOObOOO3EgJzhFluBfqEQQQaQQQXzCiA%3d%3d/0,domestic,ارسالی گندله به احیاء,تن,,204170.0,0.0,0.0,1402-03,1402
کچاد,معدنی و صنعتی چادرملو,iron_ore,1402/03/31,گزارش فعالیت ماهانه دوره ۱ ماهه منتهی به  ۱۴۰۲/۰۳/۳۱(اصلاحیه),۱۴۰۲/۰۴/۲۹ ۱۹:۱۱:۵۸,1060413,True,https://excel.codal.ir/service/Excel/GetAll/DjOOObOOO3EgJzhFluBfqEQQQaQQQXzCiA%3d%3d/0,domestic,سود سرمایه گذاریها,تن,,,,141339.0,1402-03,1402
کچاد,معدنی و صنعتی چادرملو,iron_ore,1402/03/31,گزارش فعالیت ماهانه دوره ۱ ماهه منتهی به  ۱۴۰۲/۰۳/۳۱(اصلاحیه),۱۴۰۲/۰۴/۲۹ ۱۹:۱۱:۵۸,1060413,True,https://excel.codal.ir/service/Excel/GetAll/DjOOObOOO3EgJzhFluBfqEQQQaQQQXzCiA%3d%3d/0,domestic,عرضه برق تولیدی (نیروگاه),مگاوات ساعت,290587.0,158089.0,1467401.0,231980.0,1402-03,1402
کچاد,معدنی و صنعتی چادرملو,iron_ore,1402/03/31,گزارش فعالیت ماهانه دوره ۱ ماهه منتهی به  ۱۴۰۲/۰۳/۳۱(اصلاحیه),۱۴۰۲/۰۴/۲۹ ۱۹:۱۱:۵۸,1060413,True,https://excel.codal.ir/service/Excel/GetAll/DjOOObOOO3EgJzhFluBfqEQQQaQQQXzCiA%3d%3d/0,domestic,فولاد,تن,110046.0,92830.0,205954088.0,19118718.0,1402-03,1402
کچاد,معدنی و صنعتی چادرملو,iron_ore,1402/03/31,گزارش فعالیت ماهانه دوره ۱ ماهه منتهی به  ۱۴۰۲/۰۳/۳۱(اصلاحیه),۱۴۰۲/۰۴/۲۹ ۱۹:۱۱:۵۸,1060413,True,https://excel.codal.ir/service/Excel/GetAll/DjOOObOOO3EgJzhFluBfqEQQQaQQQXzCiA%3d%3d/0,export,فولاد,تن,,,0.0,0.0,1402-03,1402
کچاد,معدنی و صنعتی چادرملو,iron_ore,1402/03/31,گزارش فعالیت ماهانه دوره ۱ ماهه منتهی به  ۱۴۰۲/۰۳/۳۱(اصلاحیه),۱۴۰۲/۰۴/۲۹ ۱۹:۱۱:۵۸,1060413,True,https://excel.codal.ir/service/Excel/GetAll/DjOOObOOO3EgJzhFluBfqEQQQaQQQXzCiA%3d%3d/0,domestic,نرمه گندله (Pellet Fine),تن,,,,0.0,1402-03,1402
کچاد,معدنی و صنعتی چادرملو,iron_ore,1402/03/31,گزارش فعالیت ماهانه دوره ۱ ماهه منتهی به  ۱۴۰۲/۰۳/۳۱(اصلاحیه),۱۴۰۲/۰۴/۲۹ ۱۹:۱۱:۵۸,1060413,True,https://excel.codal.ir/service/Excel/GetAll/DjOOObOOO3EgJzhFluBfqEQQQaQQQXzCiA%3d%3d/0,domestic,کنسانتره آهن (خشک ),تن,838747.0,481091.0,33563253.0,16146979.0,1402-03,1402
کچاد,معدنی و صنعتی چادرملو,iron_ore,1402/03/31,گزارش فعالیت ماهانه دوره ۱ ماهه منتهی به  ۱۴۰۲/۰۳/۳۱(اصلاحیه),۱۴۰۲/۰۴/۲۹ ۱۹:۱۱:۵۸,1060413,True,https://excel.codal.ir/service/Excel/GetAll/DjOOObOOO3EgJzhFluBfqEQQQaQQQXzCiA%3d%3d/0,domestic,کنسانتره مصرف شده در تولید گندله,تن,,417806.0,0.0,0.0,1402-03,1402
کچاد,معدنی و صنعتی چادرملو,iron_ore,1402/03/31,گزارش فعالیت ماهانه دوره ۱ ماهه منتهی به  ۱۴۰۲/۰۳/۳۱(اصلاحیه),۱۴۰۲/۰۴/۲۹ ۱۹:۱۱:۵۸,1060413,True,https://excel.codal.ir/service/Excel/GetAll/DjOOObOOO3EgJzhFluBfqEQQQaQQQXzCiA%3d%3d/0,domestic,گندله,تن,373235.0,302556.0,44900458.0,13584903.0,1402-03,1402
کچاد,معدنی و صنعتی چادرملو,iron_ore,1402/04/31,گزارش فعالیت ماهانه دوره ۱ ماهه منتهی به  ۱۴۰۲/۰۴/۳۱,۱۴۰۲/۰۵/۰۴ ۱۱:۱۹:۱۶,1064194,False,https://excel.codal.ir/service/Excel/GetAll/3Gu4a09gG8lDtCve7VdIug%3d%3d/0,domestic,آهن اسفنجی,تن,147551.0,0.0,,0.0,1402-04,1402
کچاد,معدنی و صنعتی چادرملو,iron_ore,1402/04/31,گزارش فعالیت ماهانه دوره ۱ ماهه منتهی به  ۱۴۰۲/۰۴/۳۱,۱۴۰۲/۰۵/۰۴ ۱۱:۱۹:۱۶,1064194,False,https://excel.codal.ir/service/Excel/GetAll/3Gu4a09gG8lDtCve7VdIug%3d%3d/0,domestic,آپاتیت,تن,1298.0,2970.0,32785859.0,97374.0,1402-04,1402
کچاد,معدنی و صنعتی چادرملو,iron_ore,1402/04/31,گزارش فعالیت ماهانه دوره ۱ ماهه منتهی به  ۱۴۰۲/۰۴/۳۱,۱۴۰۲/۰۵/۰۴ ۱۱:۱۹:۱۶,1064194,False,https://excel.codal.ir/service/Excel/GetAll/3Gu4a09gG8lDtCve7VdIug%3d%3d/0,domestic,ارسالی گندله به احیاء,تن,0.0,202064.0,0.0,0.0,1402-04,1402
کچاد,معدنی و صنعتی چادرملو,iron_ore,1402/04/31,گزارش فعالیت ماهانه دوره ۱ ماهه منتهی به  ۱۴۰۲/۰۴/۳۱,۱۴۰۲/۰۵/۰۴ ۱۱:۱۹:۱۶,1064194,False,https://excel.codal.ir/service/Excel/GetAll/3Gu4a09gG8lDtCve7VdIug%3d%3d/0,domestic,سود سرمایه گذاریها,تن,0.0,0.0,,0.0,1402-04,1402
کچاد,معدنی و صنعتی چادرملو,iron_ore,1402/04/31,گزارش فعالیت ماهانه دوره ۱ ماهه منتهی به  ۱۴۰۲/۰۴/۳۱,۱۴۰۲/۰۵/۰۴ ۱۱:۱۹:۱۶,1064194,False,https://excel.codal.ir/service/Excel/GetAll/3Gu4a09gG8lDtCve7VdIug%3d%3d/0,domestic,عرضه برق تولیدی (نیروگاه),مگاوات ساعت,295143.0,590129.0,1338548.0,789916.0,1402-04,1402
کچاد,معدنی و صنعتی چادرملو,iron_ore,1402/04/31,گزارش فعالیت ماهانه دوره ۱ ماهه منتهی به  ۱۴۰۲/۰۴/۳۱,۱۴۰۲/۰۵/۰۴ ۱۱:۱۹:۱۶,1064194,False,https://excel.codal.ir/service/Excel/GetAll/3Gu4a09gG8lDtCve7VdIug%3d%3d/0,domestic,فولاد,تن,87760.0,60274.0,205962720.0,12414197.0,1402-04,1402
کچاد,معدنی و صنعتی چادرملو,iron_ore,1402/04/31,گزارش فعالیت ماهانه دوره ۱ ماهه منتهی به  ۱۴۰۲/۰۴/۳۱,۱۴۰۲/۰۵/۰۴ ۱۱:۱۹:۱۶,1064194,False,https://excel.codal.ir/service/Excel/GetAll/3Gu4a09gG8lDtCve7VdIug%3d%3d/0,export,فولاد,تن,,30000.0,181737900.0,5452137.0,1402-04,1402
کچاد,معدنی و صنعتی چادرملو,iron_ore,1402/04/31,گزارش فعالیت ماهانه دوره ۱ ماهه منتهی به  ۱۴۰۲/۰۴/۳۱,۱۴۰۲/۰۵/۰۴ ۱۱:۱۹:۱۶,1064194,False,https://excel.codal.ir/service/Excel/GetAll/3Gu4a09gG8lDtCve7VdIug%3d%3d/0,domestic,نرمه گندله (Pellet Fine),تن,0.0,5672.0,5999647.0,34030.0,1402-04,1402
کچاد,معدنی و صنعتی چادرملو,iron_ore,1402/04/31,گزارش فعالیت ماهانه دوره ۱ ماهه منتهی به  ۱۴۰۲/۰۴/۳۱,۱۴۰۲/۰۵/۰۴ ۱۱:۱۹:۱۶,1064194,False,https://excel.codal.ir/service/Excel/GetAll/3Gu4a09gG8lDtCve7VdIug%3d%3d/0,domestic,کنسانتره آهن (خشک ),تن,648826.0,479767.0,34731684.0,16663116.0,1402-04,1402
کچاد,معدنی و صنعتی چادرملو,iron_ore,1402/04/31,گزارش فعالیت ماهانه دوره ۱ ماهه منتهی به  ۱۴۰۲/۰۴/۳۱,۱۴۰۲/۰۵/۰۴ ۱۱:۱۹:۱۶,1064194,False,https://excel.codal.ir/service/Excel/GetAll/3Gu4a09gG8lDtCve7VdIug%3d%3d/0,domestic,کنسانتره مصرف شده در تولید گندله,تن,0.0,397690.0,0.0,0.0,1402-04,1402
کچاد,معدنی و صنعتی چادرملو,iron_ore,1402/04/31,گزارش فعالیت ماهانه دوره ۱ ماهه منتهی به  ۱۴۰۲/۰۴/۳۱,۱۴۰۲/۰۵/۰۴ ۱۱:۱۹:۱۶,1064194,False,https://excel.codal.ir/service/Excel/GetAll/3Gu4a09gG8lDtCve7VdIug%3d%3d/0,domestic,گندله,تن,370219.0,211961.0,46964229.0,9954585.0,1402-04,1402
کچاد,معدنی و صنعتی چادرملو,iron_ore,1402/05/31,گزارش فعالیت ماهانه دوره ۱ ماهه منتهی به  ۱۴۰۲/۰۵/۳۱,۱۴۰۲/۰۶/۰۵ ۱۳:۳۶:۳۵,1075534,False,https://excel.codal.ir/service/Excel/GetAll/rgdCQQQaQQQHiQP3uo93Zw2OTVGw%3d%3d/0,domestic,آهن اسفنجی,تن,150272.0,,,0.0,1402-05,1402
کچاد,معدنی و صنعتی چادرملو,iron_ore,1402/05/31,گزارش فعالیت ماهانه دوره ۱ ماهه منتهی به  ۱۴۰۲/۰۵/۳۱,۱۴۰۲/۰۶/۰۵ ۱۳:۳۶:۳۵,1075534,False,https://excel.codal.ir/service/Excel/GetAll/rgdCQQQaQQQHiQP3uo93Zw2OTVGw%3d%3d/0,domestic,آپاتیت,تن,0.0,,,0.0,1402-05,1402
کچاد,معدنی و صنعتی چادرملو,iron_ore,1402/05/31,گزارش فعالیت ماهانه دوره ۱ ماهه منتهی به  ۱۴۰۲/۰۵/۳۱,۱۴۰۲/۰۶/۰۵ ۱۳:۳۶:۳۵,1075534,False,https://excel.codal.ir/service/Excel/GetAll/rgdCQQQaQQQHiQP3uo93Zw2OTVGw%3d%3d/0,domestic,ارسالی گندله به احیاء,تن,0.0,205104.0,0.0,0.0,1402-05,1402
کچاد,معدنی و صنعتی چادرملو,iron_ore,1402/05/31,گزارش فعالیت ماهانه دوره ۱ ماهه منتهی به  ۱۴۰۲/۰۵/۳۱,۱۴۰۲/۰۶/۰۵ ۱۳:۳۶:۳۵,1075534,False,https://excel.codal.ir/service/Excel/GetAll/rgdCQQQaQQQHiQP3uo93Zw2OTVGw%3d%3d/0,domestic,سود سرمایه گذاریها,تن,0.0,,,0.0,1402-05,1402
کچاد,معدنی و صنعتی چادرملو,iron_ore,1402/05/31,گزارش فعالیت ماهانه دوره ۱ ماهه منتهی به  ۱۴۰۲/۰۵/۳۱,۱۴۰۲/۰۶/۰۵ ۱۳:۳۶:۳۵,1075534,False,https://excel.codal.ir/service/Excel/GetAll/rgdCQQQaQQQHiQP3uo93Zw2OTVGw%3d%3d/0,domestic,عرضه برق تولیدی (نیروگاه),مگاوات ساعت,0.0,176628.0,1508764.0,266490.0,1402-05,1402
کچاد,معدنی و صنعتی چادرملو,iron_ore,1402/05/31,گزارش فعالیت ماهانه دوره ۱ ماهه منتهی به  ۱۴۰۲/۰۵/۳۱,۱۴۰۲/۰۶/۰۵ ۱۳:۳۶:۳۵,1075534,False,https://excel.codal.ir/service/Excel/GetAll/rgdCQQQaQQQHiQP3uo93Zw2OTVGw%3d%3d/0,domestic,فولاد,تن,41203.0,39375.0,197887873.0,7791835.0,1402-05,1402
کچاد,معدنی و صنعتی چادرملو,iron_ore,1402/05/31,گزارش فعالیت ماهانه دوره ۱ ماهه منتهی به  ۱۴۰۲/۰۵/۳۱,۱۴۰۲/۰۶/۰۵ ۱۳:۳۶:۳۵,1075534,False,https://excel.codal.ir/service/Excel/GetAll/rgdCQQQaQQQHiQP3uo93Zw2OTVGw%3d%3d/0,export,فولاد,تن,0.0,0.0,0.0,0.0,1402-05,1402
کچاد,معدنی و صنعتی چادرملو,iron_ore,1402/05/31,گزارش فعالیت ماهانه دوره ۱ ماهه منتهی به  ۱۴۰۲/۰۵/۳۱,۱۴۰۲/۰۶/۰۵ ۱۳:۳۶:۳۵,1075534,False,https://excel.codal.ir/service/Excel/GetAll/rgdCQQQaQQQHiQP3uo93Zw2OTVGw%3d%3d/0,domestic,نرمه گندله (Pellet Fine),تن,0.0,,,0.0,1402-05,1402
کچاد,معدنی و صنعتی چادرملو,iron_ore,1402/05/31,گزارش فعالیت ماهانه دوره ۱ ماهه منتهی به  ۱۴۰۲/۰۵/۳۱,۱۴۰۲/۰۶/۰۵ ۱۳:۳۶:۳۵,1075534,False,https://excel.codal.ir/service/Excel/GetAll/rgdCQQQaQQQHiQP3uo93Zw2OTVGw%3d%3d/0,domestic,کنسانتره آهن (خشک ),تن,645563.0,617952.0,35388996.0,21868701.0,1402-05,1402
کچاد,معدنی و صنعتی چادرملو,iron_ore,1402/05/31,گزارش فعالیت ماهانه دوره ۱ ماهه منتهی به  ۱۴۰۲/۰۵/۳۱,۱۴۰۲/۰۶/۰۵ ۱۳:۳۶:۳۵,1075534,False,https://excel.codal.ir/service/Excel/GetAll/rgdCQQQaQQQHiQP3uo93Zw2OTVGw%3d%3d/0,domestic,کنسانتره مصرف شده در تولید گندله,تن,0.0,167450.0,0.0,0.0,1402-05,1402
کچاد,معدنی و صنعتی چادرملو,iron_ore,1402/05/31,گزارش فعالیت ماهانه دوره ۱ ماهه منتهی به  ۱۴۰۲/۰۵/۳۱,۱۴۰۲/۰۶/۰۵ ۱۳:۳۶:۳۵,1075534,False,https://excel.codal.ir/service/Excel/GetAll/rgdCQQQaQQQHiQP3uo93Zw2OTVGw%3d%3d/0,domestic,گندله,تن,121975.0,47491.0,47970563.0,2278170.0,1402-05,1402
کچاد,معدنی و صنعتی چادرملو,iron_ore,1402/06/31,گزارش فعالیت ماهانه دوره ۱ ماهه منتهی به  ۱۴۰۲/۰۶/۳۱(اصلاحیه),۱۴۰۲/۰۹/۱۵ ۱۹:۳۸:۱۷,1118404,True,https://excel.codal.ir/service/Excel/GetAll/GHOOObOOOIYWWS2fQQQaQQQiwOOObOOOpLTn51nA%3d%3d/0,domestic,آهن اسفنجی,تن,159255.0,,,0.0,1402-06,1402
کچاد,معدنی و صنعتی چادرملو,iron_ore,1402/06/31,گزارش فعالیت ماهانه دوره ۱ ماهه منتهی به  ۱۴۰۲/۰۶/۳۱(اصلاحیه),۱۴۰۲/۰۹/۱۵ ۱۹:۳۸:۱۷,1118404,True,https://excel.codal.ir/service/Excel/GetAll/GHOOObOOOIYWWS2fQQQaQQQiwOOObOOOpLTn51nA%3d%3d/0,domestic,آپاتیت,تن,,,,0.0,1402-06,1402
کچاد,معدنی و صنعتی چادرملو,iron_ore,1402/06/31,گزارش فعالیت ماهانه دوره ۱ ماهه منتهی به  ۱۴۰۲/۰۶/۳۱(اصلاحیه),۱۴۰۲/۰۹/۱۵ ۱۹:۳۸:۱۷,1118404,True,https://excel.codal.ir/service/Excel/GetAll/GHOOObOOOIYWWS2fQQQaQQQiwOOObOOOpLTn51nA%3d%3d/0,domestic,ارسالی گندله به احیاء,تن,,200748.0,0.0,0.0,1402-06,1402
کچاد,معدنی و صنعتی چادرملو,iron_ore,1402/06/31,گزارش فعالیت ماهانه دوره ۱ ماهه منتهی به  ۱۴۰۲/۰۶/۳۱(اصلاحیه),۱۴۰۲/۰۹/۱۵ ۱۹:۳۸:۱۷,1118404,True,https://excel.codal.ir/service/Excel/GetAll/GHOOObOOOIYWWS2fQQQaQQQiwOOObOOOpLTn51nA%3d%3d/0,domestic,سود سرمایه گذاریها,تن,,,,170094.0,1402-06,1402
کچاد,معدنی و صنعتی چادرملو,iron_ore,1402/06/31,گزارش فعالیت ماهانه دوره ۱ ماهه منتهی به  ۱۴۰۲/۰۶/۳۱(اصلاحیه),۱۴۰۲/۰۹/۱۵ ۱۹:۳۸:۱۷,1118404,True,https://excel.codal.ir/service/Excel/GetAll/GHOOObOOOIYWWS2fQQQaQQQiwOOObOOOpLTn51nA%3d%3d/0,domestic,عرضه برق تولیدی (نیروگاه),مگاوات ساعت,292604.0,160809.0,1398647.0,224915.0,1402-06,1402
کچاد,معدنی و صنعتی چادرملو,iron_ore,1402/06/31,گزارش فعالیت ماهانه دوره ۱ ماهه منتهی به  ۱۴۰۲/۰۶/۳۱(اصلاحیه),۱۴۰۲/۰۹/۱۵ ۱۹:۳۸:۱۷,1118404,True,https://excel.codal.ir/service/Excel/GetAll/GHOOObOOOIYWWS2fQQQaQQQiwOOObOOOpLTn51nA%3d%3d/0,domestic,فولاد,تن,96368.0,110907.0,202476462.0,22456057.0,1402-06,1402
کچاد,معدنی و صنعتی چادرملو,iron_ore,1402/06/31,گزارش فعالیت ماهانه دوره ۱ ماهه منتهی به  ۱۴۰۲/۰۶/۳۱(اصلاحیه),۱۴۰۲/۰۹/۱۵ ۱۹:۳۸:۱۷,1118404,True,https://excel.codal.ir/service/Excel/GetAll/GHOOObOOOIYWWS2fQQQaQQQiwOOObOOOpLTn51nA%3d%3d/0,export,فولاد,تن,,,0.0,0.0,1402-06,1402
کچاد,معدنی و صنعتی چادرملو,iron_ore,1402/06/31,گزارش فعالیت ماهانه دوره ۱ ماهه منتهی به  ۱۴۰۲/۰۶/۳۱(اصلاحیه),۱۴۰۲/۰۹/۱۵ ۱۹:۳۸:۱۷,1118404,True,https://excel.codal.ir/service/Excel/GetAll/GHOOObOOOIYWWS2fQQQaQQQiwOOObOOOpLTn51nA%3d%3d/0,domestic,نرمه گندله (Pellet Fine),تن,,,,0.0,1402-06,1402
کچاد,معدنی و صنعتی چادرملو,iron_ore,1402/06/31,گزارش فعالیت ماهانه دوره ۱ ماهه منتهی به  ۱۴۰۲/۰۶/۳۱(اصلاحیه),۱۴۰۲/۰۹/۱۵ ۱۹:۳۸:۱۷,1118404,True,https://excel.codal.ir/service/Excel/GetAll/GHOOObOOOIYWWS2fQQQaQQQiwOOObOOOpLTn51nA%3d%3d/0,domestic,کنسانتره آهن (خشک ),تن,833655.0,590900.0,40365691.0,23852087.0,1402-06,1402
کچاد,معدنی و صنعتی چادرملو,iron_ore,1402/06/31,گزارش فعالیت ماهانه دوره ۱ ماهه منتهی به  ۱۴۰۲/۰۶/۳۱(اصلاحیه),۱۴۰۲/۰۹/۱۵ ۱۹:۳۸:۱۷,1118404,True,https://excel.codal.ir/service/Excel/GetAll/GHOOObOOOIYWWS2fQQQaQQQiwOOObOOOpLTn51nA%3d%3d/0,domestic,کنسانتره مصرف شده در تولید گندله,تن,,368997.0,0.0,0.0,1402-06,1402
کچاد,معدنی و صنعتی چادرملو,iron_ore,1402/06/31,گزارش فعالیت ماهانه دوره ۱ ماهه منتهی به  ۱۴۰۲/۰۶/۳۱(اصلاحیه),۱۴۰۲/۰۹/۱۵ ۱۹:۳۸:۱۷,1118404,True,https://excel.codal.ir/service/Excel/GetAll/GHOOObOOOIYWWS2fQQQaQQQiwOOObOOOpLTn51nA%3d%3d/0,domestic,گندله,تن,342576.0,77637.0,47466852.0,3685184.0,1402-06,1402
کچاد,معدنی و صنعتی چادرملو,iron_ore,1402/09/30,گزارش فعالیت ماهانه دوره ۱ ماهه منتهی به  ۱۴۰۲/۰۹/۳۰(اصلاحیه),۱۴۰۲/۱۰/۳۰ ۰۸:۴۴:۲۳,1141867,True,https://excel.codal.ir/service/Excel/GetAll/T8wQjlKAckdi7VfQQQaQQQCa0HYg%3d%3d/0,domestic,آهن اسفنجی,تن,126278.0,8129.0,112741666.0,916477.0,1402-09,1402
کچاد,معدنی و صنعتی چادرملو,iron_ore,1402/09/30,گزارش فعالیت ماهانه دوره ۱ ماهه منتهی به  ۱۴۰۲/۰۹/۳۰(اصلاحیه),۱۴۰۲/۱۰/۳۰ ۰۸:۴۴:۲۳,1141867,True,https://excel.codal.ir/service/Excel/GetAll/T8wQjlKAckdi7VfQQQaQQQCa0HYg%3d%3d/0,domestic,آپاتیت,تن,1462.0,,,0.0,1402-09,1402
کچاد,معدنی و صنعتی چادرملو,iron_ore,1402/09/30,گزارش فعالیت ماهانه دوره ۱ ماهه منتهی به  ۱۴۰۲/۰۹/۳۰(اصلاحیه),۱۴۰۲/۱۰/۳۰ ۰۸:۴۴:۲۳,1141867,True,https://excel.codal.ir/service/Excel/GetAll/T8wQjlKAckdi7VfQQQaQQQCa0HYg%3d%3d/0,domestic,ارسالی گندله به احیاء,تن,,170318.0,0.0,0.0,1402-09,1402
کچاد,معدنی و صنعتی چادرملو,iron_ore,1402/09/30,گزارش فعالیت ماهانه دوره ۱ ماهه منتهی به  ۱۴۰۲/۰۹/۳۰(اصلاحیه),۱۴۰۲/۱۰/۳۰ ۰۸:۴۴:۲۳,1141867,True,https://excel.codal.ir/service/Excel/GetAll/T8wQjlKAckdi7VfQQQaQQQCa0HYg%3d%3d/0,domestic,سود سرمایه گذاریها,تن,,,,3344.0,1402-09,1402
کچاد,معدنی و صنعتی چادرملو,iron_ore,1402/09/30,گزارش فعالیت ماهانه دوره ۱ ماهه منتهی به  ۱۴۰۲/۰۹/۳۰(اصلاحیه),۱۴۰۲/۱۰/۳۰ ۰۸:۴۴:۲۳,1141867,True,https://excel.codal.ir/service/Excel/GetAll/T8wQjlKAckdi7VfQQQaQQQCa0HYg%3d%3d/0,domestic,عرضه برق تولیدی (نیروگاه),مگاوات ساعت,287582.0,159597.0,1063284.0,169697.0,1402-09,1402
کچاد,معدنی و صنعتی چادرملو,iron_ore,1402/09/30,گزارش فعالیت ماهانه دوره ۱ ماهه منتهی به  ۱۴۰۲/۰۹/۳۰(اصلاحیه),۱۴۰۲/۱۰/۳۰ ۰۸:۴۴:۲۳,1141867,True,https://excel.codal.ir/service/Excel/GetAll/T8wQjlKAckdi7VfQQQaQQQCa0HYg%3d%3d/0,domestic,فولاد,تن,111080.0,91469.0,189003345.0,17287947.0,1402-09,1402
کچاد,معدنی و صنعتی چادرملو,iron_ore,1402/09/30,گزارش فعالیت ماهانه دوره ۱ ماهه منتهی به  ۱۴۰۲/۰۹/۳۰(اصلاحیه),۱۴۰۲/۱۰/۳۰ ۰۸:۴۴:۲۳,1141867,True,https://excel.codal.ir/service/Excel/GetAll/T8wQjlKAckdi7VfQQQaQQQCa0HYg%3d%3d/0,export,فولاد,تن,,29999.7,178418418.0,5352499.0,1402-09,1402
کچاد,معدنی و صنعتی چادرملو,iron_ore,1402/09/30,گزارش فعالیت ماهانه دوره ۱ ماهه منتهی به  ۱۴۰۲/۰۹/۳۰(اصلاحیه),۱۴۰۲/۱۰/۳۰ ۰۸:۴۴:۲۳,1141867,True,https://excel.codal.ir/service/Excel/GetAll/T8wQjlKAckdi7VfQQQaQQQCa0HYg%3d%3d/0,domestic,نرمه گندله (Pellet Fine),تن,,,,0.0,1402-09,1402
کچاد,معدنی و صنعتی چادرملو,iron_ore,1402/09/30,گزارش فعالیت ماهانه دوره ۱ ماهه منتهی به  ۱۴۰۲/۰۹/۳۰(اصلاحیه),۱۴۰۲/۱۰/۳۰ ۰۸:۴۴:۲۳,1141867,True,https://excel.codal.ir/service/Excel/GetAll/T8wQjlKAckdi7VfQQQaQQQCa0HYg%3d%3d/0,domestic,کنسانتره آهن (خشک ),تن,915625.0,385635.0,39182821.0,15110267.0,1402-09,1402
کچاد,معدنی و صنعتی چادرملو,iron_ore,1402/09/30,گزارش فعالیت ماهانه دوره ۱ ماهه منتهی به  ۱۴۰۲/۰۹/۳۰(اصلاحیه),۱۴۰۲/۱۰/۳۰ ۰۸:۴۴:۲۳,1141867,True,https://excel.codal.ir/service/Excel/GetAll/T8wQjlKAckdi7VfQQQaQQQCa0HYg%3d%3d/0,domestic,کنسانتره مصرف شده در تولید گندله,تن,,394414.0,0.0,0.0,1402-09,1402
کچاد,معدنی و صنعتی چادرملو,iron_ore,1402/09/30,گزارش فعالیت ماهانه دوره ۱ ماهه منتهی به  ۱۴۰۲/۰۹/۳۰(اصلاحیه),۱۴۰۲/۱۰/۳۰ ۰۸:۴۴:۲۳,1141867,True,https://excel.codal.ir/service/Excel/GetAll/T8wQjlKAckdi7VfQQQaQQQCa0HYg%3d%3d/0,domestic,گندله,تن,361412.0,111888.0,46390149.0,5190501.0,1402-09,1402
کچاد,معدنی و صنعتی چادرملو,iron_ore,1402/10/30,گزارش فعالیت ماهانه دوره ۱ ماهه منتهی به  ۱۴۰۲/۱۰/۳۰,۱۴۰۲/۱۱/۰۷ ۱۴:۰۹:۲۳,1146537,False,https://excel.codal.ir/service/Excel/GetAll/RpVNCzpZ8UHn64OvqfSOOObOOOZg%3d%3d/0,domestic,آهن اسفنجی,تن,94993.0,3098.0,128378309.0,397716.0,1402-10,1402
کچاد,معدنی و صنعتی چادرملو,iron_ore,1402/10/30,گزارش فعالیت ماهانه دوره ۱ ماهه منتهی به  ۱۴۰۲/۱۰/۳۰,۱۴۰۲/۱۱/۰۷ ۱۴:۰۹:۲۳,1146537,False,https://excel.codal.ir/service/Excel/GetAll/RpVNCzpZ8UHn64OvqfSOOObOOOZg%3d%3d/0,domestic,آپاتیت,تن,,647.0,30380216.0,19656.0,1402-10,1402
کچاد,معدنی و صنعتی چادرملو,iron_ore,1402/10/30,گزارش فعالیت ماهانه دوره ۱ ماهه منتهی به  ۱۴۰۲/۱۰/۳۰,۱۴۰۲/۱۱/۰۷ ۱۴:۰۹:۲۳,1146537,False,https://excel.codal.ir/service/Excel/GetAll/RpVNCzpZ8UHn64OvqfSOOObOOOZg%3d%3d/0,domestic,ارسالی گندله به احیاء,تن,,122970.0,0.0,0.0,1402-10,1402
کچاد,معدنی و صنعتی چادرملو,iron_ore,1402/10/30,گزارش فعالیت ماهانه دوره ۱ ماهه منتهی به  ۱۴۰۲/۱۰/۳۰,۱۴۰۲/۱۱/۰۷ ۱۴:۰۹:۲۳,1146537,False,https://excel.codal.ir/service/Excel/GetAll/RpVNCzpZ8UHn64OvqfSOOObOOOZg%3d%3d/0,domestic,سود سرمایه گذاریها,تن,,,,0.0,1402-10,1402
کچاد,معدنی و صنعتی چادرملو,iron_ore,1402/10/30,گزارش فعالیت ماهانه دوره ۱ ماهه منتهی به  ۱۴۰۲/۱۰/۳۰,۱۴۰۲/۱۱/۰۷ ۱۴:۰۹:۲۳,1146537,False,https://excel.codal.ir/service/Excel/GetAll/RpVNCzpZ8UHn64OvqfSOOObOOOZg%3d%3d/0,domestic,عرضه برق تولیدی (نیروگاه),مگاوات ساعت,294140.0,190828.0,874505.0,166880.0,1402-10,1402
کچاد,معدنی و صنعتی چادرملو,iron_ore,1402/10/30,گزارش فعالیت ماهانه دوره ۱ ماهه منتهی به  ۱۴۰۲/۱۰/۳۰,۱۴۰۲/۱۱/۰۷ ۱۴:۰۹:۲۳,1146537,False,https://excel.codal.ir/service/Excel/GetAll/RpVNCzpZ8UHn64OvqfSOOObOOOZg%3d%3d/0,domestic,فولاد,تن,100247.0,100970.0,192544548.0,19441223.0,1402-10,1402
کچاد,معدنی و صنعتی چادرملو,iron_ore,1402/10/30,گزارش فعالیت ماهانه دوره ۱ ماهه منتهی به  ۱۴۰۲/۱۰/۳۰,۱۴۰۲/۱۱/۰۷ ۱۴:۰۹:۲۳,1146537,False,https://excel.codal.ir/service/Excel/GetAll/RpVNCzpZ8UHn64OvqfSOOObOOOZg%3d%3d/0,export,فولاد,تن,,,0.0,0.0,1402-10,1402
کچاد,معدنی و صنعتی چادرملو,iron_ore,1402/10/30,گزارش فعالیت ماهانه دوره ۱ ماهه منتهی به  ۱۴۰۲/۱۰/۳۰,۱۴۰۲/۱۱/۰۷ ۱۴:۰۹:۲۳,1146537,False,https://excel.codal.ir/service/Excel/GetAll/RpVNCzpZ8UHn64OvqfSOOObOOOZg%3d%3d/0,domestic,نرمه گندله (Pellet Fine),تن,,,,0.0,1402-10,1402
کچاد,معدنی و صنعتی چادرملو,iron_ore,1402/10/30,گزارش فعالیت ماهانه دوره ۱ ماهه منتهی به  ۱۴۰۲/۱۰/۳۰,۱۴۰۲/۱۱/۰۷ ۱۴:۰۹:۲۳,1146537,False,https://excel.codal.ir/service/Excel/GetAll/RpVNCzpZ8UHn64OvqfSOOObOOOZg%3d%3d/0,domestic,کنسانتره آهن (خشک ),تن,933346.0,535029.0,38632975.0,20669762.0,1402-10,1402
کچاد,معدنی و صنعتی چادرملو,iron_ore,1402/10/30,گزارش فعالیت ماهانه دوره ۱ ماهه منتهی به  ۱۴۰۲/۱۰/۳۰,۱۴۰۲/۱۱/۰۷ ۱۴:۰۹:۲۳,1146537,False,https://excel.codal.ir/service/Excel/GetAll/RpVNCzpZ8UHn64OvqfSOOObOOOZg%3d%3d/0,domestic,کنسانتره مصرف شده در تولید گندله,تن,,349044.0,0.0,0.0,1402-10,1402
کچاد,معدنی و صنعتی چادرملو,iron_ore,1402/10/30,گزارش فعالیت ماهانه دوره ۱ ماهه منتهی به  ۱۴۰۲/۱۰/۳۰,۱۴۰۲/۱۱/۰۷ ۱۴:۰۹:۲۳,1146537,False,https://excel.codal.ir/service/Excel/GetAll/RpVNCzpZ8UHn64OvqfSOOObOOOZg%3d%3d/0,domestic,گندله,تن,354628.0,112781.0,46409058.0,5234060.0,1402-10,1402
کچاد,معدنی و صنعتی چادرملو,iron_ore,1402/11/30,گزارش فعالیت ماهانه دوره ۱ ماهه منتهی به  ۱۴۰۲/۱۱/۳۰,۱۴۰۲/۱۲/۰۷ ۱۸:۴۸:۵۹,1159267,False,https://excel.codal.ir/service/Excel/GetAll/pXlOOObOOOCDSJQnevFYyDhEXhWQ%3d%3d/0,domestic,آهن اسفنجی,تن,27858.0,1921.92,128694743.0,247341.0,1402-11,1402
کچاد,معدنی و صنعتی چادرملو,iron_ore,1402/11/30,گزارش فعالیت ماهانه دوره ۱ ماهه منتهی به  ۱۴۰۲/۱۱/۳۰,۱۴۰۲/۱۲/۰۷ ۱۸:۴۸:۵۹,1159267,False,https://excel.codal.ir/service/Excel/GetAll/pXlOOObOOOCDSJQnevFYyDhEXhWQ%3d%3d/0,domestic,آپاتیت,تن,,3619.0,30985355.0,112136.0,1402-11,1402
کچاد,معدنی و صنعتی چادرملو,iron_ore,1402/11/30,گزارش فعالیت ماهانه دوره ۱ ماهه منتهی به  ۱۴۰۲/۱۱/۳۰,۱۴۰۲/۱۲/۰۷ ۱۸:۴۸:۵۹,1159267,False,https://excel.codal.ir/service/Excel/GetAll/pXlOOObOOOCDSJQnevFYyDhEXhWQ%3d%3d/0,domestic,ارسالی گندله به احیاء,تن,,35912.0,0.0,0.0,1402-11,1402
کچاد,معدنی و صنعتی چادرملو,iron_ore,1402/11/30,گزارش فعالیت ماهانه دوره ۱ ماهه منتهی به  ۱۴۰۲/۱۱/۳۰,۱۴۰۲/۱۲/۰۷ ۱۸:۴۸:۵۹,1159267,False,https://excel.codal.ir/service/Excel/GetAll/pXlOOObOOOCDSJQnevFYyDhEXhWQ%3d%3d/0,domestic,سود سرمایه گذاریها,تن,,,,32163.0,1402-11,1402
کچاد,معدنی و صنعتی چادرملو,iron_ore,1402/11/30,گزارش فعالیت ماهانه دوره ۱ ماهه منتهی به  ۱۴۰۲/۱۱/۳۰,۱۴۰۲/۱۲/۰۷ ۱۸:۴۸:۵۹,1159267,False,https://excel.codal.ir/service/Excel/GetAll/pXlOOObOOOCDSJQnevFYyDhEXhWQ%3d%3d/0,domestic,عرضه برق تولیدی (نیروگاه),مگاوات ساعت,286638.0,177450.0,958991.0,170173.0,1402-11,1402
کچاد,معدنی و صنعتی چادرملو,iron_ore,1402/11/30,گزارش فعالیت ماهانه دوره ۱ ماهه منتهی به  ۱۴۰۲/۱۱/۳۰,۱۴۰۲/۱۲/۰۷ ۱۸:۴۸:۵۹,1159267,False,https://excel.codal.ir/service/Excel/GetAll/pXlOOObOOOCDSJQnevFYyDhEXhWQ%3d%3d/0,domestic,فولاد,تن,98367.0,67210.74,204962287.0,13775667.0,1402-11,1402
کچاد,معدنی و صنعتی چادرملو,iron_ore,1402/11/30,گزارش فعالیت ماهانه دوره ۱ ماهه منتهی به  ۱۴۰۲/۱۱/۳۰,۱۴۰۲/۱۲/۰۷ ۱۸:۴۸:۵۹,1159267,False,https://excel.codal.ir/service/Excel/GetAll/pXlOOObOOOCDSJQnevFYyDhEXhWQ%3d%3d/0,export,فولاد,تن,,29998.86,186052603.0,5581366.0,1402-11,1402
کچاد,معدنی و صنعتی چادرملو,iron_ore,1402/11/30,گزارش فعالیت ماهانه دوره ۱ ماهه منتهی به  ۱۴۰۲/۱۱/۳۰,۱۴۰۲/۱۲/۰۷ ۱۸:۴۸:۵۹,1159267,False,https://excel.codal.ir/service/Excel/GetAll/pXlOOObOOOCDSJQnevFYyDhEXhWQ%3d%3d/0,domestic,نرمه گندله (Pellet Fine),تن,,66221.95,30187906.0,1999102.0,1402-11,1402
کچاد,معدنی و صنعتی چادرملو,iron_ore,1402/11/30,گزارش فعالیت ماهانه دوره ۱ ماهه منتهی به  ۱۴۰۲/۱۱/۳۰,۱۴۰۲/۱۲/۰۷ ۱۸:۴۸:۵۹,1159267,False,https://excel.codal.ir/service/Excel/GetAll/pXlOOObOOOCDSJQnevFYyDhEXhWQ%3d%3d/0,domestic,کنسانتره آهن (خشک ),تن,904994.0,385302.0,39022022.0,15035263.0,1402-11,1402
کچاد,معدنی و صنعتی چادرملو,iron_ore,1402/11/30,گزارش فعالیت ماهانه دوره ۱ ماهه منتهی به  ۱۴۰۲/۱۱/۳۰,۱۴۰۲/۱۲/۰۷ ۱۸:۴۸:۵۹,1159267,False,https://excel.codal.ir/service/Excel/GetAll/pXlOOObOOOCDSJQnevFYyDhEXhWQ%3d%3d/0,domestic,کنسانتره مصرف شده در تولید گندله,تن,,271181.0,0.0,0.0,1402-11,1402
کچاد,معدنی و صنعتی چادرملو,iron_ore,1402/11/30,گزارش فعالیت ماهانه دوره ۱ ماهه منتهی به  ۱۴۰۲/۱۱/۳۰,۱۴۰۲/۱۲/۰۷ ۱۸:۴۸:۵۹,1159267,False,https://excel.codal.ir/service/Excel/GetAll/pXlOOObOOOCDSJQnevFYyDhEXhWQ%3d%3d/0,domestic,گندله,تن,232025.0,252469.0,47562255.0,12007995.0,1402-11,1402
کچاد,معدنی و صنعتی چادرملو,iron_ore,1402/12/29,گزارش فعالیت ماهانه دوره ۱ ماهه منتهی به  ۱۴۰۲/۱۲/۲۹(اصلاحیه),۱۴۰۳/۰۳/۲۶ ۲۰:۰۴:۳۴,1203804,True,https://excel.codal.ir/service/Excel/GetAll/Amiy48dOlj8J9fs86NhTzw%3d%3d/0,domestic,آهن اسفنجی,تن,131515.0,,,0.0,1402-12,1402
کچاد,معدنی و صنعتی چادرملو,iron_ore,1402/12/29,گزارش فعالیت ماهانه دوره ۱ ماهه منتهی به  ۱۴۰۲/۱۲/۲۹(اصلاحیه),۱۴۰۳/۰۳/۲۶ ۲۰:۰۴:۳۴,1203804,True,https://excel.codal.ir/service/Excel/GetAll/Amiy48dOlj8J9fs86NhTzw%3d%3d/0,domestic,آپاتیت,تن,2918.0,24.0,26250000.0,630.0,1402-12,1402
کچاد,معدنی و صنعتی چادرملو,iron_ore,1402/12/29,گزارش فعالیت ماهانه دوره ۱ ماهه منتهی به  ۱۴۰۲/۱۲/۲۹(اصلاحیه),۱۴۰۳/۰۳/۲۶ ۲۰:۰۴:۳۴,1203804,True,https://excel.codal.ir/service/Excel/GetAll/Amiy48dOlj8J9fs86NhTzw%3d%3d/0,domestic,ارسالی گندله به احیاء,تن,,108570.0,0.0,0.0,1402-12,1402
کچاد,معدنی و صنعتی چادرملو,iron_ore,1402/12/29,گزارش فعالیت ماهانه دوره ۱ ماهه منتهی به  ۱۴۰۲/۱۲/۲۹(اصلاحیه),۱۴۰۳/۰۳/۲۶ ۲۰:۰۴:۳۴,1203804,True,https://excel.codal.ir/service/Excel/GetAll/Amiy48dOlj8J9fs86NhTzw%3d%3d/0,domestic,سود سرمایه گذاریها,تن,,,,35539688.0,1402-12,1402
کچاد,معدنی و صنعتی چادرملو,iron_ore,1402/12/29,گزارش فعالیت ماهانه دوره ۱ ماهه منتهی به  ۱۴۰۲/۱۲/۲۹(اصلاحیه),۱۴۰۳/۰۳/۲۶ ۲۰:۰۴:۳۴,1203804,True,https://excel.codal.ir/service/Excel/GetAll/Amiy48dOlj8J9fs86NhTzw%3d%3d/0,domestic,عرضه برق تولیدی (نیروگاه),مگاوات ساعت,225269.0,107157.0,1265816.0,135641.0,1402-12,1402
کچاد,معدنی و صنعتی چادرملو,iron_ore,1402/12/29,گزارش فعالیت ماهانه دوره ۱ ماهه منتهی به  ۱۴۰۲/۱۲/۲۹(اصلاحیه),۱۴۰۳/۰۳/۲۶ ۲۰:۰۴:۳۴,1203804,True,https://excel.codal.ir/service/Excel/GetAll/Amiy48dOlj8J9fs86NhTzw%3d%3d/0,domestic,فولاد,تن,103928.0,67486.0,215771464.0,14561553.0,1402-12,1402
کچاد,معدنی و صنعتی چادرملو,iron_ore,1402/12/29,گزارش فعالیت ماهانه دوره ۱ ماهه منتهی به  ۱۴۰۲/۱۲/۲۹(اصلاحیه),۱۴۰۳/۰۳/۲۶ ۲۰:۰۴:۳۴,1203804,True,https://excel.codal.ir/service/Excel/GetAll/Amiy48dOlj8J9fs86NhTzw%3d%3d/0,export,فولاد,تن,,59966.0,192469183.0,11541607.0,1402-12,1402
کچاد,معدنی و صنعتی چادرملو,iron_ore,1402/12/29,گزارش فعالیت ماهانه دوره ۱ ماهه منتهی به  ۱۴۰۲/۱۲/۲۹(اصلاحیه),۱۴۰۳/۰۳/۲۶ ۲۰:۰۴:۳۴,1203804,True,https://excel.codal.ir/service/Excel/GetAll/Amiy48dOlj8J9fs86NhTzw%3d%3d/0,domestic,نرمه گندله (Pellet Fine),تن,,14694.0,10947393.0,160861.0,1402-12,1402
کچاد,معدنی و صنعتی چادرملو,iron_ore,1402/12/29,گزارش فعالیت ماهانه دوره ۱ ماهه منتهی به  ۱۴۰۲/۱۲/۲۹(اصلاحیه),۱۴۰۳/۰۳/۲۶ ۲۰:۰۴:۳۴,1203804,True,https://excel.codal.ir/service/Excel/GetAll/Amiy48dOlj8J9fs86NhTzw%3d%3d/0,domestic,کنسانتره آهن (خشک ),تن,759552.0,387103.0,40164406.0,15547762.0,1402-12,1402
کچاد,معدنی و صنعتی چادرملو,iron_ore,1402/12/29,گزارش فعالیت ماهانه دوره ۱ ماهه منتهی به  ۱۴۰۲/۱۲/۲۹(اصلاحیه),۱۴۰۳/۰۳/۲۶ ۲۰:۰۴:۳۴,1203804,True,https://excel.codal.ir/service/Excel/GetAll/Amiy48dOlj8J9fs86NhTzw%3d%3d/0,domestic,کنسانتره مصرف شده در تولید گندله,تن,,293716.0,0.0,0.0,1402-12,1402
کچاد,معدنی و صنعتی چادرملو,iron_ore,1402/12/29,گزارش فعالیت ماهانه دوره ۱ ماهه منتهی به  ۱۴۰۲/۱۲/۲۹(اصلاحیه),۱۴۰۳/۰۳/۲۶ ۲۰:۰۴:۳۴,1203804,True,https://excel.codal.ir/service/Excel/GetAll/Amiy48dOlj8J9fs86NhTzw%3d%3d/0,domestic,گندله,تن,326787.0,259488.0,47702695.0,12378277.0,1402-12,1402
کچاد,معدنی و صنعتی چادرملو,iron_ore,1403/01/31,گزارش فعالیت ماهانه دوره ۱ ماهه منتهی به  ۱۴۰۳/۰۱/۳۱,۱۴۰۳/۰۲/۰۵ ۱۴:۰۲:۱۲,1182373,False,https://excel.codal.ir/service/Excel/GetAll/IHMILXuPDkImRTS05CeJAw%3d%3d/0,domestic,آهن اسفنجی,تن,157950.0,,,0.0,1403-01,1403
کچاد,معدنی و صنعتی چادرملو,iron_ore,1403/01/31,گزارش فعالیت ماهانه دوره ۱ ماهه منتهی به  ۱۴۰۳/۰۱/۳۱,۱۴۰۳/۰۲/۰۵ ۱۴:۰۲:۱۲,1182373,False,https://excel.codal.ir/service/Excel/GetAll/IHMILXuPDkImRTS05CeJAw%3d%3d/0,domestic,آپاتیت,تن,0.0,143.0,39531469.0,5653.0,1403-01,1403
کچاد,معدنی و صنعتی چادرملو,iron_ore,1403/01/31,گزارش فعالیت ماهانه دوره ۱ ماهه منتهی به  ۱۴۰۳/۰۱/۳۱,۱۴۰۳/۰۲/۰۵ ۱۴:۰۲:۱۲,1182373,False,https://excel.codal.ir/service/Excel/GetAll/IHMILXuPDkImRTS05CeJAw%3d%3d/0,domestic,ارسالی گندله به احیاء,تن,,210806.0,0.0,0.0,1403-01,1403
کچاد,معدنی و صنعتی چادرملو,iron_ore,1403/01/31,گزارش فعالیت ماهانه دوره ۱ ماهه منتهی به  ۱۴۰۳/۰۱/۳۱,۱۴۰۳/۰۲/۰۵ ۱۴:۰۲:۱۲,1182373,False,https://excel.codal.ir/service/Excel/GetAll/IHMILXuPDkImRTS05CeJAw%3d%3d/0,domestic,سود سرمایه گذاریها,تن,,,,0.0,1403-01,1403
کچاد,معدنی و صنعتی چادرملو,iron_ore,1403/01/31,گزارش فعالیت ماهانه دوره ۱ ماهه منتهی به  ۱۴۰۳/۰۱/۳۱,۱۴۰۳/۰۲/۰۵ ۱۴:۰۲:۱۲,1182373,False,https://excel.codal.ir/service/Excel/GetAll/IHMILXuPDkImRTS05CeJAw%3d%3d/0,domestic,عرضه برق تولیدی (نیروگاه),مگاوات ساعت,283193.0,150932.0,1319641.0,199176.0,1403-01,1403
کچاد,معدنی و صنعتی چادرملو,iron_ore,1403/01/31,گزارش فعالیت ماهانه دوره ۱ ماهه منتهی به  ۱۴۰۳/۰۱/۳۱,۱۴۰۳/۰۲/۰۵ ۱۴:۰۲:۱۲,1182373,False,https://excel.codal.ir/service/Excel/GetAll/IHMILXuPDkImRTS05CeJAw%3d%3d/0,domestic,فولاد,تن,115113.0,65409.0,215136143.0,14071840.0,1403-01,1403
کچاد,معدنی و صنعتی چادرملو,iron_ore,1403/01/31,گزارش فعالیت ماهانه دوره ۱ ماهه منتهی به  ۱۴۰۳/۰۱/۳۱,۱۴۰۳/۰۲/۰۵ ۱۴:۰۲:۱۲,1182373,False,https://excel.codal.ir/service/Excel/GetAll/IHMILXuPDkImRTS05CeJAw%3d%3d/0,export,فولاد,تن,,,0.0,0.0,1403-01,1403
کچاد,معدنی و صنعتی چادرملو,iron_ore,1403/01/31,گزارش فعالیت ماهانه دوره ۱ ماهه منتهی به  ۱۴۰۳/۰۱/۳۱,۱۴۰۳/۰۲/۰۵ ۱۴:۰۲:۱۲,1182373,False,https://excel.codal.ir/service/Excel/GetAll/IHMILXuPDkImRTS05CeJAw%3d%3d/0,domestic,نرمه گندله (Pellet Fine),تن,,164.0,15164634.0,2487.0,1403-01,1403
کچاد,معدنی و صنعتی چادرملو,iron_ore,1403/01/31,گزارش فعالیت ماهانه دوره ۱ ماهه منتهی به  ۱۴۰۳/۰۱/۳۱,۱۴۰۳/۰۲/۰۵ ۱۴:۰۲:۱۲,1182373,False,https://excel.codal.ir/service/Excel/GetAll/IHMILXuPDkImRTS05CeJAw%3d%3d/0,domestic,کنسانتره آهن (خشک ),تن,833377.0,438889.12,40710045.0,17867196.0,1403-01,1403
کچاد,معدنی و صنعتی چادرملو,iron_ore,1403/01/31,گزارش فعالیت ماهانه دوره ۱ ماهه منتهی به  ۱۴۰۳/۰۱/۳۱,۱۴۰۳/۰۲/۰۵ ۱۴:۰۲:۱۲,1182373,False,https://excel.codal.ir/service/Excel/GetAll/IHMILXuPDkImRTS05CeJAw%3d%3d/0,domestic,کنسانتره مصرف شده در تولید گندله,تن,,333986.0,0.0,0.0,1403-01,1403
کچاد,معدنی و صنعتی چادرملو,iron_ore,1403/01/31,گزارش فعالیت ماهانه دوره ۱ ماهه منتهی به  ۱۴۰۳/۰۱/۳۱,۱۴۰۳/۰۲/۰۵ ۱۴:۰۲:۱۲,1182373,False,https://excel.codal.ir/service/Excel/GetAll/IHMILXuPDkImRTS05CeJAw%3d%3d/0,domestic,گندله,تن,364971.0,179187.0,49301289.0,8834150.0,1403-01,1403
کچاد,معدنی و صنعتی چادرملو,iron_ore,1403/02/31,گزارش فعالیت ماهانه دوره ۱ ماهه منتهی به  ۱۴۰۳/۰۲/۳۱,۱۴۰۳/۰۳/۰۷ ۱۶:۲۶:۳۶,1196141,False,https://excel.codal.ir/service/Excel/GetAll/wvQAyPBnigOOObOOOfqW4gpZoJjA%3d%3d/0,domestic,آهن اسفنجی,تن,158052.0,,,0.0,1403-02,1403
کچاد,معدنی و صنعتی چادرملو,iron_ore,1403/02/31,گزارش فعالیت ماهانه دوره ۱ ماهه منتهی به  ۱۴۰۳/۰۲/۳۱,۱۴۰۳/۰۳/۰۷ ۱۶:۲۶:۳۶,1196141,False,https://excel.codal.ir/service/Excel/GetAll/wvQAyPBnigOOObOOOfqW4gpZoJjA%3d%3d/0,domestic,آپاتیت,تن,,358.0,33611732.0,12033.0,1403-02,1403
کچاد,معدنی و صنعتی چادرملو,iron_ore,1403/02/31,گزارش فعالیت ماهانه دوره ۱ ماهه منتهی به  ۱۴۰۳/۰۲/۳۱,۱۴۰۳/۰۳/۰۷ ۱۶:۲۶:۳۶,1196141,False,https://excel.codal.ir/service/Excel/GetAll/wvQAyPBnigOOObOOOfqW4gpZoJjA%3d%3d/0,domestic,ارسالی گندله به احیاء,تن,,216164.0,0.0,0.0,1403-02,1403
کچاد,معدنی و صنعتی چادرملو,iron_ore,1403/02/31,گزارش فعالیت ماهانه دوره ۱ ماهه منتهی به  ۱۴۰۳/۰۲/۳۱,۱۴۰۳/۰۳/۰۷ ۱۶:۲۶:۳۶,1196141,False,https://excel.codal.ir/service/Excel/GetAll/wvQAyPBnigOOObOOOfqW4gpZoJjA%3d%3d/0,domestic,سود سرمایه گذاریها,تن,,,,0.0,1403-02,1403
کچاد,معدنی و صنعتی چادرملو,iron_ore,1403/02/31,گزارش فعالیت ماهانه دوره ۱ ماهه منتهی به  ۱۴۰۳/۰۲/۳۱,۱۴۰۳/۰۳/۰۷ ۱۶:۲۶:۳۶,1196141,False,https://excel.codal.ir/service/Excel/GetAll/wvQAyPBnigOOObOOOfqW4gpZoJjA%3d%3d/0,domestic,عرضه برق تولیدی (نیروگاه),مگاوات ساعت,292341.0,155795.0,1717783.0,267622.0,1403-02,1403
کچاد,معدنی و صنعتی چادرملو,iron_ore,1403/02/31,گزارش فعالیت ماهانه دوره ۱ ماهه منتهی به  ۱۴۰۳/۰۲/۳۱,۱۴۰۳/۰۳/۰۷ ۱۶:۲۶:۳۶,1196141,False,https://excel.codal.ir/service/Excel/GetAll/wvQAyPBnigOOObOOOfqW4gpZoJjA%3d%3d/0,domestic,فولاد,تن,110404.0,87599.0,215126257.0,18844845.0,1403-02,1403
کچاد,معدنی و صنعتی چادرملو,iron_ore,1403/02/31,گزارش فعالیت ماهانه دوره ۱ ماهه منتهی به  ۱۴۰۳/۰۲/۳۱,۱۴۰۳/۰۳/۰۷ ۱۶:۲۶:۳۶,1196141,False,https://excel.codal.ir/service/Excel/GetAll/wvQAyPBnigOOObOOOfqW4gpZoJjA%3d%3d/0,export,فولاد,تن,,29460.0,193568160.0,5702518.0,1403-02,1403
کچاد,معدنی و صنعتی چادرملو,iron_ore,1403/02/31,گزارش فعالیت ماهانه دوره ۱ ماهه منتهی به  ۱۴۰۳/۰۲/۳۱,۱۴۰۳/۰۳/۰۷ ۱۶:۲۶:۳۶,1196141,False,https://excel.codal.ir/service/Excel/GetAll/wvQAyPBnigOOObOOOfqW4gpZoJjA%3d%3d/0,domestic,نرمه گندله (Pellet Fine),تن,,585.0,15083761.0,8824.0,1403-02,1403
کچاد,معدنی و صنعتی چادرملو,iron_ore,1403/02/31,گزارش فعالیت ماهانه دوره ۱ ماهه منتهی به  ۱۴۰۳/۰۲/۳۱,۱۴۰۳/۰۳/۰۷ ۱۶:۲۶:۳۶,1196141,False,https://excel.codal.ir/service/Excel/GetAll/wvQAyPBnigOOObOOOfqW4gpZoJjA%3d%3d/0,domestic,کنسانتره آهن (خشک ),تن,792596.0,357511.0,41440770.0,14815531.0,1403-02,1403
کچاد,معدنی و صنعتی چادرملو,iron_ore,1403/02/31,گزارش فعالیت ماهانه دوره ۱ ماهه منتهی به  ۱۴۰۳/۰۲/۳۱,۱۴۰۳/۰۳/۰۷ ۱۶:۲۶:۳۶,1196141,False,https://excel.codal.ir/service/Excel/GetAll/wvQAyPBnigOOObOOOfqW4gpZoJjA%3d%3d/0,domestic,کنسانتره مصرف شده در تولید گندله,تن,,363124.0,0.0,0.0,1403-02,1403
کچاد,معدنی و صنعتی چادرملو,iron_ore,1403/02/31,گزارش فعالیت ماهانه دوره ۱ ماهه منتهی به  ۱۴۰۳/۰۲/۳۱,۱۴۰۳/۰۳/۰۷ ۱۶:۲۶:۳۶,1196141,False,https://excel.codal.ir/service/Excel/GetAll/wvQAyPBnigOOObOOOfqW4gpZoJjA%3d%3d/0,domestic,گندله,تن,285427.0,187282.0,51187135.0,9586429.0,1403-02,1403
کچاد,معدنی و صنعتی چادرملو,iron_ore,1403/03/31,گزارش فعالیت ماهانه دوره ۱ ماهه منتهی به  ۱۴۰۳/۰۳/۳۱(اصلاحیه),۱۴۰۳/۰۴/۳۰ ۲۳:۵۳:۵۸,1221819,True,https://excel.codal.ir/service/Excel/GetAll/wtOTNL4x2eXovFDj1L2NKw%3d%3d/0,domestic,آهن اسفنجی,تن,155684.0,0.0,,0.0,1403-03,1403
کچاد,معدنی و صنعتی چادرملو,iron_ore,1403/03/31,گزارش فعالیت ماهانه دوره ۱ ماهه منتهی به  ۱۴۰۳/۰۳/۳۱(اصلاحیه),۱۴۰۳/۰۴/۳۰ ۲۳:۵۳:۵۸,1221819,True,https://excel.codal.ir/service/Excel/GetAll/wtOTNL4x2eXovFDj1L2NKw%3d%3d/0,domestic,آپاتیت,تن,0.0,433.0,34344111.0,14871.0,1403-03,1403
کچاد,معدنی و صنعتی چادرملو,iron_ore,1403/03/31,گزارش فعالیت ماهانه دوره ۱ ماهه منتهی به  ۱۴۰۳/۰۳/۳۱(اصلاحیه),۱۴۰۳/۰۴/۳۰ ۲۳:۵۳:۵۸,1221819,True,https://excel.codal.ir/service/Excel/GetAll/wtOTNL4x2eXovFDj1L2NKw%3d%3d/0,domestic,ارسالی گندله به احیاء,تن,,216732.0,0.0,0.0,1403-03,1403
کچاد,معدنی و صنعتی چادرملو,iron_ore,1403/03/31,گزارش فعالیت ماهانه دوره ۱ ماهه منتهی به  ۱۴۰۳/۰۳/۳۱(اصلاحیه),۱۴۰۳/۰۴/۳۰ ۲۳:۵۳:۵۸,1221819,True,https://excel.codal.ir/service/Excel/GetAll/wtOTNL4x2eXovFDj1L2NKw%3d%3d/0,domestic,سود سرمایه گذاریها,تن,,,,1380963.0,1403-03,1403
کچاد,معدنی و صنعتی چادرملو,iron_ore,1403/03/31,گزارش فعالیت ماهانه دوره ۱ ماهه منتهی به  ۱۴۰۳/۰۳/۳۱(اصلاحیه),۱۴۰۳/۰۴/۳۰ ۲۳:۵۳:۵۸,1221819,True,https://excel.codal.ir/service/Excel/GetAll/wtOTNL4x2eXovFDj1L2NKw%3d%3d/0,domestic,عرضه برق تولیدی (نیروگاه),مگاوات ساعت,298679.0,203457.0,1827423.0,371802.0,1403-03,1403
کچاد,معدنی و صنعتی چادرملو,iron_ore,1403/03/31,گزارش فعالیت ماهانه دوره ۱ ماهه منتهی به  ۱۴۰۳/۰۳/۳۱(اصلاحیه),۱۴۰۳/۰۴/۳۰ ۲۳:۵۳:۵۸,1221819,True,https://excel.codal.ir/service/Excel/GetAll/wtOTNL4x2eXovFDj1L2NKw%3d%3d/0,domestic,فولاد,تن,111517.0,70529.0,213416070.0,15052022.0,1403-03,1403
کچاد,معدنی و صنعتی چادرملو,iron_ore,1403/03/31,گزارش فعالیت ماهانه دوره ۱ ماهه منتهی به  ۱۴۰۳/۰۳/۳۱(اصلاحیه),۱۴۰۳/۰۴/۳۰ ۲۳:۵۳:۵۸,1221819,True,https://excel.codal.ir/service/Excel/GetAll/wtOTNL4x2eXovFDj1L2NKw%3d%3d/0,export,فولاد,تن,,55648.0,195415648.0,10874490.0,1403-03,1403
کچاد,معدنی و صنعتی چادرملو,iron_ore,1403/03/31,گزارش فعالیت ماهانه دوره ۱ ماهه منتهی به  ۱۴۰۳/۰۳/۳۱(اصلاحیه),۱۴۰۳/۰۴/۳۰ ۲۳:۵۳:۵۸,1221819,True,https://excel.codal.ir/service/Excel/GetAll/wtOTNL4x2eXovFDj1L2NKw%3d%3d/0,domestic,نرمه گندله (Pellet Fine),تن,,431.0,15083527.0,6501.0,1403-03,1403
کچاد,معدنی و صنعتی چادرملو,iron_ore,1403/03/31,گزارش فعالیت ماهانه دوره ۱ ماهه منتهی به  ۱۴۰۳/۰۳/۳۱(اصلاحیه),۱۴۰۳/۰۴/۳۰ ۲۳:۵۳:۵۸,1221819,True,https://excel.codal.ir/service/Excel/GetAll/wtOTNL4x2eXovFDj1L2NKw%3d%3d/0,domestic,کنسانتره آهن (خشک ),تن,720230.0,384607.0,41393571.0,15920257.0,1403-03,1403
کچاد,معدنی و صنعتی چادرملو,iron_ore,1403/03/31,گزارش فعالیت ماهانه دوره ۱ ماهه منتهی به  ۱۴۰۳/۰۳/۳۱(اصلاحیه),۱۴۰۳/۰۴/۳۰ ۲۳:۵۳:۵۸,1221819,True,https://excel.codal.ir/service/Excel/GetAll/wtOTNL4x2eXovFDj1L2NKw%3d%3d/0,domestic,کنسانتره مصرف شده در تولید گندله,تن,,339350.0,0.0,0.0,1403-03,1403
کچاد,معدنی و صنعتی چادرملو,iron_ore,1403/03/31,گزارش فعالیت ماهانه دوره ۱ ماهه منتهی به  ۱۴۰۳/۰۳/۳۱(اصلاحیه),۱۴۰۳/۰۴/۳۰ ۲۳:۵۳:۵۸,1221819,True,https://excel.codal.ir/service/Excel/GetAll/wtOTNL4x2eXovFDj1L2NKw%3d%3d/0,domestic,گندله,تن,374721.0,73672.0,51527514.0,3796135.0,1403-03,1403
کچاد,معدنی و صنعتی چادرملو,iron_ore,1403/04/31,گزارش فعالیت ماهانه دوره ۱ ماهه منتهی به  ۱۴۰۳/۰۴/۳۱,۱۴۰۳/۰۵/۰۶ ۱۶:۱۷:۲۸,1225309,False,https://excel.codal.ir/service/Excel/GetAll/gqcgaOMs85CklWOOm3RZww%3d%3d/0,domestic,آهن اسفنجی,تن,149036.0,,,0.0,1403-04,1403
کچاد,معدنی و صنعتی چادرملو,iron_ore,1403/04/31,گزارش فعالیت ماهانه دوره ۱ ماهه منتهی به  ۱۴۰۳/۰۴/۳۱,۱۴۰۳/۰۵/۰۶ ۱۶:۱۷:۲۸,1225309,False,https://excel.codal.ir/service/Excel/GetAll/gqcgaOMs85CklWOOm3RZww%3d%3d/0,domestic,آپاتیت,تن,0.0,292.0,31246575.0,9124.0,1403-04,1403
کچاد,معدنی و صنعتی چادرملو,iron_ore,1403/04/31,گزارش فعالیت ماهانه دوره ۱ ماهه منتهی به  ۱۴۰۳/۰۴/۳۱,۱۴۰۳/۰۵/۰۶ ۱۶:۱۷:۲۸,1225309,False,https://excel.codal.ir/service/Excel/GetAll/gqcgaOMs85CklWOOm3RZww%3d%3d/0,domestic,ارسالی گندله به احیاء,تن,,204903.0,0.0,0.0,1403-04,1403
کچاد,معدنی و صنعتی چادرملو,iron_ore,1403/04/31,گزارش فعالیت ماهانه دوره ۱ ماهه منتهی به  ۱۴۰۳/۰۴/۳۱,۱۴۰۳/۰۵/۰۶ ۱۶:۱۷:۲۸,1225309,False,https://excel.codal.ir/service/Excel/GetAll/gqcgaOMs85CklWOOm3RZww%3d%3d/0,domestic,سود سرمایه گذاریها,تن,,,,0.0,1403-04,1403
کچاد,معدنی و صنعتی چادرملو,iron_ore,1403/04/31,گزارش فعالیت ماهانه دوره ۱ ماهه منتهی به  ۱۴۰۳/۰۴/۳۱,۱۴۰۳/۰۵/۰۶ ۱۶:۱۷:۲۸,1225309,False,https://excel.codal.ir/service/Excel/GetAll/gqcgaOMs85CklWOOm3RZww%3d%3d/0,domestic,عرضه برق تولیدی (نیروگاه),مگاوات ساعت,289910.0,266846.0,1677634.0,447670.0,1403-04,1403
کچاد,معدنی و صنعتی چادرملو,iron_ore,1403/04/31,گزارش فعالیت ماهانه دوره ۱ ماهه منتهی به  ۱۴۰۳/۰۴/۳۱,۱۴۰۳/۰۵/۰۶ ۱۶:۱۷:۲۸,1225309,False,https://excel.codal.ir/service/Excel/GetAll/gqcgaOMs85CklWOOm3RZww%3d%3d/0,domestic,فولاد,تن,60928.0,71822.0,223719960.0,16068015.0,1403-04,1403
کچاد,معدنی و صنعتی چادرملو,iron_ore,1403/04/31,گزارش فعالیت ماهانه دوره ۱ ماهه منتهی به  ۱۴۰۳/۰۴/۳۱,۱۴۰۳/۰۵/۰۶ ۱۶:۱۷:۲۸,1225309,False,https://excel.codal.ir/service/Excel/GetAll/gqcgaOMs85CklWOOm3RZww%3d%3d/0,export,فولاد,تن,,,0.0,0.0,1403-04,1403
کچاد,معدنی و صنعتی چادرملو,iron_ore,1403/04/31,گزارش فعالیت ماهانه دوره ۱ ماهه منتهی به  ۱۴۰۳/۰۴/۳۱,۱۴۰۳/۰۵/۰۶ ۱۶:۱۷:۲۸,1225309,False,https://excel.codal.ir/service/Excel/GetAll/gqcgaOMs85CklWOOm3RZww%3d%3d/0,domestic,نرمه گندله (Pellet Fine),تن,9499.0,3090.0,15084466.0,46611.0,1403-04,1403
کچاد,معدنی و صنعتی چادرملو,iron_ore,1403/04/31,گزارش فعالیت ماهانه دوره ۱ ماهه منتهی به  ۱۴۰۳/۰۴/۳۱,۱۴۰۳/۰۵/۰۶ ۱۶:۱۷:۲۸,1225309,False,https://excel.codal.ir/service/Excel/GetAll/gqcgaOMs85CklWOOm3RZww%3d%3d/0,domestic,کنسانتره آهن (خشک ),تن,639963.0,298998.0,41160573.0,12306929.0,1403-04,1403
کچاد,معدنی و صنعتی چادرملو,iron_ore,1403/04/31,گزارش فعالیت ماهانه دوره ۱ ماهه منتهی به  ۱۴۰۳/۰۴/۳۱,۱۴۰۳/۰۵/۰۶ ۱۶:۱۷:۲۸,1225309,False,https://excel.codal.ir/service/Excel/GetAll/gqcgaOMs85CklWOOm3RZww%3d%3d/0,domestic,کنسانتره مصرف شده در تولید گندله,تن,,402011.0,0.0,0.0,1403-04,1403
کچاد,معدنی و صنعتی چادرملو,iron_ore,1403/04/31,گزارش فعالیت ماهانه دوره ۱ ماهه منتهی به  ۱۴۰۳/۰۴/۳۱,۱۴۰۳/۰۵/۰۶ ۱۶:۱۷:۲۸,1225309,False,https://excel.codal.ir/service/Excel/GetAll/gqcgaOMs85CklWOOm3RZww%3d%3d/0,domestic,گندله,تن,319845.0,41302.0,51732628.0,2136661.0,1403-04,1403
کچاد,معدنی و صنعتی چادرملو,iron_ore,1403/05/31,گزارش فعالیت ماهانه دوره ۱ ماهه منتهی به  ۱۴۰۳/۰۵/۳۱,۱۴۰۳/۰۶/۱۰ ۱۷:۱۹:۰۹,1241889,False,https://excel.codal.ir/service/Excel/GetAll/QqW81bjHD6cZCiJ1Lf5ElA%3d%3d/0,domestic,آهن اسفنجی,تن,151051.0,,,0.0,1403-05,1403
کچاد,معدنی و صنعتی چادرملو,iron_ore,1403/05/31,گزارش فعالیت ماهانه دوره ۱ ماهه منتهی به  ۱۴۰۳/۰۵/۳۱,۱۴۰۳/۰۶/۱۰ ۱۷:۱۹:۰۹,1241889,False,https://excel.codal.ir/service/Excel/GetAll/QqW81bjHD6cZCiJ1Lf5ElA%3d%3d/0,domestic,آپاتیت,تن,,2002.0,31379620.0,62822.0,1403-05,1403
کچاد,معدنی و صنعتی چادرملو,iron_ore,1403/05/31,گزارش فعالیت ماهانه دوره ۱ ماهه منتهی به  ۱۴۰۳/۰۵/۳۱,۱۴۰۳/۰۶/۱۰ ۱۷:۱۹:۰۹,1241889,False,https://excel.codal.ir/service/Excel/GetAll/QqW81bjHD6cZCiJ1Lf5ElA%3d%3d/0,domestic,ارسالی گندله به احیاء,تن,,,,0.0,1403-05,1403
کچاد,معدنی و صنعتی چادرملو,iron_ore,1403/05/31,گزارش فعالیت ماهانه دوره ۱ ماهه منتهی به  ۱۴۰۳/۰۵/۳۱,۱۴۰۳/۰۶/۱۰ ۱۷:۱۹:۰۹,1241889,False,https://excel.codal.ir/service/Excel/GetAll/QqW81bjHD6cZCiJ1Lf5ElA%3d%3d/0,domestic,سود سرمایه گذاریها,تن,,,,0.0,1403-05,1403
کچاد,معدنی و صنعتی چادرملو,iron_ore,1403/05/31,گزارش فعالیت ماهانه دوره ۱ ماهه منتهی به  ۱۴۰۳/۰۵/۳۱,۱۴۰۳/۰۶/۱۰ ۱۷:۱۹:۰۹,1241889,False,https://excel.codal.ir/service/Excel/GetAll/QqW81bjHD6cZCiJ1Lf5ElA%3d%3d/0,domestic,عرضه برق تولیدی (نیروگاه),مگاوات ساعت,286131.0,286131.0,1623155.0,464435.0,1403-05,1403
کچاد,معدنی و صنعتی چادرملو,iron_ore,1403/05/31,گزارش فعالیت ماهانه دوره ۱ ماهه منتهی به  ۱۴۰۳/۰۵/۳۱,۱۴۰۳/۰۶/۱۰ ۱۷:۱۹:۰۹,1241889,False,https://excel.codal.ir/service/Excel/GetAll/QqW81bjHD6cZCiJ1Lf5ElA%3d%3d/0,domestic,فولاد,تن,66199.0,43506.0,227510573.0,9898075.0,1403-05,1403
کچاد,معدنی و صنعتی چادرملو,iron_ore,1403/05/31,گزارش فعالیت ماهانه دوره ۱ ماهه منتهی به  ۱۴۰۳/۰۵/۳۱,۱۴۰۳/۰۶/۱۰ ۱۷:۱۹:۰۹,1241889,False,https://excel.codal.ir/service/Excel/GetAll/QqW81bjHD6cZCiJ1Lf5ElA%3d%3d/0,export,فولاد,تن,,4340.0,200166820.0,868724.0,1403-05,1403
کچاد,معدنی و صنعتی چادرملو,iron_ore,1403/05/31,گزارش فعالیت ماهانه دوره ۱ ماهه منتهی به  ۱۴۰۳/۰۵/۳۱,۱۴۰۳/۰۶/۱۰ ۱۷:۱۹:۰۹,1241889,False,https://excel.codal.ir/service/Excel/GetAll/QqW81bjHD6cZCiJ1Lf5ElA%3d%3d/0,domestic,نرمه گندله (Pellet Fine),تن,,898.12,15024718.0,13494.0,1403-05,1403
کچاد,معدنی و صنعتی چادرملو,iron_ore,1403/05/31,گزارش فعالیت ماهانه دوره ۱ ماهه منتهی به  ۱۴۰۳/۰۵/۳۱,۱۴۰۳/۰۶/۱۰ ۱۷:۱۹:۰۹,1241889,False,https://excel.codal.ir/service/Excel/GetAll/QqW81bjHD6cZCiJ1Lf5ElA%3d%3d/0,domestic,کنسانتره آهن (خشک ),تن,598591.0,389936.0,40601491.0,15831983.0,1403-05,1403
کچاد,معدنی و صنعتی چادرملو,iron_ore,1403/05/31,گزارش فعالیت ماهانه دوره ۱ ماهه منتهی به  ۱۴۰۳/۰۵/۳۱,۱۴۰۳/۰۶/۱۰ ۱۷:۱۹:۰۹,1241889,False,https://excel.codal.ir/service/Excel/GetAll/QqW81bjHD6cZCiJ1Lf5ElA%3d%3d/0,domestic,کنسانتره مصرف شده در تولید گندله,تن,,,,0.0,1403-05,1403
کچاد,معدنی و صنعتی چادرملو,iron_ore,1403/05/31,گزارش فعالیت ماهانه دوره ۱ ماهه منتهی به  ۱۴۰۳/۰۵/۳۱,۱۴۰۳/۰۶/۱۰ ۱۷:۱۹:۰۹,1241889,False,https://excel.codal.ir/service/Excel/GetAll/QqW81bjHD6cZCiJ1Lf5ElA%3d%3d/0,domestic,گندله,تن,0.0,14955.0,51260782.0,766605.0,1403-05,1403
کچاد,معدنی و صنعتی چادرملو,iron_ore,1403/06/31,گزارش فعالیت ماهانه دوره ۱ ماهه منتهی به  ۱۴۰۳/۰۶/۳۱(اصلاحیه),۱۴۰۳/۰۹/۲۴ ۱۴:۵۳:۴۳,1283522,True,https://excel.codal.ir/service/Excel/GetAll/cbDAHdztBNNfL3F46CZ8QQQaQQQw%3d%3d/0,domestic,آهن اسفنجی,تن,151974.0,,,0.0,1403-06,1403
کچاد,معدنی و صنعتی چادرملو,iron_ore,1403/06/31,گزارش فعالیت ماهانه دوره ۱ ماهه منتهی به  ۱۴۰۳/۰۶/۳۱(اصلاحیه),۱۴۰۳/۰۹/۲۴ ۱۴:۵۳:۴۳,1283522,True,https://excel.codal.ir/service/Excel/GetAll/cbDAHdztBNNfL3F46CZ8QQQaQQQw%3d%3d/0,domestic,آپاتیت,تن,33.0,624.0,33241987.0,20743.0,1403-06,1403
کچاد,معدنی و صنعتی چادرملو,iron_ore,1403/06/31,گزارش فعالیت ماهانه دوره ۱ ماهه منتهی به  ۱۴۰۳/۰۶/۳۱(اصلاحیه),۱۴۰۳/۰۹/۲۴ ۱۴:۵۳:۴۳,1283522,True,https://excel.codal.ir/service/Excel/GetAll/cbDAHdztBNNfL3F46CZ8QQQaQQQw%3d%3d/0,domestic,ارسالی گندله به احیاء,تن,,,,0.0,1403-06,1403
کچاد,معدنی و صنعتی چادرملو,iron_ore,1403/06/31,گزارش فعالیت ماهانه دوره ۱ ماهه منتهی به  ۱۴۰۳/۰۶/۳۱(اصلاحیه),۱۴۰۳/۰۹/۲۴ ۱۴:۵۳:۴۳,1283522,True,https://excel.codal.ir/service/Excel/GetAll/cbDAHdztBNNfL3F46CZ8QQQaQQQw%3d%3d/0,domestic,سود سرمایه گذاریها,تن,,,,49243.0,1403-06,1403
کچاد,معدنی و صنعتی چادرملو,iron_ore,1403/06/31,گزارش فعالیت ماهانه دوره ۱ ماهه منتهی به  ۱۴۰۳/۰۶/۳۱(اصلاحیه),۱۴۰۳/۰۹/۲۴ ۱۴:۵۳:۴۳,1283522,True,https://excel.codal.ir/service/Excel/GetAll/cbDAHdztBNNfL3F46CZ8QQQaQQQw%3d%3d/0,domestic,عرضه برق تولیدی (نیروگاه),مگاوات ساعت,374246.0,247597.0,1640876.0,406276.0,1403-06,1403
کچاد,معدنی و صنعتی چادرملو,iron_ore,1403/06/31,گزارش فعالیت ماهانه دوره ۱ ماهه منتهی به  ۱۴۰۳/۰۶/۳۱(اصلاحیه),۱۴۰۳/۰۹/۲۴ ۱۴:۵۳:۴۳,1283522,True,https://excel.codal.ir/service/Excel/GetAll/cbDAHdztBNNfL3F46CZ8QQQaQQQw%3d%3d/0,domestic,فولاد,تن,96684.0,93607.0,228248881.0,21365693.0,1403-06,1403
کچاد,معدنی و صنعتی چادرملو,iron_ore,1403/06/31,گزارش فعالیت ماهانه دوره ۱ ماهه منتهی به  ۱۴۰۳/۰۶/۳۱(اصلاحیه),۱۴۰۳/۰۹/۲۴ ۱۴:۵۳:۴۳,1283522,True,https://excel.codal.ir/service/Excel/GetAll/cbDAHdztBNNfL3F46CZ8QQQaQQQw%3d%3d/0,export,فولاد,تن,,59965.0,204832686.0,12282792.0,1403-06,1403
کچاد,معدنی و صنعتی چادرملو,iron_ore,1403/06/31,گزارش فعالیت ماهانه دوره ۱ ماهه منتهی به  ۱۴۰۳/۰۶/۳۱(اصلاحیه),۱۴۰۳/۰۹/۲۴ ۱۴:۵۳:۴۳,1283522,True,https://excel.codal.ir/service/Excel/GetAll/cbDAHdztBNNfL3F46CZ8QQQaQQQw%3d%3d/0,domestic,نرمه گندله (Pellet Fine),تن,6848.0,,,0.0,1403-06,1403
کچاد,معدنی و صنعتی چادرملو,iron_ore,1403/06/31,گزارش فعالیت ماهانه دوره ۱ ماهه منتهی به  ۱۴۰۳/۰۶/۳۱(اصلاحیه),۱۴۰۳/۰۹/۲۴ ۱۴:۵۳:۴۳,1283522,True,https://excel.codal.ir/service/Excel/GetAll/cbDAHdztBNNfL3F46CZ8QQQaQQQw%3d%3d/0,domestic,کنسانتره آهن (خشک ),تن,844640.0,396696.0,40757527.0,16168348.0,1403-06,1403
کچاد,معدنی و صنعتی چادرملو,iron_ore,1403/06/31,گزارش فعالیت ماهانه دوره ۱ ماهه منتهی به  ۱۴۰۳/۰۶/۳۱(اصلاحیه),۱۴۰۳/۰۹/۲۴ ۱۴:۵۳:۴۳,1283522,True,https://excel.codal.ir/service/Excel/GetAll/cbDAHdztBNNfL3F46CZ8QQQaQQQw%3d%3d/0,domestic,کنسانتره مصرف شده در تولید گندله,تن,,,,0.0,1403-06,1403
کچاد,معدنی و صنعتی چادرملو,iron_ore,1403/06/31,گزارش فعالیت ماهانه دوره ۱ ماهه منتهی به  ۱۴۰۳/۰۶/۳۱(اصلاحیه),۱۴۰۳/۰۹/۲۴ ۱۴:۵۳:۴۳,1283522,True,https://excel.codal.ir/service/Excel/GetAll/cbDAHdztBNNfL3F46CZ8QQQaQQQw%3d%3d/0,domestic,گندله,تن,233572.0,16439.0,51135714.0,840620.0,1403-06,1403
کچاد,معدنی و صنعتی چادرملو,iron_ore,1403/07/30,گزارش فعالیت ماهانه دوره ۱ ماهه منتهی به  ۱۴۰۳/۰۷/۳۰(اصلاحیه),۱۴۰۳/۱۰/۰۵ ۱۵:۳۰:۱۴,1288494,True,https://excel.codal.ir/service/Excel/GetAll/XutKLLFUGVcWkak7OSZlXQ%3d%3d/0,domestic,آهن اسفنجی,تن,143516.0,3498.0,120068039.0,419998.0,1403-07,1403
کچاد,معدنی و صنعتی چادرملو,iron_ore,1403/07/30,گزارش فعالیت ماهانه دوره ۱ ماهه منتهی به  ۱۴۰۳/۰۷/۳۰(اصلاحیه),۱۴۰۳/۱۰/۰۵ ۱۵:۳۰:۱۴,1288494,True,https://excel.codal.ir/service/Excel/GetAll/XutKLLFUGVcWkak7OSZlXQ%3d%3d/0,domestic,آپاتیت,تن,,300.0,33033333.0,9910.0,1403-07,1403
کچاد,معدنی و صنعتی چادرملو,iron_ore,1403/07/30,گزارش فعالیت ماهانه دوره ۱ ماهه منتهی به  ۱۴۰۳/۰۷/۳۰(اصلاحیه),۱۴۰۳/۱۰/۰۵ ۱۵:۳۰:۱۴,1288494,True,https://excel.codal.ir/service/Excel/GetAll/XutKLLFUGVcWkak7OSZlXQ%3d%3d/0,domestic,ارسالی گندله به احیاء,تن,,189708.0,0.0,0.0,1403-07,1403
کچاد,معدنی و صنعتی چادرملو,iron_ore,1403/07/30,گزارش فعالیت ماهانه دوره ۱ ماهه منتهی به  ۱۴۰۳/۰۷/۳۰(اصلاحیه),۱۴۰۳/۱۰/۰۵ ۱۵:۳۰:۱۴,1288494,True,https://excel.codal.ir/service/Excel/GetAll/XutKLLFUGVcWkak7OSZlXQ%3d%3d/0,domestic,سود سرمایه گذاریها,تن,,,,0.0,1403-07,1403
کچاد,معدنی و صنعتی چادرملو,iron_ore,1403/07/30,گزارش فعالیت ماهانه دوره ۱ ماهه منتهی به  ۱۴۰۳/۰۷/۳۰(اصلاحیه),۱۴۰۳/۱۰/۰۵ ۱۵:۳۰:۱۴,1288494,True,https://excel.codal.ir/service/Excel/GetAll/XutKLLFUGVcWkak7OSZlXQ%3d%3d/0,domestic,عرضه برق تولیدی (نیروگاه),مگاوات ساعت,,269473.0,1375474.0,370653.0,1403-07,1403
کچاد,معدنی و صنعتی چادرملو,iron_ore,1403/07/30,گزارش فعالیت ماهانه دوره ۱ ماهه منتهی به  ۱۴۰۳/۰۷/۳۰(اصلاحیه),۱۴۰۳/۱۰/۰۵ ۱۵:۳۰:۱۴,1288494,True,https://excel.codal.ir/service/Excel/GetAll/XutKLLFUGVcWkak7OSZlXQ%3d%3d/0,domestic,فولاد,تن,84191.0,79717.0,225955304.0,18012479.0,1403-07,1403
کچاد,معدنی و صنعتی چادرملو,iron_ore,1403/07/30,گزارش فعالیت ماهانه دوره ۱ ماهه منتهی به  ۱۴۰۳/۰۷/۳۰(اصلاحیه),۱۴۰۳/۱۰/۰۵ ۱۵:۳۰:۱۴,1288494,True,https://excel.codal.ir/service/Excel/GetAll/XutKLLFUGVcWkak7OSZlXQ%3d%3d/0,export,فولاد,تن,,,0.0,0.0,1403-07,1403
کچاد,معدنی و صنعتی چادرملو,iron_ore,1403/07/30,گزارش فعالیت ماهانه دوره ۱ ماهه منتهی به  ۱۴۰۳/۰۷/۳۰(اصلاحیه),۱۴۰۳/۱۰/۰۵ ۱۵:۳۰:۱۴,1288494,True,https://excel.codal.ir/service/Excel/GetAll/XutKLLFUGVcWkak7OSZlXQ%3d%3d/0,domestic,نرمه گندله (Pellet Fine),تن,8549.0,,,0.0,1403-07,1403
کچاد,معدنی و صنعتی چادرملو,iron_ore,1403/07/30,گزارش فعالیت ماهانه دوره ۱ ماهه منتهی به  ۱۴۰۳/۰۷/۳۰(اصلاحیه),۱۴۰۳/۱۰/۰۵ ۱۵:۳۰:۱۴,1288494,True,https://excel.codal.ir/service/Excel/GetAll/XutKLLFUGVcWkak7OSZlXQ%3d%3d/0,domestic,کنسانتره آهن (خشک ),تن,656745.0,307547.0,41767245.0,12845391.0,1403-07,1403
کچاد,معدنی و صنعتی چادرملو,iron_ore,1403/07/30,گزارش فعالیت ماهانه دوره ۱ ماهه منتهی به  ۱۴۰۳/۰۷/۳۰(اصلاحیه),۱۴۰۳/۱۰/۰۵ ۱۵:۳۰:۱۴,1288494,True,https://excel.codal.ir/service/Excel/GetAll/XutKLLFUGVcWkak7OSZlXQ%3d%3d/0,domestic,کنسانتره مصرف شده در تولید گندله,تن,,292370.0,0.0,0.0,1403-07,1403
کچاد,معدنی و صنعتی چادرملو,iron_ore,1403/07/30,گزارش فعالیت ماهانه دوره ۱ ماهه منتهی به  ۱۴۰۳/۰۷/۳۰(اصلاحیه),۱۴۰۳/۱۰/۰۵ ۱۵:۳۰:۱۴,1288494,True,https://excel.codal.ir/service/Excel/GetAll/XutKLLFUGVcWkak7OSZlXQ%3d%3d/0,domestic,گندله,تن,383177.0,82059.0,52836995.0,4335751.0,1403-07,1403
کچاد,معدنی و صنعتی چادرملو,iron_ore,1403/08/30,گزارش فعالیت ماهانه دوره ۱ ماهه منتهی به  ۱۴۰۳/۰۸/۳۰(اصلاحیه),۱۴۰۳/۱۰/۰۵ ۱۵:۳۱:۰۱,1288493,True,https://excel.codal.ir/service/Excel/GetAll/uTKEMqIX5t0qQQQaQQQN8MypoFkw%3d%3d/0,domestic,آهن اسفنجی,تن,133823.0,21055.0,129918594.0,2735436.0,1403-08,1403
کچاد,معدنی و صنعتی چادرملو,iron_ore,1403/08/30,گزارش فعالیت ماهانه دوره ۱ ماهه منتهی به  ۱۴۰۳/۰۸/۳۰(اصلاحیه),۱۴۰۳/۱۰/۰۵ ۱۵:۳۱:۰۱,1288493,True,https://excel.codal.ir/service/Excel/GetAll/uTKEMqIX5t0qQQQaQQQN8MypoFkw%3d%3d/0,domestic,آپاتیت,تن,651.0,187.0,28256684.0,5284.0,1403-08,1403
کچاد,معدنی و صنعتی چادرملو,iron_ore,1403/08/30,گزارش فعالیت ماهانه دوره ۱ ماهه منتهی به  ۱۴۰۳/۰۸/۳۰(اصلاحیه),۱۴۰۳/۱۰/۰۵ ۱۵:۳۱:۰۱,1288493,True,https://excel.codal.ir/service/Excel/GetAll/uTKEMqIX5t0qQQQaQQQN8MypoFkw%3d%3d/0,domestic,ارسالی گندله به احیاء,تن,,589595.0,0.0,0.0,1403-08,1403
کچاد,معدنی و صنعتی چادرملو,iron_ore,1403/08/30,گزارش فعالیت ماهانه دوره ۱ ماهه منتهی به  ۱۴۰۳/۰۸/۳۰(اصلاحیه),۱۴۰۳/۱۰/۰۵ ۱۵:۳۱:۰۱,1288493,True,https://excel.codal.ir/service/Excel/GetAll/uTKEMqIX5t0qQQQaQQQN8MypoFkw%3d%3d/0,domestic,سود سرمایه گذاریها,تن,,,,0.0,1403-08,1403
کچاد,معدنی و صنعتی چادرملو,iron_ore,1403/08/30,گزارش فعالیت ماهانه دوره ۱ ماهه منتهی به  ۱۴۰۳/۰۸/۳۰(اصلاحیه),۱۴۰۳/۱۰/۰۵ ۱۵:۳۱:۰۱,1288493,True,https://excel.codal.ir/service/Excel/GetAll/uTKEMqIX5t0qQQQaQQQN8MypoFkw%3d%3d/0,domestic,عرضه برق تولیدی (نیروگاه),مگاوات ساعت,364267.0,269924.0,1076244.0,290504.0,1403-08,1403
کچاد,معدنی و صنعتی چادرملو,iron_ore,1403/08/30,گزارش فعالیت ماهانه دوره ۱ ماهه منتهی به  ۱۴۰۳/۰۸/۳۰(اصلاحیه),۱۴۰۳/۱۰/۰۵ ۱۵:۳۱:۰۱,1288493,True,https://excel.codal.ir/service/Excel/GetAll/uTKEMqIX5t0qQQQaQQQN8MypoFkw%3d%3d/0,domestic,فولاد,تن,95241.0,72971.0,235125036.0,17157309.0,1403-08,1403
کچاد,معدنی و صنعتی چادرملو,iron_ore,1403/08/30,گزارش فعالیت ماهانه دوره ۱ ماهه منتهی به  ۱۴۰۳/۰۸/۳۰(اصلاحیه),۱۴۰۳/۱۰/۰۵ ۱۵:۳۱:۰۱,1288493,True,https://excel.codal.ir/service/Excel/GetAll/uTKEMqIX5t0qQQQaQQQN8MypoFkw%3d%3d/0,export,فولاد,تن,,29996.0,209401320.0,6281202.0,1403-08,1403
کچاد,معدنی و صنعتی چادرملو,iron_ore,1403/08/30,گزارش فعالیت ماهانه دوره ۱ ماهه منتهی به  ۱۴۰۳/۰۸/۳۰(اصلاحیه),۱۴۰۳/۱۰/۰۵ ۱۵:۳۱:۰۱,1288493,True,https://excel.codal.ir/service/Excel/GetAll/uTKEMqIX5t0qQQQaQQQN8MypoFkw%3d%3d/0,domestic,نرمه گندله (Pellet Fine),تن,13202.0,,,0.0,1403-08,1403
کچاد,معدنی و صنعتی چادرملو,iron_ore,1403/08/30,گزارش فعالیت ماهانه دوره ۱ ماهه منتهی به  ۱۴۰۳/۰۸/۳۰(اصلاحیه),۱۴۰۳/۱۰/۰۵ ۱۵:۳۱:۰۱,1288493,True,https://excel.codal.ir/service/Excel/GetAll/uTKEMqIX5t0qQQQaQQQN8MypoFkw%3d%3d/0,domestic,کنسانتره آهن (خشک ),تن,846677.0,365657.0,42906705.0,15689137.0,1403-08,1403
کچاد,معدنی و صنعتی چادرملو,iron_ore,1403/08/30,گزارش فعالیت ماهانه دوره ۱ ماهه منتهی به  ۱۴۰۳/۰۸/۳۰(اصلاحیه),۱۴۰۳/۱۰/۰۵ ۱۵:۳۱:۰۱,1288493,True,https://excel.codal.ir/service/Excel/GetAll/uTKEMqIX5t0qQQQaQQQN8MypoFkw%3d%3d/0,domestic,کنسانتره مصرف شده در تولید گندله,تن,,692873.0,0.0,0.0,1403-08,1403
کچاد,معدنی و صنعتی چادرملو,iron_ore,1403/08/30,گزارش فعالیت ماهانه دوره ۱ ماهه منتهی به  ۱۴۰۳/۰۸/۳۰(اصلاحیه),۱۴۰۳/۱۰/۰۵ ۱۵:۳۱:۰۱,1288493,True,https://excel.codal.ir/service/Excel/GetAll/uTKEMqIX5t0qQQQaQQQN8MypoFkw%3d%3d/0,domestic,گندله,تن,387930.0,169051.0,53027193.0,8964300.0,1403-08,1403
کچاد,معدنی و صنعتی چادرملو,iron_ore,1403/09/30,گزارش فعالیت ماهانه دوره ۱ ماهه منتهی به  ۱۴۰۳/۰۹/۳۰(اصلاحیه),۱۴۰۳/۱۰/۳۰ ۱۶:۵۱:۱۷,1298233,True,https://excel.codal.ir/service/Excel/GetAll/DSqwmcc0bOOObOOOAvlNEALKx6QQQaQQQg%3d%3d/0,domestic,آهن اسفنجی,تن,102502.0,3183.0,143510210.0,456793.0,1403-09,1403
کچاد,معدنی و صنعتی چادرملو,iron_ore,1403/09/30,گزارش فعالیت ماهانه دوره ۱ ماهه منتهی به  ۱۴۰۳/۰۹/۳۰(اصلاحیه),۱۴۰۳/۱۰/۳۰ ۱۶:۵۱:۱۷,1298233,True,https://excel.codal.ir/service/Excel/GetAll/DSqwmcc0bOOObOOOAvlNEALKx6QQQaQQQg%3d%3d/0,domestic,آپاتیت,تن,,831.0,42471721.0,35294.0,1403-09,1403
کچاد,معدنی و صنعتی چادرملو,iron_ore,1403/09/30,گزارش فعالیت ماهانه دوره ۱ ماهه منتهی به  ۱۴۰۳/۰۹/۳۰(اصلاحیه),۱۴۰۳/۱۰/۳۰ ۱۶:۵۱:۱۷,1298233,True,https://excel.codal.ir/service/Excel/GetAll/DSqwmcc0bOOObOOOAvlNEALKx6QQQaQQQg%3d%3d/0,domestic,ارسالی گندله به احیاء,تن,,138650.0,0.0,0.0,1403-09,1403
کچاد,معدنی و صنعتی چادرملو,iron_ore,1403/09/30,گزارش فعالیت ماهانه دوره ۱ ماهه منتهی به  ۱۴۰۳/۰۹/۳۰(اصلاحیه),۱۴۰۳/۱۰/۳۰ ۱۶:۵۱:۱۷,1298233,True,https://excel.codal.ir/service/Excel/GetAll/DSqwmcc0bOOObOOOAvlNEALKx6QQQaQQQg%3d%3d/0,domestic,سود سرمایه گذاریها,تن,,,,3959.0,1403-09,1403
کچاد,معدنی و صنعتی چادرملو,iron_ore,1403/09/30,گزارش فعالیت ماهانه دوره ۱ ماهه منتهی به  ۱۴۰۳/۰۹/۳۰(اصلاحیه),۱۴۰۳/۱۰/۳۰ ۱۶:۵۱:۱۷,1298233,True,https://excel.codal.ir/service/Excel/GetAll/DSqwmcc0bOOObOOOAvlNEALKx6QQQaQQQg%3d%3d/0,domestic,عرضه برق تولیدی (نیروگاه),مگاوات ساعت,401652.0,244976.0,1697113.0,415752.0,1403-09,1403
کچاد,معدنی و صنعتی چادرملو,iron_ore,1403/09/30,گزارش فعالیت ماهانه دوره ۱ ماهه منتهی به  ۱۴۰۳/۰۹/۳۰(اصلاحیه),۱۴۰۳/۱۰/۳۰ ۱۶:۵۱:۱۷,1298233,True,https://excel.codal.ir/service/Excel/GetAll/DSqwmcc0bOOObOOOAvlNEALKx6QQQaQQQg%3d%3d/0,domestic,فولاد,تن,87494.0,69085.0,245836636.0,16983624.0,1403-09,1403
کچاد,معدنی و صنعتی چادرملو,iron_ore,1403/09/30,گزارش فعالیت ماهانه دوره ۱ ماهه منتهی به  ۱۴۰۳/۰۹/۳۰(اصلاحیه),۱۴۰۳/۱۰/۳۰ ۱۶:۵۱:۱۷,1298233,True,https://excel.codal.ir/service/Excel/GetAll/DSqwmcc0bOOObOOOAvlNEALKx6QQQaQQQg%3d%3d/0,export,فولاد,تن,,0.0,0.0,0.0,1403-09,1403
کچاد,معدنی و صنعتی چادرملو,iron_ore,1403/09/30,گزارش فعالیت ماهانه دوره ۱ ماهه منتهی به  ۱۴۰۳/۰۹/۳۰(اصلاحیه),۱۴۰۳/۱۰/۳۰ ۱۶:۵۱:۱۷,1298233,True,https://excel.codal.ir/service/Excel/GetAll/DSqwmcc0bOOObOOOAvlNEALKx6QQQaQQQg%3d%3d/0,domestic,نرمه گندله (Pellet Fine),تن,,74011.0,28051519.0,2076121.0,1403-09,1403
کچاد,معدنی و صنعتی چادرملو,iron_ore,1403/09/30,گزارش فعالیت ماهانه دوره ۱ ماهه منتهی به  ۱۴۰۳/۰۹/۳۰(اصلاحیه),۱۴۰۳/۱۰/۳۰ ۱۶:۵۱:۱۷,1298233,True,https://excel.codal.ir/service/Excel/GetAll/DSqwmcc0bOOObOOOAvlNEALKx6QQQaQQQg%3d%3d/0,domestic,کنسانتره آهن (خشک ),تن,895188.0,403857.0,42228621.0,17054324.0,1403-09,1403
کچاد,معدنی و صنعتی چادرملو,iron_ore,1403/09/30,گزارش فعالیت ماهانه دوره ۱ ماهه منتهی به  ۱۴۰۳/۰۹/۳۰(اصلاحیه),۱۴۰۳/۱۰/۳۰ ۱۶:۵۱:۱۷,1298233,True,https://excel.codal.ir/service/Excel/GetAll/DSqwmcc0bOOObOOOAvlNEALKx6QQQaQQQg%3d%3d/0,domestic,کنسانتره مصرف شده در تولید گندله,تن,,436006.0,0.0,0.0,1403-09,1403
کچاد,معدنی و صنعتی چادرملو,iron_ore,1403/09/30,گزارش فعالیت ماهانه دوره ۱ ماهه منتهی به  ۱۴۰۳/۰۹/۳۰(اصلاحیه),۱۴۰۳/۱۰/۳۰ ۱۶:۵۱:۱۷,1298233,True,https://excel.codal.ir/service/Excel/GetAll/DSqwmcc0bOOObOOOAvlNEALKx6QQQaQQQg%3d%3d/0,domestic,گندله,تن,374832.0,166347.0,53536439.0,8905626.0,1403-09,1403
کچاد,معدنی و صنعتی چادرملو,iron_ore,1403/10/30,گزارش فعالیت ماهانه دوره ۱ ماهه منتهی به  ۱۴۰۳/۱۰/۳۰,۱۴۰۳/۱۱/۰۷ ۱۳:۵۷:۱۸,1301425,False,https://excel.codal.ir/service/Excel/GetAll/68OE1yfawwhvD73m5alh6g%3d%3d/0,domestic,آهن اسفنجی,تن,83835.0,43832.0,145652126.0,6384224.0,1403-10,1403
کچاد,معدنی و صنعتی چادرملو,iron_ore,1403/10/30,گزارش فعالیت ماهانه دوره ۱ ماهه منتهی به  ۱۴۰۳/۱۰/۳۰,۱۴۰۳/۱۱/۰۷ ۱۳:۵۷:۱۸,1301425,False,https://excel.codal.ir/service/Excel/GetAll/68OE1yfawwhvD73m5alh6g%3d%3d/0,domestic,آپاتیت,تن,0.0,488.0,66180328.0,32296.0,1403-10,1403
کچاد,معدنی و صنعتی چادرملو,iron_ore,1403/10/30,گزارش فعالیت ماهانه دوره ۱ ماهه منتهی به  ۱۴۰۳/۱۰/۳۰,۱۴۰۳/۱۱/۰۷ ۱۳:۵۷:۱۸,1301425,False,https://excel.codal.ir/service/Excel/GetAll/68OE1yfawwhvD73m5alh6g%3d%3d/0,domestic,ارسالی گندله به احیاء,تن,0.0,0.0,,0.0,1403-10,1403
کچاد,معدنی و صنعتی چادرملو,iron_ore,1403/10/30,گزارش فعالیت ماهانه دوره ۱ ماهه منتهی به  ۱۴۰۳/۱۰/۳۰,۱۴۰۳/۱۱/۰۷ ۱۳:۵۷:۱۸,1301425,False,https://excel.codal.ir/service/Excel/GetAll/68OE1yfawwhvD73m5alh6g%3d%3d/0,domestic,سود سرمایه گذاریها,تن,0.0,0.0,,0.0,1403-10,1403
کچاد,معدنی و صنعتی چادرملو,iron_ore,1403/10/30,گزارش فعالیت ماهانه دوره ۱ ماهه منتهی به  ۱۴۰۳/۱۰/۳۰,۱۴۰۳/۱۱/۰۷ ۱۳:۵۷:۱۸,1301425,False,https://excel.codal.ir/service/Excel/GetAll/68OE1yfawwhvD73m5alh6g%3d%3d/0,domestic,عرضه برق تولیدی (نیروگاه),مگاوات ساعت,367249.0,298980.0,1579129.0,472128.0,1403-10,1403
کچاد,معدنی و صنعتی چادرملو,iron_ore,1403/10/30,گزارش فعالیت ماهانه دوره ۱ ماهه منتهی به  ۱۴۰۳/۱۰/۳۰,۱۴۰۳/۱۱/۰۷ ۱۳:۵۷:۱۸,1301425,False,https://excel.codal.ir/service/Excel/GetAll/68OE1yfawwhvD73m5alh6g%3d%3d/0,domestic,فولاد,تن,77956.0,79050.0,250799456.0,19825697.0,1403-10,1403
کچاد,معدنی و صنعتی چادرملو,iron_ore,1403/10/30,گزارش فعالیت ماهانه دوره ۱ ماهه منتهی به  ۱۴۰۳/۱۰/۳۰,۱۴۰۳/۱۱/۰۷ ۱۳:۵۷:۱۸,1301425,False,https://excel.codal.ir/service/Excel/GetAll/68OE1yfawwhvD73m5alh6g%3d%3d/0,export,فولاد,تن,0.0,29997.0,222908524.0,6686587.0,1403-10,1403
کچاد,معدنی و صنعتی چادرملو,iron_ore,1403/10/30,گزارش فعالیت ماهانه دوره ۱ ماهه منتهی به  ۱۴۰۳/۱۰/۳۰,۱۴۰۳/۱۱/۰۷ ۱۳:۵۷:۱۸,1301425,False,https://excel.codal.ir/service/Excel/GetAll/68OE1yfawwhvD73m5alh6g%3d%3d/0,domestic,نرمه گندله (Pellet Fine),تن,0.0,5989.0,28526966.0,170848.0,1403-10,1403
کچاد,معدنی و صنعتی چادرملو,iron_ore,1403/10/30,گزارش فعالیت ماهانه دوره ۱ ماهه منتهی به  ۱۴۰۳/۱۰/۳۰,۱۴۰۳/۱۱/۰۷ ۱۳:۵۷:۱۸,1301425,False,https://excel.codal.ir/service/Excel/GetAll/68OE1yfawwhvD73m5alh6g%3d%3d/0,domestic,کنسانتره آهن (خشک ),تن,832704.0,446841.0,43025888.0,19225731.0,1403-10,1403
کچاد,معدنی و صنعتی چادرملو,iron_ore,1403/10/30,گزارش فعالیت ماهانه دوره ۱ ماهه منتهی به  ۱۴۰۳/۱۰/۳۰,۱۴۰۳/۱۱/۰۷ ۱۳:۵۷:۱۸,1301425,False,https://excel.codal.ir/service/Excel/GetAll/68OE1yfawwhvD73m5alh6g%3d%3d/0,domestic,کنسانتره مصرف شده در تولید گندله,تن,0.0,0.0,,0.0,1403-10,1403
کچاد,معدنی و صنعتی چادرملو,iron_ore,1403/10/30,گزارش فعالیت ماهانه دوره ۱ ماهه منتهی به  ۱۴۰۳/۱۰/۳۰,۱۴۰۳/۱۱/۰۷ ۱۳:۵۷:۱۸,1301425,False,https://excel.codal.ir/service/Excel/GetAll/68OE1yfawwhvD73m5alh6g%3d%3d/0,domestic,گندله,تن,356073.0,194764.0,55352940.0,10780760.0,1403-10,1403
کچاد,معدنی و صنعتی چادرملو,iron_ore,1403/11/30,گزارش فعالیت ماهانه دوره ۱ ماهه منتهی به  ۱۴۰۳/۱۱/۳۰,۱۴۰۳/۱۲/۰۷ ۱۷:۱۲:۵۲,1313509,False,https://excel.codal.ir/service/Excel/GetAll/R8lXhJOyqaDqoCn2oz87hw%3d%3d/0,domestic,آهن اسفنجی,تن,54265.0,19269.0,157899839.0,3042572.0,1403-11,1403
کچاد,معدنی و صنعتی چادرملو,iron_ore,1403/11/30,گزارش فعالیت ماهانه دوره ۱ ماهه منتهی به  ۱۴۰۳/۱۱/۳۰,۱۴۰۳/۱۲/۰۷ ۱۷:۱۲:۵۲,1313509,False,https://excel.codal.ir/service/Excel/GetAll/R8lXhJOyqaDqoCn2oz87hw%3d%3d/0,domestic,آپاتیت,تن,,,,0.0,1403-11,1403
کچاد,معدنی و صنعتی چادرملو,iron_ore,1403/11/30,گزارش فعالیت ماهانه دوره ۱ ماهه منتهی به  ۱۴۰۳/۱۱/۳۰,۱۴۰۳/۱۲/۰۷ ۱۷:۱۲:۵۲,1313509,False,https://excel.codal.ir/service/Excel/GetAll/R8lXhJOyqaDqoCn2oz87hw%3d%3d/0,domestic,ارسالی گندله به احیاء,تن,,79916.0,0.0,0.0,1403-11,1403
کچاد,معدنی و صنعتی چادرملو,iron_ore,1403/11/30,گزارش فعالیت ماهانه دوره ۱ ماهه منتهی به  ۱۴۰۳/۱۱/۳۰,۱۴۰۳/۱۲/۰۷ ۱۷:۱۲:۵۲,1313509,False,https://excel.codal.ir/service/Excel/GetAll/R8lXhJOyqaDqoCn2oz87hw%3d%3d/0,domestic,سود سرمایه گذاریها,تن,,,,0.0,1403-11,1403
کچاد,معدنی و صنعتی چادرملو,iron_ore,1403/11/30,گزارش فعالیت ماهانه دوره ۱ ماهه منتهی به  ۱۴۰۳/۱۱/۳۰,۱۴۰۳/۱۲/۰۷ ۱۷:۱۲:۵۲,1313509,False,https://excel.codal.ir/service/Excel/GetAll/R8lXhJOyqaDqoCn2oz87hw%3d%3d/0,domestic,عرضه برق تولیدی (نیروگاه),مگاوات ساعت,335283.0,296987.0,1124840.0,334063.0,1403-11,1403
کچاد,معدنی و صنعتی چادرملو,iron_ore,1403/11/30,گزارش فعالیت ماهانه دوره ۱ ماهه منتهی به  ۱۴۰۳/۱۱/۳۰,۱۴۰۳/۱۲/۰۷ ۱۷:۱۲:۵۲,1313509,False,https://excel.codal.ir/service/Excel/GetAll/R8lXhJOyqaDqoCn2oz87hw%3d%3d/0,domestic,فولاد,تن,43773.0,76647.0,257965269.0,19772264.0,1403-11,1403
کچاد,معدنی و صنعتی چادرملو,iron_ore,1403/11/30,گزارش فعالیت ماهانه دوره ۱ ماهه منتهی به  ۱۴۰۳/۱۱/۳۰,۱۴۰۳/۱۲/۰۷ ۱۷:۱۲:۵۲,1313509,False,https://excel.codal.ir/service/Excel/GetAll/R8lXhJOyqaDqoCn2oz87hw%3d%3d/0,export,فولاد,تن,,,0.0,0.0,1403-11,1403
کچاد,معدنی و صنعتی چادرملو,iron_ore,1403/11/30,گزارش فعالیت ماهانه دوره ۱ ماهه منتهی به  ۱۴۰۳/۱۱/۳۰,۱۴۰۳/۱۲/۰۷ ۱۷:۱۲:۵۲,1313509,False,https://excel.codal.ir/service/Excel/GetAll/R8lXhJOyqaDqoCn2oz87hw%3d%3d/0,domestic,نرمه گندله (Pellet Fine),تن,2336.0,1259.0,19032566.0,23962.0,1403-11,1403
کچاد,معدنی و صنعتی چادرملو,iron_ore,1403/11/30,گزارش فعالیت ماهانه دوره ۱ ماهه منتهی به  ۱۴۰۳/۱۱/۳۰,۱۴۰۳/۱۲/۰۷ ۱۷:۱۲:۵۲,1313509,False,https://excel.codal.ir/service/Excel/GetAll/R8lXhJOyqaDqoCn2oz87hw%3d%3d/0,domestic,کنسانتره آهن (خشک ),تن,764001.0,511415.0,43904727.0,22453536.0,1403-11,1403
کچاد,معدنی و صنعتی چادرملو,iron_ore,1403/11/30,گزارش فعالیت ماهانه دوره ۱ ماهه منتهی به  ۱۴۰۳/۱۱/۳۰,۱۴۰۳/۱۲/۰۷ ۱۷:۱۲:۵۲,1313509,False,https://excel.codal.ir/service/Excel/GetAll/R8lXhJOyqaDqoCn2oz87hw%3d%3d/0,domestic,کنسانتره مصرف شده در تولید گندله,تن,,448582.0,0.0,0.0,1403-11,1403
کچاد,معدنی و صنعتی چادرملو,iron_ore,1403/11/30,گزارش فعالیت ماهانه دوره ۱ ماهه منتهی به  ۱۴۰۳/۱۱/۳۰,۱۴۰۳/۱۲/۰۷ ۱۷:۱۲:۵۲,1313509,False,https://excel.codal.ir/service/Excel/GetAll/R8lXhJOyqaDqoCn2oz87hw%3d%3d/0,domestic,گندله,تن,383980.0,150521.0,56733844.0,8539635.0,1403-11,1403
کچاد,معدنی و صنعتی چادرملو,iron_ore,1403/12/30,گزارش فعالیت ماهانه دوره ۱ ماهه منتهی به  ۱۴۰۳/۱۲/۳۰(اصلاحیه),۱۴۰۴/۰۳/۲۷ ۱۴:۰۱:۲۰,1359693,True,https://excel.codal.ir/service/Excel/GetAll/cUZrv1MujZM7YcWlnFwHgA%3d%3d/0,domestic,آهن اسفنجی,تن,133070.0,46748.0,172495401.0,8063815.0,1403-12,1403
کچاد,معدنی و صنعتی چادرملو,iron_ore,1403/12/30,گزارش فعالیت ماهانه دوره ۱ ماهه منتهی به  ۱۴۰۳/۱۲/۳۰(اصلاحیه),۱۴۰۴/۰۳/۲۷ ۱۴:۰۱:۲۰,1359693,True,https://excel.codal.ir/service/Excel/GetAll/cUZrv1MujZM7YcWlnFwHgA%3d%3d/0,domestic,آپاتیت,تن,,,,0.0,1403-12,1403
کچاد,معدنی و صنعتی چادرملو,iron_ore,1403/12/30,گزارش فعالیت ماهانه دوره ۱ ماهه منتهی به  ۱۴۰۳/۱۲/۳۰(اصلاحیه),۱۴۰۴/۰۳/۲۷ ۱۴:۰۱:۲۰,1359693,True,https://excel.codal.ir/service/Excel/GetAll/cUZrv1MujZM7YcWlnFwHgA%3d%3d/0,domestic,ارسالی گندله به احیاء,تن,,184612.0,0.0,0.0,1403-12,1403
کچاد,معدنی و صنعتی چادرملو,iron_ore,1403/12/30,گزارش فعالیت ماهانه دوره ۱ ماهه منتهی به  ۱۴۰۳/۱۲/۳۰(اصلاحیه),۱۴۰۴/۰۳/۲۷ ۱۴:۰۱:۲۰,1359693,True,https://excel.codal.ir/service/Excel/GetAll/cUZrv1MujZM7YcWlnFwHgA%3d%3d/0,domestic,سود سرمایه گذاریها,تن,,,,19754586.0,1403-12,1403
کچاد,معدنی و صنعتی چادرملو,iron_ore,1403/12/30,گزارش فعالیت ماهانه دوره ۱ ماهه منتهی به  ۱۴۰۳/۱۲/۳۰(اصلاحیه),۱۴۰۴/۰۳/۲۷ ۱۴:۰۱:۲۰,1359693,True,https://excel.codal.ir/service/Excel/GetAll/cUZrv1MujZM7YcWlnFwHgA%3d%3d/0,domestic,عرضه برق تولیدی (نیروگاه),مگاوات ساعت,331517.0,247497.0,1097981.0,271747.0,1403-12,1403
کچاد,معدنی و صنعتی چادرملو,iron_ore,1403/12/30,گزارش فعالیت ماهانه دوره ۱ ماهه منتهی به  ۱۴۰۳/۱۲/۳۰(اصلاحیه),۱۴۰۴/۰۳/۲۷ ۱۴:۰۱:۲۰,1359693,True,https://excel.codal.ir/service/Excel/GetAll/cUZrv1MujZM7YcWlnFwHgA%3d%3d/0,domestic,فولاد,تن,79236.0,80025.0,275813571.0,22071981.0,1403-12,1403
کچاد,معدنی و صنعتی چادرملو,iron_ore,1403/12/30,گزارش فعالیت ماهانه دوره ۱ ماهه منتهی به  ۱۴۰۳/۱۲/۳۰(اصلاحیه),۱۴۰۴/۰۳/۲۷ ۱۴:۰۱:۲۰,1359693,True,https://excel.codal.ir/service/Excel/GetAll/cUZrv1MujZM7YcWlnFwHgA%3d%3d/0,export,فولاد,تن,,,0.0,0.0,1403-12,1403
کچاد,معدنی و صنعتی چادرملو,iron_ore,1403/12/30,گزارش فعالیت ماهانه دوره ۱ ماهه منتهی به  ۱۴۰۳/۱۲/۳۰(اصلاحیه),۱۴۰۴/۰۳/۲۷ ۱۴:۰۱:۲۰,1359693,True,https://excel.codal.ir/service/Excel/GetAll/cUZrv1MujZM7YcWlnFwHgA%3d%3d/0,domestic,نرمه گندله (Pellet Fine),تن,38291.0,72496.0,35893856.0,2602161.0,1403-12,1403
کچاد,معدنی و صنعتی چادرملو,iron_ore,1403/12/30,گزارش فعالیت ماهانه دوره ۱ ماهه منتهی به  ۱۴۰۳/۱۲/۳۰(اصلاحیه),۱۴۰۴/۰۳/۲۷ ۱۴:۰۱:۲۰,1359693,True,https://excel.codal.ir/service/Excel/GetAll/cUZrv1MujZM7YcWlnFwHgA%3d%3d/0,domestic,کنسانتره آهن (خشک ),تن,768372.0,557077.0,46887624.0,26120017.0,1403-12,1403
کچاد,معدنی و صنعتی چادرملو,iron_ore,1403/12/30,گزارش فعالیت ماهانه دوره ۱ ماهه منتهی به  ۱۴۰۳/۱۲/۳۰(اصلاحیه),۱۴۰۴/۰۳/۲۷ ۱۴:۰۱:۲۰,1359693,True,https://excel.codal.ir/service/Excel/GetAll/cUZrv1MujZM7YcWlnFwHgA%3d%3d/0,domestic,کنسانتره مصرف شده در تولید گندله,تن,,367159.0,0.0,0.0,1403-12,1403
کچاد,معدنی و صنعتی چادرملو,iron_ore,1403/12/30,گزارش فعالیت ماهانه دوره ۱ ماهه منتهی به  ۱۴۰۳/۱۲/۳۰(اصلاحیه),۱۴۰۴/۰۳/۲۷ ۱۴:۰۱:۲۰,1359693,True,https://excel.codal.ir/service/Excel/GetAll/cUZrv1MujZM7YcWlnFwHgA%3d%3d/0,domestic,گندله,تن,367919.0,164353.0,61477278.0,10103975.0,1403-12,1403
کچاد,معدنی و صنعتی چادرملو,iron_ore,1404/01/31,گزارش فعالیت ماهانه دوره ۱ ماهه منتهی به  ۱۴۰۴/۰۱/۳۱,۱۴۰۴/۰۲/۰۷ ۱۷:۳۷:۱۸,1336674,False,https://excel.codal.ir/service/Excel/GetAll/OBJOOObOOOIJAqmv9pTJ5ELtUQQQaQQQSg%3d%3d/0,domestic,آهن اسفنجی,تن,149506.0,59406.0,175874710.0,10448013.0,1404-01,1404
کچاد,معدنی و صنعتی چادرملو,iron_ore,1404/01/31,گزارش فعالیت ماهانه دوره ۱ ماهه منتهی به  ۱۴۰۴/۰۱/۳۱,۱۴۰۴/۰۲/۰۷ ۱۷:۳۷:۱۸,1336674,False,https://excel.codal.ir/service/Excel/GetAll/OBJOOObOOOIJAqmv9pTJ5ELtUQQQaQQQSg%3d%3d/0,domestic,آپاتیت,تن,,,,0.0,1404-01,1404
کچاد,معدنی و صنعتی چادرملو,iron_ore,1404/01/31,گزارش فعالیت ماهانه دوره ۱ ماهه منتهی به  ۱۴۰۴/۰۱/۳۱,۱۴۰۴/۰۲/۰۷ ۱۷:۳۷:۱۸,1336674,False,https://excel.codal.ir/service/Excel/GetAll/OBJOOObOOOIJAqmv9pTJ5ELtUQQQaQQQSg%3d%3d/0,domestic,ارسالی گندله به احیاء,تن,,204946.0,0.0,0.0,1404-01,1404
کچاد,معدنی و صنعتی چادرملو,iron_ore,1404/01/31,گزارش فعالیت ماهانه دوره ۱ ماهه منتهی به  ۱۴۰۴/۰۱/۳۱,۱۴۰۴/۰۲/۰۷ ۱۷:۳۷:۱۸,1336674,False,https://excel.codal.ir/service/Excel/GetAll/OBJOOObOOOIJAqmv9pTJ5ELtUQQQaQQQSg%3d%3d/0,domestic,سود سرمایه گذاریها,تن,,,,0.0,1404-01,1404
کچاد,معدنی و صنعتی چادرملو,iron_ore,1404/01/31,گزارش فعالیت ماهانه دوره ۱ ماهه منتهی به  ۱۴۰۴/۰۱/۳۱,۱۴۰۴/۰۲/۰۷ ۱۷:۳۷:۱۸,1336674,False,https://excel.codal.ir/service/Excel/GetAll/OBJOOObOOOIJAqmv9pTJ5ELtUQQQaQQQSg%3d%3d/0,domestic,عرضه برق تولیدی (نیروگاه),مگاوات ساعت,447721.0,280651.0,1365308.0,383175.0,1404-01,1404
کچاد,معدنی و صنعتی چادرملو,iron_ore,1404/01/31,گزارش فعالیت ماهانه دوره ۱ ماهه منتهی به  ۱۴۰۴/۰۱/۳۱,۱۴۰۴/۰۲/۰۷ ۱۷:۳۷:۱۸,1336674,False,https://excel.codal.ir/service/Excel/GetAll/OBJOOObOOOIJAqmv9pTJ5ELtUQQQaQQQSg%3d%3d/0,domestic,فولاد,تن,108442.0,93038.0,294416916.0,27391961.0,1404-01,1404
کچاد,معدنی و صنعتی چادرملو,iron_ore,1404/01/31,گزارش فعالیت ماهانه دوره ۱ ماهه منتهی به  ۱۴۰۴/۰۱/۳۱,۱۴۰۴/۰۲/۰۷ ۱۷:۳۷:۱۸,1336674,False,https://excel.codal.ir/service/Excel/GetAll/OBJOOObOOOIJAqmv9pTJ5ELtUQQQaQQQSg%3d%3d/0,export,فولاد,تن,,,0.0,0.0,1404-01,1404
کچاد,معدنی و صنعتی چادرملو,iron_ore,1404/01/31,گزارش فعالیت ماهانه دوره ۱ ماهه منتهی به  ۱۴۰۴/۰۱/۳۱,۱۴۰۴/۰۲/۰۷ ۱۷:۳۷:۱۸,1336674,False,https://excel.codal.ir/service/Excel/GetAll/OBJOOObOOOIJAqmv9pTJ5ELtUQQQaQQQSg%3d%3d/0,domestic,نرمه گندله (Pellet Fine),تن,12946.0,782.0,19015345.0,14870.0,1404-01,1404
کچاد,معدنی و صنعتی چادرملو,iron_ore,1404/01/31,گزارش فعالیت ماهانه دوره ۱ ماهه منتهی به  ۱۴۰۴/۰۱/۳۱,۱۴۰۴/۰۲/۰۷ ۱۷:۳۷:۱۸,1336674,False,https://excel.codal.ir/service/Excel/GetAll/OBJOOObOOOIJAqmv9pTJ5ELtUQQQaQQQSg%3d%3d/0,domestic,کنسانتره آهن (خشک ),تن,798551.0,441430.0,49066654.0,21659493.0,1404-01,1404
کچاد,معدنی و صنعتی چادرملو,iron_ore,1404/01/31,گزارش فعالیت ماهانه دوره ۱ ماهه منتهی به  ۱۴۰۴/۰۱/۳۱,۱۴۰۴/۰۲/۰۷ ۱۷:۳۷:۱۸,1336674,False,https://excel.codal.ir/service/Excel/GetAll/OBJOOObOOOIJAqmv9pTJ5ELtUQQQaQQQSg%3d%3d/0,domestic,کنسانتره مصرف شده در تولید گندله,تن,,365094.0,0.0,0.0,1404-01,1404
کچاد,معدنی و صنعتی چادرملو,iron_ore,1404/01/31,گزارش فعالیت ماهانه دوره ۱ ماهه منتهی به  ۱۴۰۴/۰۱/۳۱,۱۴۰۴/۰۲/۰۷ ۱۷:۳۷:۱۸,1336674,False,https://excel.codal.ir/service/Excel/GetAll/OBJOOObOOOIJAqmv9pTJ5ELtUQQQaQQQSg%3d%3d/0,domestic,گندله,تن,375435.0,221742.0,67511108.0,14970048.0,1404-01,1404
کچاد,معدنی و صنعتی چادرملو,iron_ore,1404/02/31,گزارش فعالیت ماهانه دوره ۱ ماهه منتهی به  ۱۴۰۴/۰۲/۳۱,۱۴۰۴/۰۳/۰۷ ۱۸:۴۳:۱۱,1352111,False,https://excel.codal.ir/service/Excel/GetAll/Ku5OOObOOOO99ZyCrSUwR3tpxJSw%3d%3d/0,domestic,آهن اسفنجی,تن,156115.0,384.0,172979167.0,66424.0,1404-02,1404
کچاد,معدنی و صنعتی چادرملو,iron_ore,1404/02/31,گزارش فعالیت ماهانه دوره ۱ ماهه منتهی به  ۱۴۰۴/۰۲/۳۱,۱۴۰۴/۰۳/۰۷ ۱۸:۴۳:۱۱,1352111,False,https://excel.codal.ir/service/Excel/GetAll/Ku5OOObOOOO99ZyCrSUwR3tpxJSw%3d%3d/0,domestic,آپاتیت,تن,0.0,504.0,1111037698.0,559963.0,1404-02,1404
کچاد,معدنی و صنعتی چادرملو,iron_ore,1404/02/31,گزارش فعالیت ماهانه دوره ۱ ماهه منتهی به  ۱۴۰۴/۰۲/۳۱,۱۴۰۴/۰۳/۰۷ ۱۸:۴۳:۱۱,1352111,False,https://excel.codal.ir/service/Excel/GetAll/Ku5OOObOOOO99ZyCrSUwR3tpxJSw%3d%3d/0,domestic,ارسالی گندله به احیاء,تن,,213322.0,0.0,0.0,1404-02,1404
کچاد,معدنی و صنعتی چادرملو,iron_ore,1404/02/31,گزارش فعالیت ماهانه دوره ۱ ماهه منتهی به  ۱۴۰۴/۰۲/۳۱,۱۴۰۴/۰۳/۰۷ ۱۸:۴۳:۱۱,1352111,False,https://excel.codal.ir/service/Excel/GetAll/Ku5OOObOOOO99ZyCrSUwR3tpxJSw%3d%3d/0,domestic,سود سرمایه گذاریها,تن,0.0,0.0,,0.0,1404-02,1404
کچاد,معدنی و صنعتی چادرملو,iron_ore,1404/02/31,گزارش فعالیت ماهانه دوره ۱ ماهه منتهی به  ۱۴۰۴/۰۲/۳۱,۱۴۰۴/۰۳/۰۷ ۱۸:۴۳:۱۱,1352111,False,https://excel.codal.ir/service/Excel/GetAll/Ku5OOObOOOO99ZyCrSUwR3tpxJSw%3d%3d/0,domestic,عرضه برق تولیدی (نیروگاه),مگاوات ساعت,496273.0,286311.0,1967427.0,563296.0,1404-02,1404
کچاد,معدنی و صنعتی چادرملو,iron_ore,1404/02/31,گزارش فعالیت ماهانه دوره ۱ ماهه منتهی به  ۱۴۰۴/۰۲/۳۱,۱۴۰۴/۰۳/۰۷ ۱۸:۴۳:۱۱,1352111,False,https://excel.codal.ir/service/Excel/GetAll/Ku5OOObOOOO99ZyCrSUwR3tpxJSw%3d%3d/0,domestic,فولاد,تن,105309.0,94975.0,296826607.0,28191107.0,1404-02,1404
کچاد,معدنی و صنعتی چادرملو,iron_ore,1404/02/31,گزارش فعالیت ماهانه دوره ۱ ماهه منتهی به  ۱۴۰۴/۰۲/۳۱,۱۴۰۴/۰۳/۰۷ ۱۸:۴۳:۱۱,1352111,False,https://excel.codal.ir/service/Excel/GetAll/Ku5OOObOOOO99ZyCrSUwR3tpxJSw%3d%3d/0,export,فولاد,تن,0.0,0.0,0.0,0.0,1404-02,1404
کچاد,معدنی و صنعتی چادرملو,iron_ore,1404/02/31,گزارش فعالیت ماهانه دوره ۱ ماهه منتهی به  ۱۴۰۴/۰۲/۳۱,۱۴۰۴/۰۳/۰۷ ۱۸:۴۳:۱۱,1352111,False,https://excel.codal.ir/service/Excel/GetAll/Ku5OOObOOOO99ZyCrSUwR3tpxJSw%3d%3d/0,domestic,نرمه گندله (Pellet Fine),تن,11158.0,1460.0,19015068.0,27762.0,1404-02,1404
کچاد,معدنی و صنعتی چادرملو,iron_ore,1404/02/31,گزارش فعالیت ماهانه دوره ۱ ماهه منتهی به  ۱۴۰۴/۰۲/۳۱,۱۴۰۴/۰۳/۰۷ ۱۸:۴۳:۱۱,1352111,False,https://excel.codal.ir/service/Excel/GetAll/Ku5OOObOOOO99ZyCrSUwR3tpxJSw%3d%3d/0,domestic,کنسانتره آهن (خشک ),تن,873053.0,624488.0,52035120.0,32495308.0,1404-02,1404
کچاد,معدنی و صنعتی چادرملو,iron_ore,1404/02/31,گزارش فعالیت ماهانه دوره ۱ ماهه منتهی به  ۱۴۰۴/۰۲/۳۱,۱۴۰۴/۰۳/۰۷ ۱۸:۴۳:۱۱,1352111,False,https://excel.codal.ir/service/Excel/GetAll/Ku5OOObOOOO99ZyCrSUwR3tpxJSw%3d%3d/0,domestic,کنسانتره مصرف شده در تولید گندله,تن,,380633.0,0.0,0.0,1404-02,1404
کچاد,معدنی و صنعتی چادرملو,iron_ore,1404/02/31,گزارش فعالیت ماهانه دوره ۱ ماهه منتهی به  ۱۴۰۴/۰۲/۳۱,۱۴۰۴/۰۳/۰۷ ۱۸:۴۳:۱۱,1352111,False,https://excel.codal.ir/service/Excel/GetAll/Ku5OOObOOOO99ZyCrSUwR3tpxJSw%3d%3d/0,domestic,گندله,تن,379126.0,266749.0,68394307.0,18244113.0,1404-02,1404
کچاد,معدنی و صنعتی چادرملو,iron_ore,1404/03/31,گزارش فعالیت ماهانه دوره ۱ ماهه منتهی به  ۱۴۰۴/۰۳/۳۱,۱۴۰۴/۰۴/۰۹ ۱۹:۲۳:۰۵,1364023,False,https://excel.codal.ir/service/Excel/GetAll/uj5OOObOOOVwPb4coI4sYY4h0BGA%3d%3d/0,domestic,آهن اسفنجی,تن,166304.0,,,0.0,1404-03,1404
کچاد,معدنی و صنعتی چادرملو,iron_ore,1404/03/31,گزارش فعالیت ماهانه دوره ۱ ماهه منتهی به  ۱۴۰۴/۰۳/۳۱,۱۴۰۴/۰۴/۰۹ ۱۹:۲۳:۰۵,1364023,False,https://excel.codal.ir/service/Excel/GetAll/uj5OOObOOOVwPb4coI4sYY4h0BGA%3d%3d/0,domestic,آپاتیت,تن,,50.0,11080000.0,554.0,1404-03,1404
کچاد,معدنی و صنعتی چادرملو,iron_ore,1404/03/31,گزارش فعالیت ماهانه دوره ۱ ماهه منتهی به  ۱۴۰۴/۰۳/۳۱,۱۴۰۴/۰۴/۰۹ ۱۹:۲۳:۰۵,1364023,False,https://excel.codal.ir/service/Excel/GetAll/uj5OOObOOOVwPb4coI4sYY4h0BGA%3d%3d/0,domestic,ارسالی گندله به احیاء,تن,,201046.0,0.0,0.0,1404-03,1404
کچاد,معدنی و صنعتی چادرملو,iron_ore,1404/03/31,گزارش فعالیت ماهانه دوره ۱ ماهه منتهی به  ۱۴۰۴/۰۳/۳۱,۱۴۰۴/۰۴/۰۹ ۱۹:۲۳:۰۵,1364023,False,https://excel.codal.ir/service/Excel/GetAll/uj5OOObOOOVwPb4coI4sYY4h0BGA%3d%3d/0,domestic,سود سرمایه گذاریها,تن,,,,0.0,1404-03,1404
کچاد,معدنی و صنعتی چادرملو,iron_ore,1404/03/31,گزارش فعالیت ماهانه دوره ۱ ماهه منتهی به  ۱۴۰۴/۰۳/۳۱,۱۴۰۴/۰۴/۰۹ ۱۹:۲۳:۰۵,1364023,False,https://excel.codal.ir/service/Excel/GetAll/uj5OOObOOOVwPb4coI4sYY4h0BGA%3d%3d/0,domestic,عرضه برق تولیدی (نیروگاه),مگاوات ساعت,488573.0,289685.0,2811416.0,814425.0,1404-03,1404
کچاد,معدنی و صنعتی چادرملو,iron_ore,1404/03/31,گزارش فعالیت ماهانه دوره ۱ ماهه منتهی به  ۱۴۰۴/۰۳/۳۱,۱۴۰۴/۰۴/۰۹ ۱۹:۲۳:۰۵,1364023,False,https://excel.codal.ir/service/Excel/GetAll/uj5OOObOOOVwPb4coI4sYY4h0BGA%3d%3d/0,domestic,فولاد,تن,107982.0,91033.0,291580537.0,26543451.0,1404-03,1404
کچاد,معدنی و صنعتی چادرملو,iron_ore,1404/03/31,گزارش فعالیت ماهانه دوره ۱ ماهه منتهی به  ۱۴۰۴/۰۳/۳۱,۱۴۰۴/۰۴/۰۹ ۱۹:۲۳:۰۵,1364023,False,https://excel.codal.ir/service/Excel/GetAll/uj5OOObOOOVwPb4coI4sYY4h0BGA%3d%3d/0,export,فولاد,تن,,,0.0,0.0,1404-03,1404
کچاد,معدنی و صنعتی چادرملو,iron_ore,1404/03/31,گزارش فعالیت ماهانه دوره ۱ ماهه منتهی به  ۱۴۰۴/۰۳/۳۱,۱۴۰۴/۰۴/۰۹ ۱۹:۲۳:۰۵,1364023,False,https://excel.codal.ir/service/Excel/GetAll/uj5OOObOOOVwPb4coI4sYY4h0BGA%3d%3d/0,domestic,نرمه گندله (Pellet Fine),تن,7759.0,28765.0,33381227.0,960211.0,1404-03,1404
کچاد,معدنی و صنعتی چادرملو,iron_ore,1404/03/31,گزارش فعالیت ماهانه دوره ۱ ماهه منتهی به  ۱۴۰۴/۰۳/۳۱,۱۴۰۴/۰۴/۰۹ ۱۹:۲۳:۰۵,1364023,False,https://excel.codal.ir/service/Excel/GetAll/uj5OOObOOOVwPb4coI4sYY4h0BGA%3d%3d/0,domestic,کنسانتره آهن (خشک ),تن,880014.0,333856.0,57685682.0,19258711.0,1404-03,1404
کچاد,معدنی و صنعتی چادرملو,iron_ore,1404/03/31,گزارش فعالیت ماهانه دوره ۱ ماهه منتهی به  ۱۴۰۴/۰۳/۳۱,۱۴۰۴/۰۴/۰۹ ۱۹:۲۳:۰۵,1364023,False,https://excel.codal.ir/service/Excel/GetAll/uj5OOObOOOVwPb4coI4sYY4h0BGA%3d%3d/0,domestic,کنسانتره مصرف شده در تولید گندله,تن,,439572.0,0.0,0.0,1404-03,1404
کچاد,معدنی و صنعتی چادرملو,iron_ore,1404/03/31,گزارش فعالیت ماهانه دوره ۱ ماهه منتهی به  ۱۴۰۴/۰۳/۳۱,۱۴۰۴/۰۴/۰۹ ۱۹:۲۳:۰۵,1364023,False,https://excel.codal.ir/service/Excel/GetAll/uj5OOObOOOVwPb4coI4sYY4h0BGA%3d%3d/0,domestic,گندله,تن,388988.0,273106.0,68119595.0,18603870.0,1404-03,1404
کچاد,معدنی و صنعتی چادرملو,iron_ore,1404/04/31,گزارش فعالیت ماهانه دوره ۱ ماهه منتهی به  ۱۴۰۴/۰۴/۳۱,۱۴۰۴/۰۵/۰۷ ۱۹:۱۰:۲۵,1385767,False,https://excel.codal.ir/service/Excel/GetAll/0z7oq3JdGnYZKCjm2tc8Mw%3d%3d/0,domestic,آهن اسفنجی,تن,147126.0,,,0.0,1404-04,1404
کچاد,معدنی و صنعتی چادرملو,iron_ore,1404/04/31,گزارش فعالیت ماهانه دوره ۱ ماهه منتهی به  ۱۴۰۴/۰۴/۳۱,۱۴۰۴/۰۵/۰۷ ۱۹:۱۰:۲۵,1385767,False,https://excel.codal.ir/service/Excel/GetAll/0z7oq3JdGnYZKCjm2tc8Mw%3d%3d/0,domestic,آپاتیت,تن,,,,0.0,1404-04,1404
کچاد,معدنی و صنعتی چادرملو,iron_ore,1404/04/31,گزارش فعالیت ماهانه دوره ۱ ماهه منتهی به  ۱۴۰۴/۰۴/۳۱,۱۴۰۴/۰۵/۰۷ ۱۹:۱۰:۲۵,1385767,False,https://excel.codal.ir/service/Excel/GetAll/0z7oq3JdGnYZKCjm2tc8Mw%3d%3d/0,domestic,ارسالی گندله به احیاء,تن,,201272.0,0.0,0.0,1404-04,1404
کچاد,معدنی و صنعتی چادرملو,iron_ore,1404/04/31,گزارش فعالیت ماهانه دوره ۱ ماهه منتهی به  ۱۴۰۴/۰۴/۳۱,۱۴۰۴/۰۵/۰۷ ۱۹:۱۰:۲۵,1385767,False,https://excel.codal.ir/service/Excel/GetAll/0z7oq3JdGnYZKCjm2tc8Mw%3d%3d/0,domestic,سود سرمایه گذاریها,تن,,,,0.0,1404-04,1404
کچاد,معدنی و صنعتی چادرملو,iron_ore,1404/04/31,گزارش فعالیت ماهانه دوره ۱ ماهه منتهی به  ۱۴۰۴/۰۴/۳۱,۱۴۰۴/۰۵/۰۷ ۱۹:۱۰:۲۵,1385767,False,https://excel.codal.ir/service/Excel/GetAll/0z7oq3JdGnYZKCjm2tc8Mw%3d%3d/0,domestic,عرضه برق تولیدی (نیروگاه),مگاوات ساعت,485095.0,290058.0,3042271.0,882435.0,1404-04,1404
کچاد,معدنی و صنعتی چادرملو,iron_ore,1404/04/31,گزارش فعالیت ماهانه دوره ۱ ماهه منتهی به  ۱۴۰۴/۰۴/۳۱,۱۴۰۴/۰۵/۰۷ ۱۹:۱۰:۲۵,1385767,False,https://excel.codal.ir/service/Excel/GetAll/0z7oq3JdGnYZKCjm2tc8Mw%3d%3d/0,domestic,فولاد,تن,95169.0,88200.0,298288016.0,26309003.0,1404-04,1404
کچاد,معدنی و صنعتی چادرملو,iron_ore,1404/04/31,گزارش فعالیت ماهانه دوره ۱ ماهه منتهی به  ۱۴۰۴/۰۴/۳۱,۱۴۰۴/۰۵/۰۷ ۱۹:۱۰:۲۵,1385767,False,https://excel.codal.ir/service/Excel/GetAll/0z7oq3JdGnYZKCjm2tc8Mw%3d%3d/0,export,فولاد,تن,,,0.0,0.0,1404-04,1404
کچاد,معدنی و صنعتی چادرملو,iron_ore,1404/04/31,گزارش فعالیت ماهانه دوره ۱ ماهه منتهی به  ۱۴۰۴/۰۴/۳۱,۱۴۰۴/۰۵/۰۷ ۱۹:۱۰:۲۵,1385767,False,https://excel.codal.ir/service/Excel/GetAll/0z7oq3JdGnYZKCjm2tc8Mw%3d%3d/0,domestic,نرمه گندله (Pellet Fine),تن,3986.0,25442.0,32600189.0,829414.0,1404-04,1404
کچاد,معدنی و صنعتی چادرملو,iron_ore,1404/04/31,گزارش فعالیت ماهانه دوره ۱ ماهه منتهی به  ۱۴۰۴/۰۴/۳۱,۱۴۰۴/۰۵/۰۷ ۱۹:۱۰:۲۵,1385767,False,https://excel.codal.ir/service/Excel/GetAll/0z7oq3JdGnYZKCjm2tc8Mw%3d%3d/0,domestic,کنسانتره آهن (خشک ),تن,875964.0,156181.0,58081694.0,9071257.0,1404-04,1404
کچاد,معدنی و صنعتی چادرملو,iron_ore,1404/04/31,گزارش فعالیت ماهانه دوره ۱ ماهه منتهی به  ۱۴۰۴/۰۴/۳۱,۱۴۰۴/۰۵/۰۷ ۱۹:۱۰:۲۵,1385767,False,https://excel.codal.ir/service/Excel/GetAll/0z7oq3JdGnYZKCjm2tc8Mw%3d%3d/0,domestic,کنسانتره مصرف شده در تولید گندله,تن,,442988.0,0.0,0.0,1404-04,1404
کچاد,معدنی و صنعتی چادرملو,iron_ore,1404/04/31,گزارش فعالیت ماهانه دوره ۱ ماهه منتهی به  ۱۴۰۴/۰۴/۳۱,۱۴۰۴/۰۵/۰۷ ۱۹:۱۰:۲۵,1385767,False,https://excel.codal.ir/service/Excel/GetAll/0z7oq3JdGnYZKCjm2tc8Mw%3d%3d/0,domestic,گندله,تن,379060.0,200801.0,68420466.0,13738898.0,1404-04,1404
کچاد,معدنی و صنعتی چادرملو,iron_ore,1404/05/31,گزارش فعالیت ماهانه دوره ۱ ماهه منتهی به  ۱۴۰۴/۰۵/۳۱(اصلاحیه),۱۴۰۴/۰۶/۲۷ ۱۲:۴۷:۴۷,1401130,True,https://excel.codal.ir/service/Excel/GetAll/oY2etPdi3UrSwnGyTWGz9A%3d%3d/0,domestic,آهن اسفنجی,تن,148868.0,,,0.0,1404-05,1404
کچاد,معدنی و صنعتی چادرملو,iron_ore,1404/05/31,گزارش فعالیت ماهانه دوره ۱ ماهه منتهی به  ۱۴۰۴/۰۵/۳۱(اصلاحیه),۱۴۰۴/۰۶/۲۷ ۱۲:۴۷:۴۷,1401130,True,https://excel.codal.ir/service/Excel/GetAll/oY2etPdi3UrSwnGyTWGz9A%3d%3d/0,domestic,آپاتیت,تن,,49.0,35938776.0,1761.0,1404-05,1404
کچاد,معدنی و صنعتی چادرملو,iron_ore,1404/05/31,گزارش فعالیت ماهانه دوره ۱ ماهه منتهی به  ۱۴۰۴/۰۵/۳۱(اصلاحیه),۱۴۰۴/۰۶/۲۷ ۱۲:۴۷:۴۷,1401130,True,https://excel.codal.ir/service/Excel/GetAll/oY2etPdi3UrSwnGyTWGz9A%3d%3d/0,domestic,ارسالی گندله به احیاء,تن,,201776.0,0.0,0.0,1404-05,1404
کچاد,معدنی و صنعتی چادرملو,iron_ore,1404/05/31,گزارش فعالیت ماهانه دوره ۱ ماهه منتهی به  ۱۴۰۴/۰۵/۳۱(اصلاحیه),۱۴۰۴/۰۶/۲۷ ۱۲:۴۷:۴۷,1401130,True,https://excel.codal.ir/service/Excel/GetAll/oY2etPdi3UrSwnGyTWGz9A%3d%3d/0,domestic,سود سرمایه گذاریها,تن,,,,0.0,1404-05,1404
کچاد,معدنی و صنعتی چادرملو,iron_ore,1404/05/31,گزارش فعالیت ماهانه دوره ۱ ماهه منتهی به  ۱۴۰۴/۰۵/۳۱(اصلاحیه),۱۴۰۴/۰۶/۲۷ ۱۲:۴۷:۴۷,1401130,True,https://excel.codal.ir/service/Excel/GetAll/oY2etPdi3UrSwnGyTWGz9A%3d%3d/0,domestic,عرضه برق تولیدی (نیروگاه),مگاوات ساعت,491346.0,293823.0,2522059.0,741039.0,1404-05,1404
کچاد,معدنی و صنعتی چادرملو,iron_ore,1404/05/31,گزارش فعالیت ماهانه دوره ۱ ماهه منتهی به  ۱۴۰۴/۰۵/۳۱(اصلاحیه),۱۴۰۴/۰۶/۲۷ ۱۲:۴۷:۴۷,1401130,True,https://excel.codal.ir/service/Excel/GetAll/oY2etPdi3UrSwnGyTWGz9A%3d%3d/0,domestic,فولاد,تن,108059.0,94136.0,301905626.0,28420188.0,1404-05,1404
کچاد,معدنی و صنعتی چادرملو,iron_ore,1404/05/31,گزارش فعالیت ماهانه دوره ۱ ماهه منتهی به  ۱۴۰۴/۰۵/۳۱(اصلاحیه),۱۴۰۴/۰۶/۲۷ ۱۲:۴۷:۴۷,1401130,True,https://excel.codal.ir/service/Excel/GetAll/oY2etPdi3UrSwnGyTWGz9A%3d%3d/0,export,فولاد,تن,,28968.0,287517053.0,8328794.0,1404-05,1404
کچاد,معدنی و صنعتی چادرملو,iron_ore,1404/05/31,گزارش فعالیت ماهانه دوره ۱ ماهه منتهی به  ۱۴۰۴/۰۵/۳۱(اصلاحیه),۱۴۰۴/۰۶/۲۷ ۱۲:۴۷:۴۷,1401130,True,https://excel.codal.ir/service/Excel/GetAll/oY2etPdi3UrSwnGyTWGz9A%3d%3d/0,domestic,نرمه گندله (Pellet Fine),تن,5284.0,18593.0,32600065.0,606133.0,1404-05,1404
کچاد,معدنی و صنعتی چادرملو,iron_ore,1404/05/31,گزارش فعالیت ماهانه دوره ۱ ماهه منتهی به  ۱۴۰۴/۰۵/۳۱(اصلاحیه),۱۴۰۴/۰۶/۲۷ ۱۲:۴۷:۴۷,1401130,True,https://excel.codal.ir/service/Excel/GetAll/oY2etPdi3UrSwnGyTWGz9A%3d%3d/0,domestic,کنسانتره آهن (خشک ),تن,871730.0,348791.0,56555143.0,19725925.0,1404-05,1404
کچاد,معدنی و صنعتی چادرملو,iron_ore,1404/05/31,گزارش فعالیت ماهانه دوره ۱ ماهه منتهی به  ۱۴۰۴/۰۵/۳۱(اصلاحیه),۱۴۰۴/۰۶/۲۷ ۱۲:۴۷:۴۷,1401130,True,https://excel.codal.ir/service/Excel/GetAll/oY2etPdi3UrSwnGyTWGz9A%3d%3d/0,domestic,کنسانتره مصرف شده در تولید گندله,تن,,401042.0,0.0,0.0,1404-05,1404
کچاد,معدنی و صنعتی چادرملو,iron_ore,1404/05/31,گزارش فعالیت ماهانه دوره ۱ ماهه منتهی به  ۱۴۰۴/۰۵/۳۱(اصلاحیه),۱۴۰۴/۰۶/۲۷ ۱۲:۴۷:۴۷,1401130,True,https://excel.codal.ir/service/Excel/GetAll/oY2etPdi3UrSwnGyTWGz9A%3d%3d/0,domestic,گندله,تن,356459.0,167570.0,68009662.0,11396379.0,1404-05,1404
کچاد,معدنی و صنعتی چادرملو,iron_ore,1404/06/31,گزارش فعالیت ماهانه دوره ۱ ماهه منتهی به  ۱۴۰۴/۰۶/۳۱(اصلاحیه),۱۴۰۴/۰۹/۲۸ ۱۴:۲۹:۰۹,1460311,True,https://excel.codal.ir/service/Excel/GetAll/JpYMP3H7IVE21mSeig13cg%3d%3d/0,domestic,آهن اسفنجی,تن,156058.0,,,0.0,1404-06,1404
کچاد,معدنی و صنعتی چادرملو,iron_ore,1404/06/31,گزارش فعالیت ماهانه دوره ۱ ماهه منتهی به  ۱۴۰۴/۰۶/۳۱(اصلاحیه),۱۴۰۴/۰۹/۲۸ ۱۴:۲۹:۰۹,1460311,True,https://excel.codal.ir/service/Excel/GetAll/JpYMP3H7IVE21mSeig13cg%3d%3d/0,domestic,آپاتیت,تن,,96.0,38062500.0,3654.0,1404-06,1404
کچاد,معدنی و صنعتی چادرملو,iron_ore,1404/06/31,گزارش فعالیت ماهانه دوره ۱ ماهه منتهی به  ۱۴۰۴/۰۶/۳۱(اصلاحیه),۱۴۰۴/۰۹/۲۸ ۱۴:۲۹:۰۹,1460311,True,https://excel.codal.ir/service/Excel/GetAll/JpYMP3H7IVE21mSeig13cg%3d%3d/0,domestic,ارسالی گندله به احیاء,تن,,202856.0,0.0,0.0,1404-06,1404
کچاد,معدنی و صنعتی چادرملو,iron_ore,1404/06/31,گزارش فعالیت ماهانه دوره ۱ ماهه منتهی به  ۱۴۰۴/۰۶/۳۱(اصلاحیه),۱۴۰۴/۰۹/۲۸ ۱۴:۲۹:۰۹,1460311,True,https://excel.codal.ir/service/Excel/GetAll/JpYMP3H7IVE21mSeig13cg%3d%3d/0,domestic,سود سرمایه گذاریها,تن,,,,571157.0,1404-06,1404
کچاد,معدنی و صنعتی چادرملو,iron_ore,1404/06/31,گزارش فعالیت ماهانه دوره ۱ ماهه منتهی به  ۱۴۰۴/۰۶/۳۱(اصلاحیه),۱۴۰۴/۰۹/۲۸ ۱۴:۲۹:۰۹,1460311,True,https://excel.codal.ir/service/Excel/GetAll/JpYMP3H7IVE21mSeig13cg%3d%3d/0,domestic,عرضه برق تولیدی (نیروگاه),مگاوات ساعت,512310.0,301902.0,4426980.0,1336514.0,1404-06,1404
کچاد,معدنی و صنعتی چادرملو,iron_ore,1404/06/31,گزارش فعالیت ماهانه دوره ۱ ماهه منتهی به  ۱۴۰۴/۰۶/۳۱(اصلاحیه),۱۴۰۴/۰۹/۲۸ ۱۴:۲۹:۰۹,1460311,True,https://excel.codal.ir/service/Excel/GetAll/JpYMP3H7IVE21mSeig13cg%3d%3d/0,domestic,فولاد,تن,106473.0,121064.0,303180880.0,36704290.0,1404-06,1404
کچاد,معدنی و صنعتی چادرملو,iron_ore,1404/06/31,گزارش فعالیت ماهانه دوره ۱ ماهه منتهی به  ۱۴۰۴/۰۶/۳۱(اصلاحیه),۱۴۰۴/۰۹/۲۸ ۱۴:۲۹:۰۹,1460311,True,https://excel.codal.ir/service/Excel/GetAll/JpYMP3H7IVE21mSeig13cg%3d%3d/0,export,فولاد,تن,,,0.0,0.0,1404-06,1404
کچاد,معدنی و صنعتی چادرملو,iron_ore,1404/06/31,گزارش فعالیت ماهانه دوره ۱ ماهه منتهی به  ۱۴۰۴/۰۶/۳۱(اصلاحیه),۱۴۰۴/۰۹/۲۸ ۱۴:۲۹:۰۹,1460311,True,https://excel.codal.ir/service/Excel/GetAll/JpYMP3H7IVE21mSeig13cg%3d%3d/0,domestic,نرمه گندله (Pellet Fine),تن,3197.0,247.0,21510121.0,5313.0,1404-06,1404
کچاد,معدنی و صنعتی چادرملو,iron_ore,1404/06/31,گزارش فعالیت ماهانه دوره ۱ ماهه منتهی به  ۱۴۰۴/۰۶/۳۱(اصلاحیه),۱۴۰۴/۰۹/۲۸ ۱۴:۲۹:۰۹,1460311,True,https://excel.codal.ir/service/Excel/GetAll/JpYMP3H7IVE21mSeig13cg%3d%3d/0,domestic,کنسانتره آهن (خشک ),تن,909135.0,502043.0,57791036.0,29013585.0,1404-06,1404
کچاد,معدنی و صنعتی چادرملو,iron_ore,1404/06/31,گزارش فعالیت ماهانه دوره ۱ ماهه منتهی به  ۱۴۰۴/۰۶/۳۱(اصلاحیه),۱۴۰۴/۰۹/۲۸ ۱۴:۲۹:۰۹,1460311,True,https://excel.codal.ir/service/Excel/GetAll/JpYMP3H7IVE21mSeig13cg%3d%3d/0,domestic,کنسانتره مصرف شده در تولید گندله,تن,,412317.0,0.0,0.0,1404-06,1404
کچاد,معدنی و صنعتی چادرملو,iron_ore,1404/06/31,گزارش فعالیت ماهانه دوره ۱ ماهه منتهی به  ۱۴۰۴/۰۶/۳۱(اصلاحیه),۱۴۰۴/۰۹/۲۸ ۱۴:۲۹:۰۹,1460311,True,https://excel.codal.ir/service/Excel/GetAll/JpYMP3H7IVE21mSeig13cg%3d%3d/0,domestic,گندله,تن,361885.0,108367.0,67862624.0,7354069.0,1404-06,1404
کچاد,معدنی و صنعتی چادرملو,iron_ore,1404/06/31,گزارش فعالیت ماهانه دوره ۱ ماهه منتهی به  ۱۴۰۴/۰۶/۳۱(اصلاحیه),۱۴۰۴/۰۹/۲۸ ۱۴:۲۹:۰۹,1460311,True,https://excel.codal.ir/service/Excel/GetAll/JpYMP3H7IVE21mSeig13cg%3d%3d/0,export,گندله,تن,,69426.0,65167531.0,4524321.0,1404-06,1404
کچاد,معدنی و صنعتی چادرملو,iron_ore,1404/07/30,گزارش فعالیت ماهانه دوره ۱ ماهه منتهی به  ۱۴۰۴/۰۷/۳۰(اصلاحیه),۱۴۰۴/۱۰/۰۷ ۱۵:۴۰:۳۱,1465532,True,https://excel.codal.ir/service/Excel/GetAll/RSR5U1lLX3nS7YzOC2T7Yw%3d%3d/0,domestic,آهن اسفنجی,تن,137028.0,0.0,,0.0,1404-07,1404
کچاد,معدنی و صنعتی چادرملو,iron_ore,1404/07/30,گزارش فعالیت ماهانه دوره ۱ ماهه منتهی به  ۱۴۰۴/۰۷/۳۰(اصلاحیه),۱۴۰۴/۱۰/۰۷ ۱۵:۴۰:۳۱,1465532,True,https://excel.codal.ir/service/Excel/GetAll/RSR5U1lLX3nS7YzOC2T7Yw%3d%3d/0,domestic,آپاتیت,تن,0.0,47.0,35978723.0,1691.0,1404-07,1404
کچاد,معدنی و صنعتی چادرملو,iron_ore,1404/07/30,گزارش فعالیت ماهانه دوره ۱ ماهه منتهی به  ۱۴۰۴/۰۷/۳۰(اصلاحیه),۱۴۰۴/۱۰/۰۷ ۱۵:۴۰:۳۱,1465532,True,https://excel.codal.ir/service/Excel/GetAll/RSR5U1lLX3nS7YzOC2T7Yw%3d%3d/0,domestic,ارسالی گندله به احیاء,تن,0.0,188086.0,0.0,0.0,1404-07,1404
کچاد,معدنی و صنعتی چادرملو,iron_ore,1404/07/30,گزارش فعالیت ماهانه دوره ۱ ماهه منتهی به  ۱۴۰۴/۰۷/۳۰(اصلاحیه),۱۴۰۴/۱۰/۰۷ ۱۵:۴۰:۳۱,1465532,True,https://excel.codal.ir/service/Excel/GetAll/RSR5U1lLX3nS7YzOC2T7Yw%3d%3d/0,export,سود سرمایه گذاریها,تن,0.0,0.0,0.0,0.0,1404-07,1404
کچاد,معدنی و صنعتی چادرملو,iron_ore,1404/07/30,گزارش فعالیت ماهانه دوره ۱ ماهه منتهی به  ۱۴۰۴/۰۷/۳۰(اصلاحیه),۱۴۰۴/۱۰/۰۷ ۱۵:۴۰:۳۱,1465532,True,https://excel.codal.ir/service/Excel/GetAll/RSR5U1lLX3nS7YzOC2T7Yw%3d%3d/0,domestic,عرضه برق تولیدی (نیروگاه),مگاوات ساعت,461055.0,200509.0,3946805.0,791370.0,1404-07,1404
کچاد,معدنی و صنعتی چادرملو,iron_ore,1404/07/30,گزارش فعالیت ماهانه دوره ۱ ماهه منتهی به  ۱۴۰۴/۰۷/۳۰(اصلاحیه),۱۴۰۴/۱۰/۰۷ ۱۵:۴۰:۳۱,1465532,True,https://excel.codal.ir/service/Excel/GetAll/RSR5U1lLX3nS7YzOC2T7Yw%3d%3d/0,domestic,فولاد,تن,106087.0,108476.0,311553099.0,33796034.0,1404-07,1404
کچاد,معدنی و صنعتی چادرملو,iron_ore,1404/07/30,گزارش فعالیت ماهانه دوره ۱ ماهه منتهی به  ۱۴۰۴/۰۷/۳۰(اصلاحیه),۱۴۰۴/۱۰/۰۷ ۱۵:۴۰:۳۱,1465532,True,https://excel.codal.ir/service/Excel/GetAll/RSR5U1lLX3nS7YzOC2T7Yw%3d%3d/0,export,فولاد,تن,0.0,0.0,0.0,0.0,1404-07,1404
کچاد,معدنی و صنعتی چادرملو,iron_ore,1404/07/30,گزارش فعالیت ماهانه دوره ۱ ماهه منتهی به  ۱۴۰۴/۰۷/۳۰(اصلاحیه),۱۴۰۴/۱۰/۰۷ ۱۵:۴۰:۳۱,1465532,True,https://excel.codal.ir/service/Excel/GetAll/RSR5U1lLX3nS7YzOC2T7Yw%3d%3d/0,domestic,نرمه گندله (Pellet Fine),تن,4309.0,4979.0,13645310.0,67940.0,1404-07,1404
کچاد,معدنی و صنعتی چادرملو,iron_ore,1404/07/30,گزارش فعالیت ماهانه دوره ۱ ماهه منتهی به  ۱۴۰۴/۰۷/۳۰(اصلاحیه),۱۴۰۴/۱۰/۰۷ ۱۵:۴۰:۳۱,1465532,True,https://excel.codal.ir/service/Excel/GetAll/RSR5U1lLX3nS7YzOC2T7Yw%3d%3d/0,domestic,کنسانتره آهن (خشک ),تن,821400.0,535262.0,60609145.0,32441772.0,1404-07,1404
کچاد,معدنی و صنعتی چادرملو,iron_ore,1404/07/30,گزارش فعالیت ماهانه دوره ۱ ماهه منتهی به  ۱۴۰۴/۰۷/۳۰(اصلاحیه),۱۴۰۴/۱۰/۰۷ ۱۵:۴۰:۳۱,1465532,True,https://excel.codal.ir/service/Excel/GetAll/RSR5U1lLX3nS7YzOC2T7Yw%3d%3d/0,domestic,کنسانتره مصرف شده در تولید گندله,تن,,339704.0,0.0,0.0,1404-07,1404
کچاد,معدنی و صنعتی چادرملو,iron_ore,1404/07/30,گزارش فعالیت ماهانه دوره ۱ ماهه منتهی به  ۱۴۰۴/۰۷/۳۰(اصلاحیه),۱۴۰۴/۱۰/۰۷ ۱۵:۴۰:۳۱,1465532,True,https://excel.codal.ir/service/Excel/GetAll/RSR5U1lLX3nS7YzOC2T7Yw%3d%3d/0,domestic,گندله,تن,335350.0,131462.0,69024593.0,9074111.0,1404-07,1404
کچاد,معدنی و صنعتی چادرملو,iron_ore,1404/07/30,گزارش فعالیت ماهانه دوره ۱ ماهه منتهی به  ۱۴۰۴/۰۷/۳۰(اصلاحیه),۱۴۰۴/۱۰/۰۷ ۱۵:۴۰:۳۱,1465532,True,https://excel.codal.ir/service/Excel/GetAll/RSR5U1lLX3nS7YzOC2T7Yw%3d%3d/0,export,گندله,تن,0.0,0.0,0.0,0.0,1404-07,1404
کچاد,معدنی و صنعتی چادرملو,iron_ore,1404/08/30,گزارش فعالیت ماهانه دوره ۱ ماهه منتهی به  ۱۴۰۴/۰۸/۳۰(اصلاحیه),۱۴۰۴/۱۰/۰۷ ۱۸:۴۴:۳۶,1465531,True,https://excel.codal.ir/service/Excel/GetAll/k0HCLjB2JW7H0r9gebntnw%3d%3d/0,domestic,آهن اسفنجی,تن,142018.0,,,0.0,1404-08,1404
کچاد,معدنی و صنعتی چادرملو,iron_ore,1404/08/30,گزارش فعالیت ماهانه دوره ۱ ماهه منتهی به  ۱۴۰۴/۰۸/۳۰(اصلاحیه),۱۴۰۴/۱۰/۰۷ ۱۸:۴۴:۳۶,1465531,True,https://excel.codal.ir/service/Excel/GetAll/k0HCLjB2JW7H0r9gebntnw%3d%3d/0,domestic,آپاتیت,تن,,,,0.0,1404-08,1404
کچاد,معدنی و صنعتی چادرملو,iron_ore,1404/08/30,گزارش فعالیت ماهانه دوره ۱ ماهه منتهی به  ۱۴۰۴/۰۸/۳۰(اصلاحیه),۱۴۰۴/۱۰/۰۷ ۱۸:۴۴:۳۶,1465531,True,https://excel.codal.ir/service/Excel/GetAll/k0HCLjB2JW7H0r9gebntnw%3d%3d/0,domestic,ارسالی گندله به احیاء,تن,,190369.0,0.0,0.0,1404-08,1404
کچاد,معدنی و صنعتی چادرملو,iron_ore,1404/08/30,گزارش فعالیت ماهانه دوره ۱ ماهه منتهی به  ۱۴۰۴/۰۸/۳۰(اصلاحیه),۱۴۰۴/۱۰/۰۷ ۱۸:۴۴:۳۶,1465531,True,https://excel.codal.ir/service/Excel/GetAll/k0HCLjB2JW7H0r9gebntnw%3d%3d/0,export,سود سرمایه گذاریها,تن,0.0,0.0,0.0,0.0,1404-08,1404
کچاد,معدنی و صنعتی چادرملو,iron_ore,1404/08/30,گزارش فعالیت ماهانه دوره ۱ ماهه منتهی به  ۱۴۰۴/۰۸/۳۰(اصلاحیه),۱۴۰۴/۱۰/۰۷ ۱۸:۴۴:۳۶,1465531,True,https://excel.codal.ir/service/Excel/GetAll/k0HCLjB2JW7H0r9gebntnw%3d%3d/0,domestic,عرضه برق تولیدی (نیروگاه),مگاوات ساعت,391563.0,232505.0,3088781.0,718157.0,1404-08,1404
کچاد,معدنی و صنعتی چادرملو,iron_ore,1404/08/30,گزارش فعالیت ماهانه دوره ۱ ماهه منتهی به  ۱۴۰۴/۰۸/۳۰(اصلاحیه),۱۴۰۴/۱۰/۰۷ ۱۸:۴۴:۳۶,1465531,True,https://excel.codal.ir/service/Excel/GetAll/k0HCLjB2JW7H0r9gebntnw%3d%3d/0,domestic,فولاد,تن,105421.0,111085.0,325363352.0,36142988.0,1404-08,1404
کچاد,معدنی و صنعتی چادرملو,iron_ore,1404/08/30,گزارش فعالیت ماهانه دوره ۱ ماهه منتهی به  ۱۴۰۴/۰۸/۳۰(اصلاحیه),۱۴۰۴/۱۰/۰۷ ۱۸:۴۴:۳۶,1465531,True,https://excel.codal.ir/service/Excel/GetAll/k0HCLjB2JW7H0r9gebntnw%3d%3d/0,export,فولاد,تن,,,0.0,0.0,1404-08,1404
کچاد,معدنی و صنعتی چادرملو,iron_ore,1404/08/30,گزارش فعالیت ماهانه دوره ۱ ماهه منتهی به  ۱۴۰۴/۰۸/۳۰(اصلاحیه),۱۴۰۴/۱۰/۰۷ ۱۸:۴۴:۳۶,1465531,True,https://excel.codal.ir/service/Excel/GetAll/k0HCLjB2JW7H0r9gebntnw%3d%3d/0,domestic,نرمه گندله (Pellet Fine),تن,2421.0,1233.0,21552311.0,26574.0,1404-08,1404
کچاد,معدنی و صنعتی چادرملو,iron_ore,1404/08/30,گزارش فعالیت ماهانه دوره ۱ ماهه منتهی به  ۱۴۰۴/۰۸/۳۰(اصلاحیه),۱۴۰۴/۱۰/۰۷ ۱۸:۴۴:۳۶,1465531,True,https://excel.codal.ir/service/Excel/GetAll/k0HCLjB2JW7H0r9gebntnw%3d%3d/0,domestic,کنسانتره آهن (خشک ),تن,850900.0,531767.0,63206436.0,33611097.0,1404-08,1404
کچاد,معدنی و صنعتی چادرملو,iron_ore,1404/08/30,گزارش فعالیت ماهانه دوره ۱ ماهه منتهی به  ۱۴۰۴/۰۸/۳۰(اصلاحیه),۱۴۰۴/۱۰/۰۷ ۱۸:۴۴:۳۶,1465531,True,https://excel.codal.ir/service/Excel/GetAll/k0HCLjB2JW7H0r9gebntnw%3d%3d/0,domestic,کنسانتره مصرف شده در تولید گندله,تن,,339560.0,0.0,0.0,1404-08,1404
کچاد,معدنی و صنعتی چادرملو,iron_ore,1404/08/30,گزارش فعالیت ماهانه دوره ۱ ماهه منتهی به  ۱۴۰۴/۰۸/۳۰(اصلاحیه),۱۴۰۴/۱۰/۰۷ ۱۸:۴۴:۳۶,1465531,True,https://excel.codal.ir/service/Excel/GetAll/k0HCLjB2JW7H0r9gebntnw%3d%3d/0,domestic,گندله,تن,363738.0,196937.0,72069347.0,14193121.0,1404-08,1404
کچاد,معدنی و صنعتی چادرملو,iron_ore,1404/08/30,گزارش فعالیت ماهانه دوره ۱ ماهه منتهی به  ۱۴۰۴/۰۸/۳۰(اصلاحیه),۱۴۰۴/۱۰/۰۷ ۱۸:۴۴:۳۶,1465531,True,https://excel.codal.ir/service/Excel/GetAll/k0HCLjB2JW7H0r9gebntnw%3d%3d/0,export,گندله,تن,,0.0,0.0,0.0,1404-08,1404
کچاد,معدنی و صنعتی چادرملو,iron_ore,1404/09/30,گزارش فعالیت ماهانه دوره ۱ ماهه منتهی به  ۱۴۰۴/۰۹/۳۰(اصلاحیه),۱۴۰۵/۰۲/۲۳ ۱۵:۱۹:۱۱,1525306,True,https://excel.codal.ir/service/Excel/GetAll/ZTPJfn2Qjmlifta4ZfSfig%3d%3d/0,domestic,آهن اسفنجی,تن,131259.0,,,0.0,1404-09,1404
کچاد,معدنی و صنعتی چادرملو,iron_ore,1404/09/30,گزارش فعالیت ماهانه دوره ۱ ماهه منتهی به  ۱۴۰۴/۰۹/۳۰(اصلاحیه),۱۴۰۵/۰۲/۲۳ ۱۵:۱۹:۱۱,1525306,True,https://excel.codal.ir/service/Excel/GetAll/ZTPJfn2Qjmlifta4ZfSfig%3d%3d/0,domestic,آپاتیت,تن,,,,0.0,1404-09,1404
کچاد,معدنی و صنعتی چادرملو,iron_ore,1404/09/30,گزارش فعالیت ماهانه دوره ۱ ماهه منتهی به  ۱۴۰۴/۰۹/۳۰(اصلاحیه),۱۴۰۵/۰۲/۲۳ ۱۵:۱۹:۱۱,1525306,True,https://excel.codal.ir/service/Excel/GetAll/ZTPJfn2Qjmlifta4ZfSfig%3d%3d/0,domestic,ارسالی گندله به احیاء,تن,,175480.0,0.0,0.0,1404-09,1404
کچاد,معدنی و صنعتی چادرملو,iron_ore,1404/09/30,گزارش فعالیت ماهانه دوره ۱ ماهه منتهی به  ۱۴۰۴/۰۹/۳۰(اصلاحیه),۱۴۰۵/۰۲/۲۳ ۱۵:۱۹:۱۱,1525306,True,https://excel.codal.ir/service/Excel/GetAll/ZTPJfn2Qjmlifta4ZfSfig%3d%3d/0,export,سود سرمایه گذاریها,تن,0.0,1.0,2693910000000.0,2693910.0,1404-09,1404
کچاد,معدنی و صنعتی چادرملو,iron_ore,1404/09/30,گزارش فعالیت ماهانه دوره ۱ ماهه منتهی به  ۱۴۰۴/۰۹/۳۰(اصلاحیه),۱۴۰۵/۰۲/۲۳ ۱۵:۱۹:۱۱,1525306,True,https://excel.codal.ir/service/Excel/GetAll/ZTPJfn2Qjmlifta4ZfSfig%3d%3d/0,domestic,عرضه برق تولیدی (نیروگاه),مگاوات ساعت,425545.0,409514.0,2005.0,821.0,1404-09,1404
کچاد,معدنی و صنعتی چادرملو,iron_ore,1404/09/30,گزارش فعالیت ماهانه دوره ۱ ماهه منتهی به  ۱۴۰۴/۰۹/۳۰(اصلاحیه),۱۴۰۵/۰۲/۲۳ ۱۵:۱۹:۱۱,1525306,True,https://excel.codal.ir/service/Excel/GetAll/ZTPJfn2Qjmlifta4ZfSfig%3d%3d/0,domestic,فولاد,تن,113287.0,112436.0,322063885.0,36211575.0,1404-09,1404
کچاد,معدنی و صنعتی چادرملو,iron_ore,1404/09/30,گزارش فعالیت ماهانه دوره ۱ ماهه منتهی به  ۱۴۰۴/۰۹/۳۰(اصلاحیه),۱۴۰۵/۰۲/۲۳ ۱۵:۱۹:۱۱,1525306,True,https://excel.codal.ir/service/Excel/GetAll/ZTPJfn2Qjmlifta4ZfSfig%3d%3d/0,export,فولاد,تن,,,0.0,0.0,1404-09,1404
کچاد,معدنی و صنعتی چادرملو,iron_ore,1404/09/30,گزارش فعالیت ماهانه دوره ۱ ماهه منتهی به  ۱۴۰۴/۰۹/۳۰(اصلاحیه),۱۴۰۵/۰۲/۲۳ ۱۵:۱۹:۱۱,1525306,True,https://excel.codal.ir/service/Excel/GetAll/ZTPJfn2Qjmlifta4ZfSfig%3d%3d/0,domestic,نرمه گندله (Pellet Fine),تن,3471.0,1120.0,21589286.0,24180.0,1404-09,1404
کچاد,معدنی و صنعتی چادرملو,iron_ore,1404/09/30,گزارش فعالیت ماهانه دوره ۱ ماهه منتهی به  ۱۴۰۴/۰۹/۳۰(اصلاحیه),۱۴۰۵/۰۲/۲۳ ۱۵:۱۹:۱۱,1525306,True,https://excel.codal.ir/service/Excel/GetAll/ZTPJfn2Qjmlifta4ZfSfig%3d%3d/0,domestic,کنسانتره آهن (خشک ),تن,848077.0,520122.0,63382378.0,32966569.0,1404-09,1404
کچاد,معدنی و صنعتی چادرملو,iron_ore,1404/09/30,گزارش فعالیت ماهانه دوره ۱ ماهه منتهی به  ۱۴۰۴/۰۹/۳۰(اصلاحیه),۱۴۰۵/۰۲/۲۳ ۱۵:۱۹:۱۱,1525306,True,https://excel.codal.ir/service/Excel/GetAll/ZTPJfn2Qjmlifta4ZfSfig%3d%3d/0,domestic,کنسانتره مصرف شده در تولید گندله,تن,,335397.0,0.0,0.0,1404-09,1404
کچاد,معدنی و صنعتی چادرملو,iron_ore,1404/09/30,گزارش فعالیت ماهانه دوره ۱ ماهه منتهی به  ۱۴۰۴/۰۹/۳۰(اصلاحیه),۱۴۰۵/۰۲/۲۳ ۱۵:۱۹:۱۱,1525306,True,https://excel.codal.ir/service/Excel/GetAll/ZTPJfn2Qjmlifta4ZfSfig%3d%3d/0,domestic,گندله,تن,357471.0,86869.0,73951260.0,6424072.0,1404-09,1404
کچاد,معدنی و صنعتی چادرملو,iron_ore,1404/09/30,گزارش فعالیت ماهانه دوره ۱ ماهه منتهی به  ۱۴۰۴/۰۹/۳۰(اصلاحیه),۱۴۰۵/۰۲/۲۳ ۱۵:۱۹:۱۱,1525306,True,https://excel.codal.ir/service/Excel/GetAll/ZTPJfn2Qjmlifta4ZfSfig%3d%3d/0,export,گندله,تن,,,0.0,0.0,1404-09,1404
کچاد,معدنی و صنعتی چادرملو,iron_ore,1404/10/30,گزارش فعالیت ماهانه دوره ۱ ماهه منتهی به  ۱۴۰۴/۱۰/۳۰,۱۴۰۴/۱۱/۰۷ ۱۹:۴۷:۴۲,1479542,False,https://excel.codal.ir/service/Excel/GetAll/9JF8ZNThz08i0iKcJZcJCg%3d%3d/0,domestic,آهن اسفنجی,تن,108765.0,0.0,,0.0,1404-10,1404
کچاد,معدنی و صنعتی چادرملو,iron_ore,1404/10/30,گزارش فعالیت ماهانه دوره ۱ ماهه منتهی به  ۱۴۰۴/۱۰/۳۰,۱۴۰۴/۱۱/۰۷ ۱۹:۴۷:۴۲,1479542,False,https://excel.codal.ir/service/Excel/GetAll/9JF8ZNThz08i0iKcJZcJCg%3d%3d/0,domestic,آپاتیت,تن,0.0,0.0,,0.0,1404-10,1404
کچاد,معدنی و صنعتی چادرملو,iron_ore,1404/10/30,گزارش فعالیت ماهانه دوره ۱ ماهه منتهی به  ۱۴۰۴/۱۰/۳۰,۱۴۰۴/۱۱/۰۷ ۱۹:۴۷:۴۲,1479542,False,https://excel.codal.ir/service/Excel/GetAll/9JF8ZNThz08i0iKcJZcJCg%3d%3d/0,domestic,ارسالی گندله به احیاء,تن,0.0,144224.0,0.0,0.0,1404-10,1404
کچاد,معدنی و صنعتی چادرملو,iron_ore,1404/10/30,گزارش فعالیت ماهانه دوره ۱ ماهه منتهی به  ۱۴۰۴/۱۰/۳۰,۱۴۰۴/۱۱/۰۷ ۱۹:۴۷:۴۲,1479542,False,https://excel.codal.ir/service/Excel/GetAll/9JF8ZNThz08i0iKcJZcJCg%3d%3d/0,domestic,عرضه برق تولیدی (نیروگاه),مگاوات ساعت,286657.0,278154.0,3310573.0,920849.0,1404-10,1404
کچاد,معدنی و صنعتی چادرملو,iron_ore,1404/10/30,گزارش فعالیت ماهانه دوره ۱ ماهه منتهی به  ۱۴۰۴/۱۰/۳۰,۱۴۰۴/۱۱/۰۷ ۱۹:۴۷:۴۲,1479542,False,https://excel.codal.ir/service/Excel/GetAll/9JF8ZNThz08i0iKcJZcJCg%3d%3d/0,domestic,فولاد,تن,96591.0,92789.0,340801280.0,31622610.0,1404-10,1404
کچاد,معدنی و صنعتی چادرملو,iron_ore,1404/10/30,گزارش فعالیت ماهانه دوره ۱ ماهه منتهی به  ۱۴۰۴/۱۰/۳۰,۱۴۰۴/۱۱/۰۷ ۱۹:۴۷:۴۲,1479542,False,https://excel.codal.ir/service/Excel/GetAll/9JF8ZNThz08i0iKcJZcJCg%3d%3d/0,export,فولاد,تن,,0.0,0.0,0.0,1404-10,1404
کچاد,معدنی و صنعتی چادرملو,iron_ore,1404/10/30,گزارش فعالیت ماهانه دوره ۱ ماهه منتهی به  ۱۴۰۴/۱۰/۳۰,۱۴۰۴/۱۱/۰۷ ۱۹:۴۷:۴۲,1479542,False,https://excel.codal.ir/service/Excel/GetAll/9JF8ZNThz08i0iKcJZcJCg%3d%3d/0,domestic,نرمه گندله (Pellet Fine),تن,2096.0,201.0,21567164.0,4335.0,1404-10,1404
کچاد,معدنی و صنعتی چادرملو,iron_ore,1404/10/30,گزارش فعالیت ماهانه دوره ۱ ماهه منتهی به  ۱۴۰۴/۱۰/۳۰,۱۴۰۴/۱۱/۰۷ ۱۹:۴۷:۴۲,1479542,False,https://excel.codal.ir/service/Excel/GetAll/9JF8ZNThz08i0iKcJZcJCg%3d%3d/0,domestic,کنسانتره آهن (خشک ),تن,708525.0,669148.0,63333768.0,42379664.0,1404-10,1404
کچاد,معدنی و صنعتی چادرملو,iron_ore,1404/10/30,گزارش فعالیت ماهانه دوره ۱ ماهه منتهی به  ۱۴۰۴/۱۰/۳۰,۱۴۰۴/۱۱/۰۷ ۱۹:۴۷:۴۲,1479542,False,https://excel.codal.ir/service/Excel/GetAll/9JF8ZNThz08i0iKcJZcJCg%3d%3d/0,domestic,کنسانتره مصرف شده در تولید گندله,تن,0.0,146161.0,0.0,0.0,1404-10,1404
کچاد,معدنی و صنعتی چادرملو,iron_ore,1404/10/30,گزارش فعالیت ماهانه دوره ۱ ماهه منتهی به  ۱۴۰۴/۱۰/۳۰,۱۴۰۴/۱۱/۰۷ ۱۹:۴۷:۴۲,1479542,False,https://excel.codal.ir/service/Excel/GetAll/9JF8ZNThz08i0iKcJZcJCg%3d%3d/0,domestic,گندله,تن,37824.0,66526.0,76681989.0,5101346.0,1404-10,1404
کچاد,معدنی و صنعتی چادرملو,iron_ore,1404/10/30,گزارش فعالیت ماهانه دوره ۱ ماهه منتهی به  ۱۴۰۴/۱۰/۳۰,۱۴۰۴/۱۱/۰۷ ۱۹:۴۷:۴۲,1479542,False,https://excel.codal.ir/service/Excel/GetAll/9JF8ZNThz08i0iKcJZcJCg%3d%3d/0,export,گندله,تن,,76473.0,67932120.0,5194973.0,1404-10,1404
کچاد,معدنی و صنعتی چادرملو,iron_ore,1404/11/30,گزارش فعالیت ماهانه دوره ۱ ماهه منتهی به  ۱۴۰۴/۱۱/۳۰,۱۴۰۴/۱۲/۰۶ ۱۸:۲۶:۰۳,1499596,False,https://excel.codal.ir/service/Excel/GetAll/749EAlEK6OOObOOOtokyipxV96SQ%3d%3d/0,domestic,آهن اسفنجی,تن,46111.0,1360.0,220581618.0,299991.0,1404-11,1404
کچاد,معدنی و صنعتی چادرملو,iron_ore,1404/11/30,گزارش فعالیت ماهانه دوره ۱ ماهه منتهی به  ۱۴۰۴/۱۱/۳۰,۱۴۰۴/۱۲/۰۶ ۱۸:۲۶:۰۳,1499596,False,https://excel.codal.ir/service/Excel/GetAll/749EAlEK6OOObOOOtokyipxV96SQ%3d%3d/0,domestic,آپاتیت,تن,,,,0.0,1404-11,1404
کچاد,معدنی و صنعتی چادرملو,iron_ore,1404/11/30,گزارش فعالیت ماهانه دوره ۱ ماهه منتهی به  ۱۴۰۴/۱۱/۳۰,۱۴۰۴/۱۲/۰۶ ۱۸:۲۶:۰۳,1499596,False,https://excel.codal.ir/service/Excel/GetAll/749EAlEK6OOObOOOtokyipxV96SQ%3d%3d/0,domestic,ارسالی گندله به احیاء,تن,,63634.0,0.0,0.0,1404-11,1404
کچاد,معدنی و صنعتی چادرملو,iron_ore,1404/11/30,گزارش فعالیت ماهانه دوره ۱ ماهه منتهی به  ۱۴۰۴/۱۱/۳۰,۱۴۰۴/۱۲/۰۶ ۱۸:۲۶:۰۳,1499596,False,https://excel.codal.ir/service/Excel/GetAll/749EAlEK6OOObOOOtokyipxV96SQ%3d%3d/0,export,سود سرمایه گذاریها,تن,0.0,0.0,0.0,0.0,1404-11,1404
کچاد,معدنی و صنعتی چادرملو,iron_ore,1404/11/30,گزارش فعالیت ماهانه دوره ۱ ماهه منتهی به  ۱۴۰۴/۱۱/۳۰,۱۴۰۴/۱۲/۰۶ ۱۸:۲۶:۰۳,1499596,False,https://excel.codal.ir/service/Excel/GetAll/749EAlEK6OOObOOOtokyipxV96SQ%3d%3d/0,domestic,عرضه برق تولیدی (نیروگاه),مگاوات ساعت,323434.0,282083.0,3269531.0,922279.0,1404-11,1404
کچاد,معدنی و صنعتی چادرملو,iron_ore,1404/11/30,گزارش فعالیت ماهانه دوره ۱ ماهه منتهی به  ۱۴۰۴/۱۱/۳۰,۱۴۰۴/۱۲/۰۶ ۱۸:۲۶:۰۳,1499596,False,https://excel.codal.ir/service/Excel/GetAll/749EAlEK6OOObOOOtokyipxV96SQ%3d%3d/0,domestic,فولاد,تن,83129.0,85875.0,399049164.0,34268347.0,1404-11,1404
کچاد,معدنی و صنعتی چادرملو,iron_ore,1404/11/30,گزارش فعالیت ماهانه دوره ۱ ماهه منتهی به  ۱۴۰۴/۱۱/۳۰,۱۴۰۴/۱۲/۰۶ ۱۸:۲۶:۰۳,1499596,False,https://excel.codal.ir/service/Excel/GetAll/749EAlEK6OOObOOOtokyipxV96SQ%3d%3d/0,export,فولاد,تن,,,0.0,0.0,1404-11,1404
کچاد,معدنی و صنعتی چادرملو,iron_ore,1404/11/30,گزارش فعالیت ماهانه دوره ۱ ماهه منتهی به  ۱۴۰۴/۱۱/۳۰,۱۴۰۴/۱۲/۰۶ ۱۸:۲۶:۰۳,1499596,False,https://excel.codal.ir/service/Excel/GetAll/749EAlEK6OOObOOOtokyipxV96SQ%3d%3d/0,domestic,نرمه گندله (Pellet Fine),تن,2212.0,,,0.0,1404-11,1404
کچاد,معدنی و صنعتی چادرملو,iron_ore,1404/11/30,گزارش فعالیت ماهانه دوره ۱ ماهه منتهی به  ۱۴۰۴/۱۱/۳۰,۱۴۰۴/۱۲/۰۶ ۱۸:۲۶:۰۳,1499596,False,https://excel.codal.ir/service/Excel/GetAll/749EAlEK6OOObOOOtokyipxV96SQ%3d%3d/0,domestic,کنسانتره آهن (خشک ),تن,790006.0,481382.0,73232165.0,35252646.0,1404-11,1404
کچاد,معدنی و صنعتی چادرملو,iron_ore,1404/11/30,گزارش فعالیت ماهانه دوره ۱ ماهه منتهی به  ۱۴۰۴/۱۱/۳۰,۱۴۰۴/۱۲/۰۶ ۱۸:۲۶:۰۳,1499596,False,https://excel.codal.ir/service/Excel/GetAll/749EAlEK6OOObOOOtokyipxV96SQ%3d%3d/0,domestic,کنسانتره مصرف شده در تولید گندله,تن,,336569.0,0.0,0.0,1404-11,1404
کچاد,معدنی و صنعتی چادرملو,iron_ore,1404/11/30,گزارش فعالیت ماهانه دوره ۱ ماهه منتهی به  ۱۴۰۴/۱۱/۳۰,۱۴۰۴/۱۲/۰۶ ۱۸:۲۶:۰۳,1499596,False,https://excel.codal.ir/service/Excel/GetAll/749EAlEK6OOObOOOtokyipxV96SQ%3d%3d/0,domestic,گندله,تن,343697.0,139496.0,93332060.0,13019449.0,1404-11,1404
کچاد,معدنی و صنعتی چادرملو,iron_ore,1404/11/30,گزارش فعالیت ماهانه دوره ۱ ماهه منتهی به  ۱۴۰۴/۱۱/۳۰,۱۴۰۴/۱۲/۰۶ ۱۸:۲۶:۰۳,1499596,False,https://excel.codal.ir/service/Excel/GetAll/749EAlEK6OOObOOOtokyipxV96SQ%3d%3d/0,export,گندله,تن,,,0.0,0.0,1404-11,1404
کچاد,معدنی و صنعتی چادرملو,iron_ore,1404/12/29,گزارش فعالیت ماهانه دوره ۱ ماهه منتهی به  ۱۴۰۴/۱۲/۲۹,۱۴۰۵/۰۱/۱۱ ۱۰:۳۴:۴۵,1504530,False,https://excel.codal.ir/service/Excel/GetAll/B0UB938pHDMzpywaHmztKA%3d%3d/0,domestic,آهن اسفنجی,تن,116883.0,5229.0,220622872.0,1153637.0,1404-12,1404
کچاد,معدنی و صنعتی چادرملو,iron_ore,1404/12/29,گزارش فعالیت ماهانه دوره ۱ ماهه منتهی به  ۱۴۰۴/۱۲/۲۹,۱۴۰۵/۰۱/۱۱ ۱۰:۳۴:۴۵,1504530,False,https://excel.codal.ir/service/Excel/GetAll/B0UB938pHDMzpywaHmztKA%3d%3d/0,domestic,آپاتیت,تن,,,,0.0,1404-12,1404
کچاد,معدنی و صنعتی چادرملو,iron_ore,1404/12/29,گزارش فعالیت ماهانه دوره ۱ ماهه منتهی به  ۱۴۰۴/۱۲/۲۹,۱۴۰۵/۰۱/۱۱ ۱۰:۳۴:۴۵,1504530,False,https://excel.codal.ir/service/Excel/GetAll/B0UB938pHDMzpywaHmztKA%3d%3d/0,domestic,ارسالی گندله به احیاء,تن,,159694.0,0.0,0.0,1404-12,1404
کچاد,معدنی و صنعتی چادرملو,iron_ore,1404/12/29,گزارش فعالیت ماهانه دوره ۱ ماهه منتهی به  ۱۴۰۴/۱۲/۲۹,۱۴۰۵/۰۱/۱۱ ۱۰:۳۴:۴۵,1504530,False,https://excel.codal.ir/service/Excel/GetAll/B0UB938pHDMzpywaHmztKA%3d%3d/0,export,سود سرمایه گذاریها,تن,0.0,0.0,0.0,0.0,1404-12,1404
کچاد,معدنی و صنعتی چادرملو,iron_ore,1404/12/29,گزارش فعالیت ماهانه دوره ۱ ماهه منتهی به  ۱۴۰۴/۱۲/۲۹,۱۴۰۵/۰۱/۱۱ ۱۰:۳۴:۴۵,1504530,False,https://excel.codal.ir/service/Excel/GetAll/B0UB938pHDMzpywaHmztKA%3d%3d/0,domestic,عرضه برق تولیدی (نیروگاه),مگاوات ساعت,248439.0,237677.0,3053076.0,725646.0,1404-12,1404
کچاد,معدنی و صنعتی چادرملو,iron_ore,1404/12/29,گزارش فعالیت ماهانه دوره ۱ ماهه منتهی به  ۱۴۰۴/۱۲/۲۹,۱۴۰۵/۰۱/۱۱ ۱۰:۳۴:۴۵,1504530,False,https://excel.codal.ir/service/Excel/GetAll/B0UB938pHDMzpywaHmztKA%3d%3d/0,domestic,فولاد,تن,90599.0,55170.0,464119775.0,25605488.0,1404-12,1404
کچاد,معدنی و صنعتی چادرملو,iron_ore,1404/12/29,گزارش فعالیت ماهانه دوره ۱ ماهه منتهی به  ۱۴۰۴/۱۲/۲۹,۱۴۰۵/۰۱/۱۱ ۱۰:۳۴:۴۵,1504530,False,https://excel.codal.ir/service/Excel/GetAll/B0UB938pHDMzpywaHmztKA%3d%3d/0,export,فولاد,تن,,,0.0,0.0,1404-12,1404
کچاد,معدنی و صنعتی چادرملو,iron_ore,1404/12/29,گزارش فعالیت ماهانه دوره ۱ ماهه منتهی به  ۱۴۰۴/۱۲/۲۹,۱۴۰۵/۰۱/۱۱ ۱۰:۳۴:۴۵,1504530,False,https://excel.codal.ir/service/Excel/GetAll/B0UB938pHDMzpywaHmztKA%3d%3d/0,domestic,نرمه گندله (Pellet Fine),تن,842.0,3506.0,57992014.0,203320.0,1404-12,1404
کچاد,معدنی و صنعتی چادرملو,iron_ore,1404/12/29,گزارش فعالیت ماهانه دوره ۱ ماهه منتهی به  ۱۴۰۴/۱۲/۲۹,۱۴۰۵/۰۱/۱۱ ۱۰:۳۴:۴۵,1504530,False,https://excel.codal.ir/service/Excel/GetAll/B0UB938pHDMzpywaHmztKA%3d%3d/0,domestic,کنسانتره آهن (خشک ),تن,808381.0,438434.0,69147806.0,30316749.0,1404-12,1404
کچاد,معدنی و صنعتی چادرملو,iron_ore,1404/12/29,گزارش فعالیت ماهانه دوره ۱ ماهه منتهی به  ۱۴۰۴/۱۲/۲۹,۱۴۰۵/۰۱/۱۱ ۱۰:۳۴:۴۵,1504530,False,https://excel.codal.ir/service/Excel/GetAll/B0UB938pHDMzpywaHmztKA%3d%3d/0,domestic,کنسانتره مصرف شده در تولید گندله,تن,,345338.0,0.0,0.0,1404-12,1404
کچاد,معدنی و صنعتی چادرملو,iron_ore,1404/12/29,گزارش فعالیت ماهانه دوره ۱ ماهه منتهی به  ۱۴۰۴/۱۲/۲۹,۱۴۰۵/۰۱/۱۱ ۱۰:۳۴:۴۵,1504530,False,https://excel.codal.ir/service/Excel/GetAll/B0UB938pHDMzpywaHmztKA%3d%3d/0,domestic,گندله,تن,316449.0,232865.0,101072149.0,23536166.0,1404-12,1404
کچاد,معدنی و صنعتی چادرملو,iron_ore,1404/12/29,گزارش فعالیت ماهانه دوره ۱ ماهه منتهی به  ۱۴۰۴/۱۲/۲۹,۱۴۰۵/۰۱/۱۱ ۱۰:۳۴:۴۵,1504530,False,https://excel.codal.ir/service/Excel/GetAll/B0UB938pHDMzpywaHmztKA%3d%3d/0,export,گندله,تن,,,0.0,0.0,1404-12,1404
کچاد,معدنی و صنعتی چادرملو,iron_ore,1405/01/31,گزارش فعالیت ماهانه دوره ۱ ماهه منتهی به  ۱۴۰۵/۰۱/۳۱,۱۴۰۵/۰۲/۰۷ ۱۳:۲۶:۵۶,1514402,False,https://excel.codal.ir/service/Excel/GetAll/TnuldQ7MIrG0qs3njXBk7w%3d%3d/0,domestic,آهن اسفنجی,تن,108403.0,1185.0,225980591.0,267787.0,1405-01,1405
کچاد,معدنی و صنعتی چادرملو,iron_ore,1405/01/31,گزارش فعالیت ماهانه دوره ۱ ماهه منتهی به  ۱۴۰۵/۰۱/۳۱,۱۴۰۵/۰۲/۰۷ ۱۳:۲۶:۵۶,1514402,False,https://excel.codal.ir/service/Excel/GetAll/TnuldQ7MIrG0qs3njXBk7w%3d%3d/0,domestic,آپاتیت,تن,,,,0.0,1405-01,1405
کچاد,معدنی و صنعتی چادرملو,iron_ore,1405/01/31,گزارش فعالیت ماهانه دوره ۱ ماهه منتهی به  ۱۴۰۵/۰۱/۳۱,۱۴۰۵/۰۲/۰۷ ۱۳:۲۶:۵۶,1514402,False,https://excel.codal.ir/service/Excel/GetAll/TnuldQ7MIrG0qs3njXBk7w%3d%3d/0,domestic,ارسالی گندله به احیاء,تن,,142128.0,0.0,0.0,1405-01,1405
کچاد,معدنی و صنعتی چادرملو,iron_ore,1405/01/31,گزارش فعالیت ماهانه دوره ۱ ماهه منتهی به  ۱۴۰۵/۰۱/۳۱,۱۴۰۵/۰۲/۰۷ ۱۳:۲۶:۵۶,1514402,False,https://excel.codal.ir/service/Excel/GetAll/TnuldQ7MIrG0qs3njXBk7w%3d%3d/0,export,سود سرمایه گذاریها,تن,0.0,0.0,0.0,0.0,1405-01,1405
کچاد,معدنی و صنعتی چادرملو,iron_ore,1405/01/31,گزارش فعالیت ماهانه دوره ۱ ماهه منتهی به  ۱۴۰۵/۰۱/۳۱,۱۴۰۵/۰۲/۰۷ ۱۳:۲۶:۵۶,1514402,False,https://excel.codal.ir/service/Excel/GetAll/TnuldQ7MIrG0qs3njXBk7w%3d%3d/0,domestic,عرضه برق تولیدی (نیروگاه),مگاوات ساعت,219368.0,,,0.0,1405-01,1405
کچاد,معدنی و صنعتی چادرملو,iron_ore,1405/01/31,گزارش فعالیت ماهانه دوره ۱ ماهه منتهی به  ۱۴۰۵/۰۱/۳۱,۱۴۰۵/۰۲/۰۷ ۱۳:۲۶:۵۶,1514402,False,https://excel.codal.ir/service/Excel/GetAll/TnuldQ7MIrG0qs3njXBk7w%3d%3d/0,domestic,فولاد,تن,88320.0,43349.0,497833883.0,21580601.0,1405-01,1405
کچاد,معدنی و صنعتی چادرملو,iron_ore,1405/01/31,گزارش فعالیت ماهانه دوره ۱ ماهه منتهی به  ۱۴۰۵/۰۱/۳۱,۱۴۰۵/۰۲/۰۷ ۱۳:۲۶:۵۶,1514402,False,https://excel.codal.ir/service/Excel/GetAll/TnuldQ7MIrG0qs3njXBk7w%3d%3d/0,export,فولاد,تن,,,0.0,0.0,1405-01,1405
کچاد,معدنی و صنعتی چادرملو,iron_ore,1405/01/31,گزارش فعالیت ماهانه دوره ۱ ماهه منتهی به  ۱۴۰۵/۰۱/۳۱,۱۴۰۵/۰۲/۰۷ ۱۳:۲۶:۵۶,1514402,False,https://excel.codal.ir/service/Excel/GetAll/TnuldQ7MIrG0qs3njXBk7w%3d%3d/0,domestic,نرمه گندله (Pellet Fine),تن,605.0,31995.0,58000688.0,1855732.0,1405-01,1405
کچاد,معدنی و صنعتی چادرملو,iron_ore,1405/01/31,گزارش فعالیت ماهانه دوره ۱ ماهه منتهی به  ۱۴۰۵/۰۱/۳۱,۱۴۰۵/۰۲/۰۷ ۱۳:۲۶:۵۶,1514402,False,https://excel.codal.ir/service/Excel/GetAll/TnuldQ7MIrG0qs3njXBk7w%3d%3d/0,domestic,کنسانتره آهن (خشک ),تن,609560.0,206647.0,75507034.0,15603302.0,1405-01,1405
کچاد,معدنی و صنعتی چادرملو,iron_ore,1405/01/31,گزارش فعالیت ماهانه دوره ۱ ماهه منتهی به  ۱۴۰۵/۰۱/۳۱,۱۴۰۵/۰۲/۰۷ ۱۳:۲۶:۵۶,1514402,False,https://excel.codal.ir/service/Excel/GetAll/TnuldQ7MIrG0qs3njXBk7w%3d%3d/0,domestic,کنسانتره مصرف شده در تولید گندله,تن,,286654.0,0.0,0.0,1405-01,1405
کچاد,معدنی و صنعتی چادرملو,iron_ore,1405/01/31,گزارش فعالیت ماهانه دوره ۱ ماهه منتهی به  ۱۴۰۵/۰۱/۳۱,۱۴۰۵/۰۲/۰۷ ۱۳:۲۶:۵۶,1514402,False,https://excel.codal.ir/service/Excel/GetAll/TnuldQ7MIrG0qs3njXBk7w%3d%3d/0,domestic,گندله,تن,308110.0,125088.0,102627087.0,12837417.0,1405-01,1405
کچاد,معدنی و صنعتی چادرملو,iron_ore,1405/01/31,گزارش فعالیت ماهانه دوره ۱ ماهه منتهی به  ۱۴۰۵/۰۱/۳۱,۱۴۰۵/۰۲/۰۷ ۱۳:۲۶:۵۶,1514402,False,https://excel.codal.ir/service/Excel/GetAll/TnuldQ7MIrG0qs3njXBk7w%3d%3d/0,export,گندله,تن,,,0.0,0.0,1405-01,1405
کچاد,معدنی و صنعتی چادرملو,iron_ore,1405/02/31,گزارش فعالیت ماهانه دوره ۱ ماهه منتهی به  ۱۴۰۵/۰۲/۳۱,۱۴۰۵/۰۳/۰۹ ۱۶:۰۵:۵۶,1534372,False,https://excel.codal.ir/service/Excel/GetAll/rsbE6cQQQQaQQQ60gzeWkeD7hdbg%3d%3d/0,domestic,آهن اسفنجی,تن,140692.0,2982.0,267070423.0,796404.0,1405-02,1405
کچاد,معدنی و صنعتی چادرملو,iron_ore,1405/02/31,گزارش فعالیت ماهانه دوره ۱ ماهه منتهی به  ۱۴۰۵/۰۲/۳۱,۱۴۰۵/۰۳/۰۹ ۱۶:۰۵:۵۶,1534372,False,https://excel.codal.ir/service/Excel/GetAll/rsbE6cQQQQaQQQ60gzeWkeD7hdbg%3d%3d/0,domestic,آپاتیت,تن,,,,0.0,1405-02,1405
کچاد,معدنی و صنعتی چادرملو,iron_ore,1405/02/31,گزارش فعالیت ماهانه دوره ۱ ماهه منتهی به  ۱۴۰۵/۰۲/۳۱,۱۴۰۵/۰۳/۰۹ ۱۶:۰۵:۵۶,1534372,False,https://excel.codal.ir/service/Excel/GetAll/rsbE6cQQQQaQQQ60gzeWkeD7hdbg%3d%3d/0,domestic,ارسالی گندله به احیاء,تن,,193617.0,0.0,0.0,1405-02,1405
کچاد,معدنی و صنعتی چادرملو,iron_ore,1405/02/31,گزارش فعالیت ماهانه دوره ۱ ماهه منتهی به  ۱۴۰۵/۰۲/۳۱,۱۴۰۵/۰۳/۰۹ ۱۶:۰۵:۵۶,1534372,False,https://excel.codal.ir/service/Excel/GetAll/rsbE6cQQQQaQQQ60gzeWkeD7hdbg%3d%3d/0,export,سود سرمایه گذاریها,تن,0.0,0.0,0.0,0.0,1405-02,1405
کچاد,معدنی و صنعتی چادرملو,iron_ore,1405/02/31,گزارش فعالیت ماهانه دوره ۱ ماهه منتهی به  ۱۴۰۵/۰۲/۳۱,۱۴۰۵/۰۳/۰۹ ۱۶:۰۵:۵۶,1534372,False,https://excel.codal.ir/service/Excel/GetAll/rsbE6cQQQQaQQQ60gzeWkeD7hdbg%3d%3d/0,domestic,عرضه برق تولیدی (نیروگاه),مگاوات ساعت,339059.0,0.0,,0.0,1405-02,1405
کچاد,معدنی و صنعتی چادرملو,iron_ore,1405/02/31,گزارش فعالیت ماهانه دوره ۱ ماهه منتهی به  ۱۴۰۵/۰۲/۳۱,۱۴۰۵/۰۳/۰۹ ۱۶:۰۵:۵۶,1534372,False,https://excel.codal.ir/service/Excel/GetAll/rsbE6cQQQQaQQQ60gzeWkeD7hdbg%3d%3d/0,domestic,فولاد,تن,100689.0,94616.0,519839245.0,49185110.0,1405-02,1405
کچاد,معدنی و صنعتی چادرملو,iron_ore,1405/02/31,گزارش فعالیت ماهانه دوره ۱ ماهه منتهی به  ۱۴۰۵/۰۲/۳۱,۱۴۰۵/۰۳/۰۹ ۱۶:۰۵:۵۶,1534372,False,https://excel.codal.ir/service/Excel/GetAll/rsbE6cQQQQaQQQ60gzeWkeD7hdbg%3d%3d/0,export,فولاد,تن,,,0.0,0.0,1405-02,1405
کچاد,معدنی و صنعتی چادرملو,iron_ore,1405/02/31,گزارش فعالیت ماهانه دوره ۱ ماهه منتهی به  ۱۴۰۵/۰۲/۳۱,۱۴۰۵/۰۳/۰۹ ۱۶:۰۵:۵۶,1534372,False,https://excel.codal.ir/service/Excel/GetAll/rsbE6cQQQQaQQQ60gzeWkeD7hdbg%3d%3d/0,domestic,نرمه گندله (Pellet Fine),تن,1712.0,2094.0,57290353.0,119966.0,1405-02,1405
کچاد,معدنی و صنعتی چادرملو,iron_ore,1405/02/31,گزارش فعالیت ماهانه دوره ۱ ماهه منتهی به  ۱۴۰۵/۰۲/۳۱,۱۴۰۵/۰۳/۰۹ ۱۶:۰۵:۵۶,1534372,False,https://excel.codal.ir/service/Excel/GetAll/rsbE6cQQQQaQQQ60gzeWkeD7hdbg%3d%3d/0,domestic,کنسانتره آهن (خشک ),تن,693589.0,363684.0,76962456.0,27990014.0,1405-02,1405
کچاد,معدنی و صنعتی چادرملو,iron_ore,1405/02/31,گزارش فعالیت ماهانه دوره ۱ ماهه منتهی به  ۱۴۰۵/۰۲/۳۱,۱۴۰۵/۰۳/۰۹ ۱۶:۰۵:۵۶,1534372,False,https://excel.codal.ir/service/Excel/GetAll/rsbE6cQQQQaQQQ60gzeWkeD7hdbg%3d%3d/0,domestic,کنسانتره مصرف شده در تولید گندله,تن,,381582.0,0.0,0.0,1405-02,1405
کچاد,معدنی و صنعتی چادرملو,iron_ore,1405/02/31,گزارش فعالیت ماهانه دوره ۱ ماهه منتهی به  ۱۴۰۵/۰۲/۳۱,۱۴۰۵/۰۳/۰۹ ۱۶:۰۵:۵۶,1534372,False,https://excel.codal.ir/service/Excel/GetAll/rsbE6cQQQQaQQQ60gzeWkeD7hdbg%3d%3d/0,domestic,گندله,تن,364172.0,125791.0,101662504.0,12788228.0,1405-02,1405
کچاد,معدنی و صنعتی چادرملو,iron_ore,1405/02/31,گزارش فعالیت ماهانه دوره ۱ ماهه منتهی به  ۱۴۰۵/۰۲/۳۱,۱۴۰۵/۰۳/۰۹ ۱۶:۰۵:۵۶,1534372,False,https://excel.codal.ir/service/Excel/GetAll/rsbE6cQQQQaQQQ60gzeWkeD7hdbg%3d%3d/0,export,گندله,تن,,,0.0,0.0,1405-02,1405
کچاد,معدنی و صنعتی چادرملو,iron_ore,1405/03/31,گزارش فعالیت ماهانه دوره ۱ ماهه منتهی به  ۱۴۰۵/۰۳/۳۱,۱۴۰۵/۰۴/۰۸ ۱۷:۰۲:۱۹,1558875,False,https://excel.codal.ir/service/Excel/GetAll/o82ru1ebtJ5yfoq0wlqNHQ%3d%3d/0,domestic,آهن اسفنجی,تن,147582.0,7007.0,269766805.0,1890256.0,1405-03,1405
کچاد,معدنی و صنعتی چادرملو,iron_ore,1405/03/31,گزارش فعالیت ماهانه دوره ۱ ماهه منتهی به  ۱۴۰۵/۰۳/۳۱,۱۴۰۵/۰۴/۰۸ ۱۷:۰۲:۱۹,1558875,False,https://excel.codal.ir/service/Excel/GetAll/o82ru1ebtJ5yfoq0wlqNHQ%3d%3d/0,domestic,آپاتیت,تن,,,,0.0,1405-03,1405
کچاد,معدنی و صنعتی چادرملو,iron_ore,1405/03/31,گزارش فعالیت ماهانه دوره ۱ ماهه منتهی به  ۱۴۰۵/۰۳/۳۱,۱۴۰۵/۰۴/۰۸ ۱۷:۰۲:۱۹,1558875,False,https://excel.codal.ir/service/Excel/GetAll/o82ru1ebtJ5yfoq0wlqNHQ%3d%3d/0,domestic,ارسالی گندله به احیاء,تن,,199028.0,0.0,0.0,1405-03,1405
کچاد,معدنی و صنعتی چادرملو,iron_ore,1405/03/31,گزارش فعالیت ماهانه دوره ۱ ماهه منتهی به  ۱۴۰۵/۰۳/۳۱,۱۴۰۵/۰۴/۰۸ ۱۷:۰۲:۱۹,1558875,False,https://excel.codal.ir/service/Excel/GetAll/o82ru1ebtJ5yfoq0wlqNHQ%3d%3d/0,export,سود سرمایه گذاریها,تن,0.0,0.0,0.0,0.0,1405-03,1405
کچاد,معدنی و صنعتی چادرملو,iron_ore,1405/03/31,گزارش فعالیت ماهانه دوره ۱ ماهه منتهی به  ۱۴۰۵/۰۳/۳۱,۱۴۰۵/۰۴/۰۸ ۱۷:۰۲:۱۹,1558875,False,https://excel.codal.ir/service/Excel/GetAll/o82ru1ebtJ5yfoq0wlqNHQ%3d%3d/0,domestic,عرضه برق تولیدی (نیروگاه),مگاوات ساعت,488478.0,0.0,,0.0,1405-03,1405
کچاد,معدنی و صنعتی چادرملو,iron_ore,1405/03/31,گزارش فعالیت ماهانه دوره ۱ ماهه منتهی به  ۱۴۰۵/۰۳/۳۱,۱۴۰۵/۰۴/۰۸ ۱۷:۰۲:۱۹,1558875,False,https://excel.codal.ir/service/Excel/GetAll/o82ru1ebtJ5yfoq0wlqNHQ%3d%3d/0,domestic,فولاد,تن,103699.0,105509.0,553815475.0,58432517.0,1405-03,1405
کچاد,معدنی و صنعتی چادرملو,iron_ore,1405/03/31,گزارش فعالیت ماهانه دوره ۱ ماهه منتهی به  ۱۴۰۵/۰۳/۳۱,۱۴۰۵/۰۴/۰۸ ۱۷:۰۲:۱۹,1558875,False,https://excel.codal.ir/service/Excel/GetAll/o82ru1ebtJ5yfoq0wlqNHQ%3d%3d/0,export,فولاد,تن,,,0.0,0.0,1405-03,1405
کچاد,معدنی و صنعتی چادرملو,iron_ore,1405/03/31,گزارش فعالیت ماهانه دوره ۱ ماهه منتهی به  ۱۴۰۵/۰۳/۳۱,۱۴۰۵/۰۴/۰۸ ۱۷:۰۲:۱۹,1558875,False,https://excel.codal.ir/service/Excel/GetAll/o82ru1ebtJ5yfoq0wlqNHQ%3d%3d/0,domestic,نرمه گندله (Pellet Fine),تن,125.0,8397.0,54260093.0,455622.0,1405-03,1405
کچاد,معدنی و صنعتی چادرملو,iron_ore,1405/03/31,گزارش فعالیت ماهانه دوره ۱ ماهه منتهی به  ۱۴۰۵/۰۳/۳۱,۱۴۰۵/۰۴/۰۸ ۱۷:۰۲:۱۹,1558875,False,https://excel.codal.ir/service/Excel/GetAll/o82ru1ebtJ5yfoq0wlqNHQ%3d%3d/0,domestic,کنسانتره آهن (خشک ),تن,758515.0,372778.0,78684158.0,29331723.0,1405-03,1405
کچاد,معدنی و صنعتی چادرملو,iron_ore,1405/03/31,گزارش فعالیت ماهانه دوره ۱ ماهه منتهی به  ۱۴۰۵/۰۳/۳۱,۱۴۰۵/۰۴/۰۸ ۱۷:۰۲:۱۹,1558875,False,https://excel.codal.ir/service/Excel/GetAll/o82ru1ebtJ5yfoq0wlqNHQ%3d%3d/0,domestic,کنسانتره مصرف شده در تولید گندله,تن,,383335.0,0.0,0.0,1405-03,1405
کچاد,معدنی و صنعتی چادرملو,iron_ore,1405/03/31,گزارش فعالیت ماهانه دوره ۱ ماهه منتهی به  ۱۴۰۵/۰۳/۳۱,۱۴۰۵/۰۴/۰۸ ۱۷:۰۲:۱۹,1558875,False,https://excel.codal.ir/service/Excel/GetAll/o82ru1ebtJ5yfoq0wlqNHQ%3d%3d/0,domestic,گندله,تن,377560.0,195409.0,108466058.0,21195244.0,1405-03,1405
کچاد,معدنی و صنعتی چادرملو,iron_ore,1405/03/31,گزارش فعالیت ماهانه دوره ۱ ماهه منتهی به  ۱۴۰۵/۰۳/۳۱,۱۴۰۵/۰۴/۰۸ ۱۷:۰۲:۱۹,1558875,False,https://excel.codal.ir/service/Excel/GetAll/o82ru1ebtJ5yfoq0wlqNHQ%3d%3d/0,export,گندله,تن,,5501.0,67936921.0,373721.0,1405-03,1405
کگل,معدنی و صنعتی گل‌گهر,iron_ore,1400/01/31,گزارش فعالیت ماهانه دوره ۱ ماهه منتهی به ۱۴۰۰/۰۱/۳۱,۱۴۰۰/۰۲/۰۷ ۱۳:۵۳:۱۳,741219,False,https://excel.codal.ir/service/Excel/GetAll/xwQQQaQQQEsVHidC8vu4eJYwjvOA%3d%3d/0,export,درآمد ارائه خدمات - بارگیری,تن,0.0,0.0,0.0,0.0,1400-01,1400
کگل,معدنی و صنعتی گل‌گهر,iron_ore,1400/01/31,گزارش فعالیت ماهانه دوره ۱ ماهه منتهی به ۱۴۰۰/۰۱/۳۱,۱۴۰۰/۰۲/۰۷ ۱۳:۵۳:۱۳,741219,False,https://excel.codal.ir/service/Excel/GetAll/xwQQQaQQQEsVHidC8vu4eJYwjvOA%3d%3d/0,export,سود سرمایه گذاریها,تن,0.0,0.0,0.0,0.0,1400-01,1400
کگل,معدنی و صنعتی گل‌گهر,iron_ore,1400/01/31,گزارش فعالیت ماهانه دوره ۱ ماهه منتهی به ۱۴۰۰/۰۱/۳۱,۱۴۰۰/۰۲/۰۷ ۱۳:۵۳:۱۳,741219,False,https://excel.codal.ir/service/Excel/GetAll/xwQQQaQQQEsVHidC8vu4eJYwjvOA%3d%3d/0,domestic,کنسانتره سنگ آهن,تن,1550397.0,302718.0,18892692.0,5719158.0,1400-01,1400
کگل,معدنی و صنعتی گل‌گهر,iron_ore,1400/01/31,گزارش فعالیت ماهانه دوره ۱ ماهه منتهی به ۱۴۰۰/۰۱/۳۱,۱۴۰۰/۰۲/۰۷ ۱۳:۵۳:۱۳,741219,False,https://excel.codal.ir/service/Excel/GetAll/xwQQQaQQQEsVHidC8vu4eJYwjvOA%3d%3d/0,domestic,گندله,تن,1059988.0,900931.0,27739896.0,24991732.0,1400-01,1400
کگل,معدنی و صنعتی گل‌گهر,iron_ore,1400/01/31,گزارش فعالیت ماهانه دوره ۱ ماهه منتهی به ۱۴۰۰/۰۱/۳۱,۱۴۰۰/۰۲/۰۷ ۱۳:۵۳:۱۳,741219,False,https://excel.codal.ir/service/Excel/GetAll/xwQQQaQQQEsVHidC8vu4eJYwjvOA%3d%3d/0,domestic,گندله ریزدانه,تن,9443.0,2685.0,4669274.0,12537.0,1400-01,1400
کگل,معدنی و صنعتی گل‌گهر,iron_ore,1400/02/31,گزارش فعالیت ماهانه دوره ۱ ماهه منتهی به ۱۴۰۰/۰۲/۳۱,۱۴۰۰/۰۳/۰۵ ۱۸:۰۱:۲۸,751359,False,https://excel.codal.ir/service/Excel/GetAll/R8ewrtiTsmpRQwjgrBcp7A%3d%3d/0,export,درآمد ارائه خدمات - بارگیری,تن,,,0.0,0.0,1400-02,1400
کگل,معدنی و صنعتی گل‌گهر,iron_ore,1400/02/31,گزارش فعالیت ماهانه دوره ۱ ماهه منتهی به ۱۴۰۰/۰۲/۳۱,۱۴۰۰/۰۳/۰۵ ۱۸:۰۱:۲۸,751359,False,https://excel.codal.ir/service/Excel/GetAll/R8ewrtiTsmpRQwjgrBcp7A%3d%3d/0,export,سود سرمایه گذاریها,تن,,,0.0,0.0,1400-02,1400
کگل,معدنی و صنعتی گل‌گهر,iron_ore,1400/02/31,گزارش فعالیت ماهانه دوره ۱ ماهه منتهی به ۱۴۰۰/۰۲/۳۱,۱۴۰۰/۰۳/۰۵ ۱۸:۰۱:۲۸,751359,False,https://excel.codal.ir/service/Excel/GetAll/R8ewrtiTsmpRQwjgrBcp7A%3d%3d/0,domestic,کنسانتره سنگ آهن,تن,1468734.0,181539.0,22435119.0,4072849.0,1400-02,1400
کگل,معدنی و صنعتی گل‌گهر,iron_ore,1400/02/31,گزارش فعالیت ماهانه دوره ۱ ماهه منتهی به ۱۴۰۰/۰۲/۳۱,۱۴۰۰/۰۳/۰۵ ۱۸:۰۱:۲۸,751359,False,https://excel.codal.ir/service/Excel/GetAll/R8ewrtiTsmpRQwjgrBcp7A%3d%3d/0,domestic,گندله,تن,1068680.0,1184197.0,31669455.0,37502874.0,1400-02,1400
کگل,معدنی و صنعتی گل‌گهر,iron_ore,1400/02/31,گزارش فعالیت ماهانه دوره ۱ ماهه منتهی به ۱۴۰۰/۰۲/۳۱,۱۴۰۰/۰۳/۰۵ ۱۸:۰۱:۲۸,751359,False,https://excel.codal.ir/service/Excel/GetAll/R8ewrtiTsmpRQwjgrBcp7A%3d%3d/0,domestic,گندله ریزدانه,تن,9660.0,2556.0,4671362.0,11940.0,1400-02,1400
کگل,معدنی و صنعتی گل‌گهر,iron_ore,1400/03/31,گزارش فعالیت ماهانه دوره ۱ ماهه منتهی به ۱۴۰۰/۰۳/۳۱,۱۴۰۰/۰۴/۰۷ ۱۱:۴۲:۴۳,763165,False,https://excel.codal.ir/service/Excel/GetAll/UE2RNgHY57ABYv05nfwEwg%3d%3d/0,export,درآمد ارائه خدمات - بارگیری,تن,,,0.0,0.0,1400-03,1400
کگل,معدنی و صنعتی گل‌گهر,iron_ore,1400/03/31,گزارش فعالیت ماهانه دوره ۱ ماهه منتهی به ۱۴۰۰/۰۳/۳۱,۱۴۰۰/۰۴/۰۷ ۱۱:۴۲:۴۳,763165,False,https://excel.codal.ir/service/Excel/GetAll/UE2RNgHY57ABYv05nfwEwg%3d%3d/0,export,سود سرمایه گذاریها,تن,,,0.0,0.0,1400-03,1400
کگل,معدنی و صنعتی گل‌گهر,iron_ore,1400/03/31,گزارش فعالیت ماهانه دوره ۱ ماهه منتهی به ۱۴۰۰/۰۳/۳۱,۱۴۰۰/۰۴/۰۷ ۱۱:۴۲:۴۳,763165,False,https://excel.codal.ir/service/Excel/GetAll/UE2RNgHY57ABYv05nfwEwg%3d%3d/0,domestic,کنسانتره سنگ آهن,تن,1372753.0,220229.0,24177956.0,5324687.0,1400-03,1400
کگل,معدنی و صنعتی گل‌گهر,iron_ore,1400/03/31,گزارش فعالیت ماهانه دوره ۱ ماهه منتهی به ۱۴۰۰/۰۳/۳۱,۱۴۰۰/۰۴/۰۷ ۱۱:۴۲:۴۳,763165,False,https://excel.codal.ir/service/Excel/GetAll/UE2RNgHY57ABYv05nfwEwg%3d%3d/0,domestic,گندله,تن,1079958.0,1110955.0,35149277.0,39049265.0,1400-03,1400
کگل,معدنی و صنعتی گل‌گهر,iron_ore,1400/03/31,گزارش فعالیت ماهانه دوره ۱ ماهه منتهی به ۱۴۰۰/۰۳/۳۱,۱۴۰۰/۰۴/۰۷ ۱۱:۴۲:۴۳,763165,False,https://excel.codal.ir/service/Excel/GetAll/UE2RNgHY57ABYv05nfwEwg%3d%3d/0,domestic,گندله ریزدانه,تن,10375.0,4231.0,4669345.0,19756.0,1400-03,1400
کگل,معدنی و صنعتی گل‌گهر,iron_ore,1400/04/31,گزارش فعالیت ماهانه دوره ۱ ماهه منتهی به ۱۴۰۰/۰۴/۳۱,۱۴۰۰/۰۵/۰۶ ۱۴:۳۵:۵۳,777772,False,https://excel.codal.ir/service/Excel/GetAll/o3XPMEkBZekQIbFM865yWw%3d%3d/0,export,درآمد ارائه خدمات - بارگیری,تن,,,0.0,0.0,1400-04,1400
کگل,معدنی و صنعتی گل‌گهر,iron_ore,1400/04/31,گزارش فعالیت ماهانه دوره ۱ ماهه منتهی به ۱۴۰۰/۰۴/۳۱,۱۴۰۰/۰۵/۰۶ ۱۴:۳۵:۵۳,777772,False,https://excel.codal.ir/service/Excel/GetAll/o3XPMEkBZekQIbFM865yWw%3d%3d/0,export,سود سرمایه گذاریها,تن,,,0.0,0.0,1400-04,1400
کگل,معدنی و صنعتی گل‌گهر,iron_ore,1400/04/31,گزارش فعالیت ماهانه دوره ۱ ماهه منتهی به ۱۴۰۰/۰۴/۳۱,۱۴۰۰/۰۵/۰۶ ۱۴:۳۵:۵۳,777772,False,https://excel.codal.ir/service/Excel/GetAll/o3XPMEkBZekQIbFM865yWw%3d%3d/0,domestic,کنسانتره سنگ آهن,تن,1075246.0,290875.0,24177898.0,7032746.0,1400-04,1400
کگل,معدنی و صنعتی گل‌گهر,iron_ore,1400/04/31,گزارش فعالیت ماهانه دوره ۱ ماهه منتهی به ۱۴۰۰/۰۴/۳۱,۱۴۰۰/۰۵/۰۶ ۱۴:۳۵:۵۳,777772,False,https://excel.codal.ir/service/Excel/GetAll/o3XPMEkBZekQIbFM865yWw%3d%3d/0,domestic,گندله,تن,857339.0,637870.0,34739486.0,22159276.0,1400-04,1400
کگل,معدنی و صنعتی گل‌گهر,iron_ore,1400/04/31,گزارش فعالیت ماهانه دوره ۱ ماهه منتهی به ۱۴۰۰/۰۴/۳۱,۱۴۰۰/۰۵/۰۶ ۱۴:۳۵:۵۳,777772,False,https://excel.codal.ir/service/Excel/GetAll/o3XPMEkBZekQIbFM865yWw%3d%3d/0,domestic,گندله ریزدانه,تن,10130.0,4015.0,4669738.0,18749.0,1400-04,1400
کگل,معدنی و صنعتی گل‌گهر,iron_ore,1400/04/31,گزارش فعالیت ماهانه دوره ۱ ماهه منتهی به ۱۴۰۰/۰۴/۳۱,۱۴۰۰/۰۵/۰۶ ۱۴:۳۵:۵۳,777772,False,https://excel.codal.ir/service/Excel/GetAll/o3XPMEkBZekQIbFM865yWw%3d%3d/0,export,گندله ریزدانه صادراتی,تن,,54373.0,36582550.0,1989103.0,1400-04,1400
کگل,معدنی و صنعتی گل‌گهر,iron_ore,1400/05/31,گزارش فعالیت ماهانه دوره ۱ ماهه منتهی به ۱۴۰۰/۰۵/۳۱,۱۴۰۰/۰۶/۰۷ ۱۵:۵۹:۳۶,787082,False,https://excel.codal.ir/service/Excel/GetAll/YEMOOObOOOQHGfDzzBUKER7m8beA%3d%3d/0,export,درآمد ارائه خدمات - بارگیری,تن,,,0.0,0.0,1400-05,1400
کگل,معدنی و صنعتی گل‌گهر,iron_ore,1400/05/31,گزارش فعالیت ماهانه دوره ۱ ماهه منتهی به ۱۴۰۰/۰۵/۳۱,۱۴۰۰/۰۶/۰۷ ۱۵:۵۹:۳۶,787082,False,https://excel.codal.ir/service/Excel/GetAll/YEMOOObOOOQHGfDzzBUKER7m8beA%3d%3d/0,export,سود سرمایه گذاریها,تن,,,0.0,0.0,1400-05,1400
کگل,معدنی و صنعتی گل‌گهر,iron_ore,1400/05/31,گزارش فعالیت ماهانه دوره ۱ ماهه منتهی به ۱۴۰۰/۰۵/۳۱,۱۴۰۰/۰۶/۰۷ ۱۵:۵۹:۳۶,787082,False,https://excel.codal.ir/service/Excel/GetAll/YEMOOObOOOQHGfDzzBUKER7m8beA%3d%3d/0,domestic,کنسانتره سنگ آهن,تن,1343172.0,263486.0,24177968.0,6370556.0,1400-05,1400
کگل,معدنی و صنعتی گل‌گهر,iron_ore,1400/05/31,گزارش فعالیت ماهانه دوره ۱ ماهه منتهی به ۱۴۰۰/۰۵/۳۱,۱۴۰۰/۰۶/۰۷ ۱۵:۵۹:۳۶,787082,False,https://excel.codal.ir/service/Excel/GetAll/YEMOOObOOOQHGfDzzBUKER7m8beA%3d%3d/0,export,کنسانتره سنگ آهن صادراتی,تن,,,0.0,0.0,1400-05,1400
کگل,معدنی و صنعتی گل‌گهر,iron_ore,1400/05/31,گزارش فعالیت ماهانه دوره ۱ ماهه منتهی به ۱۴۰۰/۰۵/۳۱,۱۴۰۰/۰۶/۰۷ ۱۵:۵۹:۳۶,787082,False,https://excel.codal.ir/service/Excel/GetAll/YEMOOObOOOQHGfDzzBUKER7m8beA%3d%3d/0,domestic,گندله,تن,898674.0,423261.0,35395033.0,14981337.0,1400-05,1400
کگل,معدنی و صنعتی گل‌گهر,iron_ore,1400/05/31,گزارش فعالیت ماهانه دوره ۱ ماهه منتهی به ۱۴۰۰/۰۵/۳۱,۱۴۰۰/۰۶/۰۷ ۱۵:۵۹:۳۶,787082,False,https://excel.codal.ir/service/Excel/GetAll/YEMOOObOOOQHGfDzzBUKER7m8beA%3d%3d/0,domestic,گندله ریزدانه,تن,7761.0,6404.0,4669738.0,29905.0,1400-05,1400
کگل,معدنی و صنعتی گل‌گهر,iron_ore,1400/05/31,گزارش فعالیت ماهانه دوره ۱ ماهه منتهی به ۱۴۰۰/۰۵/۳۱,۱۴۰۰/۰۶/۰۷ ۱۵:۵۹:۳۶,787082,False,https://excel.codal.ir/service/Excel/GetAll/YEMOOObOOOQHGfDzzBUKER7m8beA%3d%3d/0,export,گندله ریزدانه صادراتی,تن,,,0.0,0.0,1400-05,1400
کگل,معدنی و صنعتی گل‌گهر,iron_ore,1400/06/31,گزارش فعالیت ماهانه دوره ۱ ماهه منتهی به ۱۴۰۰/۰۶/۳۱,۱۴۰۰/۰۷/۱۰ ۱۰:۱۰:۲۳,800298,False,https://excel.codal.ir/service/Excel/GetAll/MbBr13hFzaQQQaQQQ7wT7HDHjLYA%3d%3d/0,export,درآمد ارائه خدمات - بارگیری,تن,,,0.0,0.0,1400-06,1400
کگل,معدنی و صنعتی گل‌گهر,iron_ore,1400/06/31,گزارش فعالیت ماهانه دوره ۱ ماهه منتهی به ۱۴۰۰/۰۶/۳۱,۱۴۰۰/۰۷/۱۰ ۱۰:۱۰:۲۳,800298,False,https://excel.codal.ir/service/Excel/GetAll/MbBr13hFzaQQQaQQQ7wT7HDHjLYA%3d%3d/0,export,سود سرمایه گذاریها,تن,,,0.0,0.0,1400-06,1400
کگل,معدنی و صنعتی گل‌گهر,iron_ore,1400/06/31,گزارش فعالیت ماهانه دوره ۱ ماهه منتهی به ۱۴۰۰/۰۶/۳۱,۱۴۰۰/۰۷/۱۰ ۱۰:۱۰:۲۳,800298,False,https://excel.codal.ir/service/Excel/GetAll/MbBr13hFzaQQQaQQQ7wT7HDHjLYA%3d%3d/0,domestic,کنسانتره سنگ آهن,تن,1101258.0,190758.0,28321523.0,5402557.0,1400-06,1400
کگل,معدنی و صنعتی گل‌گهر,iron_ore,1400/06/31,گزارش فعالیت ماهانه دوره ۱ ماهه منتهی به ۱۴۰۰/۰۶/۳۱,۱۴۰۰/۰۷/۱۰ ۱۰:۱۰:۲۳,800298,False,https://excel.codal.ir/service/Excel/GetAll/MbBr13hFzaQQQaQQQ7wT7HDHjLYA%3d%3d/0,export,کنسانتره سنگ آهن صادراتی,تن,,,0.0,0.0,1400-06,1400
کگل,معدنی و صنعتی گل‌گهر,iron_ore,1400/06/31,گزارش فعالیت ماهانه دوره ۱ ماهه منتهی به ۱۴۰۰/۰۶/۳۱,۱۴۰۰/۰۷/۱۰ ۱۰:۱۰:۲۳,800298,False,https://excel.codal.ir/service/Excel/GetAll/MbBr13hFzaQQQaQQQ7wT7HDHjLYA%3d%3d/0,domestic,گندله,تن,1051121.0,876892.0,41223513.0,36148569.0,1400-06,1400
کگل,معدنی و صنعتی گل‌گهر,iron_ore,1400/06/31,گزارش فعالیت ماهانه دوره ۱ ماهه منتهی به ۱۴۰۰/۰۶/۳۱,۱۴۰۰/۰۷/۱۰ ۱۰:۱۰:۲۳,800298,False,https://excel.codal.ir/service/Excel/GetAll/MbBr13hFzaQQQaQQQ7wT7HDHjLYA%3d%3d/0,domestic,گندله ریزدانه,تن,11943.0,5507.0,4669875.0,25717.0,1400-06,1400
کگل,معدنی و صنعتی گل‌گهر,iron_ore,1400/06/31,گزارش فعالیت ماهانه دوره ۱ ماهه منتهی به ۱۴۰۰/۰۶/۳۱,۱۴۰۰/۰۷/۱۰ ۱۰:۱۰:۲۳,800298,False,https://excel.codal.ir/service/Excel/GetAll/MbBr13hFzaQQQaQQQ7wT7HDHjLYA%3d%3d/0,export,گندله ریزدانه صادراتی,تن,,,0.0,0.0,1400-06,1400
کگل,معدنی و صنعتی گل‌گهر,iron_ore,1400/07/30,گزارش فعالیت ماهانه دوره ۱ ماهه منتهی به ۱۴۰۰/۰۷/۳۰,۱۴۰۰/۰۸/۰۸ ۱۵:۰۳:۲۶,811335,False,https://excel.codal.ir/service/Excel/GetAll/xqSfOOObOOOdOOObOOOfhNL2dxhabawyeg%3d%3d/0,export,درآمد ارائه خدمات - بارگیری,تن,,,0.0,0.0,1400-07,1400
کگل,معدنی و صنعتی گل‌گهر,iron_ore,1400/07/30,گزارش فعالیت ماهانه دوره ۱ ماهه منتهی به ۱۴۰۰/۰۷/۳۰,۱۴۰۰/۰۸/۰۸ ۱۵:۰۳:۲۶,811335,False,https://excel.codal.ir/service/Excel/GetAll/xqSfOOObOOOdOOObOOOfhNL2dxhabawyeg%3d%3d/0,export,سود سرمایه گذاریها,تن,,,0.0,0.0,1400-07,1400
کگل,معدنی و صنعتی گل‌گهر,iron_ore,1400/07/30,گزارش فعالیت ماهانه دوره ۱ ماهه منتهی به ۱۴۰۰/۰۷/۳۰,۱۴۰۰/۰۸/۰۸ ۱۵:۰۳:۲۶,811335,False,https://excel.codal.ir/service/Excel/GetAll/xqSfOOObOOOdOOObOOOfhNL2dxhabawyeg%3d%3d/0,domestic,کنسانتره سنگ آهن,تن,1380524.0,187364.0,30557359.0,5725349.0,1400-07,1400
کگل,معدنی و صنعتی گل‌گهر,iron_ore,1400/07/30,گزارش فعالیت ماهانه دوره ۱ ماهه منتهی به ۱۴۰۰/۰۷/۳۰,۱۴۰۰/۰۸/۰۸ ۱۵:۰۳:۲۶,811335,False,https://excel.codal.ir/service/Excel/GetAll/xqSfOOObOOOdOOObOOOfhNL2dxhabawyeg%3d%3d/0,export,کنسانتره سنگ آهن صادراتی,تن,,,0.0,0.0,1400-07,1400
کگل,معدنی و صنعتی گل‌گهر,iron_ore,1400/07/30,گزارش فعالیت ماهانه دوره ۱ ماهه منتهی به ۱۴۰۰/۰۷/۳۰,۱۴۰۰/۰۸/۰۸ ۱۵:۰۳:۲۶,811335,False,https://excel.codal.ir/service/Excel/GetAll/xqSfOOObOOOdOOObOOOfhNL2dxhabawyeg%3d%3d/0,domestic,گندله,تن,1094822.0,822205.0,41715751.0,34298899.0,1400-07,1400
کگل,معدنی و صنعتی گل‌گهر,iron_ore,1400/07/30,گزارش فعالیت ماهانه دوره ۱ ماهه منتهی به ۱۴۰۰/۰۷/۳۰,۱۴۰۰/۰۸/۰۸ ۱۵:۰۳:۲۶,811335,False,https://excel.codal.ir/service/Excel/GetAll/xqSfOOObOOOdOOObOOOfhNL2dxhabawyeg%3d%3d/0,domestic,گندله ریزدانه,تن,10468.0,3681.0,4670198.0,17191.0,1400-07,1400
کگل,معدنی و صنعتی گل‌گهر,iron_ore,1400/07/30,گزارش فعالیت ماهانه دوره ۱ ماهه منتهی به ۱۴۰۰/۰۷/۳۰,۱۴۰۰/۰۸/۰۸ ۱۵:۰۳:۲۶,811335,False,https://excel.codal.ir/service/Excel/GetAll/xqSfOOObOOOdOOObOOOfhNL2dxhabawyeg%3d%3d/0,export,گندله ریزدانه صادراتی,تن,,,0.0,0.0,1400-07,1400
کگل,معدنی و صنعتی گل‌گهر,iron_ore,1400/08/30,گزارش فعالیت ماهانه دوره ۱ ماهه منتهی به ۱۴۰۰/۰۸/۳۰,۱۴۰۰/۰۹/۰۷ ۱۶:۲۹:۵۱,822565,False,https://excel.codal.ir/service/Excel/GetAll/nuQQQaQQQN7x0X42b6QQQaQQQYriSOOOObOOOZ3g%3d%3d/0,export,درآمد ارائه خدمات - بارگیری,تن,,,0.0,0.0,1400-08,1400
کگل,معدنی و صنعتی گل‌گهر,iron_ore,1400/08/30,گزارش فعالیت ماهانه دوره ۱ ماهه منتهی به ۱۴۰۰/۰۸/۳۰,۱۴۰۰/۰۹/۰۷ ۱۶:۲۹:۵۱,822565,False,https://excel.codal.ir/service/Excel/GetAll/nuQQQaQQQN7x0X42b6QQQaQQQYriSOOOObOOOZ3g%3d%3d/0,export,سود سرمایه گذاریها,تن,,,0.0,0.0,1400-08,1400
کگل,معدنی و صنعتی گل‌گهر,iron_ore,1400/08/30,گزارش فعالیت ماهانه دوره ۱ ماهه منتهی به ۱۴۰۰/۰۸/۳۰,۱۴۰۰/۰۹/۰۷ ۱۶:۲۹:۵۱,822565,False,https://excel.codal.ir/service/Excel/GetAll/nuQQQaQQQN7x0X42b6QQQaQQQYriSOOOObOOOZ3g%3d%3d/0,domestic,کنسانتره سنگ آهن,تن,1282736.0,228084.0,30557426.0,6969660.0,1400-08,1400
کگل,معدنی و صنعتی گل‌گهر,iron_ore,1400/08/30,گزارش فعالیت ماهانه دوره ۱ ماهه منتهی به ۱۴۰۰/۰۸/۳۰,۱۴۰۰/۰۹/۰۷ ۱۶:۲۹:۵۱,822565,False,https://excel.codal.ir/service/Excel/GetAll/nuQQQaQQQN7x0X42b6QQQaQQQYriSOOOObOOOZ3g%3d%3d/0,export,کنسانتره سنگ آهن صادراتی,تن,,,0.0,0.0,1400-08,1400
کگل,معدنی و صنعتی گل‌گهر,iron_ore,1400/08/30,گزارش فعالیت ماهانه دوره ۱ ماهه منتهی به ۱۴۰۰/۰۸/۳۰,۱۴۰۰/۰۹/۰۷ ۱۶:۲۹:۵۱,822565,False,https://excel.codal.ir/service/Excel/GetAll/nuQQQaQQQN7x0X42b6QQQaQQQYriSOOOObOOOZ3g%3d%3d/0,domestic,گندله,تن,1056542.0,940849.0,41696874.0,39230462.0,1400-08,1400
کگل,معدنی و صنعتی گل‌گهر,iron_ore,1400/08/30,گزارش فعالیت ماهانه دوره ۱ ماهه منتهی به ۱۴۰۰/۰۸/۳۰,۱۴۰۰/۰۹/۰۷ ۱۶:۲۹:۵۱,822565,False,https://excel.codal.ir/service/Excel/GetAll/nuQQQaQQQN7x0X42b6QQQaQQQYriSOOOObOOOZ3g%3d%3d/0,domestic,گندله ریزدانه,تن,9523.0,3529.0,16648342.0,58752.0,1400-08,1400
کگل,معدنی و صنعتی گل‌گهر,iron_ore,1400/08/30,گزارش فعالیت ماهانه دوره ۱ ماهه منتهی به ۱۴۰۰/۰۸/۳۰,۱۴۰۰/۰۹/۰۷ ۱۶:۲۹:۵۱,822565,False,https://excel.codal.ir/service/Excel/GetAll/nuQQQaQQQN7x0X42b6QQQaQQQYriSOOOObOOOZ3g%3d%3d/0,export,گندله ریزدانه صادراتی,تن,,,0.0,0.0,1400-08,1400
کگل,معدنی و صنعتی گل‌گهر,iron_ore,1400/09/30,گزارش فعالیت ماهانه دوره ۱ ماهه منتهی به ۱۴۰۰/۰۹/۳۰,۱۴۰۰/۱۰/۰۷ ۱۶:۰۴:۲۷,836479,False,https://excel.codal.ir/service/Excel/GetAll/ssPu7L8unYFV3AcxtrmLyw%3d%3d/0,export,درآمد ارائه خدمات - بارگیری,تن,,,0.0,0.0,1400-09,1400
کگل,معدنی و صنعتی گل‌گهر,iron_ore,1400/09/30,گزارش فعالیت ماهانه دوره ۱ ماهه منتهی به ۱۴۰۰/۰۹/۳۰,۱۴۰۰/۱۰/۰۷ ۱۶:۰۴:۲۷,836479,False,https://excel.codal.ir/service/Excel/GetAll/ssPu7L8unYFV3AcxtrmLyw%3d%3d/0,export,سود سرمایه گذاریها,تن,,,0.0,0.0,1400-09,1400
کگل,معدنی و صنعتی گل‌گهر,iron_ore,1400/09/30,گزارش فعالیت ماهانه دوره ۱ ماهه منتهی به ۱۴۰۰/۰۹/۳۰,۱۴۰۰/۱۰/۰۷ ۱۶:۰۴:۲۷,836479,False,https://excel.codal.ir/service/Excel/GetAll/ssPu7L8unYFV3AcxtrmLyw%3d%3d/0,domestic,کنسانتره سنگ آهن,تن,1323166.0,204649.0,30749092.0,6292771.0,1400-09,1400
کگل,معدنی و صنعتی گل‌گهر,iron_ore,1400/09/30,گزارش فعالیت ماهانه دوره ۱ ماهه منتهی به ۱۴۰۰/۰۹/۳۰,۱۴۰۰/۱۰/۰۷ ۱۶:۰۴:۲۷,836479,False,https://excel.codal.ir/service/Excel/GetAll/ssPu7L8unYFV3AcxtrmLyw%3d%3d/0,export,کنسانتره سنگ آهن صادراتی,تن,,,0.0,0.0,1400-09,1400
کگل,معدنی و صنعتی گل‌گهر,iron_ore,1400/09/30,گزارش فعالیت ماهانه دوره ۱ ماهه منتهی به ۱۴۰۰/۰۹/۳۰,۱۴۰۰/۱۰/۰۷ ۱۶:۰۴:۲۷,836479,False,https://excel.codal.ir/service/Excel/GetAll/ssPu7L8unYFV3AcxtrmLyw%3d%3d/0,domestic,گندله,تن,1088912.0,843026.0,41171966.0,34709038.0,1400-09,1400
کگل,معدنی و صنعتی گل‌گهر,iron_ore,1400/09/30,گزارش فعالیت ماهانه دوره ۱ ماهه منتهی به ۱۴۰۰/۰۹/۳۰,۱۴۰۰/۱۰/۰۷ ۱۶:۰۴:۲۷,836479,False,https://excel.codal.ir/service/Excel/GetAll/ssPu7L8unYFV3AcxtrmLyw%3d%3d/0,domestic,گندله ریزدانه,تن,11149.0,6731.0,16755014.0,112778.0,1400-09,1400
کگل,معدنی و صنعتی گل‌گهر,iron_ore,1400/09/30,گزارش فعالیت ماهانه دوره ۱ ماهه منتهی به ۱۴۰۰/۰۹/۳۰,۱۴۰۰/۱۰/۰۷ ۱۶:۰۴:۲۷,836479,False,https://excel.codal.ir/service/Excel/GetAll/ssPu7L8unYFV3AcxtrmLyw%3d%3d/0,export,گندله ریزدانه صادراتی,تن,,,0.0,0.0,1400-09,1400
کگل,معدنی و صنعتی گل‌گهر,iron_ore,1400/10/30,گزارش فعالیت ماهانه دوره ۱ ماهه منتهی به ۱۴۰۰/۱۰/۳۰,۱۴۰۰/۱۱/۰۶ ۱۵:۴۰:۵۱,848062,False,https://excel.codal.ir/service/Excel/GetAll/24mZuWvpbIuYOOObOOO9dv9YgyIw%3d%3d/0,export,درآمد ارائه خدمات - بارگیری,تن,,,0.0,0.0,1400-10,1400
کگل,معدنی و صنعتی گل‌گهر,iron_ore,1400/10/30,گزارش فعالیت ماهانه دوره ۱ ماهه منتهی به ۱۴۰۰/۱۰/۳۰,۱۴۰۰/۱۱/۰۶ ۱۵:۴۰:۵۱,848062,False,https://excel.codal.ir/service/Excel/GetAll/24mZuWvpbIuYOOObOOO9dv9YgyIw%3d%3d/0,export,سود سرمایه گذاریها,تن,,,0.0,0.0,1400-10,1400
کگل,معدنی و صنعتی گل‌گهر,iron_ore,1400/10/30,گزارش فعالیت ماهانه دوره ۱ ماهه منتهی به ۱۴۰۰/۱۰/۳۰,۱۴۰۰/۱۱/۰۶ ۱۵:۴۰:۵۱,848062,False,https://excel.codal.ir/service/Excel/GetAll/24mZuWvpbIuYOOObOOO9dv9YgyIw%3d%3d/0,domestic,کنسانتره سنگ آهن,تن,1215676.0,165988.0,30749036.0,5103971.0,1400-10,1400
کگل,معدنی و صنعتی گل‌گهر,iron_ore,1400/10/30,گزارش فعالیت ماهانه دوره ۱ ماهه منتهی به ۱۴۰۰/۱۰/۳۰,۱۴۰۰/۱۱/۰۶ ۱۵:۴۰:۵۱,848062,False,https://excel.codal.ir/service/Excel/GetAll/24mZuWvpbIuYOOObOOO9dv9YgyIw%3d%3d/0,export,کنسانتره سنگ آهن صادراتی,تن,,,0.0,0.0,1400-10,1400
کگل,معدنی و صنعتی گل‌گهر,iron_ore,1400/10/30,گزارش فعالیت ماهانه دوره ۱ ماهه منتهی به ۱۴۰۰/۱۰/۳۰,۱۴۰۰/۱۱/۰۶ ۱۵:۴۰:۵۱,848062,False,https://excel.codal.ir/service/Excel/GetAll/24mZuWvpbIuYOOObOOO9dv9YgyIw%3d%3d/0,domestic,گندله,تن,1020248.0,420364.0,41421520.0,17412116.0,1400-10,1400
کگل,معدنی و صنعتی گل‌گهر,iron_ore,1400/10/30,گزارش فعالیت ماهانه دوره ۱ ماهه منتهی به ۱۴۰۰/۱۰/۳۰,۱۴۰۰/۱۱/۰۶ ۱۵:۴۰:۵۱,848062,False,https://excel.codal.ir/service/Excel/GetAll/24mZuWvpbIuYOOObOOO9dv9YgyIw%3d%3d/0,domestic,گندله ریزدانه,تن,9766.0,402.0,16756219.0,6736.0,1400-10,1400
کگل,معدنی و صنعتی گل‌گهر,iron_ore,1400/10/30,گزارش فعالیت ماهانه دوره ۱ ماهه منتهی به ۱۴۰۰/۱۰/۳۰,۱۴۰۰/۱۱/۰۶ ۱۵:۴۰:۵۱,848062,False,https://excel.codal.ir/service/Excel/GetAll/24mZuWvpbIuYOOObOOO9dv9YgyIw%3d%3d/0,export,گندله ریزدانه صادراتی,تن,,,0.0,0.0,1400-10,1400
کگل,معدنی و صنعتی گل‌گهر,iron_ore,1400/11/30,گزارش فعالیت ماهانه دوره ۱ ماهه منتهی به ۱۴۰۰/۱۱/۳۰,۱۴۰۰/۱۲/۰۷ ۱۶:۴۳:۴۳,856871,False,https://excel.codal.ir/service/Excel/GetAll/dTwcNZ0fUQcC9muX3js7fQ%3d%3d/0,export,درآمد ارائه خدمات - بارگیری,تن,,,0.0,0.0,1400-11,1400
کگل,معدنی و صنعتی گل‌گهر,iron_ore,1400/11/30,گزارش فعالیت ماهانه دوره ۱ ماهه منتهی به ۱۴۰۰/۱۱/۳۰,۱۴۰۰/۱۲/۰۷ ۱۶:۴۳:۴۳,856871,False,https://excel.codal.ir/service/Excel/GetAll/dTwcNZ0fUQcC9muX3js7fQ%3d%3d/0,export,سود سرمایه گذاریها,تن,,,0.0,0.0,1400-11,1400
کگل,معدنی و صنعتی گل‌گهر,iron_ore,1400/11/30,گزارش فعالیت ماهانه دوره ۱ ماهه منتهی به ۱۴۰۰/۱۱/۳۰,۱۴۰۰/۱۲/۰۷ ۱۶:۴۳:۴۳,856871,False,https://excel.codal.ir/service/Excel/GetAll/dTwcNZ0fUQcC9muX3js7fQ%3d%3d/0,domestic,کنسانتره سنگ آهن,تن,1372128.0,201846.0,30749101.0,6206583.0,1400-11,1400
کگل,معدنی و صنعتی گل‌گهر,iron_ore,1400/11/30,گزارش فعالیت ماهانه دوره ۱ ماهه منتهی به ۱۴۰۰/۱۱/۳۰,۱۴۰۰/۱۲/۰۷ ۱۶:۴۳:۴۳,856871,False,https://excel.codal.ir/service/Excel/GetAll/dTwcNZ0fUQcC9muX3js7fQ%3d%3d/0,export,کنسانتره سنگ آهن صادراتی,تن,,,0.0,0.0,1400-11,1400
کگل,معدنی و صنعتی گل‌گهر,iron_ore,1400/11/30,گزارش فعالیت ماهانه دوره ۱ ماهه منتهی به ۱۴۰۰/۱۱/۳۰,۱۴۰۰/۱۲/۰۷ ۱۶:۴۳:۴۳,856871,False,https://excel.codal.ir/service/Excel/GetAll/dTwcNZ0fUQcC9muX3js7fQ%3d%3d/0,domestic,گندله,تن,1109642.0,296263.0,41161964.0,12194767.0,1400-11,1400
کگل,معدنی و صنعتی گل‌گهر,iron_ore,1400/11/30,گزارش فعالیت ماهانه دوره ۱ ماهه منتهی به ۱۴۰۰/۱۱/۳۰,۱۴۰۰/۱۲/۰۷ ۱۶:۴۳:۴۳,856871,False,https://excel.codal.ir/service/Excel/GetAll/dTwcNZ0fUQcC9muX3js7fQ%3d%3d/0,domestic,گندله ریزدانه,تن,10611.0,2933.0,16752472.0,49135.0,1400-11,1400
کگل,معدنی و صنعتی گل‌گهر,iron_ore,1400/11/30,گزارش فعالیت ماهانه دوره ۱ ماهه منتهی به ۱۴۰۰/۱۱/۳۰,۱۴۰۰/۱۲/۰۷ ۱۶:۴۳:۴۳,856871,False,https://excel.codal.ir/service/Excel/GetAll/dTwcNZ0fUQcC9muX3js7fQ%3d%3d/0,export,گندله ریزدانه صادراتی,تن,,,0.0,0.0,1400-11,1400
کگل,معدنی و صنعتی گل‌گهر,iron_ore,1400/12/29,گزارش فعالیت ماهانه دوره ۱ ماهه منتهی به  ۱۴۰۰/۱۲/۲۹(اصلاحیه),۱۴۰۱/۰۴/۱۳ ۲۰:۵۰:۵۳,907000,True,https://excel.codal.ir/service/Excel/GetAll/peWsvKxb0VtN6WJ6ps1fUQ%3d%3d/0,export,درآمد ارائه خدمات - بارگیری,تن,,,0.0,0.0,1400-12,1400
کگل,معدنی و صنعتی گل‌گهر,iron_ore,1400/12/29,گزارش فعالیت ماهانه دوره ۱ ماهه منتهی به  ۱۴۰۰/۱۲/۲۹(اصلاحیه),۱۴۰۱/۰۴/۱۳ ۲۰:۵۰:۵۳,907000,True,https://excel.codal.ir/service/Excel/GetAll/peWsvKxb0VtN6WJ6ps1fUQ%3d%3d/0,export,سود سرمایه گذاریها,تن,,,0.0,38996195.0,1400-12,1400
کگل,معدنی و صنعتی گل‌گهر,iron_ore,1400/12/29,گزارش فعالیت ماهانه دوره ۱ ماهه منتهی به  ۱۴۰۰/۱۲/۲۹(اصلاحیه),۱۴۰۱/۰۴/۱۳ ۲۰:۵۰:۵۳,907000,True,https://excel.codal.ir/service/Excel/GetAll/peWsvKxb0VtN6WJ6ps1fUQ%3d%3d/0,domestic,کنسانتره سنگ آهن,تن,1013204.0,237284.0,28674462.0,6803991.0,1400-12,1400
کگل,معدنی و صنعتی گل‌گهر,iron_ore,1400/12/29,گزارش فعالیت ماهانه دوره ۱ ماهه منتهی به  ۱۴۰۰/۱۲/۲۹(اصلاحیه),۱۴۰۱/۰۴/۱۳ ۲۰:۵۰:۵۳,907000,True,https://excel.codal.ir/service/Excel/GetAll/peWsvKxb0VtN6WJ6ps1fUQ%3d%3d/0,export,کنسانتره سنگ آهن صادراتی,تن,0.0,57628.0,32918633.0,1897035.0,1400-12,1400
کگل,معدنی و صنعتی گل‌گهر,iron_ore,1400/12/29,گزارش فعالیت ماهانه دوره ۱ ماهه منتهی به  ۱۴۰۰/۱۲/۲۹(اصلاحیه),۱۴۰۱/۰۴/۱۳ ۲۰:۵۰:۵۳,907000,True,https://excel.codal.ir/service/Excel/GetAll/peWsvKxb0VtN6WJ6ps1fUQ%3d%3d/0,domestic,گندله,تن,786512.0,1536333.0,38879937.0,59732530.0,1400-12,1400
کگل,معدنی و صنعتی گل‌گهر,iron_ore,1400/12/29,گزارش فعالیت ماهانه دوره ۱ ماهه منتهی به  ۱۴۰۰/۱۲/۲۹(اصلاحیه),۱۴۰۱/۰۴/۱۳ ۲۰:۵۰:۵۳,907000,True,https://excel.codal.ir/service/Excel/GetAll/peWsvKxb0VtN6WJ6ps1fUQ%3d%3d/0,domestic,گندله ریزدانه,تن,9004.0,15684.0,15962701.0,250359.0,1400-12,1400
کگل,معدنی و صنعتی گل‌گهر,iron_ore,1400/12/29,گزارش فعالیت ماهانه دوره ۱ ماهه منتهی به  ۱۴۰۰/۱۲/۲۹(اصلاحیه),۱۴۰۱/۰۴/۱۳ ۲۰:۵۰:۵۳,907000,True,https://excel.codal.ir/service/Excel/GetAll/peWsvKxb0VtN6WJ6ps1fUQ%3d%3d/0,export,گندله ریزدانه صادراتی,تن,,,0.0,0.0,1400-12,1400
کگل,معدنی و صنعتی گل‌گهر,iron_ore,1400/12/29,گزارش فعالیت ماهانه دوره ۱ ماهه منتهی به  ۱۴۰۰/۱۲/۲۹(اصلاحیه),۱۴۰۱/۰۴/۱۳ ۲۰:۵۰:۵۳,907000,True,https://excel.codal.ir/service/Excel/GetAll/peWsvKxb0VtN6WJ6ps1fUQ%3d%3d/0,export,گندله صادراتی,تن,0.0,277572.0,38202203.0,10603862.0,1400-12,1400
کگل,معدنی و صنعتی گل‌گهر,iron_ore,1401/01/31,گزارش فعالیت ماهانه دوره ۱ ماهه منتهی به  ۱۴۰۱/۰۱/۳۱,۱۴۰۱/۰۲/۱۰ ۱۳:۱۴:۲۶,875762,False,https://excel.codal.ir/service/Excel/GetAll/RRskcQyAuHazkQWZsE3Bgw%3d%3d/0,domestic,کنسانتره سنگ آهن,تن,1371470.0,149300.0,29301152.0,4374662.0,1401-01,1401
کگل,معدنی و صنعتی گل‌گهر,iron_ore,1401/01/31,گزارش فعالیت ماهانه دوره ۱ ماهه منتهی به  ۱۴۰۱/۰۱/۳۱,۱۴۰۱/۰۲/۱۰ ۱۳:۱۴:۲۶,875762,False,https://excel.codal.ir/service/Excel/GetAll/RRskcQyAuHazkQWZsE3Bgw%3d%3d/0,export,کنسانتره سنگ آهن,تن,,,0.0,0.0,1401-01,1401
کگل,معدنی و صنعتی گل‌گهر,iron_ore,1401/01/31,گزارش فعالیت ماهانه دوره ۱ ماهه منتهی به  ۱۴۰۱/۰۱/۳۱,۱۴۰۱/۰۲/۱۰ ۱۳:۱۴:۲۶,875762,False,https://excel.codal.ir/service/Excel/GetAll/RRskcQyAuHazkQWZsE3Bgw%3d%3d/0,domestic,گندله,تن,1110013.0,389672.0,39608933.0,15434492.0,1401-01,1401
کگل,معدنی و صنعتی گل‌گهر,iron_ore,1401/01/31,گزارش فعالیت ماهانه دوره ۱ ماهه منتهی به  ۱۴۰۱/۰۱/۳۱,۱۴۰۱/۰۲/۱۰ ۱۳:۱۴:۲۶,875762,False,https://excel.codal.ir/service/Excel/GetAll/RRskcQyAuHazkQWZsE3Bgw%3d%3d/0,export,گندله,تن,,52599.0,40062473.0,2107246.0,1401-01,1401
کگل,معدنی و صنعتی گل‌گهر,iron_ore,1401/01/31,گزارش فعالیت ماهانه دوره ۱ ماهه منتهی به  ۱۴۰۱/۰۱/۳۱,۱۴۰۱/۰۲/۱۰ ۱۳:۱۴:۲۶,875762,False,https://excel.codal.ir/service/Excel/GetAll/RRskcQyAuHazkQWZsE3Bgw%3d%3d/0,domestic,گندله ریزدانه,تن,14902.0,7929.0,15962669.0,126568.0,1401-01,1401
کگل,معدنی و صنعتی گل‌گهر,iron_ore,1401/01/31,گزارش فعالیت ماهانه دوره ۱ ماهه منتهی به  ۱۴۰۱/۰۱/۳۱,۱۴۰۱/۰۲/۱۰ ۱۳:۱۴:۲۶,875762,False,https://excel.codal.ir/service/Excel/GetAll/RRskcQyAuHazkQWZsE3Bgw%3d%3d/0,export,گندله ریزدانه صادراتی,تن,,,0.0,0.0,1401-01,1401
کگل,معدنی و صنعتی گل‌گهر,iron_ore,1401/02/31,گزارش فعالیت ماهانه دوره ۱ ماهه منتهی به  ۱۴۰۱/۰۲/۳۱,۱۴۰۱/۰۳/۰۷ ۱۹:۴۲:۰۷,888625,False,https://excel.codal.ir/service/Excel/GetAll/6FijFfr2PyoewiQQQaQQQhYnoXNg%3d%3d/0,domestic,کنسانتره سنگ آهن,تن,1281962.0,198081.0,27851995.0,5516951.0,1401-02,1401
کگل,معدنی و صنعتی گل‌گهر,iron_ore,1401/02/31,گزارش فعالیت ماهانه دوره ۱ ماهه منتهی به  ۱۴۰۱/۰۲/۳۱,۱۴۰۱/۰۳/۰۷ ۱۹:۴۲:۰۷,888625,False,https://excel.codal.ir/service/Excel/GetAll/6FijFfr2PyoewiQQQaQQQhYnoXNg%3d%3d/0,export,کنسانتره سنگ آهن,تن,,,0.0,0.0,1401-02,1401
کگل,معدنی و صنعتی گل‌گهر,iron_ore,1401/02/31,گزارش فعالیت ماهانه دوره ۱ ماهه منتهی به  ۱۴۰۱/۰۲/۳۱,۱۴۰۱/۰۳/۰۷ ۱۹:۴۲:۰۷,888625,False,https://excel.codal.ir/service/Excel/GetAll/6FijFfr2PyoewiQQQaQQQhYnoXNg%3d%3d/0,domestic,گندله,تن,1110356.0,563039.0,38470816.0,21660570.0,1401-02,1401
کگل,معدنی و صنعتی گل‌گهر,iron_ore,1401/02/31,گزارش فعالیت ماهانه دوره ۱ ماهه منتهی به  ۱۴۰۱/۰۲/۳۱,۱۴۰۱/۰۳/۰۷ ۱۹:۴۲:۰۷,888625,False,https://excel.codal.ir/service/Excel/GetAll/6FijFfr2PyoewiQQQaQQQhYnoXNg%3d%3d/0,export,گندله,تن,,,0.0,0.0,1401-02,1401
کگل,معدنی و صنعتی گل‌گهر,iron_ore,1401/02/31,گزارش فعالیت ماهانه دوره ۱ ماهه منتهی به  ۱۴۰۱/۰۲/۳۱,۱۴۰۱/۰۳/۰۷ ۱۹:۴۲:۰۷,888625,False,https://excel.codal.ir/service/Excel/GetAll/6FijFfr2PyoewiQQQaQQQhYnoXNg%3d%3d/0,domestic,گندله ریزدانه,تن,11726.0,14737.0,15962883.0,235245.0,1401-02,1401
کگل,معدنی و صنعتی گل‌گهر,iron_ore,1401/02/31,گزارش فعالیت ماهانه دوره ۱ ماهه منتهی به  ۱۴۰۱/۰۲/۳۱,۱۴۰۱/۰۳/۰۷ ۱۹:۴۲:۰۷,888625,False,https://excel.codal.ir/service/Excel/GetAll/6FijFfr2PyoewiQQQaQQQhYnoXNg%3d%3d/0,export,گندله ریزدانه صادراتی,تن,,,0.0,0.0,1401-02,1401
کگل,معدنی و صنعتی گل‌گهر,iron_ore,1401/03/31,گزارش فعالیت ماهانه دوره ۱ ماهه منتهی به  ۱۴۰۱/۰۳/۳۱(اصلاحیه),۱۴۰۱/۰۴/۲۹ ۲۱:۵۸:۳۵,915889,True,https://excel.codal.ir/service/Excel/GetAll/GWXrNswUFsbOBHEJ6OOObOOOEMvg%3d%3d/0,export,سود سرمایه گذاریها,تن,0.0,0.0,0.0,0.0,1401-03,1401
کگل,معدنی و صنعتی گل‌گهر,iron_ore,1401/03/31,گزارش فعالیت ماهانه دوره ۱ ماهه منتهی به  ۱۴۰۱/۰۳/۳۱(اصلاحیه),۱۴۰۱/۰۴/۲۹ ۲۱:۵۸:۳۵,915889,True,https://excel.codal.ir/service/Excel/GetAll/GWXrNswUFsbOBHEJ6OOObOOOEMvg%3d%3d/0,domestic,کنسانتره سنگ آهن,تن,1356946.0,220566.0,29552356.0,6518245.0,1401-03,1401
کگل,معدنی و صنعتی گل‌گهر,iron_ore,1401/03/31,گزارش فعالیت ماهانه دوره ۱ ماهه منتهی به  ۱۴۰۱/۰۳/۳۱(اصلاحیه),۱۴۰۱/۰۴/۲۹ ۲۱:۵۸:۳۵,915889,True,https://excel.codal.ir/service/Excel/GetAll/GWXrNswUFsbOBHEJ6OOObOOOEMvg%3d%3d/0,export,کنسانتره سنگ آهن,تن,,,0.0,0.0,1401-03,1401
کگل,معدنی و صنعتی گل‌گهر,iron_ore,1401/03/31,گزارش فعالیت ماهانه دوره ۱ ماهه منتهی به  ۱۴۰۱/۰۳/۳۱(اصلاحیه),۱۴۰۱/۰۴/۲۹ ۲۱:۵۸:۳۵,915889,True,https://excel.codal.ir/service/Excel/GetAll/GWXrNswUFsbOBHEJ6OOObOOOEMvg%3d%3d/0,domestic,گندله,تن,1074941.0,606811.0,39823823.0,24165534.0,1401-03,1401
کگل,معدنی و صنعتی گل‌گهر,iron_ore,1401/03/31,گزارش فعالیت ماهانه دوره ۱ ماهه منتهی به  ۱۴۰۱/۰۳/۳۱(اصلاحیه),۱۴۰۱/۰۴/۲۹ ۲۱:۵۸:۳۵,915889,True,https://excel.codal.ir/service/Excel/GetAll/GWXrNswUFsbOBHEJ6OOObOOOEMvg%3d%3d/0,export,گندله,تن,,136517.0,33882681.0,4625562.0,1401-03,1401
کگل,معدنی و صنعتی گل‌گهر,iron_ore,1401/03/31,گزارش فعالیت ماهانه دوره ۱ ماهه منتهی به  ۱۴۰۱/۰۳/۳۱(اصلاحیه),۱۴۰۱/۰۴/۲۹ ۲۱:۵۸:۳۵,915889,True,https://excel.codal.ir/service/Excel/GetAll/GWXrNswUFsbOBHEJ6OOObOOOEMvg%3d%3d/0,domestic,گندله ریزدانه,تن,10434.0,8230.0,20998299.0,172816.0,1401-03,1401
کگل,معدنی و صنعتی گل‌گهر,iron_ore,1401/03/31,گزارش فعالیت ماهانه دوره ۱ ماهه منتهی به  ۱۴۰۱/۰۳/۳۱(اصلاحیه),۱۴۰۱/۰۴/۲۹ ۲۱:۵۸:۳۵,915889,True,https://excel.codal.ir/service/Excel/GetAll/GWXrNswUFsbOBHEJ6OOObOOOEMvg%3d%3d/0,export,گندله ریزدانه صادراتی,تن,,,0.0,0.0,1401-03,1401
کگل,معدنی و صنعتی گل‌گهر,iron_ore,1401/04/31,گزارش فعالیت ماهانه دوره ۱ ماهه منتهی به  ۱۴۰۱/۰۴/۳۱,۱۴۰۱/۰۵/۰۵ ۱۰:۴۱:۰۳,919233,False,https://excel.codal.ir/service/Excel/GetAll/TEPUvX2mFg4ilOOObOOOc4we4b7A%3d%3d/0,export,سود سرمایه گذاریها,تن,,,0.0,0.0,1401-04,1401
کگل,معدنی و صنعتی گل‌گهر,iron_ore,1401/04/31,گزارش فعالیت ماهانه دوره ۱ ماهه منتهی به  ۱۴۰۱/۰۴/۳۱,۱۴۰۱/۰۵/۰۵ ۱۰:۴۱:۰۳,919233,False,https://excel.codal.ir/service/Excel/GetAll/TEPUvX2mFg4ilOOObOOOc4we4b7A%3d%3d/0,domestic,کنسانتره سنگ آهن,تن,745457.0,174336.0,31484381.0,5488861.0,1401-04,1401
کگل,معدنی و صنعتی گل‌گهر,iron_ore,1401/04/31,گزارش فعالیت ماهانه دوره ۱ ماهه منتهی به  ۱۴۰۱/۰۴/۳۱,۱۴۰۱/۰۵/۰۵ ۱۰:۴۱:۰۳,919233,False,https://excel.codal.ir/service/Excel/GetAll/TEPUvX2mFg4ilOOObOOOc4we4b7A%3d%3d/0,export,کنسانتره سنگ آهن,تن,,96645.0,27383103.0,2646440.0,1401-04,1401
کگل,معدنی و صنعتی گل‌گهر,iron_ore,1401/04/31,گزارش فعالیت ماهانه دوره ۱ ماهه منتهی به  ۱۴۰۱/۰۴/۳۱,۱۴۰۱/۰۵/۰۵ ۱۰:۴۱:۰۳,919233,False,https://excel.codal.ir/service/Excel/GetAll/TEPUvX2mFg4ilOOObOOOc4we4b7A%3d%3d/0,domestic,گندله,تن,350718.0,476713.0,35865382.0,17097494.0,1401-04,1401
کگل,معدنی و صنعتی گل‌گهر,iron_ore,1401/04/31,گزارش فعالیت ماهانه دوره ۱ ماهه منتهی به  ۱۴۰۱/۰۴/۳۱,۱۴۰۱/۰۵/۰۵ ۱۰:۴۱:۰۳,919233,False,https://excel.codal.ir/service/Excel/GetAll/TEPUvX2mFg4ilOOObOOOc4we4b7A%3d%3d/0,export,گندله,تن,,35000.0,29323971.0,1026339.0,1401-04,1401
کگل,معدنی و صنعتی گل‌گهر,iron_ore,1401/04/31,گزارش فعالیت ماهانه دوره ۱ ماهه منتهی به  ۱۴۰۱/۰۴/۳۱,۱۴۰۱/۰۵/۰۵ ۱۰:۴۱:۰۳,919233,False,https://excel.codal.ir/service/Excel/GetAll/TEPUvX2mFg4ilOOObOOOc4we4b7A%3d%3d/0,domestic,گندله ریزدانه,تن,3496.0,3689.0,21000542.0,77471.0,1401-04,1401
کگل,معدنی و صنعتی گل‌گهر,iron_ore,1401/04/31,گزارش فعالیت ماهانه دوره ۱ ماهه منتهی به  ۱۴۰۱/۰۴/۳۱,۱۴۰۱/۰۵/۰۵ ۱۰:۴۱:۰۳,919233,False,https://excel.codal.ir/service/Excel/GetAll/TEPUvX2mFg4ilOOObOOOc4we4b7A%3d%3d/0,export,گندله ریزدانه صادراتی,تن,,,0.0,0.0,1401-04,1401
کگل,معدنی و صنعتی گل‌گهر,iron_ore,1401/05/31,گزارش فعالیت ماهانه دوره ۱ ماهه منتهی به  ۱۴۰۱/۰۵/۳۱,۱۴۰۱/۰۶/۰۷ ۱۷:۵۵:۳۱,931988,False,https://excel.codal.ir/service/Excel/GetAll/jvGsieX7IbOdk9pYQxmW9Q%3d%3d/0,export,سود سرمایه گذاریها,تن,,,0.0,0.0,1401-05,1401
کگل,معدنی و صنعتی گل‌گهر,iron_ore,1401/05/31,گزارش فعالیت ماهانه دوره ۱ ماهه منتهی به  ۱۴۰۱/۰۵/۳۱,۱۴۰۱/۰۶/۰۷ ۱۷:۵۵:۳۱,931988,False,https://excel.codal.ir/service/Excel/GetAll/jvGsieX7IbOdk9pYQxmW9Q%3d%3d/0,domestic,کنسانتره سنگ آهن,تن,996103.0,57194.0,30707819.0,1756303.0,1401-05,1401
کگل,معدنی و صنعتی گل‌گهر,iron_ore,1401/05/31,گزارش فعالیت ماهانه دوره ۱ ماهه منتهی به  ۱۴۰۱/۰۵/۳۱,۱۴۰۱/۰۶/۰۷ ۱۷:۵۵:۳۱,931988,False,https://excel.codal.ir/service/Excel/GetAll/jvGsieX7IbOdk9pYQxmW9Q%3d%3d/0,export,کنسانتره سنگ آهن,تن,,140000.0,21570586.0,3019882.0,1401-05,1401
کگل,معدنی و صنعتی گل‌گهر,iron_ore,1401/05/31,گزارش فعالیت ماهانه دوره ۱ ماهه منتهی به  ۱۴۰۱/۰۵/۳۱,۱۴۰۱/۰۶/۰۷ ۱۷:۵۵:۳۱,931988,False,https://excel.codal.ir/service/Excel/GetAll/jvGsieX7IbOdk9pYQxmW9Q%3d%3d/0,domestic,گندله,تن,582160.0,634058.0,31383137.0,19898729.0,1401-05,1401
کگل,معدنی و صنعتی گل‌گهر,iron_ore,1401/05/31,گزارش فعالیت ماهانه دوره ۱ ماهه منتهی به  ۱۴۰۱/۰۵/۳۱,۱۴۰۱/۰۶/۰۷ ۱۷:۵۵:۳۱,931988,False,https://excel.codal.ir/service/Excel/GetAll/jvGsieX7IbOdk9pYQxmW9Q%3d%3d/0,export,گندله,تن,,137955.0,24353862.0,3359737.0,1401-05,1401
کگل,معدنی و صنعتی گل‌گهر,iron_ore,1401/05/31,گزارش فعالیت ماهانه دوره ۱ ماهه منتهی به  ۱۴۰۱/۰۵/۳۱,۱۴۰۱/۰۶/۰۷ ۱۷:۵۵:۳۱,931988,False,https://excel.codal.ir/service/Excel/GetAll/jvGsieX7IbOdk9pYQxmW9Q%3d%3d/0,domestic,گندله ریزدانه,تن,5516.0,2324.0,20999570.0,48803.0,1401-05,1401
کگل,معدنی و صنعتی گل‌گهر,iron_ore,1401/05/31,گزارش فعالیت ماهانه دوره ۱ ماهه منتهی به  ۱۴۰۱/۰۵/۳۱,۱۴۰۱/۰۶/۰۷ ۱۷:۵۵:۳۱,931988,False,https://excel.codal.ir/service/Excel/GetAll/jvGsieX7IbOdk9pYQxmW9Q%3d%3d/0,export,گندله ریزدانه صادراتی,تن,,,0.0,0.0,1401-05,1401
کگل,معدنی و صنعتی گل‌گهر,iron_ore,1401/06/31,گزارش فعالیت ماهانه دوره ۱ ماهه منتهی به  ۱۴۰۱/۰۶/۳۱(اصلاحیه),۱۴۰۱/۱۰/۰۴ ۲۲:۱۶:۳۱,974919,True,https://excel.codal.ir/service/Excel/GetAll/CJkwbCJsftAtCWuXOOObOOO2lqwg%3d%3d/0,export,سود سرمایه گذاریها,تن,,,0.0,0.0,1401-06,1401
کگل,معدنی و صنعتی گل‌گهر,iron_ore,1401/06/31,گزارش فعالیت ماهانه دوره ۱ ماهه منتهی به  ۱۴۰۱/۰۶/۳۱(اصلاحیه),۱۴۰۱/۱۰/۰۴ ۲۲:۱۶:۳۱,974919,True,https://excel.codal.ir/service/Excel/GetAll/CJkwbCJsftAtCWuXOOObOOO2lqwg%3d%3d/0,domestic,کنسانتره سنگ آهن,تن,883058.0,9984.0,20492989.0,204602.0,1401-06,1401
کگل,معدنی و صنعتی گل‌گهر,iron_ore,1401/06/31,گزارش فعالیت ماهانه دوره ۱ ماهه منتهی به  ۱۴۰۱/۰۶/۳۱(اصلاحیه),۱۴۰۱/۱۰/۰۴ ۲۲:۱۶:۳۱,974919,True,https://excel.codal.ir/service/Excel/GetAll/CJkwbCJsftAtCWuXOOObOOO2lqwg%3d%3d/0,export,کنسانتره سنگ آهن,تن,,61572.0,17569610.0,1081796.0,1401-06,1401
کگل,معدنی و صنعتی گل‌گهر,iron_ore,1401/06/31,گزارش فعالیت ماهانه دوره ۱ ماهه منتهی به  ۱۴۰۱/۰۶/۳۱(اصلاحیه),۱۴۰۱/۱۰/۰۴ ۲۲:۱۶:۳۱,974919,True,https://excel.codal.ir/service/Excel/GetAll/CJkwbCJsftAtCWuXOOObOOO2lqwg%3d%3d/0,domestic,گندله,تن,929694.0,1061768.0,28715325.0,30489013.0,1401-06,1401
کگل,معدنی و صنعتی گل‌گهر,iron_ore,1401/06/31,گزارش فعالیت ماهانه دوره ۱ ماهه منتهی به  ۱۴۰۱/۰۶/۳۱(اصلاحیه),۱۴۰۱/۱۰/۰۴ ۲۲:۱۶:۳۱,974919,True,https://excel.codal.ir/service/Excel/GetAll/CJkwbCJsftAtCWuXOOObOOO2lqwg%3d%3d/0,export,گندله,تن,,338410.0,21645572.0,7325078.0,1401-06,1401
کگل,معدنی و صنعتی گل‌گهر,iron_ore,1401/06/31,گزارش فعالیت ماهانه دوره ۱ ماهه منتهی به  ۱۴۰۱/۰۶/۳۱(اصلاحیه),۱۴۰۱/۱۰/۰۴ ۲۲:۱۶:۳۱,974919,True,https://excel.codal.ir/service/Excel/GetAll/CJkwbCJsftAtCWuXOOObOOO2lqwg%3d%3d/0,domestic,گندله ریزدانه,تن,8772.0,4740.0,17724684.0,84015.0,1401-06,1401
کگل,معدنی و صنعتی گل‌گهر,iron_ore,1401/06/31,گزارش فعالیت ماهانه دوره ۱ ماهه منتهی به  ۱۴۰۱/۰۶/۳۱(اصلاحیه),۱۴۰۱/۱۰/۰۴ ۲۲:۱۶:۳۱,974919,True,https://excel.codal.ir/service/Excel/GetAll/CJkwbCJsftAtCWuXOOObOOO2lqwg%3d%3d/0,export,گندله ریزدانه صادراتی,تن,,,0.0,0.0,1401-06,1401
کگل,معدنی و صنعتی گل‌گهر,iron_ore,1401/07/30,گزارش فعالیت ماهانه دوره ۱ ماهه منتهی به  ۱۴۰۱/۰۷/۳۰(اصلاحیه),۱۴۰۱/۱۰/۰۷ ۱۵:۱۰:۴۶,975782,True,https://excel.codal.ir/service/Excel/GetAll/79Rl0tgZgSg2GFrOrhPn7Q%3d%3d/0,export,سود سرمایه گذاریها,تن,,,0.0,0.0,1401-07,1401
کگل,معدنی و صنعتی گل‌گهر,iron_ore,1401/07/30,گزارش فعالیت ماهانه دوره ۱ ماهه منتهی به  ۱۴۰۱/۰۷/۳۰(اصلاحیه),۱۴۰۱/۱۰/۰۷ ۱۵:۱۰:۴۶,975782,True,https://excel.codal.ir/service/Excel/GetAll/79Rl0tgZgSg2GFrOrhPn7Q%3d%3d/0,domestic,کنسانتره سنگ آهن,تن,746381.0,20680.0,23881335.0,493866.0,1401-07,1401
کگل,معدنی و صنعتی گل‌گهر,iron_ore,1401/07/30,گزارش فعالیت ماهانه دوره ۱ ماهه منتهی به  ۱۴۰۱/۰۷/۳۰(اصلاحیه),۱۴۰۱/۱۰/۰۷ ۱۵:۱۰:۴۶,975782,True,https://excel.codal.ir/service/Excel/GetAll/79Rl0tgZgSg2GFrOrhPn7Q%3d%3d/0,export,کنسانتره سنگ آهن,تن,,49637.0,18514334.0,918996.0,1401-07,1401
کگل,معدنی و صنعتی گل‌گهر,iron_ore,1401/07/30,گزارش فعالیت ماهانه دوره ۱ ماهه منتهی به  ۱۴۰۱/۰۷/۳۰(اصلاحیه),۱۴۰۱/۱۰/۰۷ ۱۵:۱۰:۴۶,975782,True,https://excel.codal.ir/service/Excel/GetAll/79Rl0tgZgSg2GFrOrhPn7Q%3d%3d/0,domestic,گندله,تن,960727.0,882449.0,27276451.0,24070077.0,1401-07,1401
کگل,معدنی و صنعتی گل‌گهر,iron_ore,1401/07/30,گزارش فعالیت ماهانه دوره ۱ ماهه منتهی به  ۱۴۰۱/۰۷/۳۰(اصلاحیه),۱۴۰۱/۱۰/۰۷ ۱۵:۱۰:۴۶,975782,True,https://excel.codal.ir/service/Excel/GetAll/79Rl0tgZgSg2GFrOrhPn7Q%3d%3d/0,export,گندله,تن,,205219.0,22205634.0,4557018.0,1401-07,1401
کگل,معدنی و صنعتی گل‌گهر,iron_ore,1401/07/30,گزارش فعالیت ماهانه دوره ۱ ماهه منتهی به  ۱۴۰۱/۰۷/۳۰(اصلاحیه),۱۴۰۱/۱۰/۰۷ ۱۵:۱۰:۴۶,975782,True,https://excel.codal.ir/service/Excel/GetAll/79Rl0tgZgSg2GFrOrhPn7Q%3d%3d/0,domestic,گندله ریزدانه,تن,9085.0,8215.0,13755082.0,112998.0,1401-07,1401
کگل,معدنی و صنعتی گل‌گهر,iron_ore,1401/07/30,گزارش فعالیت ماهانه دوره ۱ ماهه منتهی به  ۱۴۰۱/۰۷/۳۰(اصلاحیه),۱۴۰۱/۱۰/۰۷ ۱۵:۱۰:۴۶,975782,True,https://excel.codal.ir/service/Excel/GetAll/79Rl0tgZgSg2GFrOrhPn7Q%3d%3d/0,export,گندله ریزدانه صادراتی,تن,,,0.0,0.0,1401-07,1401
کگل,معدنی و صنعتی گل‌گهر,iron_ore,1401/08/30,گزارش فعالیت ماهانه دوره ۱ ماهه منتهی به  ۱۴۰۱/۰۸/۳۰(اصلاحیه),۱۴۰۱/۱۰/۰۷ ۱۵:۱۶:۲۶,976072,True,https://excel.codal.ir/service/Excel/GetAll/s52zrFc1XPQiZexn2JiByQ%3d%3d/0,export,سود سرمایه گذاریها,تن,,,0.0,0.0,1401-08,1401
کگل,معدنی و صنعتی گل‌گهر,iron_ore,1401/08/30,گزارش فعالیت ماهانه دوره ۱ ماهه منتهی به  ۱۴۰۱/۰۸/۳۰(اصلاحیه),۱۴۰۱/۱۰/۰۷ ۱۵:۱۶:۲۶,976072,True,https://excel.codal.ir/service/Excel/GetAll/s52zrFc1XPQiZexn2JiByQ%3d%3d/0,domestic,کنسانتره سنگ آهن,تن,602600.0,139594.0,25570333.0,3569465.0,1401-08,1401
کگل,معدنی و صنعتی گل‌گهر,iron_ore,1401/08/30,گزارش فعالیت ماهانه دوره ۱ ماهه منتهی به  ۱۴۰۱/۰۸/۳۰(اصلاحیه),۱۴۰۱/۱۰/۰۷ ۱۵:۱۶:۲۶,976072,True,https://excel.codal.ir/service/Excel/GetAll/s52zrFc1XPQiZexn2JiByQ%3d%3d/0,export,کنسانتره سنگ آهن,تن,,,0.0,0.0,1401-08,1401
کگل,معدنی و صنعتی گل‌گهر,iron_ore,1401/08/30,گزارش فعالیت ماهانه دوره ۱ ماهه منتهی به  ۱۴۰۱/۰۸/۳۰(اصلاحیه),۱۴۰۱/۱۰/۰۷ ۱۵:۱۶:۲۶,976072,True,https://excel.codal.ir/service/Excel/GetAll/s52zrFc1XPQiZexn2JiByQ%3d%3d/0,domestic,گندله,تن,894028.0,885008.0,28430911.0,25161584.0,1401-08,1401
کگل,معدنی و صنعتی گل‌گهر,iron_ore,1401/08/30,گزارش فعالیت ماهانه دوره ۱ ماهه منتهی به  ۱۴۰۱/۰۸/۳۰(اصلاحیه),۱۴۰۱/۱۰/۰۷ ۱۵:۱۶:۲۶,976072,True,https://excel.codal.ir/service/Excel/GetAll/s52zrFc1XPQiZexn2JiByQ%3d%3d/0,export,گندله,تن,,68025.0,17646395.0,1200396.0,1401-08,1401
کگل,معدنی و صنعتی گل‌گهر,iron_ore,1401/08/30,گزارش فعالیت ماهانه دوره ۱ ماهه منتهی به  ۱۴۰۱/۰۸/۳۰(اصلاحیه),۱۴۰۱/۱۰/۰۷ ۱۵:۱۶:۲۶,976072,True,https://excel.codal.ir/service/Excel/GetAll/s52zrFc1XPQiZexn2JiByQ%3d%3d/0,domestic,گندله ریزدانه,تن,8465.0,5372.0,14580603.0,78327.0,1401-08,1401
کگل,معدنی و صنعتی گل‌گهر,iron_ore,1401/08/30,گزارش فعالیت ماهانه دوره ۱ ماهه منتهی به  ۱۴۰۱/۰۸/۳۰(اصلاحیه),۱۴۰۱/۱۰/۰۷ ۱۵:۱۶:۲۶,976072,True,https://excel.codal.ir/service/Excel/GetAll/s52zrFc1XPQiZexn2JiByQ%3d%3d/0,export,گندله ریزدانه صادراتی,تن,,,0.0,0.0,1401-08,1401
کگل,معدنی و صنعتی گل‌گهر,iron_ore,1401/09/30,گزارش فعالیت ماهانه دوره ۱ ماهه منتهی به  ۱۴۰۱/۰۹/۳۰(اصلاحیه),۱۴۰۱/۱۰/۳۰ ۱۹:۲۰:۵۶,984721,True,https://excel.codal.ir/service/Excel/GetAll/LUgNqstPP507HQQQaQQQOOObOOOJQYQQQaQQQQQQaQQQhg%3d%3d/0,export,سود سرمایه گذاریها,تن,,,0.0,0.0,1401-09,1401
کگل,معدنی و صنعتی گل‌گهر,iron_ore,1401/09/30,گزارش فعالیت ماهانه دوره ۱ ماهه منتهی به  ۱۴۰۱/۰۹/۳۰(اصلاحیه),۱۴۰۱/۱۰/۳۰ ۱۹:۲۰:۵۶,984721,True,https://excel.codal.ir/service/Excel/GetAll/LUgNqstPP507HQQQaQQQOOObOOOJQYQQQaQQQQQQaQQQhg%3d%3d/0,domestic,کنسانتره سنگ آهن,تن,577305.0,76027.0,25146856.0,1911840.0,1401-09,1401
کگل,معدنی و صنعتی گل‌گهر,iron_ore,1401/09/30,گزارش فعالیت ماهانه دوره ۱ ماهه منتهی به  ۱۴۰۱/۰۹/۳۰(اصلاحیه),۱۴۰۱/۱۰/۳۰ ۱۹:۲۰:۵۶,984721,True,https://excel.codal.ir/service/Excel/GetAll/LUgNqstPP507HQQQaQQQOOObOOOJQYQQQaQQQQQQaQQQhg%3d%3d/0,export,کنسانتره سنگ آهن,تن,,,0.0,0.0,1401-09,1401
کگل,معدنی و صنعتی گل‌گهر,iron_ore,1401/09/30,گزارش فعالیت ماهانه دوره ۱ ماهه منتهی به  ۱۴۰۱/۰۹/۳۰(اصلاحیه),۱۴۰۱/۱۰/۳۰ ۱۹:۲۰:۵۶,984721,True,https://excel.codal.ir/service/Excel/GetAll/LUgNqstPP507HQQQaQQQOOObOOOJQYQQQaQQQQQQaQQQhg%3d%3d/0,domestic,گندله,تن,779532.0,949717.0,28635205.0,27195341.0,1401-09,1401
کگل,معدنی و صنعتی گل‌گهر,iron_ore,1401/09/30,گزارش فعالیت ماهانه دوره ۱ ماهه منتهی به  ۱۴۰۱/۰۹/۳۰(اصلاحیه),۱۴۰۱/۱۰/۳۰ ۱۹:۲۰:۵۶,984721,True,https://excel.codal.ir/service/Excel/GetAll/LUgNqstPP507HQQQaQQQOOObOOOJQYQQQaQQQQQQaQQQhg%3d%3d/0,export,گندله,تن,,128180.0,28009814.0,3590298.0,1401-09,1401
کگل,معدنی و صنعتی گل‌گهر,iron_ore,1401/09/30,گزارش فعالیت ماهانه دوره ۱ ماهه منتهی به  ۱۴۰۱/۰۹/۳۰(اصلاحیه),۱۴۰۱/۱۰/۳۰ ۱۹:۲۰:۵۶,984721,True,https://excel.codal.ir/service/Excel/GetAll/LUgNqstPP507HQQQaQQQOOObOOOJQYQQQaQQQQQQaQQQhg%3d%3d/0,domestic,گندله ریزدانه,تن,10827.0,4450.0,14431685.0,64221.0,1401-09,1401
کگل,معدنی و صنعتی گل‌گهر,iron_ore,1401/09/30,گزارش فعالیت ماهانه دوره ۱ ماهه منتهی به  ۱۴۰۱/۰۹/۳۰(اصلاحیه),۱۴۰۱/۱۰/۳۰ ۱۹:۲۰:۵۶,984721,True,https://excel.codal.ir/service/Excel/GetAll/LUgNqstPP507HQQQaQQQOOObOOOJQYQQQaQQQQQQaQQQhg%3d%3d/0,export,گندله ریزدانه صادراتی,تن,,,0.0,0.0,1401-09,1401
کگل,معدنی و صنعتی گل‌گهر,iron_ore,1401/10/30,گزارش فعالیت ماهانه دوره ۱ ماهه منتهی به  ۱۴۰۱/۱۰/۳۰,۱۴۰۱/۱۱/۰۵ ۱۸:۱۲:۰۰,987134,False,https://excel.codal.ir/service/Excel/GetAll/yBwnxSNcD2oWN5ctb9UFeQ%3d%3d/0,export,سود سرمایه گذاریها,تن,,,0.0,0.0,1401-10,1401
کگل,معدنی و صنعتی گل‌گهر,iron_ore,1401/10/30,گزارش فعالیت ماهانه دوره ۱ ماهه منتهی به  ۱۴۰۱/۱۰/۳۰,۱۴۰۱/۱۱/۰۵ ۱۸:۱۲:۰۰,987134,False,https://excel.codal.ir/service/Excel/GetAll/yBwnxSNcD2oWN5ctb9UFeQ%3d%3d/0,domestic,کنسانتره سنگ آهن,تن,511066.0,37414.0,24308708.0,909486.0,1401-10,1401
کگل,معدنی و صنعتی گل‌گهر,iron_ore,1401/10/30,گزارش فعالیت ماهانه دوره ۱ ماهه منتهی به  ۱۴۰۱/۱۰/۳۰,۱۴۰۱/۱۱/۰۵ ۱۸:۱۲:۰۰,987134,False,https://excel.codal.ir/service/Excel/GetAll/yBwnxSNcD2oWN5ctb9UFeQ%3d%3d/0,export,کنسانتره سنگ آهن,تن,,,0.0,0.0,1401-10,1401
کگل,معدنی و صنعتی گل‌گهر,iron_ore,1401/10/30,گزارش فعالیت ماهانه دوره ۱ ماهه منتهی به  ۱۴۰۱/۱۰/۳۰,۱۴۰۱/۱۱/۰۵ ۱۸:۱۲:۰۰,987134,False,https://excel.codal.ir/service/Excel/GetAll/yBwnxSNcD2oWN5ctb9UFeQ%3d%3d/0,domestic,گندله,تن,543884.0,495968.0,30227043.0,14991646.0,1401-10,1401
کگل,معدنی و صنعتی گل‌گهر,iron_ore,1401/10/30,گزارش فعالیت ماهانه دوره ۱ ماهه منتهی به  ۱۴۰۱/۱۰/۳۰,۱۴۰۱/۱۱/۰۵ ۱۸:۱۲:۰۰,987134,False,https://excel.codal.ir/service/Excel/GetAll/yBwnxSNcD2oWN5ctb9UFeQ%3d%3d/0,export,گندله,تن,,,0.0,0.0,1401-10,1401
کگل,معدنی و صنعتی گل‌گهر,iron_ore,1401/10/30,گزارش فعالیت ماهانه دوره ۱ ماهه منتهی به  ۱۴۰۱/۱۰/۳۰,۱۴۰۱/۱۱/۰۵ ۱۸:۱۲:۰۰,987134,False,https://excel.codal.ir/service/Excel/GetAll/yBwnxSNcD2oWN5ctb9UFeQ%3d%3d/0,domestic,گندله ریزدانه,تن,3645.0,6812.0,14431445.0,98307.0,1401-10,1401
کگل,معدنی و صنعتی گل‌گهر,iron_ore,1401/10/30,گزارش فعالیت ماهانه دوره ۱ ماهه منتهی به  ۱۴۰۱/۱۰/۳۰,۱۴۰۱/۱۱/۰۵ ۱۸:۱۲:۰۰,987134,False,https://excel.codal.ir/service/Excel/GetAll/yBwnxSNcD2oWN5ctb9UFeQ%3d%3d/0,export,گندله ریزدانه صادراتی,تن,,,0.0,0.0,1401-10,1401
کگل,معدنی و صنعتی گل‌گهر,iron_ore,1401/11/30,گزارش فعالیت ماهانه دوره ۱ ماهه منتهی به  ۱۴۰۱/۱۱/۳۰,۱۴۰۱/۱۲/۰۷ ۱۴:۱۱:۳۰,996329,False,https://excel.codal.ir/service/Excel/GetAll/plEIIinOWWaDse7mDp1ftQ%3d%3d/0,export,سود سرمایه گذاریها,تن,,,0.0,0.0,1401-11,1401
کگل,معدنی و صنعتی گل‌گهر,iron_ore,1401/11/30,گزارش فعالیت ماهانه دوره ۱ ماهه منتهی به  ۱۴۰۱/۱۱/۳۰,۱۴۰۱/۱۲/۰۷ ۱۴:۱۱:۳۰,996329,False,https://excel.codal.ir/service/Excel/GetAll/plEIIinOWWaDse7mDp1ftQ%3d%3d/0,domestic,کنسانتره سنگ آهن,تن,561752.0,86404.0,27577369.0,2382795.0,1401-11,1401
کگل,معدنی و صنعتی گل‌گهر,iron_ore,1401/11/30,گزارش فعالیت ماهانه دوره ۱ ماهه منتهی به  ۱۴۰۱/۱۱/۳۰,۱۴۰۱/۱۲/۰۷ ۱۴:۱۱:۳۰,996329,False,https://excel.codal.ir/service/Excel/GetAll/plEIIinOWWaDse7mDp1ftQ%3d%3d/0,export,کنسانتره سنگ آهن,تن,,,0.0,0.0,1401-11,1401
کگل,معدنی و صنعتی گل‌گهر,iron_ore,1401/11/30,گزارش فعالیت ماهانه دوره ۱ ماهه منتهی به  ۱۴۰۱/۱۱/۳۰,۱۴۰۱/۱۲/۰۷ ۱۴:۱۱:۳۰,996329,False,https://excel.codal.ir/service/Excel/GetAll/plEIIinOWWaDse7mDp1ftQ%3d%3d/0,domestic,گندله,تن,642760.0,514274.0,32348975.0,16636237.0,1401-11,1401
کگل,معدنی و صنعتی گل‌گهر,iron_ore,1401/11/30,گزارش فعالیت ماهانه دوره ۱ ماهه منتهی به  ۱۴۰۱/۱۱/۳۰,۱۴۰۱/۱۲/۰۷ ۱۴:۱۱:۳۰,996329,False,https://excel.codal.ir/service/Excel/GetAll/plEIIinOWWaDse7mDp1ftQ%3d%3d/0,export,گندله,تن,,138347.0,34565983.0,4782100.0,1401-11,1401
کگل,معدنی و صنعتی گل‌گهر,iron_ore,1401/11/30,گزارش فعالیت ماهانه دوره ۱ ماهه منتهی به  ۱۴۰۱/۱۱/۳۰,۱۴۰۱/۱۲/۰۷ ۱۴:۱۱:۳۰,996329,False,https://excel.codal.ir/service/Excel/GetAll/plEIIinOWWaDse7mDp1ftQ%3d%3d/0,domestic,گندله ریزدانه,تن,4633.0,20678.0,14431473.0,298414.0,1401-11,1401
کگل,معدنی و صنعتی گل‌گهر,iron_ore,1401/11/30,گزارش فعالیت ماهانه دوره ۱ ماهه منتهی به  ۱۴۰۱/۱۱/۳۰,۱۴۰۱/۱۲/۰۷ ۱۴:۱۱:۳۰,996329,False,https://excel.codal.ir/service/Excel/GetAll/plEIIinOWWaDse7mDp1ftQ%3d%3d/0,export,گندله ریزدانه صادراتی,تن,,,0.0,0.0,1401-11,1401
کگل,معدنی و صنعتی گل‌گهر,iron_ore,1401/12/29,گزارش فعالیت ماهانه دوره ۱ ماهه منتهی به  ۱۴۰۱/۱۲/۲۹(اصلاحیه),۱۴۰۲/۰۴/۰۶ ۱۹:۳۵:۲۴,1046647,True,https://excel.codal.ir/service/Excel/GetAll/94iP9BPXluwbTcQQQaQQQ5JzoNlg%3d%3d/0,domestic,سنگ آهن دانه بندی شده,تن,,1787.0,3828763.0,6842.0,1401-12,1401
کگل,معدنی و صنعتی گل‌گهر,iron_ore,1401/12/29,گزارش فعالیت ماهانه دوره ۱ ماهه منتهی به  ۱۴۰۱/۱۲/۲۹(اصلاحیه),۱۴۰۲/۰۴/۰۶ ۱۹:۳۵:۲۴,1046647,True,https://excel.codal.ir/service/Excel/GetAll/94iP9BPXluwbTcQQQaQQQ5JzoNlg%3d%3d/0,export,سود سرمایه گذاریها,تن,,,0.0,87512811.0,1401-12,1401
کگل,معدنی و صنعتی گل‌گهر,iron_ore,1401/12/29,گزارش فعالیت ماهانه دوره ۱ ماهه منتهی به  ۱۴۰۱/۱۲/۲۹(اصلاحیه),۱۴۰۲/۰۴/۰۶ ۱۹:۳۵:۲۴,1046647,True,https://excel.codal.ir/service/Excel/GetAll/94iP9BPXluwbTcQQQaQQQ5JzoNlg%3d%3d/0,domestic,کنسانتره سنگ آهن,تن,524146.0,114054.0,27984788.0,3191777.0,1401-12,1401
کگل,معدنی و صنعتی گل‌گهر,iron_ore,1401/12/29,گزارش فعالیت ماهانه دوره ۱ ماهه منتهی به  ۱۴۰۱/۱۲/۲۹(اصلاحیه),۱۴۰۲/۰۴/۰۶ ۱۹:۳۵:۲۴,1046647,True,https://excel.codal.ir/service/Excel/GetAll/94iP9BPXluwbTcQQQaQQQ5JzoNlg%3d%3d/0,export,کنسانتره سنگ آهن,تن,-7490.0,,0.0,0.0,1401-12,1401
کگل,معدنی و صنعتی گل‌گهر,iron_ore,1401/12/29,گزارش فعالیت ماهانه دوره ۱ ماهه منتهی به  ۱۴۰۱/۱۲/۲۹(اصلاحیه),۱۴۰۲/۰۴/۰۶ ۱۹:۳۵:۲۴,1046647,True,https://excel.codal.ir/service/Excel/GetAll/94iP9BPXluwbTcQQQaQQQ5JzoNlg%3d%3d/0,domestic,گندله,تن,811464.0,1333048.0,40069285.0,53414280.0,1401-12,1401
کگل,معدنی و صنعتی گل‌گهر,iron_ore,1401/12/29,گزارش فعالیت ماهانه دوره ۱ ماهه منتهی به  ۱۴۰۱/۱۲/۲۹(اصلاحیه),۱۴۰۲/۰۴/۰۶ ۱۹:۳۵:۲۴,1046647,True,https://excel.codal.ir/service/Excel/GetAll/94iP9BPXluwbTcQQQaQQQ5JzoNlg%3d%3d/0,export,گندله,تن,-598.0,189783.0,43508149.0,8257107.0,1401-12,1401
کگل,معدنی و صنعتی گل‌گهر,iron_ore,1401/12/29,گزارش فعالیت ماهانه دوره ۱ ماهه منتهی به  ۱۴۰۱/۱۲/۲۹(اصلاحیه),۱۴۰۲/۰۴/۰۶ ۱۹:۳۵:۲۴,1046647,True,https://excel.codal.ir/service/Excel/GetAll/94iP9BPXluwbTcQQQaQQQ5JzoNlg%3d%3d/0,domestic,گندله ریزدانه,تن,6146.0,15079.0,17517209.0,264142.0,1401-12,1401
کگل,معدنی و صنعتی گل‌گهر,iron_ore,1401/12/29,گزارش فعالیت ماهانه دوره ۱ ماهه منتهی به  ۱۴۰۱/۱۲/۲۹(اصلاحیه),۱۴۰۲/۰۴/۰۶ ۱۹:۳۵:۲۴,1046647,True,https://excel.codal.ir/service/Excel/GetAll/94iP9BPXluwbTcQQQaQQQ5JzoNlg%3d%3d/0,export,گندله ریزدانه صادراتی,تن,,,0.0,0.0,1401-12,1401
کگل,معدنی و صنعتی گل‌گهر,iron_ore,1402/01/31,گزارش فعالیت ماهانه دوره ۱ ماهه منتهی به  ۱۴۰۲/۰۱/۳۱,۱۴۰۲/۰۲/۱۰ ۱۴:۵۰:۱۹,1017454,False,https://excel.codal.ir/service/Excel/GetAll/OPcTXpo5GQVa8WjhGHGTtg%3d%3d/0,export,سود سرمایه گذاریها,تن,,,0.0,0.0,1402-01,1402
کگل,معدنی و صنعتی گل‌گهر,iron_ore,1402/01/31,گزارش فعالیت ماهانه دوره ۱ ماهه منتهی به  ۱۴۰۲/۰۱/۳۱,۱۴۰۲/۰۲/۱۰ ۱۴:۵۰:۱۹,1017454,False,https://excel.codal.ir/service/Excel/GetAll/OPcTXpo5GQVa8WjhGHGTtg%3d%3d/0,domestic,کنسانتره سنگ آهن,تن,497553.0,224149.0,30411677.0,6816747.0,1402-01,1402
کگل,معدنی و صنعتی گل‌گهر,iron_ore,1402/01/31,گزارش فعالیت ماهانه دوره ۱ ماهه منتهی به  ۱۴۰۲/۰۱/۳۱,۱۴۰۲/۰۲/۱۰ ۱۴:۵۰:۱۹,1017454,False,https://excel.codal.ir/service/Excel/GetAll/OPcTXpo5GQVa8WjhGHGTtg%3d%3d/0,export,کنسانتره سنگ آهن,تن,,,0.0,0.0,1402-01,1402
کگل,معدنی و صنعتی گل‌گهر,iron_ore,1402/01/31,گزارش فعالیت ماهانه دوره ۱ ماهه منتهی به  ۱۴۰۲/۰۱/۳۱,۱۴۰۲/۰۲/۱۰ ۱۴:۵۰:۱۹,1017454,False,https://excel.codal.ir/service/Excel/GetAll/OPcTXpo5GQVa8WjhGHGTtg%3d%3d/0,domestic,گندله,تن,891858.0,762653.0,38994029.0,29738913.0,1402-01,1402
کگل,معدنی و صنعتی گل‌گهر,iron_ore,1402/01/31,گزارش فعالیت ماهانه دوره ۱ ماهه منتهی به  ۱۴۰۲/۰۱/۳۱,۱۴۰۲/۰۲/۱۰ ۱۴:۵۰:۱۹,1017454,False,https://excel.codal.ir/service/Excel/GetAll/OPcTXpo5GQVa8WjhGHGTtg%3d%3d/0,export,گندله,تن,,181994.0,47219007.0,8593576.0,1402-01,1402
کگل,معدنی و صنعتی گل‌گهر,iron_ore,1402/01/31,گزارش فعالیت ماهانه دوره ۱ ماهه منتهی به  ۱۴۰۲/۰۱/۳۱,۱۴۰۲/۰۲/۱۰ ۱۴:۵۰:۱۹,1017454,False,https://excel.codal.ir/service/Excel/GetAll/OPcTXpo5GQVa8WjhGHGTtg%3d%3d/0,domestic,گندله ریزدانه,تن,6738.0,5463.0,17517115.0,95696.0,1402-01,1402
کگل,معدنی و صنعتی گل‌گهر,iron_ore,1402/01/31,گزارش فعالیت ماهانه دوره ۱ ماهه منتهی به  ۱۴۰۲/۰۱/۳۱,۱۴۰۲/۰۲/۱۰ ۱۴:۵۰:۱۹,1017454,False,https://excel.codal.ir/service/Excel/GetAll/OPcTXpo5GQVa8WjhGHGTtg%3d%3d/0,export,گندله ریزدانه صادراتی,تن,,,0.0,0.0,1402-01,1402
کگل,معدنی و صنعتی گل‌گهر,iron_ore,1402/02/31,گزارش فعالیت ماهانه دوره ۱ ماهه منتهی به  ۱۴۰۲/۰۲/۳۱,۱۴۰۲/۰۳/۰۷ ۱۶:۰۱:۰۳,1031494,False,https://excel.codal.ir/service/Excel/GetAll/RaUgXrri01gDTzXkH1cXDg%3d%3d/0,export,سود سرمایه گذاریها,تن,,,0.0,0.0,1402-02,1402
کگل,معدنی و صنعتی گل‌گهر,iron_ore,1402/02/31,گزارش فعالیت ماهانه دوره ۱ ماهه منتهی به  ۱۴۰۲/۰۲/۳۱,۱۴۰۲/۰۳/۰۷ ۱۶:۰۱:۰۳,1031494,False,https://excel.codal.ir/service/Excel/GetAll/RaUgXrri01gDTzXkH1cXDg%3d%3d/0,domestic,هماتیت باطله دانه بندی,تن,,170397.0,4554206.0,776023.0,1402-02,1402
کگل,معدنی و صنعتی گل‌گهر,iron_ore,1402/02/31,گزارش فعالیت ماهانه دوره ۱ ماهه منتهی به  ۱۴۰۲/۰۲/۳۱,۱۴۰۲/۰۳/۰۷ ۱۶:۰۱:۰۳,1031494,False,https://excel.codal.ir/service/Excel/GetAll/RaUgXrri01gDTzXkH1cXDg%3d%3d/0,domestic,کنسانتره سنگ آهن,تن,626262.0,174725.0,31121225.0,5437656.0,1402-02,1402
کگل,معدنی و صنعتی گل‌گهر,iron_ore,1402/02/31,گزارش فعالیت ماهانه دوره ۱ ماهه منتهی به  ۱۴۰۲/۰۲/۳۱,۱۴۰۲/۰۳/۰۷ ۱۶:۰۱:۰۳,1031494,False,https://excel.codal.ir/service/Excel/GetAll/RaUgXrri01gDTzXkH1cXDg%3d%3d/0,export,کنسانتره سنگ آهن,تن,,,0.0,0.0,1402-02,1402
کگل,معدنی و صنعتی گل‌گهر,iron_ore,1402/02/31,گزارش فعالیت ماهانه دوره ۱ ماهه منتهی به  ۱۴۰۲/۰۲/۳۱,۱۴۰۲/۰۳/۰۷ ۱۶:۰۱:۰۳,1031494,False,https://excel.codal.ir/service/Excel/GetAll/RaUgXrri01gDTzXkH1cXDg%3d%3d/0,domestic,گندله,تن,967520.0,815913.0,43297600.0,35327075.0,1402-02,1402
کگل,معدنی و صنعتی گل‌گهر,iron_ore,1402/02/31,گزارش فعالیت ماهانه دوره ۱ ماهه منتهی به  ۱۴۰۲/۰۲/۳۱,۱۴۰۲/۰۳/۰۷ ۱۶:۰۱:۰۳,1031494,False,https://excel.codal.ir/service/Excel/GetAll/RaUgXrri01gDTzXkH1cXDg%3d%3d/0,export,گندله,تن,,,0.0,0.0,1402-02,1402
کگل,معدنی و صنعتی گل‌گهر,iron_ore,1402/02/31,گزارش فعالیت ماهانه دوره ۱ ماهه منتهی به  ۱۴۰۲/۰۲/۳۱,۱۴۰۲/۰۳/۰۷ ۱۶:۰۱:۰۳,1031494,False,https://excel.codal.ir/service/Excel/GetAll/RaUgXrri01gDTzXkH1cXDg%3d%3d/0,domestic,گندله ریزدانه,تن,5270.0,4786.0,22307564.0,106764.0,1402-02,1402
کگل,معدنی و صنعتی گل‌گهر,iron_ore,1402/02/31,گزارش فعالیت ماهانه دوره ۱ ماهه منتهی به  ۱۴۰۲/۰۲/۳۱,۱۴۰۲/۰۳/۰۷ ۱۶:۰۱:۰۳,1031494,False,https://excel.codal.ir/service/Excel/GetAll/RaUgXrri01gDTzXkH1cXDg%3d%3d/0,export,گندله ریزدانه صادراتی,تن,,,0.0,0.0,1402-02,1402
کگل,معدنی و صنعتی گل‌گهر,iron_ore,1402/03/31,گزارش فعالیت ماهانه دوره ۱ ماهه منتهی به  ۱۴۰۲/۰۳/۳۱(اصلاحیه),۱۴۰۲/۰۵/۰۱ ۱۵:۴۵:۰۵,1062061,True,https://excel.codal.ir/service/Excel/GetAll/gyNhQQQaQQQUeXYHiav0qOOObOOOohP98Q%3d%3d/0,export,سود سرمایه گذاریها,تن,,,0.0,21927945.0,1402-03,1402
کگل,معدنی و صنعتی گل‌گهر,iron_ore,1402/03/31,گزارش فعالیت ماهانه دوره ۱ ماهه منتهی به  ۱۴۰۲/۰۳/۳۱(اصلاحیه),۱۴۰۲/۰۵/۰۱ ۱۵:۴۵:۰۵,1062061,True,https://excel.codal.ir/service/Excel/GetAll/gyNhQQQaQQQUeXYHiav0qOOObOOOohP98Q%3d%3d/0,domestic,هماتیت باطله دانه بندی,تن,,169755.0,4425714.0,751287.0,1402-03,1402
کگل,معدنی و صنعتی گل‌گهر,iron_ore,1402/03/31,گزارش فعالیت ماهانه دوره ۱ ماهه منتهی به  ۱۴۰۲/۰۳/۳۱(اصلاحیه),۱۴۰۲/۰۵/۰۱ ۱۵:۴۵:۰۵,1062061,True,https://excel.codal.ir/service/Excel/GetAll/gyNhQQQaQQQUeXYHiav0qOOObOOOohP98Q%3d%3d/0,domestic,کنسانتره سنگ آهن,تن,947768.0,114865.0,34879807.0,4006469.0,1402-03,1402
کگل,معدنی و صنعتی گل‌گهر,iron_ore,1402/03/31,گزارش فعالیت ماهانه دوره ۱ ماهه منتهی به  ۱۴۰۲/۰۳/۳۱(اصلاحیه),۱۴۰۲/۰۵/۰۱ ۱۵:۴۵:۰۵,1062061,True,https://excel.codal.ir/service/Excel/GetAll/gyNhQQQaQQQUeXYHiav0qOOObOOOohP98Q%3d%3d/0,export,کنسانتره سنگ آهن,تن,,59313.0,34699105.0,2058108.0,1402-03,1402
کگل,معدنی و صنعتی گل‌گهر,iron_ore,1402/03/31,گزارش فعالیت ماهانه دوره ۱ ماهه منتهی به  ۱۴۰۲/۰۳/۳۱(اصلاحیه),۱۴۰۲/۰۵/۰۱ ۱۵:۴۵:۰۵,1062061,True,https://excel.codal.ir/service/Excel/GetAll/gyNhQQQaQQQUeXYHiav0qOOObOOOohP98Q%3d%3d/0,domestic,گندله,تن,662063.0,701656.0,46848580.0,32871587.0,1402-03,1402
کگل,معدنی و صنعتی گل‌گهر,iron_ore,1402/03/31,گزارش فعالیت ماهانه دوره ۱ ماهه منتهی به  ۱۴۰۲/۰۳/۳۱(اصلاحیه),۱۴۰۲/۰۵/۰۱ ۱۵:۴۵:۰۵,1062061,True,https://excel.codal.ir/service/Excel/GetAll/gyNhQQQaQQQUeXYHiav0qOOObOOOohP98Q%3d%3d/0,export,گندله,تن,285282.0,69130.0,34966382.0,2417226.0,1402-03,1402
کگل,معدنی و صنعتی گل‌گهر,iron_ore,1402/03/31,گزارش فعالیت ماهانه دوره ۱ ماهه منتهی به  ۱۴۰۲/۰۳/۳۱(اصلاحیه),۱۴۰۲/۰۵/۰۱ ۱۵:۴۵:۰۵,1062061,True,https://excel.codal.ir/service/Excel/GetAll/gyNhQQQaQQQUeXYHiav0qOOObOOOohP98Q%3d%3d/0,domestic,گندله ریزدانه,تن,6837.0,,,0.0,1402-03,1402
کگل,معدنی و صنعتی گل‌گهر,iron_ore,1402/03/31,گزارش فعالیت ماهانه دوره ۱ ماهه منتهی به  ۱۴۰۲/۰۳/۳۱(اصلاحیه),۱۴۰۲/۰۵/۰۱ ۱۵:۴۵:۰۵,1062061,True,https://excel.codal.ir/service/Excel/GetAll/gyNhQQQaQQQUeXYHiav0qOOObOOOohP98Q%3d%3d/0,export,گندله ریزدانه صادراتی,تن,,,0.0,0.0,1402-03,1402
کگل,معدنی و صنعتی گل‌گهر,iron_ore,1402/04/31,گزارش فعالیت ماهانه دوره ۱ ماهه منتهی به  ۱۴۰۲/۰۴/۳۱,۱۴۰۲/۰۵/۰۴ ۱۳:۵۰:۳۱,1063583,False,https://excel.codal.ir/service/Excel/GetAll/dEyWxzWp9TmT2bDOOObOOOxi3g8Q%3d%3d/0,export,سود سرمایه گذاریها,تن,,,0.0,7000000.0,1402-04,1402
کگل,معدنی و صنعتی گل‌گهر,iron_ore,1402/04/31,گزارش فعالیت ماهانه دوره ۱ ماهه منتهی به  ۱۴۰۲/۰۴/۳۱,۱۴۰۲/۰۵/۰۴ ۱۳:۵۰:۳۱,1063583,False,https://excel.codal.ir/service/Excel/GetAll/dEyWxzWp9TmT2bDOOObOOOxi3g8Q%3d%3d/0,domestic,هماتیت باطله دانه بندی,تن,,98947.0,4706985.0,465742.0,1402-04,1402
کگل,معدنی و صنعتی گل‌گهر,iron_ore,1402/04/31,گزارش فعالیت ماهانه دوره ۱ ماهه منتهی به  ۱۴۰۲/۰۴/۳۱,۱۴۰۲/۰۵/۰۴ ۱۳:۵۰:۳۱,1063583,False,https://excel.codal.ir/service/Excel/GetAll/dEyWxzWp9TmT2bDOOObOOOxi3g8Q%3d%3d/0,domestic,کنسانتره سنگ آهن,تن,1038796.0,172735.0,35586801.0,6147086.0,1402-04,1402
کگل,معدنی و صنعتی گل‌گهر,iron_ore,1402/04/31,گزارش فعالیت ماهانه دوره ۱ ماهه منتهی به  ۱۴۰۲/۰۴/۳۱,۱۴۰۲/۰۵/۰۴ ۱۳:۵۰:۳۱,1063583,False,https://excel.codal.ir/service/Excel/GetAll/dEyWxzWp9TmT2bDOOObOOOxi3g8Q%3d%3d/0,export,کنسانتره سنگ آهن,تن,,,0.0,0.0,1402-04,1402
کگل,معدنی و صنعتی گل‌گهر,iron_ore,1402/04/31,گزارش فعالیت ماهانه دوره ۱ ماهه منتهی به  ۱۴۰۲/۰۴/۳۱,۱۴۰۲/۰۵/۰۴ ۱۳:۵۰:۳۱,1063583,False,https://excel.codal.ir/service/Excel/GetAll/dEyWxzWp9TmT2bDOOObOOOxi3g8Q%3d%3d/0,domestic,گندله,تن,1078620.0,532459.0,51309256.0,27320075.0,1402-04,1402
کگل,معدنی و صنعتی گل‌گهر,iron_ore,1402/04/31,گزارش فعالیت ماهانه دوره ۱ ماهه منتهی به  ۱۴۰۲/۰۴/۳۱,۱۴۰۲/۰۵/۰۴ ۱۳:۵۰:۳۱,1063583,False,https://excel.codal.ir/service/Excel/GetAll/dEyWxzWp9TmT2bDOOObOOOxi3g8Q%3d%3d/0,export,گندله,تن,,187694.0,42770451.0,8027757.0,1402-04,1402
کگل,معدنی و صنعتی گل‌گهر,iron_ore,1402/04/31,گزارش فعالیت ماهانه دوره ۱ ماهه منتهی به  ۱۴۰۲/۰۴/۳۱,۱۴۰۲/۰۵/۰۴ ۱۳:۵۰:۳۱,1063583,False,https://excel.codal.ir/service/Excel/GetAll/dEyWxzWp9TmT2bDOOObOOOxi3g8Q%3d%3d/0,domestic,گندله ریزدانه,تن,7096.0,5852.0,23035202.0,134802.0,1402-04,1402
کگل,معدنی و صنعتی گل‌گهر,iron_ore,1402/04/31,گزارش فعالیت ماهانه دوره ۱ ماهه منتهی به  ۱۴۰۲/۰۴/۳۱,۱۴۰۲/۰۵/۰۴ ۱۳:۵۰:۳۱,1063583,False,https://excel.codal.ir/service/Excel/GetAll/dEyWxzWp9TmT2bDOOObOOOxi3g8Q%3d%3d/0,export,گندله ریزدانه صادراتی,تن,,,0.0,0.0,1402-04,1402
کگل,معدنی و صنعتی گل‌گهر,iron_ore,1402/05/31,گزارش فعالیت ماهانه دوره ۱ ماهه منتهی به  ۱۴۰۲/۰۵/۳۱,۱۴۰۲/۰۶/۰۷ ۱۶:۱۷:۳۶,1076629,False,https://excel.codal.ir/service/Excel/GetAll/UAUelrurZY5ZFODLYnFhyQ%3d%3d/0,export,سود سرمایه گذاریها,تن,,,0.0,7000000.0,1402-05,1402
کگل,معدنی و صنعتی گل‌گهر,iron_ore,1402/05/31,گزارش فعالیت ماهانه دوره ۱ ماهه منتهی به  ۱۴۰۲/۰۵/۳۱,۱۴۰۲/۰۶/۰۷ ۱۶:۱۷:۳۶,1076629,False,https://excel.codal.ir/service/Excel/GetAll/UAUelrurZY5ZFODLYnFhyQ%3d%3d/0,domestic,هماتیت باطله دانه بندی,تن,,74992.0,4779536.0,358427.0,1402-05,1402
کگل,معدنی و صنعتی گل‌گهر,iron_ore,1402/05/31,گزارش فعالیت ماهانه دوره ۱ ماهه منتهی به  ۱۴۰۲/۰۵/۳۱,۱۴۰۲/۰۶/۰۷ ۱۶:۱۷:۳۶,1076629,False,https://excel.codal.ir/service/Excel/GetAll/UAUelrurZY5ZFODLYnFhyQ%3d%3d/0,domestic,کنسانتره سنگ آهن,تن,904661.0,110486.0,34015169.0,3758200.0,1402-05,1402
کگل,معدنی و صنعتی گل‌گهر,iron_ore,1402/05/31,گزارش فعالیت ماهانه دوره ۱ ماهه منتهی به  ۱۴۰۲/۰۵/۳۱,۱۴۰۲/۰۶/۰۷ ۱۶:۱۷:۳۶,1076629,False,https://excel.codal.ir/service/Excel/GetAll/UAUelrurZY5ZFODLYnFhyQ%3d%3d/0,export,کنسانتره سنگ آهن,تن,,,0.0,0.0,1402-05,1402
کگل,معدنی و صنعتی گل‌گهر,iron_ore,1402/05/31,گزارش فعالیت ماهانه دوره ۱ ماهه منتهی به  ۱۴۰۲/۰۵/۳۱,۱۴۰۲/۰۶/۰۷ ۱۶:۱۷:۳۶,1076629,False,https://excel.codal.ir/service/Excel/GetAll/UAUelrurZY5ZFODLYnFhyQ%3d%3d/0,domestic,گندله,تن,883082.0,933696.0,45156102.0,42162072.0,1402-05,1402
کگل,معدنی و صنعتی گل‌گهر,iron_ore,1402/05/31,گزارش فعالیت ماهانه دوره ۱ ماهه منتهی به  ۱۴۰۲/۰۵/۳۱,۱۴۰۲/۰۶/۰۷ ۱۶:۱۷:۳۶,1076629,False,https://excel.codal.ir/service/Excel/GetAll/UAUelrurZY5ZFODLYnFhyQ%3d%3d/0,export,گندله,تن,,68414.0,39818473.0,2724141.0,1402-05,1402
کگل,معدنی و صنعتی گل‌گهر,iron_ore,1402/05/31,گزارش فعالیت ماهانه دوره ۱ ماهه منتهی به  ۱۴۰۲/۰۵/۳۱,۱۴۰۲/۰۶/۰۷ ۱۶:۱۷:۳۶,1076629,False,https://excel.codal.ir/service/Excel/GetAll/UAUelrurZY5ZFODLYnFhyQ%3d%3d/0,domestic,گندله ریزدانه,تن,6997.0,8806.0,23453895.0,206535.0,1402-05,1402
کگل,معدنی و صنعتی گل‌گهر,iron_ore,1402/05/31,گزارش فعالیت ماهانه دوره ۱ ماهه منتهی به  ۱۴۰۲/۰۵/۳۱,۱۴۰۲/۰۶/۰۷ ۱۶:۱۷:۳۶,1076629,False,https://excel.codal.ir/service/Excel/GetAll/UAUelrurZY5ZFODLYnFhyQ%3d%3d/0,export,گندله ریزدانه صادراتی,تن,,,0.0,0.0,1402-05,1402
کگل,معدنی و صنعتی گل‌گهر,iron_ore,1402/09/30,گزارش فعالیت ماهانه دوره ۱ ماهه منتهی به  ۱۴۰۲/۰۹/۳۰(اصلاحیه),۱۴۰۲/۱۰/۳۰ ۲۰:۵۵:۰۸,1143764,True,https://excel.codal.ir/service/Excel/GetAll/pR6ppsdcUfkzNqyBYRTo6g%3d%3d/0,export,سود سرمایه گذاریها,تن,,,0.0,0.0,1402-09,1402
کگل,معدنی و صنعتی گل‌گهر,iron_ore,1402/09/30,گزارش فعالیت ماهانه دوره ۱ ماهه منتهی به  ۱۴۰۲/۰۹/۳۰(اصلاحیه),۱۴۰۲/۱۰/۳۰ ۲۰:۵۵:۰۸,1143764,True,https://excel.codal.ir/service/Excel/GetAll/pR6ppsdcUfkzNqyBYRTo6g%3d%3d/0,domestic,هماتیت باطله دانه بندی,تن,,,,0.0,1402-09,1402
کگل,معدنی و صنعتی گل‌گهر,iron_ore,1402/09/30,گزارش فعالیت ماهانه دوره ۱ ماهه منتهی به  ۱۴۰۲/۰۹/۳۰(اصلاحیه),۱۴۰۲/۱۰/۳۰ ۲۰:۵۵:۰۸,1143764,True,https://excel.codal.ir/service/Excel/GetAll/pR6ppsdcUfkzNqyBYRTo6g%3d%3d/0,domestic,کنسانتره سنگ آهن,تن,1192535.0,25499.0,33742225.0,860393.0,1402-09,1402
کگل,معدنی و صنعتی گل‌گهر,iron_ore,1402/09/30,گزارش فعالیت ماهانه دوره ۱ ماهه منتهی به  ۱۴۰۲/۰۹/۳۰(اصلاحیه),۱۴۰۲/۱۰/۳۰ ۲۰:۵۵:۰۸,1143764,True,https://excel.codal.ir/service/Excel/GetAll/pR6ppsdcUfkzNqyBYRTo6g%3d%3d/0,export,کنسانتره سنگ آهن,تن,,,0.0,0.0,1402-09,1402
کگل,معدنی و صنعتی گل‌گهر,iron_ore,1402/09/30,گزارش فعالیت ماهانه دوره ۱ ماهه منتهی به  ۱۴۰۲/۰۹/۳۰(اصلاحیه),۱۴۰۲/۱۰/۳۰ ۲۰:۵۵:۰۸,1143764,True,https://excel.codal.ir/service/Excel/GetAll/pR6ppsdcUfkzNqyBYRTo6g%3d%3d/0,domestic,گندله,تن,1048278.0,1347951.0,48348449.0,65171340.0,1402-09,1402
کگل,معدنی و صنعتی گل‌گهر,iron_ore,1402/09/30,گزارش فعالیت ماهانه دوره ۱ ماهه منتهی به  ۱۴۰۲/۰۹/۳۰(اصلاحیه),۱۴۰۲/۱۰/۳۰ ۲۰:۵۵:۰۸,1143764,True,https://excel.codal.ir/service/Excel/GetAll/pR6ppsdcUfkzNqyBYRTo6g%3d%3d/0,export,گندله,تن,,,0.0,0.0,1402-09,1402
کگل,معدنی و صنعتی گل‌گهر,iron_ore,1402/09/30,گزارش فعالیت ماهانه دوره ۱ ماهه منتهی به  ۱۴۰۲/۰۹/۳۰(اصلاحیه),۱۴۰۲/۱۰/۳۰ ۲۰:۵۵:۰۸,1143764,True,https://excel.codal.ir/service/Excel/GetAll/pR6ppsdcUfkzNqyBYRTo6g%3d%3d/0,domestic,گندله ریزدانه,تن,7553.0,9636.0,23083645.0,222434.0,1402-09,1402
کگل,معدنی و صنعتی گل‌گهر,iron_ore,1402/09/30,گزارش فعالیت ماهانه دوره ۱ ماهه منتهی به  ۱۴۰۲/۰۹/۳۰(اصلاحیه),۱۴۰۲/۱۰/۳۰ ۲۰:۵۵:۰۸,1143764,True,https://excel.codal.ir/service/Excel/GetAll/pR6ppsdcUfkzNqyBYRTo6g%3d%3d/0,export,گندله ریزدانه صادراتی,تن,,,0.0,0.0,1402-09,1402
کگل,معدنی و صنعتی گل‌گهر,iron_ore,1402/10/30,گزارش فعالیت ماهانه دوره ۱ ماهه منتهی به  ۱۴۰۲/۱۰/۳۰,۱۴۰۲/۱۱/۰۷ ۱۶:۳۶:۳۹,1147455,False,https://excel.codal.ir/service/Excel/GetAll/2RWq0A2N75DjL6x2fhckeQ%3d%3d/0,export,سود سرمایه گذاریها,تن,,,0.0,0.0,1402-10,1402
کگل,معدنی و صنعتی گل‌گهر,iron_ore,1402/10/30,گزارش فعالیت ماهانه دوره ۱ ماهه منتهی به  ۱۴۰۲/۱۰/۳۰,۱۴۰۲/۱۱/۰۷ ۱۶:۳۶:۳۹,1147455,False,https://excel.codal.ir/service/Excel/GetAll/2RWq0A2N75DjL6x2fhckeQ%3d%3d/0,domestic,ضایعات گندله و کنسانتره,تن,,19706.0,19533391.0,384925.0,1402-10,1402
کگل,معدنی و صنعتی گل‌گهر,iron_ore,1402/10/30,گزارش فعالیت ماهانه دوره ۱ ماهه منتهی به  ۱۴۰۲/۱۰/۳۰,۱۴۰۲/۱۱/۰۷ ۱۶:۳۶:۳۹,1147455,False,https://excel.codal.ir/service/Excel/GetAll/2RWq0A2N75DjL6x2fhckeQ%3d%3d/0,domestic,هماتیت باطله دانه بندی,تن,,,,0.0,1402-10,1402
کگل,معدنی و صنعتی گل‌گهر,iron_ore,1402/10/30,گزارش فعالیت ماهانه دوره ۱ ماهه منتهی به  ۱۴۰۲/۱۰/۳۰,۱۴۰۲/۱۱/۰۷ ۱۶:۳۶:۳۹,1147455,False,https://excel.codal.ir/service/Excel/GetAll/2RWq0A2N75DjL6x2fhckeQ%3d%3d/0,domestic,کنسانتره سنگ آهن,تن,1036723.0,,,0.0,1402-10,1402
کگل,معدنی و صنعتی گل‌گهر,iron_ore,1402/10/30,گزارش فعالیت ماهانه دوره ۱ ماهه منتهی به  ۱۴۰۲/۱۰/۳۰,۱۴۰۲/۱۱/۰۷ ۱۶:۳۶:۳۹,1147455,False,https://excel.codal.ir/service/Excel/GetAll/2RWq0A2N75DjL6x2fhckeQ%3d%3d/0,export,کنسانتره سنگ آهن,تن,,,0.0,0.0,1402-10,1402
کگل,معدنی و صنعتی گل‌گهر,iron_ore,1402/10/30,گزارش فعالیت ماهانه دوره ۱ ماهه منتهی به  ۱۴۰۲/۱۰/۳۰,۱۴۰۲/۱۱/۰۷ ۱۶:۳۶:۳۹,1147455,False,https://excel.codal.ir/service/Excel/GetAll/2RWq0A2N75DjL6x2fhckeQ%3d%3d/0,domestic,گندله,تن,1023432.0,1124753.0,50997994.0,57360147.0,1402-10,1402
کگل,معدنی و صنعتی گل‌گهر,iron_ore,1402/10/30,گزارش فعالیت ماهانه دوره ۱ ماهه منتهی به  ۱۴۰۲/۱۰/۳۰,۱۴۰۲/۱۱/۰۷ ۱۶:۳۶:۳۹,1147455,False,https://excel.codal.ir/service/Excel/GetAll/2RWq0A2N75DjL6x2fhckeQ%3d%3d/0,export,گندله,تن,,,0.0,0.0,1402-10,1402
کگل,معدنی و صنعتی گل‌گهر,iron_ore,1402/10/30,گزارش فعالیت ماهانه دوره ۱ ماهه منتهی به  ۱۴۰۲/۱۰/۳۰,۱۴۰۲/۱۱/۰۷ ۱۶:۳۶:۳۹,1147455,False,https://excel.codal.ir/service/Excel/GetAll/2RWq0A2N75DjL6x2fhckeQ%3d%3d/0,domestic,گندله ریزدانه,تن,5937.0,9082.0,21580159.0,195991.0,1402-10,1402
کگل,معدنی و صنعتی گل‌گهر,iron_ore,1402/10/30,گزارش فعالیت ماهانه دوره ۱ ماهه منتهی به  ۱۴۰۲/۱۰/۳۰,۱۴۰۲/۱۱/۰۷ ۱۶:۳۶:۳۹,1147455,False,https://excel.codal.ir/service/Excel/GetAll/2RWq0A2N75DjL6x2fhckeQ%3d%3d/0,export,گندله ریزدانه صادراتی,تن,,,0.0,0.0,1402-10,1402
کگل,معدنی و صنعتی گل‌گهر,iron_ore,1402/11/30,گزارش فعالیت ماهانه دوره ۱ ماهه منتهی به  ۱۴۰۲/۱۱/۳۰,۱۴۰۲/۱۲/۰۸ ۱۶:۴۲:۵۴,1159967,False,https://excel.codal.ir/service/Excel/GetAll/MHAtRElNXo7SUiql8z3Z3A%3d%3d/0,export,سود سرمایه گذاریها,تن,,,0.0,0.0,1402-11,1402
کگل,معدنی و صنعتی گل‌گهر,iron_ore,1402/11/30,گزارش فعالیت ماهانه دوره ۱ ماهه منتهی به  ۱۴۰۲/۱۱/۳۰,۱۴۰۲/۱۲/۰۸ ۱۶:۴۲:۵۴,1159967,False,https://excel.codal.ir/service/Excel/GetAll/MHAtRElNXo7SUiql8z3Z3A%3d%3d/0,domestic,ضایعات گندله و کنسانتره,تن,,,,0.0,1402-11,1402
کگل,معدنی و صنعتی گل‌گهر,iron_ore,1402/11/30,گزارش فعالیت ماهانه دوره ۱ ماهه منتهی به  ۱۴۰۲/۱۱/۳۰,۱۴۰۲/۱۲/۰۸ ۱۶:۴۲:۵۴,1159967,False,https://excel.codal.ir/service/Excel/GetAll/MHAtRElNXo7SUiql8z3Z3A%3d%3d/0,domestic,هماتیت باطله دانه بندی,تن,,,,0.0,1402-11,1402
کگل,معدنی و صنعتی گل‌گهر,iron_ore,1402/11/30,گزارش فعالیت ماهانه دوره ۱ ماهه منتهی به  ۱۴۰۲/۱۱/۳۰,۱۴۰۲/۱۲/۰۸ ۱۶:۴۲:۵۴,1159967,False,https://excel.codal.ir/service/Excel/GetAll/MHAtRElNXo7SUiql8z3Z3A%3d%3d/0,domestic,کنسانتره سنگ آهن,تن,974238.0,3563.0,29584900.0,105411.0,1402-11,1402
کگل,معدنی و صنعتی گل‌گهر,iron_ore,1402/11/30,گزارش فعالیت ماهانه دوره ۱ ماهه منتهی به  ۱۴۰۲/۱۱/۳۰,۱۴۰۲/۱۲/۰۸ ۱۶:۴۲:۵۴,1159967,False,https://excel.codal.ir/service/Excel/GetAll/MHAtRElNXo7SUiql8z3Z3A%3d%3d/0,export,کنسانتره سنگ آهن,تن,,,0.0,0.0,1402-11,1402
کگل,معدنی و صنعتی گل‌گهر,iron_ore,1402/11/30,گزارش فعالیت ماهانه دوره ۱ ماهه منتهی به  ۱۴۰۲/۱۱/۳۰,۱۴۰۲/۱۲/۰۸ ۱۶:۴۲:۵۴,1159967,False,https://excel.codal.ir/service/Excel/GetAll/MHAtRElNXo7SUiql8z3Z3A%3d%3d/0,domestic,گندله,تن,1088849.0,902010.0,51396180.0,46359868.0,1402-11,1402
کگل,معدنی و صنعتی گل‌گهر,iron_ore,1402/11/30,گزارش فعالیت ماهانه دوره ۱ ماهه منتهی به  ۱۴۰۲/۱۱/۳۰,۱۴۰۲/۱۲/۰۸ ۱۶:۴۲:۵۴,1159967,False,https://excel.codal.ir/service/Excel/GetAll/MHAtRElNXo7SUiql8z3Z3A%3d%3d/0,export,گندله,تن,,,0.0,0.0,1402-11,1402
کگل,معدنی و صنعتی گل‌گهر,iron_ore,1402/11/30,گزارش فعالیت ماهانه دوره ۱ ماهه منتهی به  ۱۴۰۲/۱۱/۳۰,۱۴۰۲/۱۲/۰۸ ۱۶:۴۲:۵۴,1159967,False,https://excel.codal.ir/service/Excel/GetAll/MHAtRElNXo7SUiql8z3Z3A%3d%3d/0,domestic,گندله ریزدانه,تن,7205.0,9434.0,21581408.0,203599.0,1402-11,1402
کگل,معدنی و صنعتی گل‌گهر,iron_ore,1402/11/30,گزارش فعالیت ماهانه دوره ۱ ماهه منتهی به  ۱۴۰۲/۱۱/۳۰,۱۴۰۲/۱۲/۰۸ ۱۶:۴۲:۵۴,1159967,False,https://excel.codal.ir/service/Excel/GetAll/MHAtRElNXo7SUiql8z3Z3A%3d%3d/0,export,گندله ریزدانه صادراتی,تن,,,0.0,0.0,1402-11,1402
کگل,معدنی و صنعتی گل‌گهر,iron_ore,1402/12/29,گزارش فعالیت ماهانه دوره ۱ ماهه منتهی به  ۱۴۰۲/۱۲/۲۹(اصلاحیه),۱۴۰۳/۰۴/۰۴ ۰۰:۲۵:۳۴,1207451,True,https://excel.codal.ir/service/Excel/GetAll/T2RaCrigke3Avv7lPvwjlQ%3d%3d/0,export,سود سرمایه گذاریها,تن,,,0.0,0.0,1402-12,1402
کگل,معدنی و صنعتی گل‌گهر,iron_ore,1402/12/29,گزارش فعالیت ماهانه دوره ۱ ماهه منتهی به  ۱۴۰۲/۱۲/۲۹(اصلاحیه),۱۴۰۳/۰۴/۰۴ ۰۰:۲۵:۳۴,1207451,True,https://excel.codal.ir/service/Excel/GetAll/T2RaCrigke3Avv7lPvwjlQ%3d%3d/0,domestic,ضایعات گندله و کنسانتره,تن,,,,0.0,1402-12,1402
کگل,معدنی و صنعتی گل‌گهر,iron_ore,1402/12/29,گزارش فعالیت ماهانه دوره ۱ ماهه منتهی به  ۱۴۰۲/۱۲/۲۹(اصلاحیه),۱۴۰۳/۰۴/۰۴ ۰۰:۲۵:۳۴,1207451,True,https://excel.codal.ir/service/Excel/GetAll/T2RaCrigke3Avv7lPvwjlQ%3d%3d/0,domestic,هماتیت باطله دانه بندی,تن,,,,0.0,1402-12,1402
کگل,معدنی و صنعتی گل‌گهر,iron_ore,1402/12/29,گزارش فعالیت ماهانه دوره ۱ ماهه منتهی به  ۱۴۰۲/۱۲/۲۹(اصلاحیه),۱۴۰۳/۰۴/۰۴ ۰۰:۲۵:۳۴,1207451,True,https://excel.codal.ir/service/Excel/GetAll/T2RaCrigke3Avv7lPvwjlQ%3d%3d/0,domestic,کنسانتره سنگ آهن,تن,790781.0,,,0.0,1402-12,1402
کگل,معدنی و صنعتی گل‌گهر,iron_ore,1402/12/29,گزارش فعالیت ماهانه دوره ۱ ماهه منتهی به  ۱۴۰۲/۱۲/۲۹(اصلاحیه),۱۴۰۳/۰۴/۰۴ ۰۰:۲۵:۳۴,1207451,True,https://excel.codal.ir/service/Excel/GetAll/T2RaCrigke3Avv7lPvwjlQ%3d%3d/0,export,کنسانتره سنگ آهن,تن,,,0.0,0.0,1402-12,1402
کگل,معدنی و صنعتی گل‌گهر,iron_ore,1402/12/29,گزارش فعالیت ماهانه دوره ۱ ماهه منتهی به  ۱۴۰۲/۱۲/۲۹(اصلاحیه),۱۴۰۳/۰۴/۰۴ ۰۰:۲۵:۳۴,1207451,True,https://excel.codal.ir/service/Excel/GetAll/T2RaCrigke3Avv7lPvwjlQ%3d%3d/0,domestic,گندله,تن,887625.0,973993.0,53382820.0,51994493.0,1402-12,1402
کگل,معدنی و صنعتی گل‌گهر,iron_ore,1402/12/29,گزارش فعالیت ماهانه دوره ۱ ماهه منتهی به  ۱۴۰۲/۱۲/۲۹(اصلاحیه),۱۴۰۳/۰۴/۰۴ ۰۰:۲۵:۳۴,1207451,True,https://excel.codal.ir/service/Excel/GetAll/T2RaCrigke3Avv7lPvwjlQ%3d%3d/0,export,گندله,تن,,69399.0,54883716.0,3808875.0,1402-12,1402
کگل,معدنی و صنعتی گل‌گهر,iron_ore,1402/12/29,گزارش فعالیت ماهانه دوره ۱ ماهه منتهی به  ۱۴۰۲/۱۲/۲۹(اصلاحیه),۱۴۰۳/۰۴/۰۴ ۰۰:۲۵:۳۴,1207451,True,https://excel.codal.ir/service/Excel/GetAll/T2RaCrigke3Avv7lPvwjlQ%3d%3d/0,domestic,گندله ریزدانه,تن,4166.0,11466.0,21581371.0,247452.0,1402-12,1402
کگل,معدنی و صنعتی گل‌گهر,iron_ore,1402/12/29,گزارش فعالیت ماهانه دوره ۱ ماهه منتهی به  ۱۴۰۲/۱۲/۲۹(اصلاحیه),۱۴۰۳/۰۴/۰۴ ۰۰:۲۵:۳۴,1207451,True,https://excel.codal.ir/service/Excel/GetAll/T2RaCrigke3Avv7lPvwjlQ%3d%3d/0,export,گندله ریزدانه صادراتی,تن,,,0.0,0.0,1402-12,1402
کگل,معدنی و صنعتی گل‌گهر,iron_ore,1403/02/31,گزارش فعالیت ماهانه دوره ۱ ماهه منتهی به  ۱۴۰۳/۰۲/۳۱,۱۴۰۳/۰۳/۰۸ ۱۷:۴۱:۱۲,1196767,False,https://excel.codal.ir/service/Excel/GetAll/5gP1FQ1W9Lrzv8WP6K0M9A%3d%3d/0,export,سود سرمایه گذاریها,تن,,,0.0,0.0,1403-02,1403
کگل,معدنی و صنعتی گل‌گهر,iron_ore,1403/02/31,گزارش فعالیت ماهانه دوره ۱ ماهه منتهی به  ۱۴۰۳/۰۲/۳۱,۱۴۰۳/۰۳/۰۸ ۱۷:۴۱:۱۲,1196767,False,https://excel.codal.ir/service/Excel/GetAll/5gP1FQ1W9Lrzv8WP6K0M9A%3d%3d/0,domestic,هماتیت باطله دانه بندی,تن,,,,0.0,1403-02,1403
کگل,معدنی و صنعتی گل‌گهر,iron_ore,1403/02/31,گزارش فعالیت ماهانه دوره ۱ ماهه منتهی به  ۱۴۰۳/۰۲/۳۱,۱۴۰۳/۰۳/۰۸ ۱۷:۴۱:۱۲,1196767,False,https://excel.codal.ir/service/Excel/GetAll/5gP1FQ1W9Lrzv8WP6K0M9A%3d%3d/0,domestic,کنسانتره سنگ آهن,تن,1256252.0,,,0.0,1403-02,1403
کگل,معدنی و صنعتی گل‌گهر,iron_ore,1403/02/31,گزارش فعالیت ماهانه دوره ۱ ماهه منتهی به  ۱۴۰۳/۰۲/۳۱,۱۴۰۳/۰۳/۰۸ ۱۷:۴۱:۱۲,1196767,False,https://excel.codal.ir/service/Excel/GetAll/5gP1FQ1W9Lrzv8WP6K0M9A%3d%3d/0,export,کنسانتره سنگ آهن,تن,,,0.0,0.0,1403-02,1403
کگل,معدنی و صنعتی گل‌گهر,iron_ore,1403/02/31,گزارش فعالیت ماهانه دوره ۱ ماهه منتهی به  ۱۴۰۳/۰۲/۳۱,۱۴۰۳/۰۳/۰۸ ۱۷:۴۱:۱۲,1196767,False,https://excel.codal.ir/service/Excel/GetAll/5gP1FQ1W9Lrzv8WP6K0M9A%3d%3d/0,domestic,گندله,تن,1093377.0,747532.0,57476588.0,42965589.0,1403-02,1403
کگل,معدنی و صنعتی گل‌گهر,iron_ore,1403/02/31,گزارش فعالیت ماهانه دوره ۱ ماهه منتهی به  ۱۴۰۳/۰۲/۳۱,۱۴۰۳/۰۳/۰۸ ۱۷:۴۱:۱۲,1196767,False,https://excel.codal.ir/service/Excel/GetAll/5gP1FQ1W9Lrzv8WP6K0M9A%3d%3d/0,export,گندله,تن,,138682.0,48325990.0,6701945.0,1403-02,1403
کگل,معدنی و صنعتی گل‌گهر,iron_ore,1403/02/31,گزارش فعالیت ماهانه دوره ۱ ماهه منتهی به  ۱۴۰۳/۰۲/۳۱,۱۴۰۳/۰۳/۰۸ ۱۷:۴۱:۱۲,1196767,False,https://excel.codal.ir/service/Excel/GetAll/5gP1FQ1W9Lrzv8WP6K0M9A%3d%3d/0,domestic,گندله ریزدانه,تن,7210.0,,,0.0,1403-02,1403
کگل,معدنی و صنعتی گل‌گهر,iron_ore,1403/02/31,گزارش فعالیت ماهانه دوره ۱ ماهه منتهی به  ۱۴۰۳/۰۲/۳۱,۱۴۰۳/۰۳/۰۸ ۱۷:۴۱:۱۲,1196767,False,https://excel.codal.ir/service/Excel/GetAll/5gP1FQ1W9Lrzv8WP6K0M9A%3d%3d/0,export,گندله ریزدانه صادراتی,تن,,,0.0,0.0,1403-02,1403
کگل,معدنی و صنعتی گل‌گهر,iron_ore,1403/03/31,گزارش فعالیت ماهانه دوره ۱ ماهه منتهی به  ۱۴۰۳/۰۳/۳۱(اصلاحیه),۱۴۰۳/۰۴/۳۱ ۲۲:۵۳:۳۸,1221163,True,https://excel.codal.ir/service/Excel/GetAll/drhUA2Y4iPgASiZx0BOFeQ%3d%3d/0,export,سود سرمایه گذاریها,تن,,,0.0,0.0,1403-03,1403
کگل,معدنی و صنعتی گل‌گهر,iron_ore,1403/03/31,گزارش فعالیت ماهانه دوره ۱ ماهه منتهی به  ۱۴۰۳/۰۳/۳۱(اصلاحیه),۱۴۰۳/۰۴/۳۱ ۲۲:۵۳:۳۸,1221163,True,https://excel.codal.ir/service/Excel/GetAll/drhUA2Y4iPgASiZx0BOFeQ%3d%3d/0,domestic,ضایعات گندله و کنسانتره,تن,,,,0.0,1403-03,1403
کگل,معدنی و صنعتی گل‌گهر,iron_ore,1403/03/31,گزارش فعالیت ماهانه دوره ۱ ماهه منتهی به  ۱۴۰۳/۰۳/۳۱(اصلاحیه),۱۴۰۳/۰۴/۳۱ ۲۲:۵۳:۳۸,1221163,True,https://excel.codal.ir/service/Excel/GetAll/drhUA2Y4iPgASiZx0BOFeQ%3d%3d/0,domestic,هماتیت باطله دانه بندی,تن,,,,0.0,1403-03,1403
کگل,معدنی و صنعتی گل‌گهر,iron_ore,1403/03/31,گزارش فعالیت ماهانه دوره ۱ ماهه منتهی به  ۱۴۰۳/۰۳/۳۱(اصلاحیه),۱۴۰۳/۰۴/۳۱ ۲۲:۵۳:۳۸,1221163,True,https://excel.codal.ir/service/Excel/GetAll/drhUA2Y4iPgASiZx0BOFeQ%3d%3d/0,domestic,کنسانتره سنگ آهن,تن,1212726.0,,,0.0,1403-03,1403
کگل,معدنی و صنعتی گل‌گهر,iron_ore,1403/03/31,گزارش فعالیت ماهانه دوره ۱ ماهه منتهی به  ۱۴۰۳/۰۳/۳۱(اصلاحیه),۱۴۰۳/۰۴/۳۱ ۲۲:۵۳:۳۸,1221163,True,https://excel.codal.ir/service/Excel/GetAll/drhUA2Y4iPgASiZx0BOFeQ%3d%3d/0,export,کنسانتره سنگ آهن,تن,,,0.0,0.0,1403-03,1403
کگل,معدنی و صنعتی گل‌گهر,iron_ore,1403/03/31,گزارش فعالیت ماهانه دوره ۱ ماهه منتهی به  ۱۴۰۳/۰۳/۳۱(اصلاحیه),۱۴۰۳/۰۴/۳۱ ۲۲:۵۳:۳۸,1221163,True,https://excel.codal.ir/service/Excel/GetAll/drhUA2Y4iPgASiZx0BOFeQ%3d%3d/0,domestic,گندله,تن,1068296.0,890828.0,59279970.0,52808257.0,1403-03,1403
کگل,معدنی و صنعتی گل‌گهر,iron_ore,1403/03/31,گزارش فعالیت ماهانه دوره ۱ ماهه منتهی به  ۱۴۰۳/۰۳/۳۱(اصلاحیه),۱۴۰۳/۰۴/۳۱ ۲۲:۵۳:۳۸,1221163,True,https://excel.codal.ir/service/Excel/GetAll/drhUA2Y4iPgASiZx0BOFeQ%3d%3d/0,export,گندله,تن,0.0,67592.0,44924651.0,3036547.0,1403-03,1403
کگل,معدنی و صنعتی گل‌گهر,iron_ore,1403/03/31,گزارش فعالیت ماهانه دوره ۱ ماهه منتهی به  ۱۴۰۳/۰۳/۳۱(اصلاحیه),۱۴۰۳/۰۴/۳۱ ۲۲:۵۳:۳۸,1221163,True,https://excel.codal.ir/service/Excel/GetAll/drhUA2Y4iPgASiZx0BOFeQ%3d%3d/0,domestic,گندله ریزدانه,تن,6801.0,9758.0,25012912.0,244076.0,1403-03,1403
کگل,معدنی و صنعتی گل‌گهر,iron_ore,1403/03/31,گزارش فعالیت ماهانه دوره ۱ ماهه منتهی به  ۱۴۰۳/۰۳/۳۱(اصلاحیه),۱۴۰۳/۰۴/۳۱ ۲۲:۵۳:۳۸,1221163,True,https://excel.codal.ir/service/Excel/GetAll/drhUA2Y4iPgASiZx0BOFeQ%3d%3d/0,export,گندله ریزدانه صادراتی,تن,,,0.0,0.0,1403-03,1403
کگل,معدنی و صنعتی گل‌گهر,iron_ore,1403/04/31,گزارش فعالیت ماهانه دوره ۱ ماهه منتهی به  ۱۴۰۳/۰۴/۳۱,۱۴۰۳/۰۵/۰۴ ۱۴:۳۵:۴۹,1225536,False,https://excel.codal.ir/service/Excel/GetAll/i9SOCN8Lr88Xuja4mSGRzg%3d%3d/0,export,سود سرمایه گذاریها,تن,,,0.0,0.0,1403-04,1403
کگل,معدنی و صنعتی گل‌گهر,iron_ore,1403/04/31,گزارش فعالیت ماهانه دوره ۱ ماهه منتهی به  ۱۴۰۳/۰۴/۳۱,۱۴۰۳/۰۵/۰۴ ۱۴:۳۵:۴۹,1225536,False,https://excel.codal.ir/service/Excel/GetAll/i9SOCN8Lr88Xuja4mSGRzg%3d%3d/0,domestic,ضایعات گندله و کنسانتره,تن,,,,0.0,1403-04,1403
کگل,معدنی و صنعتی گل‌گهر,iron_ore,1403/04/31,گزارش فعالیت ماهانه دوره ۱ ماهه منتهی به  ۱۴۰۳/۰۴/۳۱,۱۴۰۳/۰۵/۰۴ ۱۴:۳۵:۴۹,1225536,False,https://excel.codal.ir/service/Excel/GetAll/i9SOCN8Lr88Xuja4mSGRzg%3d%3d/0,domestic,هماتیت باطله دانه بندی,تن,,,,0.0,1403-04,1403
کگل,معدنی و صنعتی گل‌گهر,iron_ore,1403/04/31,گزارش فعالیت ماهانه دوره ۱ ماهه منتهی به  ۱۴۰۳/۰۴/۳۱,۱۴۰۳/۰۵/۰۴ ۱۴:۳۵:۴۹,1225536,False,https://excel.codal.ir/service/Excel/GetAll/i9SOCN8Lr88Xuja4mSGRzg%3d%3d/0,domestic,کنسانتره سنگ آهن,تن,832089.0,,,0.0,1403-04,1403
کگل,معدنی و صنعتی گل‌گهر,iron_ore,1403/04/31,گزارش فعالیت ماهانه دوره ۱ ماهه منتهی به  ۱۴۰۳/۰۴/۳۱,۱۴۰۳/۰۵/۰۴ ۱۴:۳۵:۴۹,1225536,False,https://excel.codal.ir/service/Excel/GetAll/i9SOCN8Lr88Xuja4mSGRzg%3d%3d/0,export,کنسانتره سنگ آهن,تن,,,0.0,0.0,1403-04,1403
کگل,معدنی و صنعتی گل‌گهر,iron_ore,1403/04/31,گزارش فعالیت ماهانه دوره ۱ ماهه منتهی به  ۱۴۰۳/۰۴/۳۱,۱۴۰۳/۰۵/۰۴ ۱۴:۳۵:۴۹,1225536,False,https://excel.codal.ir/service/Excel/GetAll/i9SOCN8Lr88Xuja4mSGRzg%3d%3d/0,domestic,گندله,تن,1107389.0,922657.0,58800766.0,54252938.0,1403-04,1403
کگل,معدنی و صنعتی گل‌گهر,iron_ore,1403/04/31,گزارش فعالیت ماهانه دوره ۱ ماهه منتهی به  ۱۴۰۳/۰۴/۳۱,۱۴۰۳/۰۵/۰۴ ۱۴:۳۵:۴۹,1225536,False,https://excel.codal.ir/service/Excel/GetAll/i9SOCN8Lr88Xuja4mSGRzg%3d%3d/0,export,گندله,تن,,207029.0,49879597.0,10326523.0,1403-04,1403
کگل,معدنی و صنعتی گل‌گهر,iron_ore,1403/04/31,گزارش فعالیت ماهانه دوره ۱ ماهه منتهی به  ۱۴۰۳/۰۴/۳۱,۱۴۰۳/۰۵/۰۴ ۱۴:۳۵:۴۹,1225536,False,https://excel.codal.ir/service/Excel/GetAll/i9SOCN8Lr88Xuja4mSGRzg%3d%3d/0,domestic,گندله ریزدانه,تن,5918.0,11229.0,25014427.0,280887.0,1403-04,1403
کگل,معدنی و صنعتی گل‌گهر,iron_ore,1403/04/31,گزارش فعالیت ماهانه دوره ۱ ماهه منتهی به  ۱۴۰۳/۰۴/۳۱,۱۴۰۳/۰۵/۰۴ ۱۴:۳۵:۴۹,1225536,False,https://excel.codal.ir/service/Excel/GetAll/i9SOCN8Lr88Xuja4mSGRzg%3d%3d/0,export,گندله ریزدانه صادراتی,تن,,,0.0,0.0,1403-04,1403
کگل,معدنی و صنعتی گل‌گهر,iron_ore,1403/05/31,گزارش فعالیت ماهانه دوره ۱ ماهه منتهی به  ۱۴۰۳/۰۵/۳۱,۱۴۰۳/۰۶/۱۰ ۱۵:۰۲:۳۳,1241882,False,https://excel.codal.ir/service/Excel/GetAll/f9OlqTRTc6hzdEEpImxXIg%3d%3d/0,export,سود سرمایه گذاریها,تن,,,0.0,0.0,1403-05,1403
کگل,معدنی و صنعتی گل‌گهر,iron_ore,1403/05/31,گزارش فعالیت ماهانه دوره ۱ ماهه منتهی به  ۱۴۰۳/۰۵/۳۱,۱۴۰۳/۰۶/۱۰ ۱۵:۰۲:۳۳,1241882,False,https://excel.codal.ir/service/Excel/GetAll/f9OlqTRTc6hzdEEpImxXIg%3d%3d/0,domestic,ضایعات گندله و کنسانتره,تن,,,,0.0,1403-05,1403
کگل,معدنی و صنعتی گل‌گهر,iron_ore,1403/05/31,گزارش فعالیت ماهانه دوره ۱ ماهه منتهی به  ۱۴۰۳/۰۵/۳۱,۱۴۰۳/۰۶/۱۰ ۱۵:۰۲:۳۳,1241882,False,https://excel.codal.ir/service/Excel/GetAll/f9OlqTRTc6hzdEEpImxXIg%3d%3d/0,domestic,هماتیت باطله دانه بندی,تن,,,,0.0,1403-05,1403
کگل,معدنی و صنعتی گل‌گهر,iron_ore,1403/05/31,گزارش فعالیت ماهانه دوره ۱ ماهه منتهی به  ۱۴۰۳/۰۵/۳۱,۱۴۰۳/۰۶/۱۰ ۱۵:۰۲:۳۳,1241882,False,https://excel.codal.ir/service/Excel/GetAll/f9OlqTRTc6hzdEEpImxXIg%3d%3d/0,domestic,کنسانتره سنگ آهن,تن,835547.0,,,0.0,1403-05,1403
کگل,معدنی و صنعتی گل‌گهر,iron_ore,1403/05/31,گزارش فعالیت ماهانه دوره ۱ ماهه منتهی به  ۱۴۰۳/۰۵/۳۱,۱۴۰۳/۰۶/۱۰ ۱۵:۰۲:۳۳,1241882,False,https://excel.codal.ir/service/Excel/GetAll/f9OlqTRTc6hzdEEpImxXIg%3d%3d/0,export,کنسانتره سنگ آهن,تن,,49030.0,39861269.0,1954398.0,1403-05,1403
کگل,معدنی و صنعتی گل‌گهر,iron_ore,1403/05/31,گزارش فعالیت ماهانه دوره ۱ ماهه منتهی به  ۱۴۰۳/۰۵/۳۱,۱۴۰۳/۰۶/۱۰ ۱۵:۰۲:۳۳,1241882,False,https://excel.codal.ir/service/Excel/GetAll/f9OlqTRTc6hzdEEpImxXIg%3d%3d/0,domestic,گندله,تن,783497.0,997755.0,59274439.0,59141368.0,1403-05,1403
کگل,معدنی و صنعتی گل‌گهر,iron_ore,1403/05/31,گزارش فعالیت ماهانه دوره ۱ ماهه منتهی به  ۱۴۰۳/۰۵/۳۱,۱۴۰۳/۰۶/۱۰ ۱۵:۰۲:۳۳,1241882,False,https://excel.codal.ir/service/Excel/GetAll/f9OlqTRTc6hzdEEpImxXIg%3d%3d/0,export,گندله,تن,,215701.0,44442775.0,9586351.0,1403-05,1403
کگل,معدنی و صنعتی گل‌گهر,iron_ore,1403/05/31,گزارش فعالیت ماهانه دوره ۱ ماهه منتهی به  ۱۴۰۳/۰۵/۳۱,۱۴۰۳/۰۶/۱۰ ۱۵:۰۲:۳۳,1241882,False,https://excel.codal.ir/service/Excel/GetAll/f9OlqTRTc6hzdEEpImxXIg%3d%3d/0,domestic,گندله ریزدانه,تن,3359.0,6276.0,25014181.0,156989.0,1403-05,1403
کگل,معدنی و صنعتی گل‌گهر,iron_ore,1403/05/31,گزارش فعالیت ماهانه دوره ۱ ماهه منتهی به  ۱۴۰۳/۰۵/۳۱,۱۴۰۳/۰۶/۱۰ ۱۵:۰۲:۳۳,1241882,False,https://excel.codal.ir/service/Excel/GetAll/f9OlqTRTc6hzdEEpImxXIg%3d%3d/0,export,گندله ریزدانه صادراتی,تن,,,0.0,0.0,1403-05,1403
کگل,معدنی و صنعتی گل‌گهر,iron_ore,1403/06/31,گزارش فعالیت ماهانه دوره ۱ ماهه منتهی به  ۱۴۰۳/۰۶/۳۱(اصلاحیه),۱۴۰۳/۰۹/۳۰ ۱۷:۱۲:۰۰,1285492,True,https://excel.codal.ir/service/Excel/GetAll/G73anXDcKLJtlNRfIQwefg%3d%3d/0,export,سود سرمایه گذاریها,تن,,,0.0,0.0,1403-06,1403
کگل,معدنی و صنعتی گل‌گهر,iron_ore,1403/06/31,گزارش فعالیت ماهانه دوره ۱ ماهه منتهی به  ۱۴۰۳/۰۶/۳۱(اصلاحیه),۱۴۰۳/۰۹/۳۰ ۱۷:۱۲:۰۰,1285492,True,https://excel.codal.ir/service/Excel/GetAll/G73anXDcKLJtlNRfIQwefg%3d%3d/0,domestic,ضایعات گندله و کنسانتره,تن,,,,0.0,1403-06,1403
کگل,معدنی و صنعتی گل‌گهر,iron_ore,1403/06/31,گزارش فعالیت ماهانه دوره ۱ ماهه منتهی به  ۱۴۰۳/۰۶/۳۱(اصلاحیه),۱۴۰۳/۰۹/۳۰ ۱۷:۱۲:۰۰,1285492,True,https://excel.codal.ir/service/Excel/GetAll/G73anXDcKLJtlNRfIQwefg%3d%3d/0,domestic,هماتیت باطله دانه بندی,تن,,,,0.0,1403-06,1403
کگل,معدنی و صنعتی گل‌گهر,iron_ore,1403/06/31,گزارش فعالیت ماهانه دوره ۱ ماهه منتهی به  ۱۴۰۳/۰۶/۳۱(اصلاحیه),۱۴۰۳/۰۹/۳۰ ۱۷:۱۲:۰۰,1285492,True,https://excel.codal.ir/service/Excel/GetAll/G73anXDcKLJtlNRfIQwefg%3d%3d/0,domestic,کنسانتره سنگ آهن,تن,864056.0,,,0.0,1403-06,1403
کگل,معدنی و صنعتی گل‌گهر,iron_ore,1403/06/31,گزارش فعالیت ماهانه دوره ۱ ماهه منتهی به  ۱۴۰۳/۰۶/۳۱(اصلاحیه),۱۴۰۳/۰۹/۳۰ ۱۷:۱۲:۰۰,1285492,True,https://excel.codal.ir/service/Excel/GetAll/G73anXDcKLJtlNRfIQwefg%3d%3d/0,export,کنسانتره سنگ آهن,تن,,,0.0,0.0,1403-06,1403
کگل,معدنی و صنعتی گل‌گهر,iron_ore,1403/06/31,گزارش فعالیت ماهانه دوره ۱ ماهه منتهی به  ۱۴۰۳/۰۶/۳۱(اصلاحیه),۱۴۰۳/۰۹/۳۰ ۱۷:۱۲:۰۰,1285492,True,https://excel.codal.ir/service/Excel/GetAll/G73anXDcKLJtlNRfIQwefg%3d%3d/0,domestic,گندله,تن,1111552.0,1218115.0,58902647.0,71750198.0,1403-06,1403
کگل,معدنی و صنعتی گل‌گهر,iron_ore,1403/06/31,گزارش فعالیت ماهانه دوره ۱ ماهه منتهی به  ۱۴۰۳/۰۶/۳۱(اصلاحیه),۱۴۰۳/۰۹/۳۰ ۱۷:۱۲:۰۰,1285492,True,https://excel.codal.ir/service/Excel/GetAll/G73anXDcKLJtlNRfIQwefg%3d%3d/0,export,گندله,تن,,282778.0,42748311.0,12088282.0,1403-06,1403
کگل,معدنی و صنعتی گل‌گهر,iron_ore,1403/06/31,گزارش فعالیت ماهانه دوره ۱ ماهه منتهی به  ۱۴۰۳/۰۶/۳۱(اصلاحیه),۱۴۰۳/۰۹/۳۰ ۱۷:۱۲:۰۰,1285492,True,https://excel.codal.ir/service/Excel/GetAll/G73anXDcKLJtlNRfIQwefg%3d%3d/0,domestic,گندله ریزدانه,تن,10525.0,5620.0,25014591.0,140582.0,1403-06,1403
کگل,معدنی و صنعتی گل‌گهر,iron_ore,1403/06/31,گزارش فعالیت ماهانه دوره ۱ ماهه منتهی به  ۱۴۰۳/۰۶/۳۱(اصلاحیه),۱۴۰۳/۰۹/۳۰ ۱۷:۱۲:۰۰,1285492,True,https://excel.codal.ir/service/Excel/GetAll/G73anXDcKLJtlNRfIQwefg%3d%3d/0,export,گندله ریزدانه صادراتی,تن,,,0.0,0.0,1403-06,1403
کگل,معدنی و صنعتی گل‌گهر,iron_ore,1403/07/30,گزارش فعالیت ماهانه دوره ۱ ماهه منتهی به  ۱۴۰۳/۰۷/۳۰(اصلاحیه),۱۴۰۳/۱۰/۰۵ ۱۵:۴۳:۱۶,1288161,True,https://excel.codal.ir/service/Excel/GetAll/LIwM7IGclEHPLRvRGvjGbw%3d%3d/0,export,سود سرمایه گذاریها,تن,,,0.0,0.0,1403-07,1403
کگل,معدنی و صنعتی گل‌گهر,iron_ore,1403/07/30,گزارش فعالیت ماهانه دوره ۱ ماهه منتهی به  ۱۴۰۳/۰۷/۳۰(اصلاحیه),۱۴۰۳/۱۰/۰۵ ۱۵:۴۳:۱۶,1288161,True,https://excel.codal.ir/service/Excel/GetAll/LIwM7IGclEHPLRvRGvjGbw%3d%3d/0,domestic,ضایعات گندله و کنسانتره,تن,,,,0.0,1403-07,1403
کگل,معدنی و صنعتی گل‌گهر,iron_ore,1403/07/30,گزارش فعالیت ماهانه دوره ۱ ماهه منتهی به  ۱۴۰۳/۰۷/۳۰(اصلاحیه),۱۴۰۳/۱۰/۰۵ ۱۵:۴۳:۱۶,1288161,True,https://excel.codal.ir/service/Excel/GetAll/LIwM7IGclEHPLRvRGvjGbw%3d%3d/0,domestic,هماتیت باطله دانه بندی,تن,,,,0.0,1403-07,1403
کگل,معدنی و صنعتی گل‌گهر,iron_ore,1403/07/30,گزارش فعالیت ماهانه دوره ۱ ماهه منتهی به  ۱۴۰۳/۰۷/۳۰(اصلاحیه),۱۴۰۳/۱۰/۰۵ ۱۵:۴۳:۱۶,1288161,True,https://excel.codal.ir/service/Excel/GetAll/LIwM7IGclEHPLRvRGvjGbw%3d%3d/0,domestic,کنسانتره سنگ آهن,تن,911614.0,,,0.0,1403-07,1403
کگل,معدنی و صنعتی گل‌گهر,iron_ore,1403/07/30,گزارش فعالیت ماهانه دوره ۱ ماهه منتهی به  ۱۴۰۳/۰۷/۳۰(اصلاحیه),۱۴۰۳/۱۰/۰۵ ۱۵:۴۳:۱۶,1288161,True,https://excel.codal.ir/service/Excel/GetAll/LIwM7IGclEHPLRvRGvjGbw%3d%3d/0,export,کنسانتره سنگ آهن,تن,,285319.0,43836208.0,12507303.0,1403-07,1403
کگل,معدنی و صنعتی گل‌گهر,iron_ore,1403/07/30,گزارش فعالیت ماهانه دوره ۱ ماهه منتهی به  ۱۴۰۳/۰۷/۳۰(اصلاحیه),۱۴۰۳/۱۰/۰۵ ۱۵:۴۳:۱۶,1288161,True,https://excel.codal.ir/service/Excel/GetAll/LIwM7IGclEHPLRvRGvjGbw%3d%3d/0,domestic,گندله,تن,1073539.0,1155186.0,59974148.0,69281296.0,1403-07,1403
کگل,معدنی و صنعتی گل‌گهر,iron_ore,1403/07/30,گزارش فعالیت ماهانه دوره ۱ ماهه منتهی به  ۱۴۰۳/۰۷/۳۰(اصلاحیه),۱۴۰۳/۱۰/۰۵ ۱۵:۴۳:۱۶,1288161,True,https://excel.codal.ir/service/Excel/GetAll/LIwM7IGclEHPLRvRGvjGbw%3d%3d/0,export,گندله,تن,0.0,68386.0,49154827.0,3361502.0,1403-07,1403
کگل,معدنی و صنعتی گل‌گهر,iron_ore,1403/07/30,گزارش فعالیت ماهانه دوره ۱ ماهه منتهی به  ۱۴۰۳/۰۷/۳۰(اصلاحیه),۱۴۰۳/۱۰/۰۵ ۱۵:۴۳:۱۶,1288161,True,https://excel.codal.ir/service/Excel/GetAll/LIwM7IGclEHPLRvRGvjGbw%3d%3d/0,domestic,گندله ریزدانه,تن,5902.0,3450.0,24426667.0,84272.0,1403-07,1403
کگل,معدنی و صنعتی گل‌گهر,iron_ore,1403/07/30,گزارش فعالیت ماهانه دوره ۱ ماهه منتهی به  ۱۴۰۳/۰۷/۳۰(اصلاحیه),۱۴۰۳/۱۰/۰۵ ۱۵:۴۳:۱۶,1288161,True,https://excel.codal.ir/service/Excel/GetAll/LIwM7IGclEHPLRvRGvjGbw%3d%3d/0,export,گندله ریزدانه صادراتی,تن,,,0.0,0.0,1403-07,1403
کگل,معدنی و صنعتی گل‌گهر,iron_ore,1403/08/30,گزارش فعالیت ماهانه دوره ۱ ماهه منتهی به  ۱۴۰۳/۰۸/۳۰(اصلاحیه),۱۴۰۳/۱۰/۰۵ ۱۹:۱۲:۲۰,1288568,True,https://excel.codal.ir/service/Excel/GetAll/kb61KhfsWaUUJ2w8u9GkSQ%3d%3d/0,export,سود سرمایه گذاریها,تن,,,0.0,0.0,1403-08,1403
کگل,معدنی و صنعتی گل‌گهر,iron_ore,1403/08/30,گزارش فعالیت ماهانه دوره ۱ ماهه منتهی به  ۱۴۰۳/۰۸/۳۰(اصلاحیه),۱۴۰۳/۱۰/۰۵ ۱۹:۱۲:۲۰,1288568,True,https://excel.codal.ir/service/Excel/GetAll/kb61KhfsWaUUJ2w8u9GkSQ%3d%3d/0,domestic,ضایعات گندله و کنسانتره,تن,0.0,0.0,,0.0,1403-08,1403
کگل,معدنی و صنعتی گل‌گهر,iron_ore,1403/08/30,گزارش فعالیت ماهانه دوره ۱ ماهه منتهی به  ۱۴۰۳/۰۸/۳۰(اصلاحیه),۱۴۰۳/۱۰/۰۵ ۱۹:۱۲:۲۰,1288568,True,https://excel.codal.ir/service/Excel/GetAll/kb61KhfsWaUUJ2w8u9GkSQ%3d%3d/0,domestic,هماتیت باطله دانه بندی,تن,0.0,0.0,,0.0,1403-08,1403
کگل,معدنی و صنعتی گل‌گهر,iron_ore,1403/08/30,گزارش فعالیت ماهانه دوره ۱ ماهه منتهی به  ۱۴۰۳/۰۸/۳۰(اصلاحیه),۱۴۰۳/۱۰/۰۵ ۱۹:۱۲:۲۰,1288568,True,https://excel.codal.ir/service/Excel/GetAll/kb61KhfsWaUUJ2w8u9GkSQ%3d%3d/0,domestic,کنسانتره سنگ آهن,تن,988284.0,5289.0,39826054.0,210640.0,1403-08,1403
کگل,معدنی و صنعتی گل‌گهر,iron_ore,1403/08/30,گزارش فعالیت ماهانه دوره ۱ ماهه منتهی به  ۱۴۰۳/۰۸/۳۰(اصلاحیه),۱۴۰۳/۱۰/۰۵ ۱۹:۱۲:۲۰,1288568,True,https://excel.codal.ir/service/Excel/GetAll/kb61KhfsWaUUJ2w8u9GkSQ%3d%3d/0,export,کنسانتره سنگ آهن,تن,0.0,0.0,0.0,0.0,1403-08,1403
کگل,معدنی و صنعتی گل‌گهر,iron_ore,1403/08/30,گزارش فعالیت ماهانه دوره ۱ ماهه منتهی به  ۱۴۰۳/۰۸/۳۰(اصلاحیه),۱۴۰۳/۱۰/۰۵ ۱۹:۱۲:۲۰,1288568,True,https://excel.codal.ir/service/Excel/GetAll/kb61KhfsWaUUJ2w8u9GkSQ%3d%3d/0,domestic,گندله,تن,1072548.0,834641.0,61180545.0,51063791.0,1403-08,1403
کگل,معدنی و صنعتی گل‌گهر,iron_ore,1403/08/30,گزارش فعالیت ماهانه دوره ۱ ماهه منتهی به  ۱۴۰۳/۰۸/۳۰(اصلاحیه),۱۴۰۳/۱۰/۰۵ ۱۹:۱۲:۲۰,1288568,True,https://excel.codal.ir/service/Excel/GetAll/kb61KhfsWaUUJ2w8u9GkSQ%3d%3d/0,export,گندله,تن,0.0,188029.0,52552723.0,9881436.0,1403-08,1403
کگل,معدنی و صنعتی گل‌گهر,iron_ore,1403/08/30,گزارش فعالیت ماهانه دوره ۱ ماهه منتهی به  ۱۴۰۳/۰۸/۳۰(اصلاحیه),۱۴۰۳/۱۰/۰۵ ۱۹:۱۲:۲۰,1288568,True,https://excel.codal.ir/service/Excel/GetAll/kb61KhfsWaUUJ2w8u9GkSQ%3d%3d/0,domestic,گندله ریزدانه,تن,5880.0,2035.0,24429975.0,49715.0,1403-08,1403
کگل,معدنی و صنعتی گل‌گهر,iron_ore,1403/08/30,گزارش فعالیت ماهانه دوره ۱ ماهه منتهی به  ۱۴۰۳/۰۸/۳۰(اصلاحیه),۱۴۰۳/۱۰/۰۵ ۱۹:۱۲:۲۰,1288568,True,https://excel.codal.ir/service/Excel/GetAll/kb61KhfsWaUUJ2w8u9GkSQ%3d%3d/0,export,گندله ریزدانه صادراتی,تن,0.0,0.0,0.0,0.0,1403-08,1403
کگل,معدنی و صنعتی گل‌گهر,iron_ore,1403/09/30,گزارش فعالیت ماهانه دوره ۱ ماهه منتهی به  ۱۴۰۳/۰۹/۳۰(اصلاحیه),۱۴۰۳/۱۰/۳۰ ۲۱:۴۸:۵۲,1298460,True,https://excel.codal.ir/service/Excel/GetAll/o1fqml2gQYZWRjvqH2t64A%3d%3d/0,export,سود سرمایه گذاریها,تن,,,0.0,0.0,1403-09,1403
کگل,معدنی و صنعتی گل‌گهر,iron_ore,1403/09/30,گزارش فعالیت ماهانه دوره ۱ ماهه منتهی به  ۱۴۰۳/۰۹/۳۰(اصلاحیه),۱۴۰۳/۱۰/۳۰ ۲۱:۴۸:۵۲,1298460,True,https://excel.codal.ir/service/Excel/GetAll/o1fqml2gQYZWRjvqH2t64A%3d%3d/0,domestic,ضایعات گندله و کنسانتره,تن,,,,0.0,1403-09,1403
کگل,معدنی و صنعتی گل‌گهر,iron_ore,1403/09/30,گزارش فعالیت ماهانه دوره ۱ ماهه منتهی به  ۱۴۰۳/۰۹/۳۰(اصلاحیه),۱۴۰۳/۱۰/۳۰ ۲۱:۴۸:۵۲,1298460,True,https://excel.codal.ir/service/Excel/GetAll/o1fqml2gQYZWRjvqH2t64A%3d%3d/0,domestic,هماتیت باطله دانه بندی,تن,,,,0.0,1403-09,1403
کگل,معدنی و صنعتی گل‌گهر,iron_ore,1403/09/30,گزارش فعالیت ماهانه دوره ۱ ماهه منتهی به  ۱۴۰۳/۰۹/۳۰(اصلاحیه),۱۴۰۳/۱۰/۳۰ ۲۱:۴۸:۵۲,1298460,True,https://excel.codal.ir/service/Excel/GetAll/o1fqml2gQYZWRjvqH2t64A%3d%3d/0,domestic,کنسانتره سنگ آهن,تن,934161.0,108507.0,40412895.0,4385082.0,1403-09,1403
کگل,معدنی و صنعتی گل‌گهر,iron_ore,1403/09/30,گزارش فعالیت ماهانه دوره ۱ ماهه منتهی به  ۱۴۰۳/۰۹/۳۰(اصلاحیه),۱۴۰۳/۱۰/۳۰ ۲۱:۴۸:۵۲,1298460,True,https://excel.codal.ir/service/Excel/GetAll/o1fqml2gQYZWRjvqH2t64A%3d%3d/0,export,کنسانتره سنگ آهن,تن,,68919.0,47155139.0,3249885.0,1403-09,1403
کگل,معدنی و صنعتی گل‌گهر,iron_ore,1403/09/30,گزارش فعالیت ماهانه دوره ۱ ماهه منتهی به  ۱۴۰۳/۰۹/۳۰(اصلاحیه),۱۴۰۳/۱۰/۳۰ ۲۱:۴۸:۵۲,1298460,True,https://excel.codal.ir/service/Excel/GetAll/o1fqml2gQYZWRjvqH2t64A%3d%3d/0,domestic,گندله,تن,1071528.0,598024.0,60459798.0,36156410.0,1403-09,1403
کگل,معدنی و صنعتی گل‌گهر,iron_ore,1403/09/30,گزارش فعالیت ماهانه دوره ۱ ماهه منتهی به  ۱۴۰۳/۰۹/۳۰(اصلاحیه),۱۴۰۳/۱۰/۳۰ ۲۱:۴۸:۵۲,1298460,True,https://excel.codal.ir/service/Excel/GetAll/o1fqml2gQYZWRjvqH2t64A%3d%3d/0,export,گندله,تن,,,0.0,0.0,1403-09,1403
کگل,معدنی و صنعتی گل‌گهر,iron_ore,1403/09/30,گزارش فعالیت ماهانه دوره ۱ ماهه منتهی به  ۱۴۰۳/۰۹/۳۰(اصلاحیه),۱۴۰۳/۱۰/۳۰ ۲۱:۴۸:۵۲,1298460,True,https://excel.codal.ir/service/Excel/GetAll/o1fqml2gQYZWRjvqH2t64A%3d%3d/0,domestic,گندله ریزدانه,تن,5878.0,1208.0,24427980.0,29509.0,1403-09,1403
کگل,معدنی و صنعتی گل‌گهر,iron_ore,1403/09/30,گزارش فعالیت ماهانه دوره ۱ ماهه منتهی به  ۱۴۰۳/۰۹/۳۰(اصلاحیه),۱۴۰۳/۱۰/۳۰ ۲۱:۴۸:۵۲,1298460,True,https://excel.codal.ir/service/Excel/GetAll/o1fqml2gQYZWRjvqH2t64A%3d%3d/0,export,گندله ریزدانه صادراتی,تن,,,0.0,0.0,1403-09,1403
کگل,معدنی و صنعتی گل‌گهر,iron_ore,1403/10/30,گزارش فعالیت ماهانه دوره ۱ ماهه منتهی به  ۱۴۰۳/۱۰/۳۰,۱۴۰۳/۱۱/۰۷ ۱۷:۲۲:۱۳,1301967,False,https://excel.codal.ir/service/Excel/GetAll/CiXrwRfrI8i99ahoRH4Gjg%3d%3d/0,export,سود سرمایه گذاریها,تن,,,0.0,0.0,1403-10,1403
کگل,معدنی و صنعتی گل‌گهر,iron_ore,1403/10/30,گزارش فعالیت ماهانه دوره ۱ ماهه منتهی به  ۱۴۰۳/۱۰/۳۰,۱۴۰۳/۱۱/۰۷ ۱۷:۲۲:۱۳,1301967,False,https://excel.codal.ir/service/Excel/GetAll/CiXrwRfrI8i99ahoRH4Gjg%3d%3d/0,domestic,ضایعات گندله و کنسانتره,تن,,,,0.0,1403-10,1403
کگل,معدنی و صنعتی گل‌گهر,iron_ore,1403/10/30,گزارش فعالیت ماهانه دوره ۱ ماهه منتهی به  ۱۴۰۳/۱۰/۳۰,۱۴۰۳/۱۱/۰۷ ۱۷:۲۲:۱۳,1301967,False,https://excel.codal.ir/service/Excel/GetAll/CiXrwRfrI8i99ahoRH4Gjg%3d%3d/0,domestic,هماتیت باطله دانه بندی,تن,,,,0.0,1403-10,1403
کگل,معدنی و صنعتی گل‌گهر,iron_ore,1403/10/30,گزارش فعالیت ماهانه دوره ۱ ماهه منتهی به  ۱۴۰۳/۱۰/۳۰,۱۴۰۳/۱۱/۰۷ ۱۷:۲۲:۱۳,1301967,False,https://excel.codal.ir/service/Excel/GetAll/CiXrwRfrI8i99ahoRH4Gjg%3d%3d/0,domestic,کنسانتره سنگ آهن,تن,1174956.0,71991.0,44359989.0,3193520.0,1403-10,1403
کگل,معدنی و صنعتی گل‌گهر,iron_ore,1403/10/30,گزارش فعالیت ماهانه دوره ۱ ماهه منتهی به  ۱۴۰۳/۱۰/۳۰,۱۴۰۳/۱۱/۰۷ ۱۷:۲۲:۱۳,1301967,False,https://excel.codal.ir/service/Excel/GetAll/CiXrwRfrI8i99ahoRH4Gjg%3d%3d/0,export,کنسانتره سنگ آهن,تن,,74932.0,57408037.0,4301699.0,1403-10,1403
کگل,معدنی و صنعتی گل‌گهر,iron_ore,1403/10/30,گزارش فعالیت ماهانه دوره ۱ ماهه منتهی به  ۱۴۰۳/۱۰/۳۰,۱۴۰۳/۱۱/۰۷ ۱۷:۲۲:۱۳,1301967,False,https://excel.codal.ir/service/Excel/GetAll/CiXrwRfrI8i99ahoRH4Gjg%3d%3d/0,domestic,گندله,تن,1084007.0,525021.0,60046246.0,31525540.0,1403-10,1403
کگل,معدنی و صنعتی گل‌گهر,iron_ore,1403/10/30,گزارش فعالیت ماهانه دوره ۱ ماهه منتهی به  ۱۴۰۳/۱۰/۳۰,۱۴۰۳/۱۱/۰۷ ۱۷:۲۲:۱۳,1301967,False,https://excel.codal.ir/service/Excel/GetAll/CiXrwRfrI8i99ahoRH4Gjg%3d%3d/0,export,گندله,تن,,,0.0,0.0,1403-10,1403
کگل,معدنی و صنعتی گل‌گهر,iron_ore,1403/10/30,گزارش فعالیت ماهانه دوره ۱ ماهه منتهی به  ۱۴۰۳/۱۰/۳۰,۱۴۰۳/۱۱/۰۷ ۱۷:۲۲:۱۳,1301967,False,https://excel.codal.ir/service/Excel/GetAll/CiXrwRfrI8i99ahoRH4Gjg%3d%3d/0,domestic,گندله ریزدانه,تن,7713.0,2631.0,26497529.0,69715.0,1403-10,1403
کگل,معدنی و صنعتی گل‌گهر,iron_ore,1403/10/30,گزارش فعالیت ماهانه دوره ۱ ماهه منتهی به  ۱۴۰۳/۱۰/۳۰,۱۴۰۳/۱۱/۰۷ ۱۷:۲۲:۱۳,1301967,False,https://excel.codal.ir/service/Excel/GetAll/CiXrwRfrI8i99ahoRH4Gjg%3d%3d/0,export,گندله ریزدانه صادراتی,تن,,,0.0,0.0,1403-10,1403
کگل,معدنی و صنعتی گل‌گهر,iron_ore,1403/11/30,گزارش فعالیت ماهانه دوره ۱ ماهه منتهی به  ۱۴۰۳/۱۱/۳۰,۱۴۰۳/۱۲/۰۷ ۲۲:۵۶:۰۴,1314043,False,https://excel.codal.ir/service/Excel/GetAll/zDzYEt5q8OOObOOOOOObOOO0hGRZz5iE2g%3d%3d/0,export,سود سرمایه گذاریها,تن,,,0.0,0.0,1403-11,1403
کگل,معدنی و صنعتی گل‌گهر,iron_ore,1403/11/30,گزارش فعالیت ماهانه دوره ۱ ماهه منتهی به  ۱۴۰۳/۱۱/۳۰,۱۴۰۳/۱۲/۰۷ ۲۲:۵۶:۰۴,1314043,False,https://excel.codal.ir/service/Excel/GetAll/zDzYEt5q8OOObOOOOOObOOO0hGRZz5iE2g%3d%3d/0,domestic,ضایعات گندله و کنسانتره,تن,,,,0.0,1403-11,1403
کگل,معدنی و صنعتی گل‌گهر,iron_ore,1403/11/30,گزارش فعالیت ماهانه دوره ۱ ماهه منتهی به  ۱۴۰۳/۱۱/۳۰,۱۴۰۳/۱۲/۰۷ ۲۲:۵۶:۰۴,1314043,False,https://excel.codal.ir/service/Excel/GetAll/zDzYEt5q8OOObOOOOOObOOO0hGRZz5iE2g%3d%3d/0,domestic,هماتیت باطله دانه بندی,تن,,,,0.0,1403-11,1403
کگل,معدنی و صنعتی گل‌گهر,iron_ore,1403/11/30,گزارش فعالیت ماهانه دوره ۱ ماهه منتهی به  ۱۴۰۳/۱۱/۳۰,۱۴۰۳/۱۲/۰۷ ۲۲:۵۶:۰۴,1314043,False,https://excel.codal.ir/service/Excel/GetAll/zDzYEt5q8OOObOOOOOObOOO0hGRZz5iE2g%3d%3d/0,domestic,کنسانتره سنگ آهن,تن,1146883.0,123459.0,45460355.0,5612490.0,1403-11,1403
کگل,معدنی و صنعتی گل‌گهر,iron_ore,1403/11/30,گزارش فعالیت ماهانه دوره ۱ ماهه منتهی به  ۱۴۰۳/۱۱/۳۰,۱۴۰۳/۱۲/۰۷ ۲۲:۵۶:۰۴,1314043,False,https://excel.codal.ir/service/Excel/GetAll/zDzYEt5q8OOObOOOOOObOOO0hGRZz5iE2g%3d%3d/0,export,کنسانتره سنگ آهن,تن,,117295.0,61127022.0,7169894.0,1403-11,1403
کگل,معدنی و صنعتی گل‌گهر,iron_ore,1403/11/30,گزارش فعالیت ماهانه دوره ۱ ماهه منتهی به  ۱۴۰۳/۱۱/۳۰,۱۴۰۳/۱۲/۰۷ ۲۲:۵۶:۰۴,1314043,False,https://excel.codal.ir/service/Excel/GetAll/zDzYEt5q8OOObOOOOOObOOO0hGRZz5iE2g%3d%3d/0,domestic,گندله,تن,1049093.0,886976.0,63823427.0,56609848.0,1403-11,1403
کگل,معدنی و صنعتی گل‌گهر,iron_ore,1403/11/30,گزارش فعالیت ماهانه دوره ۱ ماهه منتهی به  ۱۴۰۳/۱۱/۳۰,۱۴۰۳/۱۲/۰۷ ۲۲:۵۶:۰۴,1314043,False,https://excel.codal.ir/service/Excel/GetAll/zDzYEt5q8OOObOOOOOObOOO0hGRZz5iE2g%3d%3d/0,export,گندله,تن,,,0.0,0.0,1403-11,1403
کگل,معدنی و صنعتی گل‌گهر,iron_ore,1403/11/30,گزارش فعالیت ماهانه دوره ۱ ماهه منتهی به  ۱۴۰۳/۱۱/۳۰,۱۴۰۳/۱۲/۰۷ ۲۲:۵۶:۰۴,1314043,False,https://excel.codal.ir/service/Excel/GetAll/zDzYEt5q8OOObOOOOOObOOO0hGRZz5iE2g%3d%3d/0,domestic,گندله ریزدانه,تن,6785.0,,,0.0,1403-11,1403
کگل,معدنی و صنعتی گل‌گهر,iron_ore,1403/11/30,گزارش فعالیت ماهانه دوره ۱ ماهه منتهی به  ۱۴۰۳/۱۱/۳۰,۱۴۰۳/۱۲/۰۷ ۲۲:۵۶:۰۴,1314043,False,https://excel.codal.ir/service/Excel/GetAll/zDzYEt5q8OOObOOOOOObOOO0hGRZz5iE2g%3d%3d/0,export,گندله ریزدانه صادراتی,تن,,,0.0,0.0,1403-11,1403
کگل,معدنی و صنعتی گل‌گهر,iron_ore,1403/12/30,گزارش فعالیت ماهانه دوره ۱ ماهه منتهی به  ۱۴۰۳/۱۲/۳۰(اصلاحیه),۱۴۰۴/۰۴/۱۳ ۱۹:۳۳:۵۴,1366989,True,https://excel.codal.ir/service/Excel/GetAll/KZnW1iOSOfAhWUUd11rnsQ%3d%3d/0,export,سود سرمایه گذاریها,تن,,,0.0,0.0,1403-12,1403
کگل,معدنی و صنعتی گل‌گهر,iron_ore,1403/12/30,گزارش فعالیت ماهانه دوره ۱ ماهه منتهی به  ۱۴۰۳/۱۲/۳۰(اصلاحیه),۱۴۰۴/۰۴/۱۳ ۱۹:۳۳:۵۴,1366989,True,https://excel.codal.ir/service/Excel/GetAll/KZnW1iOSOfAhWUUd11rnsQ%3d%3d/0,domestic,ضایعات گندله و کنسانتره,تن,,,,0.0,1403-12,1403
کگل,معدنی و صنعتی گل‌گهر,iron_ore,1403/12/30,گزارش فعالیت ماهانه دوره ۱ ماهه منتهی به  ۱۴۰۳/۱۲/۳۰(اصلاحیه),۱۴۰۴/۰۴/۱۳ ۱۹:۳۳:۵۴,1366989,True,https://excel.codal.ir/service/Excel/GetAll/KZnW1iOSOfAhWUUd11rnsQ%3d%3d/0,domestic,هماتیت باطله دانه بندی,تن,,,,0.0,1403-12,1403
کگل,معدنی و صنعتی گل‌گهر,iron_ore,1403/12/30,گزارش فعالیت ماهانه دوره ۱ ماهه منتهی به  ۱۴۰۳/۱۲/۳۰(اصلاحیه),۱۴۰۴/۰۴/۱۳ ۱۹:۳۳:۵۴,1366989,True,https://excel.codal.ir/service/Excel/GetAll/KZnW1iOSOfAhWUUd11rnsQ%3d%3d/0,domestic,کنسانتره سنگ آهن,تن,929757.0,208739.0,43958153.0,9175781.0,1403-12,1403
کگل,معدنی و صنعتی گل‌گهر,iron_ore,1403/12/30,گزارش فعالیت ماهانه دوره ۱ ماهه منتهی به  ۱۴۰۳/۱۲/۳۰(اصلاحیه),۱۴۰۴/۰۴/۱۳ ۱۹:۳۳:۵۴,1366989,True,https://excel.codal.ir/service/Excel/GetAll/KZnW1iOSOfAhWUUd11rnsQ%3d%3d/0,export,کنسانتره سنگ آهن,تن,0.0,137237.0,58034415.0,7964469.0,1403-12,1403
کگل,معدنی و صنعتی گل‌گهر,iron_ore,1403/12/30,گزارش فعالیت ماهانه دوره ۱ ماهه منتهی به  ۱۴۰۳/۱۲/۳۰(اصلاحیه),۱۴۰۴/۰۴/۱۳ ۱۹:۳۳:۵۴,1366989,True,https://excel.codal.ir/service/Excel/GetAll/KZnW1iOSOfAhWUUd11rnsQ%3d%3d/0,domestic,گندله,تن,622694.0,1105726.0,58163139.0,64312495.0,1403-12,1403
کگل,معدنی و صنعتی گل‌گهر,iron_ore,1403/12/30,گزارش فعالیت ماهانه دوره ۱ ماهه منتهی به  ۱۴۰۳/۱۲/۳۰(اصلاحیه),۱۴۰۴/۰۴/۱۳ ۱۹:۳۳:۵۴,1366989,True,https://excel.codal.ir/service/Excel/GetAll/KZnW1iOSOfAhWUUd11rnsQ%3d%3d/0,export,گندله,تن,0.0,141005.0,72732449.0,10255639.0,1403-12,1403
کگل,معدنی و صنعتی گل‌گهر,iron_ore,1403/12/30,گزارش فعالیت ماهانه دوره ۱ ماهه منتهی به  ۱۴۰۳/۱۲/۳۰(اصلاحیه),۱۴۰۴/۰۴/۱۳ ۱۹:۳۳:۵۴,1366989,True,https://excel.codal.ir/service/Excel/GetAll/KZnW1iOSOfAhWUUd11rnsQ%3d%3d/0,domestic,گندله ریزدانه,تن,4829.0,0.0,,0.0,1403-12,1403
کگل,معدنی و صنعتی گل‌گهر,iron_ore,1404/01/31,گزارش فعالیت ماهانه دوره ۱ ماهه منتهی به  ۱۴۰۴/۰۱/۳۱,۱۴۰۴/۰۲/۰۷ ۲۱:۵۱:۲۴,1336847,False,https://excel.codal.ir/service/Excel/GetAll/Aa8uOw6wbSSpNctOYTPHCA%3d%3d/0,export,سود سرمایه گذاریها,تن,,,0.0,0.0,1404-01,1404
کگل,معدنی و صنعتی گل‌گهر,iron_ore,1404/01/31,گزارش فعالیت ماهانه دوره ۱ ماهه منتهی به  ۱۴۰۴/۰۱/۳۱,۱۴۰۴/۰۲/۰۷ ۲۱:۵۱:۲۴,1336847,False,https://excel.codal.ir/service/Excel/GetAll/Aa8uOw6wbSSpNctOYTPHCA%3d%3d/0,domestic,هماتیت باطله دانه بندی,تن,,,,0.0,1404-01,1404
کگل,معدنی و صنعتی گل‌گهر,iron_ore,1404/01/31,گزارش فعالیت ماهانه دوره ۱ ماهه منتهی به  ۱۴۰۴/۰۱/۳۱,۱۴۰۴/۰۲/۰۷ ۲۱:۵۱:۲۴,1336847,False,https://excel.codal.ir/service/Excel/GetAll/Aa8uOw6wbSSpNctOYTPHCA%3d%3d/0,domestic,کنسانتره سنگ آهن,تن,1159579.0,303552.0,45503591.0,13812706.0,1404-01,1404
کگل,معدنی و صنعتی گل‌گهر,iron_ore,1404/01/31,گزارش فعالیت ماهانه دوره ۱ ماهه منتهی به  ۱۴۰۴/۰۱/۳۱,۱۴۰۴/۰۲/۰۷ ۲۱:۵۱:۲۴,1336847,False,https://excel.codal.ir/service/Excel/GetAll/Aa8uOw6wbSSpNctOYTPHCA%3d%3d/0,export,کنسانتره سنگ آهن,تن,,77446.0,59372079.0,4598130.0,1404-01,1404
کگل,معدنی و صنعتی گل‌گهر,iron_ore,1404/01/31,گزارش فعالیت ماهانه دوره ۱ ماهه منتهی به  ۱۴۰۴/۰۱/۳۱,۱۴۰۴/۰۲/۰۷ ۲۱:۵۱:۲۴,1336847,False,https://excel.codal.ir/service/Excel/GetAll/Aa8uOw6wbSSpNctOYTPHCA%3d%3d/0,domestic,گندله,تن,1088007.0,968946.0,75293815.0,72955641.0,1404-01,1404
کگل,معدنی و صنعتی گل‌گهر,iron_ore,1404/01/31,گزارش فعالیت ماهانه دوره ۱ ماهه منتهی به  ۱۴۰۴/۰۱/۳۱,۱۴۰۴/۰۲/۰۷ ۲۱:۵۱:۲۴,1336847,False,https://excel.codal.ir/service/Excel/GetAll/Aa8uOw6wbSSpNctOYTPHCA%3d%3d/0,export,گندله,تن,,67902.0,71718374.0,4869821.0,1404-01,1404
کگل,معدنی و صنعتی گل‌گهر,iron_ore,1404/01/31,گزارش فعالیت ماهانه دوره ۱ ماهه منتهی به  ۱۴۰۴/۰۱/۳۱,۱۴۰۴/۰۲/۰۷ ۲۱:۵۱:۲۴,1336847,False,https://excel.codal.ir/service/Excel/GetAll/Aa8uOw6wbSSpNctOYTPHCA%3d%3d/0,domestic,گندله ریزدانه,تن,8431.0,,,0.0,1404-01,1404
کگل,معدنی و صنعتی گل‌گهر,iron_ore,1404/01/31,گزارش فعالیت ماهانه دوره ۱ ماهه منتهی به  ۱۴۰۴/۰۱/۳۱,۱۴۰۴/۰۲/۰۷ ۲۱:۵۱:۲۴,1336847,False,https://excel.codal.ir/service/Excel/GetAll/Aa8uOw6wbSSpNctOYTPHCA%3d%3d/0,export,گندله ریزدانه صادراتی,تن,,0.0,0.0,0.0,1404-01,1404
کگل,معدنی و صنعتی گل‌گهر,iron_ore,1404/02/31,گزارش فعالیت ماهانه دوره ۱ ماهه منتهی به  ۱۴۰۴/۰۲/۳۱,۱۴۰۴/۰۳/۰۷ ۲۰:۱۵:۱۵,1351767,False,https://excel.codal.ir/service/Excel/GetAll/86KudMATFwX7a3cJWmCPLw%3d%3d/0,export,سود سرمایه گذاریها,تن,0.0,0.0,0.0,0.0,1404-02,1404
کگل,معدنی و صنعتی گل‌گهر,iron_ore,1404/02/31,گزارش فعالیت ماهانه دوره ۱ ماهه منتهی به  ۱۴۰۴/۰۲/۳۱,۱۴۰۴/۰۳/۰۷ ۲۰:۱۵:۱۵,1351767,False,https://excel.codal.ir/service/Excel/GetAll/86KudMATFwX7a3cJWmCPLw%3d%3d/0,domestic,هماتیت باطله دانه بندی,تن,,,,0.0,1404-02,1404
کگل,معدنی و صنعتی گل‌گهر,iron_ore,1404/02/31,گزارش فعالیت ماهانه دوره ۱ ماهه منتهی به  ۱۴۰۴/۰۲/۳۱,۱۴۰۴/۰۳/۰۷ ۲۰:۱۵:۱۵,1351767,False,https://excel.codal.ir/service/Excel/GetAll/86KudMATFwX7a3cJWmCPLw%3d%3d/0,domestic,کنسانتره سنگ آهن,تن,1224016.0,298089.0,48293902.0,14395881.0,1404-02,1404
کگل,معدنی و صنعتی گل‌گهر,iron_ore,1404/02/31,گزارش فعالیت ماهانه دوره ۱ ماهه منتهی به  ۱۴۰۴/۰۲/۳۱,۱۴۰۴/۰۳/۰۷ ۲۰:۱۵:۱۵,1351767,False,https://excel.codal.ir/service/Excel/GetAll/86KudMATFwX7a3cJWmCPLw%3d%3d/0,export,کنسانتره سنگ آهن,تن,,,0.0,0.0,1404-02,1404
کگل,معدنی و صنعتی گل‌گهر,iron_ore,1404/02/31,گزارش فعالیت ماهانه دوره ۱ ماهه منتهی به  ۱۴۰۴/۰۲/۳۱,۱۴۰۴/۰۳/۰۷ ۲۰:۱۵:۱۵,1351767,False,https://excel.codal.ir/service/Excel/GetAll/86KudMATFwX7a3cJWmCPLw%3d%3d/0,domestic,گندله,تن,1111774.0,1011100.0,78263592.0,79132318.0,1404-02,1404
کگل,معدنی و صنعتی گل‌گهر,iron_ore,1404/02/31,گزارش فعالیت ماهانه دوره ۱ ماهه منتهی به  ۱۴۰۴/۰۲/۳۱,۱۴۰۴/۰۳/۰۷ ۲۰:۱۵:۱۵,1351767,False,https://excel.codal.ir/service/Excel/GetAll/86KudMATFwX7a3cJWmCPLw%3d%3d/0,export,گندله,تن,,72451.0,68709942.0,4978104.0,1404-02,1404
کگل,معدنی و صنعتی گل‌گهر,iron_ore,1404/02/31,گزارش فعالیت ماهانه دوره ۱ ماهه منتهی به  ۱۴۰۴/۰۲/۳۱,۱۴۰۴/۰۳/۰۷ ۲۰:۱۵:۱۵,1351767,False,https://excel.codal.ir/service/Excel/GetAll/86KudMATFwX7a3cJWmCPLw%3d%3d/0,domestic,گندله ریزدانه,تن,10353.0,,,0.0,1404-02,1404
کگل,معدنی و صنعتی گل‌گهر,iron_ore,1404/02/31,گزارش فعالیت ماهانه دوره ۱ ماهه منتهی به  ۱۴۰۴/۰۲/۳۱,۱۴۰۴/۰۳/۰۷ ۲۰:۱۵:۱۵,1351767,False,https://excel.codal.ir/service/Excel/GetAll/86KudMATFwX7a3cJWmCPLw%3d%3d/0,export,گندله ریزدانه صادراتی,تن,,,0.0,0.0,1404-02,1404
کگل,معدنی و صنعتی گل‌گهر,iron_ore,1404/03/31,گزارش فعالیت ماهانه دوره ۱ ماهه منتهی به  ۱۴۰۴/۰۳/۳۱(اصلاحیه),۱۴۰۴/۰۴/۳۰ ۲۳:۴۷:۵۱,1377182,True,https://excel.codal.ir/service/Excel/GetAll/A15OOObOOOOOObOOOqh9rdEsnO4ybiAw1g%3d%3d/0,export,سود سرمایه گذاریها,تن,0.0,0.0,,37800.0,1404-03,1404
کگل,معدنی و صنعتی گل‌گهر,iron_ore,1404/03/31,گزارش فعالیت ماهانه دوره ۱ ماهه منتهی به  ۱۴۰۴/۰۳/۳۱(اصلاحیه),۱۴۰۴/۰۴/۳۰ ۲۳:۴۷:۵۱,1377182,True,https://excel.codal.ir/service/Excel/GetAll/A15OOObOOOOOObOOOqh9rdEsnO4ybiAw1g%3d%3d/0,domestic,کنسانتره سنگ آهن,تن,1311203.0,172926.0,51397696.0,8887998.0,1404-03,1404
کگل,معدنی و صنعتی گل‌گهر,iron_ore,1404/03/31,گزارش فعالیت ماهانه دوره ۱ ماهه منتهی به  ۱۴۰۴/۰۳/۳۱(اصلاحیه),۱۴۰۴/۰۴/۳۰ ۲۳:۴۷:۵۱,1377182,True,https://excel.codal.ir/service/Excel/GetAll/A15OOObOOOOOObOOOqh9rdEsnO4ybiAw1g%3d%3d/0,export,کنسانتره سنگ آهن,تن,,,0.0,0.0,1404-03,1404
کگل,معدنی و صنعتی گل‌گهر,iron_ore,1404/03/31,گزارش فعالیت ماهانه دوره ۱ ماهه منتهی به  ۱۴۰۴/۰۳/۳۱(اصلاحیه),۱۴۰۴/۰۴/۳۰ ۲۳:۴۷:۵۱,1377182,True,https://excel.codal.ir/service/Excel/GetAll/A15OOObOOOOOObOOOqh9rdEsnO4ybiAw1g%3d%3d/0,domestic,گندله,تن,1111870.0,926904.0,77966416.0,72267383.0,1404-03,1404
کگل,معدنی و صنعتی گل‌گهر,iron_ore,1404/03/31,گزارش فعالیت ماهانه دوره ۱ ماهه منتهی به  ۱۴۰۴/۰۳/۳۱(اصلاحیه),۱۴۰۴/۰۴/۳۰ ۲۳:۴۷:۵۱,1377182,True,https://excel.codal.ir/service/Excel/GetAll/A15OOObOOOOOObOOOqh9rdEsnO4ybiAw1g%3d%3d/0,export,گندله,تن,,81798.0,65119477.0,5326643.0,1404-03,1404
کگل,معدنی و صنعتی گل‌گهر,iron_ore,1404/03/31,گزارش فعالیت ماهانه دوره ۱ ماهه منتهی به  ۱۴۰۴/۰۳/۳۱(اصلاحیه),۱۴۰۴/۰۴/۳۰ ۲۳:۴۷:۵۱,1377182,True,https://excel.codal.ir/service/Excel/GetAll/A15OOObOOOOOObOOOqh9rdEsnO4ybiAw1g%3d%3d/0,domestic,گندله ریزدانه,تن,10280.0,3810.0,32948556.0,125534.0,1404-03,1404
کگل,معدنی و صنعتی گل‌گهر,iron_ore,1404/03/31,گزارش فعالیت ماهانه دوره ۱ ماهه منتهی به  ۱۴۰۴/۰۳/۳۱(اصلاحیه),۱۴۰۴/۰۴/۳۰ ۲۳:۴۷:۵۱,1377182,True,https://excel.codal.ir/service/Excel/GetAll/A15OOObOOOOOObOOOqh9rdEsnO4ybiAw1g%3d%3d/0,export,گندله ریزدانه صادراتی,تن,,,0.0,0.0,1404-03,1404
کگل,معدنی و صنعتی گل‌گهر,iron_ore,1404/04/31,گزارش فعالیت ماهانه دوره ۱ ماهه منتهی به  ۱۴۰۴/۰۴/۳۱,۱۴۰۴/۰۵/۰۷ ۲۱:۴۱:۱۷,1384081,False,https://excel.codal.ir/service/Excel/GetAll/6rrOOObOOOK59UnXGsQsAR4OOObOOO1Ohw%3d%3d/0,export,سود سرمایه گذاریها,تن,0.0,0.0,0.0,0.0,1404-04,1404
کگل,معدنی و صنعتی گل‌گهر,iron_ore,1404/04/31,گزارش فعالیت ماهانه دوره ۱ ماهه منتهی به  ۱۴۰۴/۰۴/۳۱,۱۴۰۴/۰۵/۰۷ ۲۱:۴۱:۱۷,1384081,False,https://excel.codal.ir/service/Excel/GetAll/6rrOOObOOOK59UnXGsQsAR4OOObOOO1Ohw%3d%3d/0,domestic,کنسانتره سنگ آهن,تن,1176738.0,18682.0,59057060.0,1103304.0,1404-04,1404
کگل,معدنی و صنعتی گل‌گهر,iron_ore,1404/04/31,گزارش فعالیت ماهانه دوره ۱ ماهه منتهی به  ۱۴۰۴/۰۴/۳۱,۱۴۰۴/۰۵/۰۷ ۲۱:۴۱:۱۷,1384081,False,https://excel.codal.ir/service/Excel/GetAll/6rrOOObOOOK59UnXGsQsAR4OOObOOO1Ohw%3d%3d/0,export,کنسانتره سنگ آهن,تن,,141800.0,55443491.0,7861887.0,1404-04,1404
کگل,معدنی و صنعتی گل‌گهر,iron_ore,1404/04/31,گزارش فعالیت ماهانه دوره ۱ ماهه منتهی به  ۱۴۰۴/۰۴/۳۱,۱۴۰۴/۰۵/۰۷ ۲۱:۴۱:۱۷,1384081,False,https://excel.codal.ir/service/Excel/GetAll/6rrOOObOOOK59UnXGsQsAR4OOObOOO1Ohw%3d%3d/0,domestic,گندله,تن,1111977.0,1142196.0,80888386.0,92390391.0,1404-04,1404
کگل,معدنی و صنعتی گل‌گهر,iron_ore,1404/04/31,گزارش فعالیت ماهانه دوره ۱ ماهه منتهی به  ۱۴۰۴/۰۴/۳۱,۱۴۰۴/۰۵/۰۷ ۲۱:۴۱:۱۷,1384081,False,https://excel.codal.ir/service/Excel/GetAll/6rrOOObOOOK59UnXGsQsAR4OOObOOO1Ohw%3d%3d/0,export,گندله,تن,,139259.0,64698088.0,9009791.0,1404-04,1404
کگل,معدنی و صنعتی گل‌گهر,iron_ore,1404/04/31,گزارش فعالیت ماهانه دوره ۱ ماهه منتهی به  ۱۴۰۴/۰۴/۳۱,۱۴۰۴/۰۵/۰۷ ۲۱:۴۱:۱۷,1384081,False,https://excel.codal.ir/service/Excel/GetAll/6rrOOObOOOK59UnXGsQsAR4OOObOOO1Ohw%3d%3d/0,domestic,گندله ریزدانه,تن,10201.0,8016.0,30351921.0,243301.0,1404-04,1404
کگل,معدنی و صنعتی گل‌گهر,iron_ore,1404/04/31,گزارش فعالیت ماهانه دوره ۱ ماهه منتهی به  ۱۴۰۴/۰۴/۳۱,۱۴۰۴/۰۵/۰۷ ۲۱:۴۱:۱۷,1384081,False,https://excel.codal.ir/service/Excel/GetAll/6rrOOObOOOK59UnXGsQsAR4OOObOOO1Ohw%3d%3d/0,export,گندله ریزدانه صادراتی,تن,,,0.0,0.0,1404-04,1404
کگل,معدنی و صنعتی گل‌گهر,iron_ore,1404/05/31,گزارش فعالیت ماهانه دوره ۱ ماهه منتهی به  ۱۴۰۴/۰۵/۳۱,۱۴۰۴/۰۶/۰۸ ۲۲:۴۸:۳۷,1397363,False,https://excel.codal.ir/service/Excel/GetAll/jKQQQaQQQv9njvUjDgKXFKtNExew%3d%3d/0,export,سود سرمایه گذاریها,تن,0.0,0.0,0.0,0.0,1404-05,1404
کگل,معدنی و صنعتی گل‌گهر,iron_ore,1404/05/31,گزارش فعالیت ماهانه دوره ۱ ماهه منتهی به  ۱۴۰۴/۰۵/۳۱,۱۴۰۴/۰۶/۰۸ ۲۲:۴۸:۳۷,1397363,False,https://excel.codal.ir/service/Excel/GetAll/jKQQQaQQQv9njvUjDgKXFKtNExew%3d%3d/0,domestic,کنسانتره سنگ آهن,تن,1067982.0,16404.0,58729030.0,963391.0,1404-05,1404
کگل,معدنی و صنعتی گل‌گهر,iron_ore,1404/05/31,گزارش فعالیت ماهانه دوره ۱ ماهه منتهی به  ۱۴۰۴/۰۵/۳۱,۱۴۰۴/۰۶/۰۸ ۲۲:۴۸:۳۷,1397363,False,https://excel.codal.ir/service/Excel/GetAll/jKQQQaQQQv9njvUjDgKXFKtNExew%3d%3d/0,export,کنسانتره سنگ آهن,تن,,73844.0,60911164.0,4497924.0,1404-05,1404
کگل,معدنی و صنعتی گل‌گهر,iron_ore,1404/05/31,گزارش فعالیت ماهانه دوره ۱ ماهه منتهی به  ۱۴۰۴/۰۵/۳۱,۱۴۰۴/۰۶/۰۸ ۲۲:۴۸:۳۷,1397363,False,https://excel.codal.ir/service/Excel/GetAll/jKQQQaQQQv9njvUjDgKXFKtNExew%3d%3d/0,domestic,گندله,تن,1033892.0,1060399.0,72972245.0,77379696.0,1404-05,1404
کگل,معدنی و صنعتی گل‌گهر,iron_ore,1404/05/31,گزارش فعالیت ماهانه دوره ۱ ماهه منتهی به  ۱۴۰۴/۰۵/۳۱,۱۴۰۴/۰۶/۰۸ ۲۲:۴۸:۳۷,1397363,False,https://excel.codal.ir/service/Excel/GetAll/jKQQQaQQQv9njvUjDgKXFKtNExew%3d%3d/0,export,گندله,تن,,206706.0,74968864.0,15496514.0,1404-05,1404
کگل,معدنی و صنعتی گل‌گهر,iron_ore,1404/05/31,گزارش فعالیت ماهانه دوره ۱ ماهه منتهی به  ۱۴۰۴/۰۵/۳۱,۱۴۰۴/۰۶/۰۸ ۲۲:۴۸:۳۷,1397363,False,https://excel.codal.ir/service/Excel/GetAll/jKQQQaQQQv9njvUjDgKXFKtNExew%3d%3d/0,domestic,گندله ریزدانه,تن,6674.0,4485.0,32946265.0,147764.0,1404-05,1404
کگل,معدنی و صنعتی گل‌گهر,iron_ore,1404/05/31,گزارش فعالیت ماهانه دوره ۱ ماهه منتهی به  ۱۴۰۴/۰۵/۳۱,۱۴۰۴/۰۶/۰۸ ۲۲:۴۸:۳۷,1397363,False,https://excel.codal.ir/service/Excel/GetAll/jKQQQaQQQv9njvUjDgKXFKtNExew%3d%3d/0,export,گندله ریزدانه صادراتی,تن,,,0.0,0.0,1404-05,1404
کگل,معدنی و صنعتی گل‌گهر,iron_ore,1404/06/31,گزارش فعالیت ماهانه دوره ۱ ماهه منتهی به  ۱۴۰۴/۰۶/۳۱(اصلاحیه),۱۴۰۴/۱۰/۱۰ ۲۲:۵۶:۴۸,1467629,True,https://excel.codal.ir/service/Excel/GetAll/eiXd61XcPRHuCIdGRQTafA%3d%3d/0,export,سود سرمایه گذاریها,تن,0.0,0.0,,113186.0,1404-06,1404
کگل,معدنی و صنعتی گل‌گهر,iron_ore,1404/06/31,گزارش فعالیت ماهانه دوره ۱ ماهه منتهی به  ۱۴۰۴/۰۶/۳۱(اصلاحیه),۱۴۰۴/۱۰/۱۰ ۲۲:۵۶:۴۸,1467629,True,https://excel.codal.ir/service/Excel/GetAll/eiXd61XcPRHuCIdGRQTafA%3d%3d/0,domestic,کنسانتره سنگ آهن,تن,1048908.0,109394.0,59141708.0,6469748.0,1404-06,1404
کگل,معدنی و صنعتی گل‌گهر,iron_ore,1404/06/31,گزارش فعالیت ماهانه دوره ۱ ماهه منتهی به  ۱۴۰۴/۰۶/۳۱(اصلاحیه),۱۴۰۴/۱۰/۱۰ ۲۲:۵۶:۴۸,1467629,True,https://excel.codal.ir/service/Excel/GetAll/eiXd61XcPRHuCIdGRQTafA%3d%3d/0,export,کنسانتره سنگ آهن,تن,,208775.0,65682931.0,13712954.0,1404-06,1404
کگل,معدنی و صنعتی گل‌گهر,iron_ore,1404/06/31,گزارش فعالیت ماهانه دوره ۱ ماهه منتهی به  ۱۴۰۴/۰۶/۳۱(اصلاحیه),۱۴۰۴/۱۰/۱۰ ۲۲:۵۶:۴۸,1467629,True,https://excel.codal.ir/service/Excel/GetAll/eiXd61XcPRHuCIdGRQTafA%3d%3d/0,domestic,گندله,تن,1092323.0,1246365.0,75222582.0,93754793.0,1404-06,1404
کگل,معدنی و صنعتی گل‌گهر,iron_ore,1404/06/31,گزارش فعالیت ماهانه دوره ۱ ماهه منتهی به  ۱۴۰۴/۰۶/۳۱(اصلاحیه),۱۴۰۴/۱۰/۱۰ ۲۲:۵۶:۴۸,1467629,True,https://excel.codal.ir/service/Excel/GetAll/eiXd61XcPRHuCIdGRQTafA%3d%3d/0,export,گندله,تن,,69300.0,74981010.0,5196184.0,1404-06,1404
کگل,معدنی و صنعتی گل‌گهر,iron_ore,1404/06/31,گزارش فعالیت ماهانه دوره ۱ ماهه منتهی به  ۱۴۰۴/۰۶/۳۱(اصلاحیه),۱۴۰۴/۱۰/۱۰ ۲۲:۵۶:۴۸,1467629,True,https://excel.codal.ir/service/Excel/GetAll/eiXd61XcPRHuCIdGRQTafA%3d%3d/0,domestic,گندله ریزدانه,تن,7610.0,7887.0,32945607.0,259842.0,1404-06,1404
کگل,معدنی و صنعتی گل‌گهر,iron_ore,1404/07/30,گزارش فعالیت ماهانه دوره ۱ ماهه منتهی به  ۱۴۰۴/۰۷/۳۰,۱۴۰۴/۰۸/۰۷ ۲۲:۳۷:۱۰,1428299,False,https://excel.codal.ir/service/Excel/GetAll/KggqYk51KwQQQaQQQ3GKOOObOOOA0QQQaQQQCDQQQaQQQw%3d%3d/0,export,سود سرمایه گذاریها,تن,0.0,0.0,0.0,0.0,1404-07,1404
کگل,معدنی و صنعتی گل‌گهر,iron_ore,1404/07/30,گزارش فعالیت ماهانه دوره ۱ ماهه منتهی به  ۱۴۰۴/۰۷/۳۰,۱۴۰۴/۰۸/۰۷ ۲۲:۳۷:۱۰,1428299,False,https://excel.codal.ir/service/Excel/GetAll/KggqYk51KwQQQaQQQ3GKOOObOOOA0QQQaQQQCDQQQaQQQw%3d%3d/0,domestic,کنسانتره سنگ آهن,تن,1244344.0,39022.0,55319589.0,2158681.0,1404-07,1404
کگل,معدنی و صنعتی گل‌گهر,iron_ore,1404/07/30,گزارش فعالیت ماهانه دوره ۱ ماهه منتهی به  ۱۴۰۴/۰۷/۳۰,۱۴۰۴/۰۸/۰۷ ۲۲:۳۷:۱۰,1428299,False,https://excel.codal.ir/service/Excel/GetAll/KggqYk51KwQQQaQQQ3GKOOObOOOA0QQQaQQQCDQQQaQQQw%3d%3d/0,export,کنسانتره سنگ آهن,تن,,73553.0,66314549.0,4877634.0,1404-07,1404
کگل,معدنی و صنعتی گل‌گهر,iron_ore,1404/07/30,گزارش فعالیت ماهانه دوره ۱ ماهه منتهی به  ۱۴۰۴/۰۷/۳۰,۱۴۰۴/۰۸/۰۷ ۲۲:۳۷:۱۰,1428299,False,https://excel.codal.ir/service/Excel/GetAll/KggqYk51KwQQQaQQQ3GKOOObOOOA0QQQaQQQCDQQQaQQQw%3d%3d/0,domestic,گندله,تن,1056876.0,1236683.0,76156669.0,94181658.0,1404-07,1404
کگل,معدنی و صنعتی گل‌گهر,iron_ore,1404/07/30,گزارش فعالیت ماهانه دوره ۱ ماهه منتهی به  ۱۴۰۴/۰۷/۳۰,۱۴۰۴/۰۸/۰۷ ۲۲:۳۷:۱۰,1428299,False,https://excel.codal.ir/service/Excel/GetAll/KggqYk51KwQQQaQQQ3GKOOObOOOA0QQQaQQQCDQQQaQQQw%3d%3d/0,export,گندله,تن,,,0.0,0.0,1404-07,1404
کگل,معدنی و صنعتی گل‌گهر,iron_ore,1404/07/30,گزارش فعالیت ماهانه دوره ۱ ماهه منتهی به  ۱۴۰۴/۰۷/۳۰,۱۴۰۴/۰۸/۰۷ ۲۲:۳۷:۱۰,1428299,False,https://excel.codal.ir/service/Excel/GetAll/KggqYk51KwQQQaQQQ3GKOOObOOOA0QQQaQQQCDQQQaQQQw%3d%3d/0,domestic,گندله ریزدانه,تن,6895.0,9320.0,32263841.0,300699.0,1404-07,1404
کگل,معدنی و صنعتی گل‌گهر,iron_ore,1404/08/30,گزارش فعالیت ماهانه دوره ۱ ماهه منتهی به  ۱۴۰۴/۰۸/۳۰(اصلاحیه),۱۴۰۴/۱۰/۰۳ ۱۵:۲۸:۵۳,1446569,True,https://excel.codal.ir/service/Excel/GetAll/3JsY446abxPWZ1PVBsI7pQ%3d%3d/0,export,سود سرمایه گذاریها,تن,0.0,0.0,0.0,0.0,1404-08,1404
کگل,معدنی و صنعتی گل‌گهر,iron_ore,1404/08/30,گزارش فعالیت ماهانه دوره ۱ ماهه منتهی به  ۱۴۰۴/۰۸/۳۰(اصلاحیه),۱۴۰۴/۱۰/۰۳ ۱۵:۲۸:۵۳,1446569,True,https://excel.codal.ir/service/Excel/GetAll/3JsY446abxPWZ1PVBsI7pQ%3d%3d/0,domestic,کنسانتره سنگ آهن,تن,1012290.0,38080.0,71689653.0,2729942.0,1404-08,1404
کگل,معدنی و صنعتی گل‌گهر,iron_ore,1404/08/30,گزارش فعالیت ماهانه دوره ۱ ماهه منتهی به  ۱۴۰۴/۰۸/۳۰(اصلاحیه),۱۴۰۴/۱۰/۰۳ ۱۵:۲۸:۵۳,1446569,True,https://excel.codal.ir/service/Excel/GetAll/3JsY446abxPWZ1PVBsI7pQ%3d%3d/0,export,کنسانتره سنگ آهن,تن,73984.0,73984.0,67681282.0,5007332.0,1404-08,1404
کگل,معدنی و صنعتی گل‌گهر,iron_ore,1404/08/30,گزارش فعالیت ماهانه دوره ۱ ماهه منتهی به  ۱۴۰۴/۰۸/۳۰(اصلاحیه),۱۴۰۴/۱۰/۰۳ ۱۵:۲۸:۵۳,1446569,True,https://excel.codal.ir/service/Excel/GetAll/3JsY446abxPWZ1PVBsI7pQ%3d%3d/0,domestic,گندله,تن,1019164.0,1070786.0,77561745.0,83052031.0,1404-08,1404
کگل,معدنی و صنعتی گل‌گهر,iron_ore,1404/08/30,گزارش فعالیت ماهانه دوره ۱ ماهه منتهی به  ۱۴۰۴/۰۸/۳۰(اصلاحیه),۱۴۰۴/۱۰/۰۳ ۱۵:۲۸:۵۳,1446569,True,https://excel.codal.ir/service/Excel/GetAll/3JsY446abxPWZ1PVBsI7pQ%3d%3d/0,export,گندله,تن,69061.0,69061.0,72687943.0,5019902.0,1404-08,1404
کگل,معدنی و صنعتی گل‌گهر,iron_ore,1404/08/30,گزارش فعالیت ماهانه دوره ۱ ماهه منتهی به  ۱۴۰۴/۰۸/۳۰(اصلاحیه),۱۴۰۴/۱۰/۰۳ ۱۵:۲۸:۵۳,1446569,True,https://excel.codal.ir/service/Excel/GetAll/3JsY446abxPWZ1PVBsI7pQ%3d%3d/0,domestic,گندله ریزدانه,تن,7724.0,8277.0,32265072.0,267058.0,1404-08,1404
کگل,معدنی و صنعتی گل‌گهر,iron_ore,1404/09/30,گزارش فعالیت ماهانه دوره ۱ ماهه منتهی به  ۱۴۰۴/۰۹/۳۰(اصلاحیه),۱۴۰۵/۰۲/۲۸ ۰۹:۲۶:۴۴,1526774,True,https://excel.codal.ir/service/Excel/GetAll/9wc7Y9Ky0sa9vONbWm8bHw%3d%3d/0,export,سود سرمایه گذاریها,تن,0.0,1.0,49396574000000.0,49396574.0,1404-09,1404
کگل,معدنی و صنعتی گل‌گهر,iron_ore,1404/09/30,گزارش فعالیت ماهانه دوره ۱ ماهه منتهی به  ۱۴۰۴/۰۹/۳۰(اصلاحیه),۱۴۰۵/۰۲/۲۸ ۰۹:۲۶:۴۴,1526774,True,https://excel.codal.ir/service/Excel/GetAll/9wc7Y9Ky0sa9vONbWm8bHw%3d%3d/0,domestic,کنسانتره سنگ آهن,تن,1032032.0,49575.0,69549289.0,3447906.0,1404-09,1404
کگل,معدنی و صنعتی گل‌گهر,iron_ore,1404/09/30,گزارش فعالیت ماهانه دوره ۱ ماهه منتهی به  ۱۴۰۴/۰۹/۳۰(اصلاحیه),۱۴۰۵/۰۲/۲۸ ۰۹:۲۶:۴۴,1526774,True,https://excel.codal.ir/service/Excel/GetAll/9wc7Y9Ky0sa9vONbWm8bHw%3d%3d/0,export,کنسانتره سنگ آهن,تن,83749.0,83749.0,72477319.0,6069903.0,1404-09,1404
کگل,معدنی و صنعتی گل‌گهر,iron_ore,1404/09/30,گزارش فعالیت ماهانه دوره ۱ ماهه منتهی به  ۱۴۰۴/۰۹/۳۰(اصلاحیه),۱۴۰۵/۰۲/۲۸ ۰۹:۲۶:۴۴,1526774,True,https://excel.codal.ir/service/Excel/GetAll/9wc7Y9Ky0sa9vONbWm8bHw%3d%3d/0,domestic,گندله,تن,1003116.0,1115190.0,76506738.0,85319549.0,1404-09,1404
کگل,معدنی و صنعتی گل‌گهر,iron_ore,1404/09/30,گزارش فعالیت ماهانه دوره ۱ ماهه منتهی به  ۱۴۰۴/۰۹/۳۰(اصلاحیه),۱۴۰۵/۰۲/۲۸ ۰۹:۲۶:۴۴,1526774,True,https://excel.codal.ir/service/Excel/GetAll/9wc7Y9Ky0sa9vONbWm8bHw%3d%3d/0,export,گندله,تن,72242.0,72242.0,74765524.0,5401211.0,1404-09,1404
کگل,معدنی و صنعتی گل‌گهر,iron_ore,1404/09/30,گزارش فعالیت ماهانه دوره ۱ ماهه منتهی به  ۱۴۰۴/۰۹/۳۰(اصلاحیه),۱۴۰۵/۰۲/۲۸ ۰۹:۲۶:۴۴,1526774,True,https://excel.codal.ir/service/Excel/GetAll/9wc7Y9Ky0sa9vONbWm8bHw%3d%3d/0,domestic,گندله ریزدانه,تن,7636.0,6908.0,35266503.0,243621.0,1404-09,1404
کگل,معدنی و صنعتی گل‌گهر,iron_ore,1404/10/30,گزارش فعالیت ماهانه دوره ۱ ماهه منتهی به  ۱۴۰۴/۱۰/۳۰,۱۴۰۴/۱۱/۰۷ ۲۲:۴۹:۰۹,1473903,False,https://excel.codal.ir/service/Excel/GetAll/AFF8k5fejQmzOOObOOOcQQQaQQQtx3UN9w%3d%3d/0,export,سود سرمایه گذاریها,تن,0.0,0.0,0.0,0.0,1404-10,1404
کگل,معدنی و صنعتی گل‌گهر,iron_ore,1404/10/30,گزارش فعالیت ماهانه دوره ۱ ماهه منتهی به  ۱۴۰۴/۱۰/۳۰,۱۴۰۴/۱۱/۰۷ ۲۲:۴۹:۰۹,1473903,False,https://excel.codal.ir/service/Excel/GetAll/AFF8k5fejQmzOOObOOOcQQQaQQQtx3UN9w%3d%3d/0,domestic,کنسانتره سنگ آهن,تن,864107.0,85186.0,64466896.0,5491677.0,1404-10,1404
کگل,معدنی و صنعتی گل‌گهر,iron_ore,1404/10/30,گزارش فعالیت ماهانه دوره ۱ ماهه منتهی به  ۱۴۰۴/۱۰/۳۰,۱۴۰۴/۱۱/۰۷ ۲۲:۴۹:۰۹,1473903,False,https://excel.codal.ir/service/Excel/GetAll/AFF8k5fejQmzOOObOOOcQQQaQQQtx3UN9w%3d%3d/0,export,کنسانتره سنگ آهن,تن,143183.0,143183.0,96690592.0,13844449.0,1404-10,1404
کگل,معدنی و صنعتی گل‌گهر,iron_ore,1404/10/30,گزارش فعالیت ماهانه دوره ۱ ماهه منتهی به  ۱۴۰۴/۱۰/۳۰,۱۴۰۴/۱۱/۰۷ ۲۲:۴۹:۰۹,1473903,False,https://excel.codal.ir/service/Excel/GetAll/AFF8k5fejQmzOOObOOOcQQQaQQQtx3UN9w%3d%3d/0,domestic,گندله,تن,1057544.0,1074009.0,90274307.0,96955418.0,1404-10,1404
کگل,معدنی و صنعتی گل‌گهر,iron_ore,1404/10/30,گزارش فعالیت ماهانه دوره ۱ ماهه منتهی به  ۱۴۰۴/۱۰/۳۰,۱۴۰۴/۱۱/۰۷ ۲۲:۴۹:۰۹,1473903,False,https://excel.codal.ir/service/Excel/GetAll/AFF8k5fejQmzOOObOOOcQQQaQQQtx3UN9w%3d%3d/0,export,گندله,تن,,,0.0,0.0,1404-10,1404
کگل,معدنی و صنعتی گل‌گهر,iron_ore,1404/10/30,گزارش فعالیت ماهانه دوره ۱ ماهه منتهی به  ۱۴۰۴/۱۰/۳۰,۱۴۰۴/۱۱/۰۷ ۲۲:۴۹:۰۹,1473903,False,https://excel.codal.ir/service/Excel/GetAll/AFF8k5fejQmzOOObOOOcQQQaQQQtx3UN9w%3d%3d/0,domestic,گندله ریزدانه,تن,6923.0,11202.0,39511962.0,442613.0,1404-10,1404
کگل,معدنی و صنعتی گل‌گهر,iron_ore,1404/11/30,گزارش فعالیت ماهانه دوره ۱ ماهه منتهی به  ۱۴۰۴/۱۱/۳۰,۱۴۰۴/۱۲/۰۶ ۲۳:۱۰:۰۸,1494402,False,https://excel.codal.ir/service/Excel/GetAll/9bJ2JaZWx0J0OOObOOOvJpZzXzVw%3d%3d/0,export,سود سرمایه گذاریها,تن,0.0,0.0,0.0,0.0,1404-11,1404
کگل,معدنی و صنعتی گل‌گهر,iron_ore,1404/11/30,گزارش فعالیت ماهانه دوره ۱ ماهه منتهی به  ۱۴۰۴/۱۱/۳۰,۱۴۰۴/۱۲/۰۶ ۲۳:۱۰:۰۸,1494402,False,https://excel.codal.ir/service/Excel/GetAll/9bJ2JaZWx0J0OOObOOOvJpZzXzVw%3d%3d/0,domestic,کنسانتره سنگ آهن,تن,1204778.0,289523.0,71328147.0,20651139.0,1404-11,1404
کگل,معدنی و صنعتی گل‌گهر,iron_ore,1404/11/30,گزارش فعالیت ماهانه دوره ۱ ماهه منتهی به  ۱۴۰۴/۱۱/۳۰,۱۴۰۴/۱۲/۰۶ ۲۳:۱۰:۰۸,1494402,False,https://excel.codal.ir/service/Excel/GetAll/9bJ2JaZWx0J0OOObOOOvJpZzXzVw%3d%3d/0,export,کنسانتره سنگ آهن,تن,,,0.0,0.0,1404-11,1404
کگل,معدنی و صنعتی گل‌گهر,iron_ore,1404/11/30,گزارش فعالیت ماهانه دوره ۱ ماهه منتهی به  ۱۴۰۴/۱۱/۳۰,۱۴۰۴/۱۲/۰۶ ۲۳:۱۰:۰۸,1494402,False,https://excel.codal.ir/service/Excel/GetAll/9bJ2JaZWx0J0OOObOOOvJpZzXzVw%3d%3d/0,domestic,گندله,تن,770739.0,781310.0,99906737.0,78058133.0,1404-11,1404
کگل,معدنی و صنعتی گل‌گهر,iron_ore,1404/11/30,گزارش فعالیت ماهانه دوره ۱ ماهه منتهی به  ۱۴۰۴/۱۱/۳۰,۱۴۰۴/۱۲/۰۶ ۲۳:۱۰:۰۸,1494402,False,https://excel.codal.ir/service/Excel/GetAll/9bJ2JaZWx0J0OOObOOOvJpZzXzVw%3d%3d/0,export,گندله,تن,,,0.0,0.0,1404-11,1404
کگل,معدنی و صنعتی گل‌گهر,iron_ore,1404/11/30,گزارش فعالیت ماهانه دوره ۱ ماهه منتهی به  ۱۴۰۴/۱۱/۳۰,۱۴۰۴/۱۲/۰۶ ۲۳:۱۰:۰۸,1494402,False,https://excel.codal.ir/service/Excel/GetAll/9bJ2JaZWx0J0OOObOOOvJpZzXzVw%3d%3d/0,domestic,گندله ریزدانه,تن,3804.0,10601.0,39513819.0,418886.0,1404-11,1404
کگل,معدنی و صنعتی گل‌گهر,iron_ore,1404/12/29,گزارش فعالیت ماهانه دوره ۱ ماهه منتهی به  ۱۴۰۴/۱۲/۲۹(اصلاحیه),۱۴۰۵/۰۲/۰۱ ۱۳:۳۴:۴۲,1509593,True,https://excel.codal.ir/service/Excel/GetAll/f2QnbSH8HpnkvvWi6yZQwg%3d%3d/0,export,سود سرمایه گذاریها,تن,0.0,0.0,0.0,0.0,1404-12,1404
کگل,معدنی و صنعتی گل‌گهر,iron_ore,1404/12/29,گزارش فعالیت ماهانه دوره ۱ ماهه منتهی به  ۱۴۰۴/۱۲/۲۹(اصلاحیه),۱۴۰۵/۰۲/۰۱ ۱۳:۳۴:۴۲,1509593,True,https://excel.codal.ir/service/Excel/GetAll/f2QnbSH8HpnkvvWi6yZQwg%3d%3d/0,domestic,کنسانتره سنگ آهن,تن,1017934.0,169921.0,74470901.0,12654170.0,1404-12,1404
کگل,معدنی و صنعتی گل‌گهر,iron_ore,1404/12/29,گزارش فعالیت ماهانه دوره ۱ ماهه منتهی به  ۱۴۰۴/۱۲/۲۹(اصلاحیه),۱۴۰۵/۰۲/۰۱ ۱۳:۳۴:۴۲,1509593,True,https://excel.codal.ir/service/Excel/GetAll/f2QnbSH8HpnkvvWi6yZQwg%3d%3d/0,export,کنسانتره سنگ آهن,تن,72673.0,72673.0,127773754.0,9285702.0,1404-12,1404
کگل,معدنی و صنعتی گل‌گهر,iron_ore,1404/12/29,گزارش فعالیت ماهانه دوره ۱ ماهه منتهی به  ۱۴۰۴/۱۲/۲۹(اصلاحیه),۱۴۰۵/۰۲/۰۱ ۱۳:۳۴:۴۲,1509593,True,https://excel.codal.ir/service/Excel/GetAll/f2QnbSH8HpnkvvWi6yZQwg%3d%3d/0,domestic,گندله,تن,804918.0,859255.0,105115793.0,90321271.0,1404-12,1404
کگل,معدنی و صنعتی گل‌گهر,iron_ore,1404/12/29,گزارش فعالیت ماهانه دوره ۱ ماهه منتهی به  ۱۴۰۴/۱۲/۲۹(اصلاحیه),۱۴۰۵/۰۲/۰۱ ۱۳:۳۴:۴۲,1509593,True,https://excel.codal.ir/service/Excel/GetAll/f2QnbSH8HpnkvvWi6yZQwg%3d%3d/0,export,گندله,تن,,,0.0,0.0,1404-12,1404
کگل,معدنی و صنعتی گل‌گهر,iron_ore,1404/12/29,گزارش فعالیت ماهانه دوره ۱ ماهه منتهی به  ۱۴۰۴/۱۲/۲۹(اصلاحیه),۱۴۰۵/۰۲/۰۱ ۱۳:۳۴:۴۲,1509593,True,https://excel.codal.ir/service/Excel/GetAll/f2QnbSH8HpnkvvWi6yZQwg%3d%3d/0,domestic,گندله ریزدانه,تن,5252.0,3436.0,39509313.0,135754.0,1404-12,1404
کگل,معدنی و صنعتی گل‌گهر,iron_ore,1405/01/31,گزارش فعالیت ماهانه دوره ۱ ماهه منتهی به  ۱۴۰۵/۰۱/۳۱,۱۴۰۵/۰۲/۰۷ ۱۳:۴۵:۳۱,1514013,False,https://excel.codal.ir/service/Excel/GetAll/wnhgnTOlrv7SVzGZrD4QAw%3d%3d/0,export,سود سرمایه گذاریها,تن,0.0,0.0,0.0,0.0,1405-01,1405
کگل,معدنی و صنعتی گل‌گهر,iron_ore,1405/01/31,گزارش فعالیت ماهانه دوره ۱ ماهه منتهی به  ۱۴۰۵/۰۱/۳۱,۱۴۰۵/۰۲/۰۷ ۱۳:۴۵:۳۱,1514013,False,https://excel.codal.ir/service/Excel/GetAll/wnhgnTOlrv7SVzGZrD4QAw%3d%3d/0,domestic,کنسانتره سنگ آهن,تن,669548.0,30611.0,75586521.0,2313779.0,1405-01,1405
کگل,معدنی و صنعتی گل‌گهر,iron_ore,1405/01/31,گزارش فعالیت ماهانه دوره ۱ ماهه منتهی به  ۱۴۰۵/۰۱/۳۱,۱۴۰۵/۰۲/۰۷ ۱۳:۴۵:۳۱,1514013,False,https://excel.codal.ir/service/Excel/GetAll/wnhgnTOlrv7SVzGZrD4QAw%3d%3d/0,export,کنسانتره سنگ آهن,تن,137665.0,137665.0,135106287.0,18599407.0,1405-01,1405
کگل,معدنی و صنعتی گل‌گهر,iron_ore,1405/01/31,گزارش فعالیت ماهانه دوره ۱ ماهه منتهی به  ۱۴۰۵/۰۱/۳۱,۱۴۰۵/۰۲/۰۷ ۱۳:۴۵:۳۱,1514013,False,https://excel.codal.ir/service/Excel/GetAll/wnhgnTOlrv7SVzGZrD4QAw%3d%3d/0,domestic,گندله,تن,760456.0,609668.0,107432632.0,65498238.0,1405-01,1405
کگل,معدنی و صنعتی گل‌گهر,iron_ore,1405/01/31,گزارش فعالیت ماهانه دوره ۱ ماهه منتهی به  ۱۴۰۵/۰۱/۳۱,۱۴۰۵/۰۲/۰۷ ۱۳:۴۵:۳۱,1514013,False,https://excel.codal.ir/service/Excel/GetAll/wnhgnTOlrv7SVzGZrD4QAw%3d%3d/0,export,گندله,تن,,,0.0,0.0,1405-01,1405
کگل,معدنی و صنعتی گل‌گهر,iron_ore,1405/01/31,گزارش فعالیت ماهانه دوره ۱ ماهه منتهی به  ۱۴۰۵/۰۱/۳۱,۱۴۰۵/۰۲/۰۷ ۱۳:۴۵:۳۱,1514013,False,https://excel.codal.ir/service/Excel/GetAll/wnhgnTOlrv7SVzGZrD4QAw%3d%3d/0,domestic,گندله ریزدانه,تن,4373.0,1363.0,52853265.0,72039.0,1405-01,1405
کگل,معدنی و صنعتی گل‌گهر,iron_ore,1405/02/31,گزارش فعالیت ماهانه دوره ۱ ماهه منتهی به  ۱۴۰۵/۰۲/۳۱,۱۴۰۵/۰۳/۱۰ ۰۷:۴۳:۴۵,1534760,False,https://excel.codal.ir/service/Excel/GetAll/kNPB0s1VFb8ZOOObOOOWWZFsVkuw%3d%3d/0,export,سود سرمایه گذاریها,تن,0.0,0.0,0.0,0.0,1405-02,1405
کگل,معدنی و صنعتی گل‌گهر,iron_ore,1405/02/31,گزارش فعالیت ماهانه دوره ۱ ماهه منتهی به  ۱۴۰۵/۰۲/۳۱,۱۴۰۵/۰۳/۱۰ ۰۷:۴۳:۴۵,1534760,False,https://excel.codal.ir/service/Excel/GetAll/kNPB0s1VFb8ZOOObOOOWWZFsVkuw%3d%3d/0,domestic,کنسانتره سنگ آهن,تن,1219311.0,49900.0,60496072.0,3018754.0,1405-02,1405
کگل,معدنی و صنعتی گل‌گهر,iron_ore,1405/02/31,گزارش فعالیت ماهانه دوره ۱ ماهه منتهی به  ۱۴۰۵/۰۲/۳۱,۱۴۰۵/۰۳/۱۰ ۰۷:۴۳:۴۵,1534760,False,https://excel.codal.ir/service/Excel/GetAll/kNPB0s1VFb8ZOOObOOOWWZFsVkuw%3d%3d/0,export,کنسانتره سنگ آهن,تن,,,0.0,0.0,1405-02,1405
کگل,معدنی و صنعتی گل‌گهر,iron_ore,1405/02/31,گزارش فعالیت ماهانه دوره ۱ ماهه منتهی به  ۱۴۰۵/۰۲/۳۱,۱۴۰۵/۰۳/۱۰ ۰۷:۴۳:۴۵,1534760,False,https://excel.codal.ir/service/Excel/GetAll/kNPB0s1VFb8ZOOObOOOWWZFsVkuw%3d%3d/0,domestic,گندله,تن,1112124.0,1165269.0,112524075.0,131120816.0,1405-02,1405
کگل,معدنی و صنعتی گل‌گهر,iron_ore,1405/02/31,گزارش فعالیت ماهانه دوره ۱ ماهه منتهی به  ۱۴۰۵/۰۲/۳۱,۱۴۰۵/۰۳/۱۰ ۰۷:۴۳:۴۵,1534760,False,https://excel.codal.ir/service/Excel/GetAll/kNPB0s1VFb8ZOOObOOOWWZFsVkuw%3d%3d/0,export,گندله,تن,,,0.0,0.0,1405-02,1405
کگل,معدنی و صنعتی گل‌گهر,iron_ore,1405/02/31,گزارش فعالیت ماهانه دوره ۱ ماهه منتهی به  ۱۴۰۵/۰۲/۳۱,۱۴۰۵/۰۳/۱۰ ۰۷:۴۳:۴۵,1534760,False,https://excel.codal.ir/service/Excel/GetAll/kNPB0s1VFb8ZOOObOOOWWZFsVkuw%3d%3d/0,domestic,گندله ریزدانه,تن,10089.0,19261.0,39511500.0,761031.0,1405-02,1405
کگل,معدنی و صنعتی گل‌گهر,iron_ore,1405/03/31,گزارش فعالیت ماهانه دوره ۱ ماهه منتهی به  ۱۴۰۵/۰۳/۳۱(اصلاحیه),۱۴۰۵/۰۴/۳۰ ۲۱:۲۳:۲۳,1572921,True,https://excel.codal.ir/service/Excel/GetAll/wkHknnTjhpT1rrXY9p4rpg%3d%3d/0,export,سود سرمایه گذاریها,تن,0.0,0.0,0.0,0.0,1405-03,1405
کگل,معدنی و صنعتی گل‌گهر,iron_ore,1405/03/31,گزارش فعالیت ماهانه دوره ۱ ماهه منتهی به  ۱۴۰۵/۰۳/۳۱(اصلاحیه),۱۴۰۵/۰۴/۳۰ ۲۱:۲۳:۲۳,1572921,True,https://excel.codal.ir/service/Excel/GetAll/wkHknnTjhpT1rrXY9p4rpg%3d%3d/0,domestic,کنسانتره سنگ آهن,تن,1047550.0,10521.0,89947534.0,946338.0,1405-03,1405
کگل,معدنی و صنعتی گل‌گهر,iron_ore,1405/03/31,گزارش فعالیت ماهانه دوره ۱ ماهه منتهی به  ۱۴۰۵/۰۳/۳۱(اصلاحیه),۱۴۰۵/۰۴/۳۰ ۲۱:۲۳:۲۳,1572921,True,https://excel.codal.ir/service/Excel/GetAll/wkHknnTjhpT1rrXY9p4rpg%3d%3d/0,export,کنسانتره سنگ آهن,تن,,,0.0,0.0,1405-03,1405
کگل,معدنی و صنعتی گل‌گهر,iron_ore,1405/03/31,گزارش فعالیت ماهانه دوره ۱ ماهه منتهی به  ۱۴۰۵/۰۳/۳۱(اصلاحیه),۱۴۰۵/۰۴/۳۰ ۲۱:۲۳:۲۳,1572921,True,https://excel.codal.ir/service/Excel/GetAll/wkHknnTjhpT1rrXY9p4rpg%3d%3d/0,domestic,گندله,تن,1071093.0,1024984.0,120751932.0,123768798.0,1405-03,1405
کگل,معدنی و صنعتی گل‌گهر,iron_ore,1405/03/31,گزارش فعالیت ماهانه دوره ۱ ماهه منتهی به  ۱۴۰۵/۰۳/۳۱(اصلاحیه),۱۴۰۵/۰۴/۳۰ ۲۱:۲۳:۲۳,1572921,True,https://excel.codal.ir/service/Excel/GetAll/wkHknnTjhpT1rrXY9p4rpg%3d%3d/0,export,گندله,تن,,,0.0,0.0,1405-03,1405
کگل,معدنی و صنعتی گل‌گهر,iron_ore,1405/03/31,گزارش فعالیت ماهانه دوره ۱ ماهه منتهی به  ۱۴۰۵/۰۳/۳۱(اصلاحیه),۱۴۰۵/۰۴/۳۰ ۲۱:۲۳:۲۳,1572921,True,https://excel.codal.ir/service/Excel/GetAll/wkHknnTjhpT1rrXY9p4rpg%3d%3d/0,domestic,گندله ریزدانه,تن,6565.0,18572.0,39513838.0,733851.0,1405-03,1405
کگهر,گهرزمین,iron_ore,1400/01/31,گزارش فعالیت ماهانه دوره ۱ ماهه منتهی به ۱۴۰۰/۰۱/۳۱,۱۴۰۰/۰۲/۰۷ ۱۷:۰۶:۰۷,741391,False,https://excel.codal.ir/service/Excel/GetAll/3xNQyPvqwnGVCkj4VYZTlw%3d%3d/0,domestic,سنگ آهن دانه بندی شده,تن,840502.0,99473.0,10079720.0,1002660.0,1400-01,1400
کگهر,گهرزمین,iron_ore,1400/01/31,گزارش فعالیت ماهانه دوره ۱ ماهه منتهی به ۱۴۰۰/۰۱/۳۱,۱۴۰۰/۰۲/۰۷ ۱۷:۰۶:۰۷,741391,False,https://excel.codal.ir/service/Excel/GetAll/3xNQyPvqwnGVCkj4VYZTlw%3d%3d/0,domestic,کلوخه سنگ آهن,تن,1398000.0,680300.0,9978918.0,6788658.0,1400-01,1400
کگهر,گهرزمین,iron_ore,1400/01/31,گزارش فعالیت ماهانه دوره ۱ ماهه منتهی به ۱۴۰۰/۰۱/۳۱,۱۴۰۰/۰۲/۰۷ ۱۷:۰۶:۰۷,741391,False,https://excel.codal.ir/service/Excel/GetAll/3xNQyPvqwnGVCkj4VYZTlw%3d%3d/0,domestic,کنسانتره سنگ آهن,تن,431070.0,62487.0,22234241.0,1389351.0,1400-01,1400
کگهر,گهرزمین,iron_ore,1400/01/31,گزارش فعالیت ماهانه دوره ۱ ماهه منتهی به ۱۴۰۰/۰۱/۳۱,۱۴۰۰/۰۲/۰۷ ۱۷:۰۶:۰۷,741391,False,https://excel.codal.ir/service/Excel/GetAll/3xNQyPvqwnGVCkj4VYZTlw%3d%3d/0,domestic,گندله,تن,247823.0,45412.0,35327072.0,1604273.0,1400-01,1400
کگهر,گهرزمین,iron_ore,1400/02/31,گزارش فعالیت ماهانه دوره ۱ ماهه منتهی به ۱۴۰۰/۰۲/۳۱(اصلاحیه),۱۴۰۰/۰۳/۱۰ ۲۰:۴۴:۲۹,753051,True,https://excel.codal.ir/service/Excel/GetAll/RhfpEN7q3EQQQaQQQ6p2oAQ4SkGw%3d%3d/0,domestic,سنگ آهن دانه بندی شده,تن,693651.0,102895.0,10079722.0,1037153.0,1400-02,1400
کگهر,گهرزمین,iron_ore,1400/02/31,گزارش فعالیت ماهانه دوره ۱ ماهه منتهی به ۱۴۰۰/۰۲/۳۱(اصلاحیه),۱۴۰۰/۰۳/۱۰ ۲۰:۴۴:۲۹,753051,True,https://excel.codal.ir/service/Excel/GetAll/RhfpEN7q3EQQQaQQQ6p2oAQ4SkGw%3d%3d/0,domestic,کلوخه سنگ آهن,تن,1207330.0,838694.0,9879750.0,8286087.0,1400-02,1400
کگهر,گهرزمین,iron_ore,1400/02/31,گزارش فعالیت ماهانه دوره ۱ ماهه منتهی به ۱۴۰۰/۰۲/۳۱(اصلاحیه),۱۴۰۰/۰۳/۱۰ ۲۰:۴۴:۲۹,753051,True,https://excel.codal.ir/service/Excel/GetAll/RhfpEN7q3EQQQaQQQ6p2oAQ4SkGw%3d%3d/0,domestic,کنسانتره سنگ آهن,تن,447593.0,55852.0,27956474.0,1561425.0,1400-02,1400
کگهر,گهرزمین,iron_ore,1400/02/31,گزارش فعالیت ماهانه دوره ۱ ماهه منتهی به ۱۴۰۰/۰۲/۳۱(اصلاحیه),۱۴۰۰/۰۳/۱۰ ۲۰:۴۴:۲۹,753051,True,https://excel.codal.ir/service/Excel/GetAll/RhfpEN7q3EQQQaQQQ6p2oAQ4SkGw%3d%3d/0,domestic,گندله,تن,304942.0,208625.0,38774806.0,8089394.0,1400-02,1400
کگهر,گهرزمین,iron_ore,1400/03/31,گزارش فعالیت ماهانه دوره ۱ ماهه منتهی به ۱۴۰۰/۰۳/۳۱,۱۴۰۰/۰۴/۰۷ ۲۰:۴۰:۳۳,764246,False,https://excel.codal.ir/service/Excel/GetAll/D8cfpHCZ9EBdrRnWIJnNWA%3d%3d/0,domestic,سنگ آهن دانه بندی شده,تن,968241.0,58225.0,20874453.0,1215415.0,1400-03,1400
کگهر,گهرزمین,iron_ore,1400/03/31,گزارش فعالیت ماهانه دوره ۱ ماهه منتهی به ۱۴۰۰/۰۳/۳۱,۱۴۰۰/۰۴/۰۷ ۲۰:۴۰:۳۳,764246,False,https://excel.codal.ir/service/Excel/GetAll/D8cfpHCZ9EBdrRnWIJnNWA%3d%3d/0,domestic,کلوخه سنگ آهن,تن,1282156.0,822418.0,13973639.0,11492172.0,1400-03,1400
کگهر,گهرزمین,iron_ore,1400/03/31,گزارش فعالیت ماهانه دوره ۱ ماهه منتهی به ۱۴۰۰/۰۳/۳۱,۱۴۰۰/۰۴/۰۷ ۲۰:۴۰:۳۳,764246,False,https://excel.codal.ir/service/Excel/GetAll/D8cfpHCZ9EBdrRnWIJnNWA%3d%3d/0,domestic,کنسانتره سنگ آهن,تن,414150.0,80263.0,25900602.0,2078860.0,1400-03,1400
کگهر,گهرزمین,iron_ore,1400/03/31,گزارش فعالیت ماهانه دوره ۱ ماهه منتهی به ۱۴۰۰/۰۳/۳۱,۱۴۰۰/۰۴/۰۷ ۲۰:۴۰:۳۳,764246,False,https://excel.codal.ir/service/Excel/GetAll/D8cfpHCZ9EBdrRnWIJnNWA%3d%3d/0,domestic,گندله,تن,296910.0,137075.0,46233150.0,6337409.0,1400-03,1400
کگهر,گهرزمین,iron_ore,1400/04/31,گزارش فعالیت ماهانه دوره ۱ ماهه منتهی به ۱۴۰۰/۰۴/۳۱,۱۴۰۰/۰۵/۱۰ ۲۰:۱۹:۳۷,779619,False,https://excel.codal.ir/service/Excel/GetAll/QQQaQQQCzuAmGijevPEFOpXVaOOObOOOWA%3d%3d/0,domestic,سنگ آهن دانه بندی شده,تن,246409.0,38567.0,13130267.0,506395.0,1400-04,1400
کگهر,گهرزمین,iron_ore,1400/04/31,گزارش فعالیت ماهانه دوره ۱ ماهه منتهی به ۱۴۰۰/۰۴/۳۱,۱۴۰۰/۰۵/۱۰ ۲۰:۱۹:۳۷,779619,False,https://excel.codal.ir/service/Excel/GetAll/QQQaQQQCzuAmGijevPEFOpXVaOOObOOOWA%3d%3d/0,domestic,کلوخه سنگ آهن,تن,1252934.0,573995.0,12156142.0,6977565.0,1400-04,1400
کگهر,گهرزمین,iron_ore,1400/04/31,گزارش فعالیت ماهانه دوره ۱ ماهه منتهی به ۱۴۰۰/۰۴/۳۱,۱۴۰۰/۰۵/۱۰ ۲۰:۱۹:۳۷,779619,False,https://excel.codal.ir/service/Excel/GetAll/QQQaQQQCzuAmGijevPEFOpXVaOOObOOOWA%3d%3d/0,domestic,کنسانتره سنگ آهن,تن,205968.0,93172.0,26251202.0,2445877.0,1400-04,1400
کگهر,گهرزمین,iron_ore,1400/04/31,گزارش فعالیت ماهانه دوره ۱ ماهه منتهی به ۱۴۰۰/۰۴/۳۱,۱۴۰۰/۰۵/۱۰ ۲۰:۱۹:۳۷,779619,False,https://excel.codal.ir/service/Excel/GetAll/QQQaQQQCzuAmGijevPEFOpXVaOOObOOOWA%3d%3d/0,domestic,گندله,تن,307224.0,99379.0,41521076.0,4126323.0,1400-04,1400
کگهر,گهرزمین,iron_ore,1400/05/31,گزارش فعالیت ماهانه دوره ۱ ماهه منتهی به ۱۴۰۰/۰۵/۳۱,۱۴۰۰/۰۶/۰۷ ۱۷:۳۷:۵۸,787165,False,https://excel.codal.ir/service/Excel/GetAll/tioYtjAAwimQVLLoLDnD7A%3d%3d/0,domestic,سنگ آهن دانه بندی شده,تن,583797.0,112126.0,13259057.0,1486685.0,1400-05,1400
کگهر,گهرزمین,iron_ore,1400/05/31,گزارش فعالیت ماهانه دوره ۱ ماهه منتهی به ۱۴۰۰/۰۵/۳۱,۱۴۰۰/۰۶/۰۷ ۱۷:۳۷:۵۸,787165,False,https://excel.codal.ir/service/Excel/GetAll/tioYtjAAwimQVLLoLDnD7A%3d%3d/0,domestic,کلوخه سنگ آهن,تن,1065891.0,450661.0,13091042.0,5899622.0,1400-05,1400
کگهر,گهرزمین,iron_ore,1400/05/31,گزارش فعالیت ماهانه دوره ۱ ماهه منتهی به ۱۴۰۰/۰۵/۳۱,۱۴۰۰/۰۶/۰۷ ۱۷:۳۷:۵۸,787165,False,https://excel.codal.ir/service/Excel/GetAll/tioYtjAAwimQVLLoLDnD7A%3d%3d/0,domestic,کنسانتره سنگ آهن,تن,428287.0,109333.0,28140406.0,3076675.0,1400-05,1400
کگهر,گهرزمین,iron_ore,1400/05/31,گزارش فعالیت ماهانه دوره ۱ ماهه منتهی به ۱۴۰۰/۰۵/۳۱,۱۴۰۰/۰۶/۰۷ ۱۷:۳۷:۵۸,787165,False,https://excel.codal.ir/service/Excel/GetAll/tioYtjAAwimQVLLoLDnD7A%3d%3d/0,export,کنسانتره سنگ آهن صادراتی,تن,0.0,44593.0,49821452.0,2221688.0,1400-05,1400
کگهر,گهرزمین,iron_ore,1400/05/31,گزارش فعالیت ماهانه دوره ۱ ماهه منتهی به ۱۴۰۰/۰۵/۳۱,۱۴۰۰/۰۶/۰۷ ۱۷:۳۷:۵۸,787165,False,https://excel.codal.ir/service/Excel/GetAll/tioYtjAAwimQVLLoLDnD7A%3d%3d/0,domestic,گندله,تن,324812.0,0.0,,0.0,1400-05,1400
کگهر,گهرزمین,iron_ore,1400/06/31,گزارش فعالیت ماهانه دوره ۱ ماهه منتهی به ۱۴۰۰/۰۶/۳۱,۱۴۰۰/۰۷/۱۰ ۱۹:۵۳:۱۶,793968,False,https://excel.codal.ir/service/Excel/GetAll/bVclZUvMa3LaEShxT5byvA%3d%3d/0,domestic,سنگ آهن دانه بندی شده,تن,816286.0,187800.0,12085234.0,2269607.0,1400-06,1400
کگهر,گهرزمین,iron_ore,1400/06/31,گزارش فعالیت ماهانه دوره ۱ ماهه منتهی به ۱۴۰۰/۰۶/۳۱,۱۴۰۰/۰۷/۱۰ ۱۹:۵۳:۱۶,793968,False,https://excel.codal.ir/service/Excel/GetAll/bVclZUvMa3LaEShxT5byvA%3d%3d/0,domestic,کلوخه سنگ آهن,تن,1245185.0,510931.0,13272761.0,6781465.0,1400-06,1400
کگهر,گهرزمین,iron_ore,1400/06/31,گزارش فعالیت ماهانه دوره ۱ ماهه منتهی به ۱۴۰۰/۰۶/۳۱,۱۴۰۰/۰۷/۱۰ ۱۹:۵۳:۱۶,793968,False,https://excel.codal.ir/service/Excel/GetAll/bVclZUvMa3LaEShxT5byvA%3d%3d/0,domestic,کنسانتره سنگ آهن,تن,417470.0,72353.0,30344298.0,2195501.0,1400-06,1400
کگهر,گهرزمین,iron_ore,1400/06/31,گزارش فعالیت ماهانه دوره ۱ ماهه منتهی به ۱۴۰۰/۰۶/۳۱,۱۴۰۰/۰۷/۱۰ ۱۹:۵۳:۱۶,793968,False,https://excel.codal.ir/service/Excel/GetAll/bVclZUvMa3LaEShxT5byvA%3d%3d/0,export,کنسانتره سنگ آهن صادراتی,تن,0.0,0.0,0.0,0.0,1400-06,1400
کگهر,گهرزمین,iron_ore,1400/06/31,گزارش فعالیت ماهانه دوره ۱ ماهه منتهی به ۱۴۰۰/۰۶/۳۱,۱۴۰۰/۰۷/۱۰ ۱۹:۵۳:۱۶,793968,False,https://excel.codal.ir/service/Excel/GetAll/bVclZUvMa3LaEShxT5byvA%3d%3d/0,domestic,گندله,تن,350516.0,7195.0,46225712.0,332594.0,1400-06,1400
کگهر,گهرزمین,iron_ore,1400/07/30,گزارش فعالیت ماهانه دوره ۱ ماهه منتهی به ۱۴۰۰/۰۷/۳۰,۱۴۰۰/۰۸/۰۸ ۱۴:۵۷:۰۲,811629,False,https://excel.codal.ir/service/Excel/GetAll/jny6YxhgaeQKpTNO84UyHw%3d%3d/0,domestic,سنگ آهن دانه بندی شده,تن,746434.0,296034.0,10885699.0,3222537.0,1400-07,1400
کگهر,گهرزمین,iron_ore,1400/07/30,گزارش فعالیت ماهانه دوره ۱ ماهه منتهی به ۱۴۰۰/۰۷/۳۰,۱۴۰۰/۰۸/۰۸ ۱۴:۵۷:۰۲,811629,False,https://excel.codal.ir/service/Excel/GetAll/jny6YxhgaeQKpTNO84UyHw%3d%3d/0,domestic,کلوخه سنگ آهن,تن,1577215.0,658799.0,12398985.0,8168439.0,1400-07,1400
کگهر,گهرزمین,iron_ore,1400/07/30,گزارش فعالیت ماهانه دوره ۱ ماهه منتهی به ۱۴۰۰/۰۷/۳۰,۱۴۰۰/۰۸/۰۸ ۱۴:۵۷:۰۲,811629,False,https://excel.codal.ir/service/Excel/GetAll/jny6YxhgaeQKpTNO84UyHw%3d%3d/0,domestic,کنسانتره سنگ آهن,تن,395700.0,136770.0,33208686.0,4541952.0,1400-07,1400
کگهر,گهرزمین,iron_ore,1400/07/30,گزارش فعالیت ماهانه دوره ۱ ماهه منتهی به ۱۴۰۰/۰۷/۳۰,۱۴۰۰/۰۸/۰۸ ۱۴:۵۷:۰۲,811629,False,https://excel.codal.ir/service/Excel/GetAll/jny6YxhgaeQKpTNO84UyHw%3d%3d/0,export,کنسانتره سنگ آهن صادراتی,تن,0.0,0.0,0.0,0.0,1400-07,1400
کگهر,گهرزمین,iron_ore,1400/07/30,گزارش فعالیت ماهانه دوره ۱ ماهه منتهی به ۱۴۰۰/۰۷/۳۰,۱۴۰۰/۰۸/۰۸ ۱۴:۵۷:۰۲,811629,False,https://excel.codal.ir/service/Excel/GetAll/jny6YxhgaeQKpTNO84UyHw%3d%3d/0,domestic,گندله,تن,355790.0,255827.0,41339550.0,10575773.0,1400-07,1400
کگهر,گهرزمین,iron_ore,1400/08/30,گزارش فعالیت ماهانه دوره ۱ ماهه منتهی به ۱۴۰۰/۰۸/۳۰,۱۴۰۰/۰۹/۰۷ ۱۷:۴۱:۰۷,823924,False,https://excel.codal.ir/service/Excel/GetAll/QOOObOOOF9oOOObOOOF44jPuOxq48pF6Tg%3d%3d/0,domestic,سنگ آهن دانه بندی شده,تن,710477.0,256435.0,13363839.0,3426956.0,1400-08,1400
کگهر,گهرزمین,iron_ore,1400/08/30,گزارش فعالیت ماهانه دوره ۱ ماهه منتهی به ۱۴۰۰/۰۸/۳۰,۱۴۰۰/۰۹/۰۷ ۱۷:۴۱:۰۷,823924,False,https://excel.codal.ir/service/Excel/GetAll/QOOObOOOF9oOOObOOOF44jPuOxq48pF6Tg%3d%3d/0,domestic,کلوخه سنگ آهن,تن,1639552.0,766896.0,10911264.0,8367805.0,1400-08,1400
کگهر,گهرزمین,iron_ore,1400/08/30,گزارش فعالیت ماهانه دوره ۱ ماهه منتهی به ۱۴۰۰/۰۸/۳۰,۱۴۰۰/۰۹/۰۷ ۱۷:۴۱:۰۷,823924,False,https://excel.codal.ir/service/Excel/GetAll/QOOObOOOF9oOOObOOOF44jPuOxq48pF6Tg%3d%3d/0,domestic,کنسانتره سنگ آهن,تن,402083.0,210759.0,34687961.0,7310800.0,1400-08,1400
کگهر,گهرزمین,iron_ore,1400/08/30,گزارش فعالیت ماهانه دوره ۱ ماهه منتهی به ۱۴۰۰/۰۸/۳۰,۱۴۰۰/۰۹/۰۷ ۱۷:۴۱:۰۷,823924,False,https://excel.codal.ir/service/Excel/GetAll/QOOObOOOF9oOOObOOOF44jPuOxq48pF6Tg%3d%3d/0,export,کنسانتره سنگ آهن صادراتی,تن,,,0.0,0.0,1400-08,1400
کگهر,گهرزمین,iron_ore,1400/08/30,گزارش فعالیت ماهانه دوره ۱ ماهه منتهی به ۱۴۰۰/۰۸/۳۰,۱۴۰۰/۰۹/۰۷ ۱۷:۴۱:۰۷,823924,False,https://excel.codal.ir/service/Excel/GetAll/QOOObOOOF9oOOObOOOF44jPuOxq48pF6Tg%3d%3d/0,domestic,گندله,تن,173622.0,278403.0,42165278.0,11738940.0,1400-08,1400
کگهر,گهرزمین,iron_ore,1400/09/30,گزارش فعالیت ماهانه دوره ۱ ماهه منتهی به ۱۴۰۰/۰۹/۳۰(اصلاحیه),۱۴۰۰/۱۲/۲۶ ۲۳:۲۹:۱۶,864178,True,https://excel.codal.ir/service/Excel/GetAll/cGtf2yvI3OOObOOOJANsWsOm6ifQ%3d%3d/0,domestic,سنگ آهن دانه بندی شده,تن,940925.0,244449.0,11365999.0,2778407.0,1400-09,1400
کگهر,گهرزمین,iron_ore,1400/09/30,گزارش فعالیت ماهانه دوره ۱ ماهه منتهی به ۱۴۰۰/۰۹/۳۰(اصلاحیه),۱۴۰۰/۱۲/۲۶ ۲۳:۲۹:۱۶,864178,True,https://excel.codal.ir/service/Excel/GetAll/cGtf2yvI3OOObOOOJANsWsOm6ifQ%3d%3d/0,export,سود سرمایه گذاری,,,,0.0,736482.0,1400-09,1400
کگهر,گهرزمین,iron_ore,1400/09/30,گزارش فعالیت ماهانه دوره ۱ ماهه منتهی به ۱۴۰۰/۰۹/۳۰(اصلاحیه),۱۴۰۰/۱۲/۲۶ ۲۳:۲۹:۱۶,864178,True,https://excel.codal.ir/service/Excel/GetAll/cGtf2yvI3OOObOOOJANsWsOm6ifQ%3d%3d/0,domestic,کلوخه سنگ آهن,تن,1632987.0,934121.0,10323866.0,9643740.0,1400-09,1400
کگهر,گهرزمین,iron_ore,1400/09/30,گزارش فعالیت ماهانه دوره ۱ ماهه منتهی به ۱۴۰۰/۰۹/۳۰(اصلاحیه),۱۴۰۰/۱۲/۲۶ ۲۳:۲۹:۱۶,864178,True,https://excel.codal.ir/service/Excel/GetAll/cGtf2yvI3OOObOOOJANsWsOm6ifQ%3d%3d/0,domestic,کنسانتره سنگ آهن,تن,238256.0,154595.0,33382943.0,5160836.0,1400-09,1400
کگهر,گهرزمین,iron_ore,1400/09/30,گزارش فعالیت ماهانه دوره ۱ ماهه منتهی به ۱۴۰۰/۰۹/۳۰(اصلاحیه),۱۴۰۰/۱۲/۲۶ ۲۳:۲۹:۱۶,864178,True,https://excel.codal.ir/service/Excel/GetAll/cGtf2yvI3OOObOOOJANsWsOm6ifQ%3d%3d/0,export,کنسانتره سنگ آهن صادراتی,تن,0.0,0.0,0.0,0.0,1400-09,1400
کگهر,گهرزمین,iron_ore,1400/09/30,گزارش فعالیت ماهانه دوره ۱ ماهه منتهی به ۱۴۰۰/۰۹/۳۰(اصلاحیه),۱۴۰۰/۱۲/۲۶ ۲۳:۲۹:۱۶,864178,True,https://excel.codal.ir/service/Excel/GetAll/cGtf2yvI3OOObOOOJANsWsOm6ifQ%3d%3d/0,domestic,گندله,تن,283256.0,218099.0,40146461.0,8755903.0,1400-09,1400
کگهر,گهرزمین,iron_ore,1400/10/30,گزارش فعالیت ماهانه دوره ۱ ماهه منتهی به ۱۴۰۰/۱۰/۳۰,۱۴۰۰/۱۱/۰۶ ۱۷:۰۹:۳۴,848868,False,https://excel.codal.ir/service/Excel/GetAll/oAt4huIAWDSA3oVcxxHUUA%3d%3d/0,domestic,سنگ آهن دانه بندی شده,تن,823997.0,92559.0,12785888.0,1183449.0,1400-10,1400
کگهر,گهرزمین,iron_ore,1400/10/30,گزارش فعالیت ماهانه دوره ۱ ماهه منتهی به ۱۴۰۰/۱۰/۳۰,۱۴۰۰/۱۱/۰۶ ۱۷:۰۹:۳۴,848868,False,https://excel.codal.ir/service/Excel/GetAll/oAt4huIAWDSA3oVcxxHUUA%3d%3d/0,export,سود سرمایه گذاری,,,,0.0,0.0,1400-10,1400
کگهر,گهرزمین,iron_ore,1400/10/30,گزارش فعالیت ماهانه دوره ۱ ماهه منتهی به ۱۴۰۰/۱۰/۳۰,۱۴۰۰/۱۱/۰۶ ۱۷:۰۹:۳۴,848868,False,https://excel.codal.ir/service/Excel/GetAll/oAt4huIAWDSA3oVcxxHUUA%3d%3d/0,domestic,کلوخه سنگ آهن,تن,1140936.0,691942.0,11475268.0,7940220.0,1400-10,1400
کگهر,گهرزمین,iron_ore,1400/10/30,گزارش فعالیت ماهانه دوره ۱ ماهه منتهی به ۱۴۰۰/۱۰/۳۰,۱۴۰۰/۱۱/۰۶ ۱۷:۰۹:۳۴,848868,False,https://excel.codal.ir/service/Excel/GetAll/oAt4huIAWDSA3oVcxxHUUA%3d%3d/0,domestic,کنسانتره سنگ آهن,تن,507597.0,49610.0,31442108.0,1559843.0,1400-10,1400
کگهر,گهرزمین,iron_ore,1400/10/30,گزارش فعالیت ماهانه دوره ۱ ماهه منتهی به ۱۴۰۰/۱۰/۳۰,۱۴۰۰/۱۱/۰۶ ۱۷:۰۹:۳۴,848868,False,https://excel.codal.ir/service/Excel/GetAll/oAt4huIAWDSA3oVcxxHUUA%3d%3d/0,domestic,گندله,تن,324837.0,140240.0,40131931.0,5628102.0,1400-10,1400
کگهر,گهرزمین,iron_ore,1400/11/30,گزارش فعالیت ماهانه دوره ۱ ماهه منتهی به ۱۴۰۰/۱۱/۳۰(اصلاحیه),۱۴۰۰/۱۲/۰۸ ۱۶:۵۲:۵۹,858391,True,https://excel.codal.ir/service/Excel/GetAll/LytELHWFaGYEXjWPe5Q5uw%3d%3d/0,domestic,سنگ آهن دانه بندی شده,تن,800919.0,195631.0,12500166.0,2445420.0,1400-11,1400
کگهر,گهرزمین,iron_ore,1400/11/30,گزارش فعالیت ماهانه دوره ۱ ماهه منتهی به ۱۴۰۰/۱۱/۳۰(اصلاحیه),۱۴۰۰/۱۲/۰۸ ۱۶:۵۲:۵۹,858391,True,https://excel.codal.ir/service/Excel/GetAll/LytELHWFaGYEXjWPe5Q5uw%3d%3d/0,export,سود سرمایه گذاری,,,,0.0,0.0,1400-11,1400
کگهر,گهرزمین,iron_ore,1400/11/30,گزارش فعالیت ماهانه دوره ۱ ماهه منتهی به ۱۴۰۰/۱۱/۳۰(اصلاحیه),۱۴۰۰/۱۲/۰۸ ۱۶:۵۲:۵۹,858391,True,https://excel.codal.ir/service/Excel/GetAll/LytELHWFaGYEXjWPe5Q5uw%3d%3d/0,domestic,کلوخه سنگ آهن,تن,1631912.0,726634.0,12342724.0,8968643.0,1400-11,1400
کگهر,گهرزمین,iron_ore,1400/11/30,گزارش فعالیت ماهانه دوره ۱ ماهه منتهی به ۱۴۰۰/۱۱/۳۰(اصلاحیه),۱۴۰۰/۱۲/۰۸ ۱۶:۵۲:۵۹,858391,True,https://excel.codal.ir/service/Excel/GetAll/LytELHWFaGYEXjWPe5Q5uw%3d%3d/0,domestic,کنسانتره بورس کالا,تن,0.0,116202.0,31540825.0,3665107.0,1400-11,1400
کگهر,گهرزمین,iron_ore,1400/11/30,گزارش فعالیت ماهانه دوره ۱ ماهه منتهی به ۱۴۰۰/۱۱/۳۰(اصلاحیه),۱۴۰۰/۱۲/۰۸ ۱۶:۵۲:۵۹,858391,True,https://excel.codal.ir/service/Excel/GetAll/LytELHWFaGYEXjWPe5Q5uw%3d%3d/0,domestic,کنسانتره سنگ آهن,تن,462336.0,121651.0,30065458.0,3657493.0,1400-11,1400
کگهر,گهرزمین,iron_ore,1400/11/30,گزارش فعالیت ماهانه دوره ۱ ماهه منتهی به ۱۴۰۰/۱۱/۳۰(اصلاحیه),۱۴۰۰/۱۲/۰۸ ۱۶:۵۲:۵۹,858391,True,https://excel.codal.ir/service/Excel/GetAll/LytELHWFaGYEXjWPe5Q5uw%3d%3d/0,domestic,گندله,تن,318276.0,0.0,,0.0,1400-11,1400
کگهر,گهرزمین,iron_ore,1400/11/30,گزارش فعالیت ماهانه دوره ۱ ماهه منتهی به ۱۴۰۰/۱۱/۳۰(اصلاحیه),۱۴۰۰/۱۲/۰۸ ۱۶:۵۲:۵۹,858391,True,https://excel.codal.ir/service/Excel/GetAll/LytELHWFaGYEXjWPe5Q5uw%3d%3d/0,domestic,گندله بورس کالا,تن,0.0,20441.0,36114036.0,738207.0,1400-11,1400
کگهر,گهرزمین,iron_ore,1400/11/30,گزارش فعالیت ماهانه دوره ۱ ماهه منتهی به ۱۴۰۰/۱۱/۳۰(اصلاحیه),۱۴۰۰/۱۲/۰۸ ۱۶:۵۲:۵۹,858391,True,https://excel.codal.ir/service/Excel/GetAll/LytELHWFaGYEXjWPe5Q5uw%3d%3d/0,export,گندله صادراتی,تن,49772.0,49772.0,34461545.0,1715220.0,1400-11,1400
کگهر,گهرزمین,iron_ore,1400/12/29,گزارش فعالیت ماهانه دوره ۱ ماهه منتهی به  ۱۴۰۰/۱۲/۲۹(اصلاحیه),۱۴۰۱/۰۱/۳۰ ۲۲:۵۱:۴۰,872626,True,https://excel.codal.ir/service/Excel/GetAll/2hFny0muc7w2ttNkSo48cw%3d%3d/0,domestic,سنگ آهن دانه بندی شده,تن,300240.0,108311.0,12316081.0,1333967.0,1400-12,1400
کگهر,گهرزمین,iron_ore,1400/12/29,گزارش فعالیت ماهانه دوره ۱ ماهه منتهی به  ۱۴۰۰/۱۲/۲۹(اصلاحیه),۱۴۰۱/۰۱/۳۰ ۲۲:۵۱:۴۰,872626,True,https://excel.codal.ir/service/Excel/GetAll/2hFny0muc7w2ttNkSo48cw%3d%3d/0,export,سود سرمایه گذاری,,,,0.0,0.0,1400-12,1400
کگهر,گهرزمین,iron_ore,1400/12/29,گزارش فعالیت ماهانه دوره ۱ ماهه منتهی به  ۱۴۰۰/۱۲/۲۹(اصلاحیه),۱۴۰۱/۰۱/۳۰ ۲۲:۵۱:۴۰,872626,True,https://excel.codal.ir/service/Excel/GetAll/2hFny0muc7w2ttNkSo48cw%3d%3d/0,domestic,کلوخه سنگ آهن,تن,1405679.0,732703.0,12068086.0,8842323.0,1400-12,1400
کگهر,گهرزمین,iron_ore,1400/12/29,گزارش فعالیت ماهانه دوره ۱ ماهه منتهی به  ۱۴۰۰/۱۲/۲۹(اصلاحیه),۱۴۰۱/۰۱/۳۰ ۲۲:۵۱:۴۰,872626,True,https://excel.codal.ir/service/Excel/GetAll/2hFny0muc7w2ttNkSo48cw%3d%3d/0,domestic,کنسانتره بورس کالا,تن,0.0,138421.0,33095527.0,4581116.0,1400-12,1400
کگهر,گهرزمین,iron_ore,1400/12/29,گزارش فعالیت ماهانه دوره ۱ ماهه منتهی به  ۱۴۰۰/۱۲/۲۹(اصلاحیه),۱۴۰۱/۰۱/۳۰ ۲۲:۵۱:۴۰,872626,True,https://excel.codal.ir/service/Excel/GetAll/2hFny0muc7w2ttNkSo48cw%3d%3d/0,domestic,کنسانتره سنگ آهن,تن,528243.0,55376.0,27596197.0,1528167.0,1400-12,1400
کگهر,گهرزمین,iron_ore,1400/12/29,گزارش فعالیت ماهانه دوره ۱ ماهه منتهی به  ۱۴۰۰/۱۲/۲۹(اصلاحیه),۱۴۰۱/۰۱/۳۰ ۲۲:۵۱:۴۰,872626,True,https://excel.codal.ir/service/Excel/GetAll/2hFny0muc7w2ttNkSo48cw%3d%3d/0,domestic,گندله,تن,324612.0,23544.0,38226555.0,900006.0,1400-12,1400
کگهر,گهرزمین,iron_ore,1400/12/29,گزارش فعالیت ماهانه دوره ۱ ماهه منتهی به  ۱۴۰۰/۱۲/۲۹(اصلاحیه),۱۴۰۱/۰۱/۳۰ ۲۲:۵۱:۴۰,872626,True,https://excel.codal.ir/service/Excel/GetAll/2hFny0muc7w2ttNkSo48cw%3d%3d/0,domestic,گندله بورس کالا,تن,0.0,350054.0,36050938.0,12619775.0,1400-12,1400
کگهر,گهرزمین,iron_ore,1400/12/29,گزارش فعالیت ماهانه دوره ۱ ماهه منتهی به  ۱۴۰۰/۱۲/۲۹(اصلاحیه),۱۴۰۱/۰۱/۳۰ ۲۲:۵۱:۴۰,872626,True,https://excel.codal.ir/service/Excel/GetAll/2hFny0muc7w2ttNkSo48cw%3d%3d/0,export,گندله صادراتی,تن,0.0,117290.0,35054719.0,4111568.0,1400-12,1400
کگهر,گهرزمین,iron_ore,1401/01/31,گزارش فعالیت ماهانه دوره ۱ ماهه منتهی به  ۱۴۰۱/۰۱/۳۱,۱۴۰۱/۰۲/۱۰ ۱۵:۱۸:۲۸,876731,False,https://excel.codal.ir/service/Excel/GetAll/2pRKhFGrhCbRMJLIXpeUyA%3d%3d/0,domestic,سنگ آهن دانه بندی شده,تن,973239.0,41965.0,13513499.0,567094.0,1401-01,1401
کگهر,گهرزمین,iron_ore,1401/01/31,گزارش فعالیت ماهانه دوره ۱ ماهه منتهی به  ۱۴۰۱/۰۱/۳۱,۱۴۰۱/۰۲/۱۰ ۱۵:۱۸:۲۸,876731,False,https://excel.codal.ir/service/Excel/GetAll/2pRKhFGrhCbRMJLIXpeUyA%3d%3d/0,export,سود سرمایه گذاری,,0.0,0.0,0.0,0.0,1401-01,1401
کگهر,گهرزمین,iron_ore,1401/01/31,گزارش فعالیت ماهانه دوره ۱ ماهه منتهی به  ۱۴۰۱/۰۱/۳۱,۱۴۰۱/۰۲/۱۰ ۱۵:۱۸:۲۸,876731,False,https://excel.codal.ir/service/Excel/GetAll/2pRKhFGrhCbRMJLIXpeUyA%3d%3d/0,domestic,کلوخه سنگ آهن,تن,1217345.0,562534.0,12977096.0,7300058.0,1401-01,1401
کگهر,گهرزمین,iron_ore,1401/01/31,گزارش فعالیت ماهانه دوره ۱ ماهه منتهی به  ۱۴۰۱/۰۱/۳۱,۱۴۰۱/۰۲/۱۰ ۱۵:۱۸:۲۸,876731,False,https://excel.codal.ir/service/Excel/GetAll/2pRKhFGrhCbRMJLIXpeUyA%3d%3d/0,domestic,کنسانتره بورس کالا,تن,0.0,32056.0,36174195.0,1159600.0,1401-01,1401
کگهر,گهرزمین,iron_ore,1401/01/31,گزارش فعالیت ماهانه دوره ۱ ماهه منتهی به  ۱۴۰۱/۰۱/۳۱,۱۴۰۱/۰۲/۱۰ ۱۵:۱۸:۲۸,876731,False,https://excel.codal.ir/service/Excel/GetAll/2pRKhFGrhCbRMJLIXpeUyA%3d%3d/0,domestic,کنسانتره سنگ آهن,تن,560399.0,101727.0,30121856.0,3064206.0,1401-01,1401
کگهر,گهرزمین,iron_ore,1401/01/31,گزارش فعالیت ماهانه دوره ۱ ماهه منتهی به  ۱۴۰۱/۰۱/۳۱,۱۴۰۱/۰۲/۱۰ ۱۵:۱۸:۲۸,876731,False,https://excel.codal.ir/service/Excel/GetAll/2pRKhFGrhCbRMJLIXpeUyA%3d%3d/0,domestic,گندله,تن,420284.0,55285.0,41465280.0,2292408.0,1401-01,1401
کگهر,گهرزمین,iron_ore,1401/01/31,گزارش فعالیت ماهانه دوره ۱ ماهه منتهی به  ۱۴۰۱/۰۱/۳۱,۱۴۰۱/۰۲/۱۰ ۱۵:۱۸:۲۸,876731,False,https://excel.codal.ir/service/Excel/GetAll/2pRKhFGrhCbRMJLIXpeUyA%3d%3d/0,domestic,گندله بورس کالا,تن,0.0,213235.0,40075307.0,8545458.0,1401-01,1401
کگهر,گهرزمین,iron_ore,1401/01/31,گزارش فعالیت ماهانه دوره ۱ ماهه منتهی به  ۱۴۰۱/۰۱/۳۱,۱۴۰۱/۰۲/۱۰ ۱۵:۱۸:۲۸,876731,False,https://excel.codal.ir/service/Excel/GetAll/2pRKhFGrhCbRMJLIXpeUyA%3d%3d/0,export,گندله صادراتی,تن,0.0,41904.0,35668075.0,1494635.0,1401-01,1401
کگهر,گهرزمین,iron_ore,1401/02/31,گزارش فعالیت ماهانه دوره ۱ ماهه منتهی به  ۱۴۰۱/۰۲/۳۱,۱۴۰۱/۰۳/۰۷ ۱۷:۳۳:۱۶,889021,False,https://excel.codal.ir/service/Excel/GetAll/Vq96zQZsyJ3M6AV00TnNhA%3d%3d/0,domestic,سنگ آهن دانه بندی شده,تن,953316.0,45054.0,13506992.0,608544.0,1401-02,1401
کگهر,گهرزمین,iron_ore,1401/02/31,گزارش فعالیت ماهانه دوره ۱ ماهه منتهی به  ۱۴۰۱/۰۲/۳۱,۱۴۰۱/۰۳/۰۷ ۱۷:۳۳:۱۶,889021,False,https://excel.codal.ir/service/Excel/GetAll/Vq96zQZsyJ3M6AV00TnNhA%3d%3d/0,export,سود سرمایه گذاری,,0.0,0.0,0.0,0.0,1401-02,1401
کگهر,گهرزمین,iron_ore,1401/02/31,گزارش فعالیت ماهانه دوره ۱ ماهه منتهی به  ۱۴۰۱/۰۲/۳۱,۱۴۰۱/۰۳/۰۷ ۱۷:۳۳:۱۶,889021,False,https://excel.codal.ir/service/Excel/GetAll/Vq96zQZsyJ3M6AV00TnNhA%3d%3d/0,domestic,کلوخه سنگ آهن,تن,1456971.0,747215.0,12066871.0,9016547.0,1401-02,1401
کگهر,گهرزمین,iron_ore,1401/02/31,گزارش فعالیت ماهانه دوره ۱ ماهه منتهی به  ۱۴۰۱/۰۲/۳۱,۱۴۰۱/۰۳/۰۷ ۱۷:۳۳:۱۶,889021,False,https://excel.codal.ir/service/Excel/GetAll/Vq96zQZsyJ3M6AV00TnNhA%3d%3d/0,domestic,کنسانتره بورس کالا,تن,0.0,0.0,,0.0,1401-02,1401
کگهر,گهرزمین,iron_ore,1401/02/31,گزارش فعالیت ماهانه دوره ۱ ماهه منتهی به  ۱۴۰۱/۰۲/۳۱,۱۴۰۱/۰۳/۰۷ ۱۷:۳۳:۱۶,889021,False,https://excel.codal.ir/service/Excel/GetAll/Vq96zQZsyJ3M6AV00TnNhA%3d%3d/0,domestic,کنسانتره سنگ آهن,تن,606877.0,103315.0,30361932.0,3136843.0,1401-02,1401
کگهر,گهرزمین,iron_ore,1401/02/31,گزارش فعالیت ماهانه دوره ۱ ماهه منتهی به  ۱۴۰۱/۰۲/۳۱,۱۴۰۱/۰۳/۰۷ ۱۷:۳۳:۱۶,889021,False,https://excel.codal.ir/service/Excel/GetAll/Vq96zQZsyJ3M6AV00TnNhA%3d%3d/0,domestic,گندله,تن,454631.0,78353.0,40470397.0,3170977.0,1401-02,1401
کگهر,گهرزمین,iron_ore,1401/02/31,گزارش فعالیت ماهانه دوره ۱ ماهه منتهی به  ۱۴۰۱/۰۲/۳۱,۱۴۰۱/۰۳/۰۷ ۱۷:۳۳:۱۶,889021,False,https://excel.codal.ir/service/Excel/GetAll/Vq96zQZsyJ3M6AV00TnNhA%3d%3d/0,domestic,گندله بورس کالا,تن,0.0,16234.0,36114759.0,586287.0,1401-02,1401
کگهر,گهرزمین,iron_ore,1401/02/31,گزارش فعالیت ماهانه دوره ۱ ماهه منتهی به  ۱۴۰۱/۰۲/۳۱,۱۴۰۱/۰۳/۰۷ ۱۷:۳۳:۱۶,889021,False,https://excel.codal.ir/service/Excel/GetAll/Vq96zQZsyJ3M6AV00TnNhA%3d%3d/0,export,گندله صادراتی,تن,0.0,54450.0,36566758.0,1991060.0,1401-02,1401
کگهر,گهرزمین,iron_ore,1401/03/31,گزارش فعالیت ماهانه دوره ۱ ماهه منتهی به  ۱۴۰۱/۰۳/۳۱(اصلاحیه),۱۴۰۱/۰۶/۱۲ ۱۷:۴۳:۴۸,934865,True,https://excel.codal.ir/service/Excel/GetAll/Y77njKX2vLdl7QQQaQQQQVe682Ag%3d%3d/0,domestic,سنگ آهن دانه بندی شده,تن,900455.0,186763.0,14073103.0,2628335.0,1401-03,1401
کگهر,گهرزمین,iron_ore,1401/03/31,گزارش فعالیت ماهانه دوره ۱ ماهه منتهی به  ۱۴۰۱/۰۳/۳۱(اصلاحیه),۱۴۰۱/۰۶/۱۲ ۱۷:۴۳:۴۸,934865,True,https://excel.codal.ir/service/Excel/GetAll/Y77njKX2vLdl7QQQaQQQQVe682Ag%3d%3d/0,export,سود سرمایه گذاری,,0.0,0.0,0.0,436873.0,1401-03,1401
کگهر,گهرزمین,iron_ore,1401/03/31,گزارش فعالیت ماهانه دوره ۱ ماهه منتهی به  ۱۴۰۱/۰۳/۳۱(اصلاحیه),۱۴۰۱/۰۶/۱۲ ۱۷:۴۳:۴۸,934865,True,https://excel.codal.ir/service/Excel/GetAll/Y77njKX2vLdl7QQQaQQQQVe682Ag%3d%3d/0,domestic,کلوخه سنگ آهن,تن,1334448.0,884442.0,12389468.0,10957766.0,1401-03,1401
کگهر,گهرزمین,iron_ore,1401/03/31,گزارش فعالیت ماهانه دوره ۱ ماهه منتهی به  ۱۴۰۱/۰۳/۳۱(اصلاحیه),۱۴۰۱/۰۶/۱۲ ۱۷:۴۳:۴۸,934865,True,https://excel.codal.ir/service/Excel/GetAll/Y77njKX2vLdl7QQQaQQQQVe682Ag%3d%3d/0,domestic,کنسانتره بورس کالا,تن,0.0,84233.0,33133807.0,2790960.0,1401-03,1401
کگهر,گهرزمین,iron_ore,1401/03/31,گزارش فعالیت ماهانه دوره ۱ ماهه منتهی به  ۱۴۰۱/۰۳/۳۱(اصلاحیه),۱۴۰۱/۰۶/۱۲ ۱۷:۴۳:۴۸,934865,True,https://excel.codal.ir/service/Excel/GetAll/Y77njKX2vLdl7QQQaQQQQVe682Ag%3d%3d/0,domestic,کنسانتره سنگ آهن,تن,436823.0,65489.0,29822917.0,1953073.0,1401-03,1401
کگهر,گهرزمین,iron_ore,1401/03/31,گزارش فعالیت ماهانه دوره ۱ ماهه منتهی به  ۱۴۰۱/۰۳/۳۱(اصلاحیه),۱۴۰۱/۰۶/۱۲ ۱۷:۴۳:۴۸,934865,True,https://excel.codal.ir/service/Excel/GetAll/Y77njKX2vLdl7QQQaQQQQVe682Ag%3d%3d/0,domestic,گندله,تن,229135.0,11562.0,42614773.0,492712.0,1401-03,1401
کگهر,گهرزمین,iron_ore,1401/03/31,گزارش فعالیت ماهانه دوره ۱ ماهه منتهی به  ۱۴۰۱/۰۳/۳۱(اصلاحیه),۱۴۰۱/۰۶/۱۲ ۱۷:۴۳:۴۸,934865,True,https://excel.codal.ir/service/Excel/GetAll/Y77njKX2vLdl7QQQaQQQQVe682Ag%3d%3d/0,domestic,گندله بورس کالا,تن,0.0,54966.0,35950806.0,1976072.0,1401-03,1401
کگهر,گهرزمین,iron_ore,1401/03/31,گزارش فعالیت ماهانه دوره ۱ ماهه منتهی به  ۱۴۰۱/۰۳/۳۱(اصلاحیه),۱۴۰۱/۰۶/۱۲ ۱۷:۴۳:۴۸,934865,True,https://excel.codal.ir/service/Excel/GetAll/Y77njKX2vLdl7QQQaQQQQVe682Ag%3d%3d/0,export,گندله صادراتی,تن,0.0,0.0,0.0,0.0,1401-03,1401
کگهر,گهرزمین,iron_ore,1401/04/31,گزارش فعالیت ماهانه دوره ۱ ماهه منتهی به  ۱۴۰۱/۰۴/۳۱(اصلاحیه),۱۴۰۱/۰۷/۱۰ ۱۷:۱۳:۰۰,943193,True,https://excel.codal.ir/service/Excel/GetAll/W6fZHurEoQQQaQQQmRXOOObOOOsJhNl8bg%3d%3d/0,domestic,سنگ آهن دانه بندی شده,تن,840421.0,99281.0,14171856.0,1406996.0,1401-04,1401
کگهر,گهرزمین,iron_ore,1401/04/31,گزارش فعالیت ماهانه دوره ۱ ماهه منتهی به  ۱۴۰۱/۰۴/۳۱(اصلاحیه),۱۴۰۱/۰۷/۱۰ ۱۷:۱۳:۰۰,943193,True,https://excel.codal.ir/service/Excel/GetAll/W6fZHurEoQQQaQQQmRXOOObOOOsJhNl8bg%3d%3d/0,export,سود سرمایه گذاری,,,,0.0,0.0,1401-04,1401
کگهر,گهرزمین,iron_ore,1401/04/31,گزارش فعالیت ماهانه دوره ۱ ماهه منتهی به  ۱۴۰۱/۰۴/۳۱(اصلاحیه),۱۴۰۱/۰۷/۱۰ ۱۷:۱۳:۰۰,943193,True,https://excel.codal.ir/service/Excel/GetAll/W6fZHurEoQQQaQQQmRXOOObOOOsJhNl8bg%3d%3d/0,domestic,کلوخه سنگ آهن,تن,1145867.0,361728.0,11201773.0,4051995.0,1401-04,1401
کگهر,گهرزمین,iron_ore,1401/04/31,گزارش فعالیت ماهانه دوره ۱ ماهه منتهی به  ۱۴۰۱/۰۴/۳۱(اصلاحیه),۱۴۰۱/۰۷/۱۰ ۱۷:۱۳:۰۰,943193,True,https://excel.codal.ir/service/Excel/GetAll/W6fZHurEoQQQaQQQmRXOOObOOOsJhNl8bg%3d%3d/0,domestic,کنسانتره بورس کالا,تن,0.0,109660.0,28394374.0,3113727.0,1401-04,1401
کگهر,گهرزمین,iron_ore,1401/04/31,گزارش فعالیت ماهانه دوره ۱ ماهه منتهی به  ۱۴۰۱/۰۴/۳۱(اصلاحیه),۱۴۰۱/۰۷/۱۰ ۱۷:۱۳:۰۰,943193,True,https://excel.codal.ir/service/Excel/GetAll/W6fZHurEoQQQaQQQmRXOOObOOOsJhNl8bg%3d%3d/0,domestic,کنسانتره سنگ آهن,تن,452349.0,55812.0,33230524.0,1854662.0,1401-04,1401
کگهر,گهرزمین,iron_ore,1401/04/31,گزارش فعالیت ماهانه دوره ۱ ماهه منتهی به  ۱۴۰۱/۰۴/۳۱(اصلاحیه),۱۴۰۱/۰۷/۱۰ ۱۷:۱۳:۰۰,943193,True,https://excel.codal.ir/service/Excel/GetAll/W6fZHurEoQQQaQQQmRXOOObOOOsJhNl8bg%3d%3d/0,domestic,گندله,تن,0.0,123080.0,42724244.0,5258500.0,1401-04,1401
کگهر,گهرزمین,iron_ore,1401/04/31,گزارش فعالیت ماهانه دوره ۱ ماهه منتهی به  ۱۴۰۱/۰۴/۳۱(اصلاحیه),۱۴۰۱/۰۷/۱۰ ۱۷:۱۳:۰۰,943193,True,https://excel.codal.ir/service/Excel/GetAll/W6fZHurEoQQQaQQQmRXOOObOOOsJhNl8bg%3d%3d/0,domestic,گندله بورس کالا,تن,0.0,169765.0,32481648.0,5514247.0,1401-04,1401
کگهر,گهرزمین,iron_ore,1401/04/31,گزارش فعالیت ماهانه دوره ۱ ماهه منتهی به  ۱۴۰۱/۰۴/۳۱(اصلاحیه),۱۴۰۱/۰۷/۱۰ ۱۷:۱۳:۰۰,943193,True,https://excel.codal.ir/service/Excel/GetAll/W6fZHurEoQQQaQQQmRXOOObOOOsJhNl8bg%3d%3d/0,export,گندله صادراتی,تن,0.0,0.0,0.0,0.0,1401-04,1401
کگهر,گهرزمین,iron_ore,1401/05/31,گزارش فعالیت ماهانه دوره ۱ ماهه منتهی به  ۱۴۰۱/۰۵/۳۱(اصلاحیه),۱۴۰۱/۰۷/۱۰ ۱۷:۱۳:۴۰,943192,True,https://excel.codal.ir/service/Excel/GetAll/rl8XhRcBKUUBy5KbsDEQQQaQQQ9A%3d%3d/0,domestic,سنگ آهن دانه بندی شده,تن,744305.0,4358.0,12812529.0,55837.0,1401-05,1401
کگهر,گهرزمین,iron_ore,1401/05/31,گزارش فعالیت ماهانه دوره ۱ ماهه منتهی به  ۱۴۰۱/۰۵/۳۱(اصلاحیه),۱۴۰۱/۰۷/۱۰ ۱۷:۱۳:۴۰,943192,True,https://excel.codal.ir/service/Excel/GetAll/rl8XhRcBKUUBy5KbsDEQQQaQQQ9A%3d%3d/0,export,سود سرمایه گذاری,,,,0.0,0.0,1401-05,1401
کگهر,گهرزمین,iron_ore,1401/05/31,گزارش فعالیت ماهانه دوره ۱ ماهه منتهی به  ۱۴۰۱/۰۵/۳۱(اصلاحیه),۱۴۰۱/۰۷/۱۰ ۱۷:۱۳:۴۰,943192,True,https://excel.codal.ir/service/Excel/GetAll/rl8XhRcBKUUBy5KbsDEQQQaQQQ9A%3d%3d/0,domestic,کلوخه سنگ آهن,تن,925527.0,0.0,,0.0,1401-05,1401
کگهر,گهرزمین,iron_ore,1401/05/31,گزارش فعالیت ماهانه دوره ۱ ماهه منتهی به  ۱۴۰۱/۰۵/۳۱(اصلاحیه),۱۴۰۱/۰۷/۱۰ ۱۷:۱۳:۴۰,943192,True,https://excel.codal.ir/service/Excel/GetAll/rl8XhRcBKUUBy5KbsDEQQQaQQQ9A%3d%3d/0,domestic,کنسانتره بورس کالا,تن,0.0,133757.0,27228975.0,3642066.0,1401-05,1401
کگهر,گهرزمین,iron_ore,1401/05/31,گزارش فعالیت ماهانه دوره ۱ ماهه منتهی به  ۱۴۰۱/۰۵/۳۱(اصلاحیه),۱۴۰۱/۰۷/۱۰ ۱۷:۱۳:۴۰,943192,True,https://excel.codal.ir/service/Excel/GetAll/rl8XhRcBKUUBy5KbsDEQQQaQQQ9A%3d%3d/0,domestic,کنسانتره سنگ آهن,تن,575919.0,30674.0,29388309.0,901457.0,1401-05,1401
کگهر,گهرزمین,iron_ore,1401/05/31,گزارش فعالیت ماهانه دوره ۱ ماهه منتهی به  ۱۴۰۱/۰۵/۳۱(اصلاحیه),۱۴۰۱/۰۷/۱۰ ۱۷:۱۳:۴۰,943192,True,https://excel.codal.ir/service/Excel/GetAll/rl8XhRcBKUUBy5KbsDEQQQaQQQ9A%3d%3d/0,export,کنسانتره سنگ آهن صادراتی,تن,,,0.0,0.0,1401-05,1401
کگهر,گهرزمین,iron_ore,1401/05/31,گزارش فعالیت ماهانه دوره ۱ ماهه منتهی به  ۱۴۰۱/۰۵/۳۱(اصلاحیه),۱۴۰۱/۰۷/۱۰ ۱۷:۱۳:۴۰,943192,True,https://excel.codal.ir/service/Excel/GetAll/rl8XhRcBKUUBy5KbsDEQQQaQQQ9A%3d%3d/0,domestic,گندله,تن,0.0,131823.0,38590853.0,5087162.0,1401-05,1401
کگهر,گهرزمین,iron_ore,1401/05/31,گزارش فعالیت ماهانه دوره ۱ ماهه منتهی به  ۱۴۰۱/۰۵/۳۱(اصلاحیه),۱۴۰۱/۰۷/۱۰ ۱۷:۱۳:۴۰,943192,True,https://excel.codal.ir/service/Excel/GetAll/rl8XhRcBKUUBy5KbsDEQQQaQQQ9A%3d%3d/0,domestic,گندله بورس کالا,تن,0.0,311797.0,28973236.0,9033768.0,1401-05,1401
کگهر,گهرزمین,iron_ore,1401/05/31,گزارش فعالیت ماهانه دوره ۱ ماهه منتهی به  ۱۴۰۱/۰۵/۳۱(اصلاحیه),۱۴۰۱/۰۷/۱۰ ۱۷:۱۳:۴۰,943192,True,https://excel.codal.ir/service/Excel/GetAll/rl8XhRcBKUUBy5KbsDEQQQaQQQ9A%3d%3d/0,export,گندله صادراتی,تن,0.0,0.0,0.0,0.0,1401-05,1401
کگهر,گهرزمین,iron_ore,1401/06/31,گزارش فعالیت ماهانه دوره ۱ ماهه منتهی به  ۱۴۰۱/۰۶/۳۱(اصلاحیه),۱۴۰۱/۰۷/۲۹ ۲۲:۵۴:۴۲,948295,True,https://excel.codal.ir/service/Excel/GetAll/OWBKYQlkLkMAjlSfia3Llg%3d%3d/0,domestic,سنگ آهن دانه بندی شده,تن,740651.0,0.0,,0.0,1401-06,1401
کگهر,گهرزمین,iron_ore,1401/06/31,گزارش فعالیت ماهانه دوره ۱ ماهه منتهی به  ۱۴۰۱/۰۶/۳۱(اصلاحیه),۱۴۰۱/۰۷/۲۹ ۲۲:۵۴:۴۲,948295,True,https://excel.codal.ir/service/Excel/GetAll/OWBKYQlkLkMAjlSfia3Llg%3d%3d/0,export,سود سرمایه گذاری,,,,0.0,23662.0,1401-06,1401
کگهر,گهرزمین,iron_ore,1401/06/31,گزارش فعالیت ماهانه دوره ۱ ماهه منتهی به  ۱۴۰۱/۰۶/۳۱(اصلاحیه),۱۴۰۱/۰۷/۲۹ ۲۲:۵۴:۴۲,948295,True,https://excel.codal.ir/service/Excel/GetAll/OWBKYQlkLkMAjlSfia3Llg%3d%3d/0,domestic,کلوخه سنگ آهن,تن,750863.0,0.0,,0.0,1401-06,1401
کگهر,گهرزمین,iron_ore,1401/06/31,گزارش فعالیت ماهانه دوره ۱ ماهه منتهی به  ۱۴۰۱/۰۶/۳۱(اصلاحیه),۱۴۰۱/۰۷/۲۹ ۲۲:۵۴:۴۲,948295,True,https://excel.codal.ir/service/Excel/GetAll/OWBKYQlkLkMAjlSfia3Llg%3d%3d/0,domestic,کنسانتره بورس کالا,تن,0.0,436042.0,25167585.0,10974124.0,1401-06,1401
کگهر,گهرزمین,iron_ore,1401/06/31,گزارش فعالیت ماهانه دوره ۱ ماهه منتهی به  ۱۴۰۱/۰۶/۳۱(اصلاحیه),۱۴۰۱/۰۷/۲۹ ۲۲:۵۴:۴۲,948295,True,https://excel.codal.ir/service/Excel/GetAll/OWBKYQlkLkMAjlSfia3Llg%3d%3d/0,domestic,کنسانتره سنگ آهن,تن,513883.0,16433.0,26278099.0,431828.0,1401-06,1401
کگهر,گهرزمین,iron_ore,1401/06/31,گزارش فعالیت ماهانه دوره ۱ ماهه منتهی به  ۱۴۰۱/۰۶/۳۱(اصلاحیه),۱۴۰۱/۰۷/۲۹ ۲۲:۵۴:۴۲,948295,True,https://excel.codal.ir/service/Excel/GetAll/OWBKYQlkLkMAjlSfia3Llg%3d%3d/0,export,کنسانتره سنگ آهن صادراتی,تن,,,0.0,0.0,1401-06,1401
کگهر,گهرزمین,iron_ore,1401/06/31,گزارش فعالیت ماهانه دوره ۱ ماهه منتهی به  ۱۴۰۱/۰۶/۳۱(اصلاحیه),۱۴۰۱/۰۷/۲۹ ۲۲:۵۴:۴۲,948295,True,https://excel.codal.ir/service/Excel/GetAll/OWBKYQlkLkMAjlSfia3Llg%3d%3d/0,domestic,گندله,تن,198757.0,81176.0,36214854.0,2939777.0,1401-06,1401
کگهر,گهرزمین,iron_ore,1401/06/31,گزارش فعالیت ماهانه دوره ۱ ماهه منتهی به  ۱۴۰۱/۰۶/۳۱(اصلاحیه),۱۴۰۱/۰۷/۲۹ ۲۲:۵۴:۴۲,948295,True,https://excel.codal.ir/service/Excel/GetAll/OWBKYQlkLkMAjlSfia3Llg%3d%3d/0,domestic,گندله بورس کالا,تن,0.0,916059.0,33692930.0,30864712.0,1401-06,1401
کگهر,گهرزمین,iron_ore,1401/06/31,گزارش فعالیت ماهانه دوره ۱ ماهه منتهی به  ۱۴۰۱/۰۶/۳۱(اصلاحیه),۱۴۰۱/۰۷/۲۹ ۲۲:۵۴:۴۲,948295,True,https://excel.codal.ir/service/Excel/GetAll/OWBKYQlkLkMAjlSfia3Llg%3d%3d/0,export,گندله صادراتی,تن,0.0,151965.0,21914572.0,3330248.0,1401-06,1401
کگهر,گهرزمین,iron_ore,1401/07/30,گزارش فعالیت ماهانه دوره ۱ ماهه منتهی به  ۱۴۰۱/۰۷/۳۰,۱۴۰۱/۰۸/۰۷ ۱۹:۰۹:۳۸,950992,False,https://excel.codal.ir/service/Excel/GetAll/xnN4pCENhqHsZ0qHs4bJQQQaQQQg%3d%3d/0,domestic,سنگ آهن دانه بندی شده,تن,770750.0,0.0,,0.0,1401-07,1401
کگهر,گهرزمین,iron_ore,1401/07/30,گزارش فعالیت ماهانه دوره ۱ ماهه منتهی به  ۱۴۰۱/۰۷/۳۰,۱۴۰۱/۰۸/۰۷ ۱۹:۰۹:۳۸,950992,False,https://excel.codal.ir/service/Excel/GetAll/xnN4pCENhqHsZ0qHs4bJQQQaQQQg%3d%3d/0,export,سود سرمایه گذاری,,,,0.0,0.0,1401-07,1401
کگهر,گهرزمین,iron_ore,1401/07/30,گزارش فعالیت ماهانه دوره ۱ ماهه منتهی به  ۱۴۰۱/۰۷/۳۰,۱۴۰۱/۰۸/۰۷ ۱۹:۰۹:۳۸,950992,False,https://excel.codal.ir/service/Excel/GetAll/xnN4pCENhqHsZ0qHs4bJQQQaQQQg%3d%3d/0,domestic,کلوخه سنگ آهن,تن,946594.0,0.0,,0.0,1401-07,1401
کگهر,گهرزمین,iron_ore,1401/07/30,گزارش فعالیت ماهانه دوره ۱ ماهه منتهی به  ۱۴۰۱/۰۷/۳۰,۱۴۰۱/۰۸/۰۷ ۱۹:۰۹:۳۸,950992,False,https://excel.codal.ir/service/Excel/GetAll/xnN4pCENhqHsZ0qHs4bJQQQaQQQg%3d%3d/0,domestic,کنسانتره بورس کالا,تن,0.0,49555.0,23359701.0,1157590.0,1401-07,1401
کگهر,گهرزمین,iron_ore,1401/07/30,گزارش فعالیت ماهانه دوره ۱ ماهه منتهی به  ۱۴۰۱/۰۷/۳۰,۱۴۰۱/۰۸/۰۷ ۱۹:۰۹:۳۸,950992,False,https://excel.codal.ir/service/Excel/GetAll/xnN4pCENhqHsZ0qHs4bJQQQaQQQg%3d%3d/0,domestic,کنسانتره سنگ آهن,تن,594347.0,27299.0,26581157.0,725639.0,1401-07,1401
کگهر,گهرزمین,iron_ore,1401/07/30,گزارش فعالیت ماهانه دوره ۱ ماهه منتهی به  ۱۴۰۱/۰۷/۳۰,۱۴۰۱/۰۸/۰۷ ۱۹:۰۹:۳۸,950992,False,https://excel.codal.ir/service/Excel/GetAll/xnN4pCENhqHsZ0qHs4bJQQQaQQQg%3d%3d/0,export,کنسانتره سنگ آهن صادراتی,تن,,,0.0,0.0,1401-07,1401
کگهر,گهرزمین,iron_ore,1401/07/30,گزارش فعالیت ماهانه دوره ۱ ماهه منتهی به  ۱۴۰۱/۰۷/۳۰,۱۴۰۱/۰۸/۰۷ ۱۹:۰۹:۳۸,950992,False,https://excel.codal.ir/service/Excel/GetAll/xnN4pCENhqHsZ0qHs4bJQQQaQQQg%3d%3d/0,domestic,گندله,تن,440777.0,0.0,,0.0,1401-07,1401
کگهر,گهرزمین,iron_ore,1401/07/30,گزارش فعالیت ماهانه دوره ۱ ماهه منتهی به  ۱۴۰۱/۰۷/۳۰,۱۴۰۱/۰۸/۰۷ ۱۹:۰۹:۳۸,950992,False,https://excel.codal.ir/service/Excel/GetAll/xnN4pCENhqHsZ0qHs4bJQQQaQQQg%3d%3d/0,domestic,گندله بورس کالا,تن,0.0,60000.0,27628333.0,1657700.0,1401-07,1401
کگهر,گهرزمین,iron_ore,1401/07/30,گزارش فعالیت ماهانه دوره ۱ ماهه منتهی به  ۱۴۰۱/۰۷/۳۰,۱۴۰۱/۰۸/۰۷ ۱۹:۰۹:۳۸,950992,False,https://excel.codal.ir/service/Excel/GetAll/xnN4pCENhqHsZ0qHs4bJQQQaQQQg%3d%3d/0,export,گندله صادراتی,تن,0.0,0.0,0.0,0.0,1401-07,1401
کگهر,گهرزمین,iron_ore,1401/08/30,گزارش فعالیت ماهانه دوره ۱ ماهه منتهی به  ۱۴۰۱/۰۸/۳۰(اصلاحیه),۱۴۰۱/۰۹/۰۸ ۱۵:۱۱:۱۳,965424,True,https://excel.codal.ir/service/Excel/GetAll/clu9YX7QQQaQQQxY94wJzMB9LKSA%3d%3d/0,domestic,سنگ آهن دانه بندی شده,تن,859814.0,0.0,,0.0,1401-08,1401
کگهر,گهرزمین,iron_ore,1401/08/30,گزارش فعالیت ماهانه دوره ۱ ماهه منتهی به  ۱۴۰۱/۰۸/۳۰(اصلاحیه),۱۴۰۱/۰۹/۰۸ ۱۵:۱۱:۱۳,965424,True,https://excel.codal.ir/service/Excel/GetAll/clu9YX7QQQaQQQxY94wJzMB9LKSA%3d%3d/0,export,سود سرمایه گذاری,,0.0,,0.0,0.0,1401-08,1401
کگهر,گهرزمین,iron_ore,1401/08/30,گزارش فعالیت ماهانه دوره ۱ ماهه منتهی به  ۱۴۰۱/۰۸/۳۰(اصلاحیه),۱۴۰۱/۰۹/۰۸ ۱۵:۱۱:۱۳,965424,True,https://excel.codal.ir/service/Excel/GetAll/clu9YX7QQQaQQQxY94wJzMB9LKSA%3d%3d/0,domestic,کلوخه سنگ آهن,تن,860128.0,0.0,,0.0,1401-08,1401
کگهر,گهرزمین,iron_ore,1401/08/30,گزارش فعالیت ماهانه دوره ۱ ماهه منتهی به  ۱۴۰۱/۰۸/۳۰(اصلاحیه),۱۴۰۱/۰۹/۰۸ ۱۵:۱۱:۱۳,965424,True,https://excel.codal.ir/service/Excel/GetAll/clu9YX7QQQaQQQxY94wJzMB9LKSA%3d%3d/0,domestic,کنسانتره بورس کالا,تن,0.0,123962.0,22253626.0,2758604.0,1401-08,1401
کگهر,گهرزمین,iron_ore,1401/08/30,گزارش فعالیت ماهانه دوره ۱ ماهه منتهی به  ۱۴۰۱/۰۸/۳۰(اصلاحیه),۱۴۰۱/۰۹/۰۸ ۱۵:۱۱:۱۳,965424,True,https://excel.codal.ir/service/Excel/GetAll/clu9YX7QQQaQQQxY94wJzMB9LKSA%3d%3d/0,domestic,کنسانتره سنگ آهن,تن,592381.0,64076.0,28162807.0,1804560.0,1401-08,1401
کگهر,گهرزمین,iron_ore,1401/08/30,گزارش فعالیت ماهانه دوره ۱ ماهه منتهی به  ۱۴۰۱/۰۸/۳۰(اصلاحیه),۱۴۰۱/۰۹/۰۸ ۱۵:۱۱:۱۳,965424,True,https://excel.codal.ir/service/Excel/GetAll/clu9YX7QQQaQQQxY94wJzMB9LKSA%3d%3d/0,export,کنسانتره سنگ آهن صادراتی,تن,0.0,,0.0,0.0,1401-08,1401
کگهر,گهرزمین,iron_ore,1401/08/30,گزارش فعالیت ماهانه دوره ۱ ماهه منتهی به  ۱۴۰۱/۰۸/۳۰(اصلاحیه),۱۴۰۱/۰۹/۰۸ ۱۵:۱۱:۱۳,965424,True,https://excel.codal.ir/service/Excel/GetAll/clu9YX7QQQaQQQxY94wJzMB9LKSA%3d%3d/0,domestic,گندله,تن,410652.0,0.0,,0.0,1401-08,1401
کگهر,گهرزمین,iron_ore,1401/08/30,گزارش فعالیت ماهانه دوره ۱ ماهه منتهی به  ۱۴۰۱/۰۸/۳۰(اصلاحیه),۱۴۰۱/۰۹/۰۸ ۱۵:۱۱:۱۳,965424,True,https://excel.codal.ir/service/Excel/GetAll/clu9YX7QQQaQQQxY94wJzMB9LKSA%3d%3d/0,domestic,گندله بورس کالا,تن,0.0,560000.0,28588911.0,16009790.0,1401-08,1401
کگهر,گهرزمین,iron_ore,1401/08/30,گزارش فعالیت ماهانه دوره ۱ ماهه منتهی به  ۱۴۰۱/۰۸/۳۰(اصلاحیه),۱۴۰۱/۰۹/۰۸ ۱۵:۱۱:۱۳,965424,True,https://excel.codal.ir/service/Excel/GetAll/clu9YX7QQQaQQQxY94wJzMB9LKSA%3d%3d/0,export,گندله صادراتی,تن,0.0,219377.0,20816252.0,4566607.0,1401-08,1401
کگهر,گهرزمین,iron_ore,1401/09/30,گزارش فعالیت ماهانه دوره ۱ ماهه منتهی به  ۱۴۰۱/۰۹/۳۰(اصلاحیه),۱۴۰۲/۰۱/۱۷ ۲۲:۰۵:۵۸,1010775,True,https://excel.codal.ir/service/Excel/GetAll/7IEOBrmOOObOOOK4waua0kzD3prw%3d%3d/0,domestic,سنگ آهن دانه بندی شده,تن,956660.0,0.0,,0.0,1401-09,1401
کگهر,گهرزمین,iron_ore,1401/09/30,گزارش فعالیت ماهانه دوره ۱ ماهه منتهی به  ۱۴۰۱/۰۹/۳۰(اصلاحیه),۱۴۰۲/۰۱/۱۷ ۲۲:۰۵:۵۸,1010775,True,https://excel.codal.ir/service/Excel/GetAll/7IEOBrmOOObOOOK4waua0kzD3prw%3d%3d/0,export,سود سرمایه گذاری,,,,0.0,0.0,1401-09,1401
کگهر,گهرزمین,iron_ore,1401/09/30,گزارش فعالیت ماهانه دوره ۱ ماهه منتهی به  ۱۴۰۱/۰۹/۳۰(اصلاحیه),۱۴۰۲/۰۱/۱۷ ۲۲:۰۵:۵۸,1010775,True,https://excel.codal.ir/service/Excel/GetAll/7IEOBrmOOObOOOK4waua0kzD3prw%3d%3d/0,domestic,کلوخه سنگ آهن,تن,843841.0,17145.0,11386935.0,195229.0,1401-09,1401
کگهر,گهرزمین,iron_ore,1401/09/30,گزارش فعالیت ماهانه دوره ۱ ماهه منتهی به  ۱۴۰۱/۰۹/۳۰(اصلاحیه),۱۴۰۲/۰۱/۱۷ ۲۲:۰۵:۵۸,1010775,True,https://excel.codal.ir/service/Excel/GetAll/7IEOBrmOOObOOOK4waua0kzD3prw%3d%3d/0,domestic,کنسانتره بورس کالا,تن,0.0,496465.0,29901586.0,14845091.0,1401-09,1401
کگهر,گهرزمین,iron_ore,1401/09/30,گزارش فعالیت ماهانه دوره ۱ ماهه منتهی به  ۱۴۰۱/۰۹/۳۰(اصلاحیه),۱۴۰۲/۰۱/۱۷ ۲۲:۰۵:۵۸,1010775,True,https://excel.codal.ir/service/Excel/GetAll/7IEOBrmOOObOOOK4waua0kzD3prw%3d%3d/0,domestic,کنسانتره سنگ آهن,تن,581655.0,48427.0,27852768.0,1348826.0,1401-09,1401
کگهر,گهرزمین,iron_ore,1401/09/30,گزارش فعالیت ماهانه دوره ۱ ماهه منتهی به  ۱۴۰۱/۰۹/۳۰(اصلاحیه),۱۴۰۲/۰۱/۱۷ ۲۲:۰۵:۵۸,1010775,True,https://excel.codal.ir/service/Excel/GetAll/7IEOBrmOOObOOOK4waua0kzD3prw%3d%3d/0,export,کنسانتره سنگ آهن صادراتی,تن,0.0,,0.0,0.0,1401-09,1401
کگهر,گهرزمین,iron_ore,1401/09/30,گزارش فعالیت ماهانه دوره ۱ ماهه منتهی به  ۱۴۰۱/۰۹/۳۰(اصلاحیه),۱۴۰۲/۰۱/۱۷ ۲۲:۰۵:۵۸,1010775,True,https://excel.codal.ir/service/Excel/GetAll/7IEOBrmOOObOOOK4waua0kzD3prw%3d%3d/0,domestic,گندله,تن,433708.0,0.0,,0.0,1401-09,1401
کگهر,گهرزمین,iron_ore,1401/09/30,گزارش فعالیت ماهانه دوره ۱ ماهه منتهی به  ۱۴۰۱/۰۹/۳۰(اصلاحیه),۱۴۰۲/۰۱/۱۷ ۲۲:۰۵:۵۸,1010775,True,https://excel.codal.ir/service/Excel/GetAll/7IEOBrmOOObOOOK4waua0kzD3prw%3d%3d/0,domestic,گندله بورس کالا,تن,0.0,568905.0,30433187.0,17313592.0,1401-09,1401
کگهر,گهرزمین,iron_ore,1401/09/30,گزارش فعالیت ماهانه دوره ۱ ماهه منتهی به  ۱۴۰۱/۰۹/۳۰(اصلاحیه),۱۴۰۲/۰۱/۱۷ ۲۲:۰۵:۵۸,1010775,True,https://excel.codal.ir/service/Excel/GetAll/7IEOBrmOOObOOOK4waua0kzD3prw%3d%3d/0,export,گندله صادراتی,تن,0.0,348984.0,27262468.0,9514165.0,1401-09,1401
کگهر,گهرزمین,iron_ore,1401/10/30,گزارش فعالیت ماهانه دوره ۱ ماهه منتهی به  ۱۴۰۱/۱۰/۳۰(اصلاحیه),۱۴۰۱/۱۱/۱۰ ۰۸:۴۵:۵۳,989220,True,https://excel.codal.ir/service/Excel/GetAll/JMvOOObOOOWBRBQ75oUlNFAzEV0Q%3d%3d/0,domestic,سنگ آهن دانه بندی شده,تن,706448.0,0.0,,0.0,1401-10,1401
کگهر,گهرزمین,iron_ore,1401/10/30,گزارش فعالیت ماهانه دوره ۱ ماهه منتهی به  ۱۴۰۱/۱۰/۳۰(اصلاحیه),۱۴۰۱/۱۱/۱۰ ۰۸:۴۵:۵۳,989220,True,https://excel.codal.ir/service/Excel/GetAll/JMvOOObOOOWBRBQ75oUlNFAzEV0Q%3d%3d/0,export,سود سرمایه گذاری,,,,0.0,0.0,1401-10,1401
کگهر,گهرزمین,iron_ore,1401/10/30,گزارش فعالیت ماهانه دوره ۱ ماهه منتهی به  ۱۴۰۱/۱۰/۳۰(اصلاحیه),۱۴۰۱/۱۱/۱۰ ۰۸:۴۵:۵۳,989220,True,https://excel.codal.ir/service/Excel/GetAll/JMvOOObOOOWBRBQ75oUlNFAzEV0Q%3d%3d/0,domestic,کلوخه سنگ آهن,تن,735989.0,0.0,,0.0,1401-10,1401
کگهر,گهرزمین,iron_ore,1401/10/30,گزارش فعالیت ماهانه دوره ۱ ماهه منتهی به  ۱۴۰۱/۱۰/۳۰(اصلاحیه),۱۴۰۱/۱۱/۱۰ ۰۸:۴۵:۵۳,989220,True,https://excel.codal.ir/service/Excel/GetAll/JMvOOObOOOWBRBQ75oUlNFAzEV0Q%3d%3d/0,domestic,کنسانتره بورس کالا,تن,,50000.0,27655000.0,1382750.0,1401-10,1401
کگهر,گهرزمین,iron_ore,1401/10/30,گزارش فعالیت ماهانه دوره ۱ ماهه منتهی به  ۱۴۰۱/۱۰/۳۰(اصلاحیه),۱۴۰۱/۱۱/۱۰ ۰۸:۴۵:۵۳,989220,True,https://excel.codal.ir/service/Excel/GetAll/JMvOOObOOOWBRBQ75oUlNFAzEV0Q%3d%3d/0,domestic,کنسانتره سنگ آهن,تن,607454.0,67232.0,28941471.0,1945793.0,1401-10,1401
کگهر,گهرزمین,iron_ore,1401/10/30,گزارش فعالیت ماهانه دوره ۱ ماهه منتهی به  ۱۴۰۱/۱۰/۳۰(اصلاحیه),۱۴۰۱/۱۱/۱۰ ۰۸:۴۵:۵۳,989220,True,https://excel.codal.ir/service/Excel/GetAll/JMvOOObOOOWBRBQ75oUlNFAzEV0Q%3d%3d/0,export,کنسانتره سنگ آهن صادراتی,تن,,,0.0,0.0,1401-10,1401
کگهر,گهرزمین,iron_ore,1401/10/30,گزارش فعالیت ماهانه دوره ۱ ماهه منتهی به  ۱۴۰۱/۱۰/۳۰(اصلاحیه),۱۴۰۱/۱۱/۱۰ ۰۸:۴۵:۵۳,989220,True,https://excel.codal.ir/service/Excel/GetAll/JMvOOObOOOWBRBQ75oUlNFAzEV0Q%3d%3d/0,domestic,گندله,تن,148816.0,0.0,,0.0,1401-10,1401
کگهر,گهرزمین,iron_ore,1401/10/30,گزارش فعالیت ماهانه دوره ۱ ماهه منتهی به  ۱۴۰۱/۱۰/۳۰(اصلاحیه),۱۴۰۱/۱۱/۱۰ ۰۸:۴۵:۵۳,989220,True,https://excel.codal.ir/service/Excel/GetAll/JMvOOObOOOWBRBQ75oUlNFAzEV0Q%3d%3d/0,domestic,گندله بورس کالا,تن,,280000.0,34986071.0,9796100.0,1401-10,1401
کگهر,گهرزمین,iron_ore,1401/10/30,گزارش فعالیت ماهانه دوره ۱ ماهه منتهی به  ۱۴۰۱/۱۰/۳۰(اصلاحیه),۱۴۰۱/۱۱/۱۰ ۰۸:۴۵:۵۳,989220,True,https://excel.codal.ir/service/Excel/GetAll/JMvOOObOOOWBRBQ75oUlNFAzEV0Q%3d%3d/0,export,گندله صادراتی,تن,,73473.0,30289372.0,2225451.0,1401-10,1401
کگهر,گهرزمین,iron_ore,1401/11/30,گزارش فعالیت ماهانه دوره ۱ ماهه منتهی به  ۱۴۰۱/۱۱/۳۰,۱۴۰۱/۱۲/۰۷ ۱۵:۳۰:۵۴,997272,False,https://excel.codal.ir/service/Excel/GetAll/XaHnjOOObOOOwz48ANNRsVCV9uUg%3d%3d/0,domestic,سنگ آهن دانه بندی شده,تن,811900.0,0.0,,0.0,1401-11,1401
کگهر,گهرزمین,iron_ore,1401/11/30,گزارش فعالیت ماهانه دوره ۱ ماهه منتهی به  ۱۴۰۱/۱۱/۳۰,۱۴۰۱/۱۲/۰۷ ۱۵:۳۰:۵۴,997272,False,https://excel.codal.ir/service/Excel/GetAll/XaHnjOOObOOOwz48ANNRsVCV9uUg%3d%3d/0,export,سود سرمایه گذاری,,,,0.0,0.0,1401-11,1401
کگهر,گهرزمین,iron_ore,1401/11/30,گزارش فعالیت ماهانه دوره ۱ ماهه منتهی به  ۱۴۰۱/۱۱/۳۰,۱۴۰۱/۱۲/۰۷ ۱۵:۳۰:۵۴,997272,False,https://excel.codal.ir/service/Excel/GetAll/XaHnjOOObOOOwz48ANNRsVCV9uUg%3d%3d/0,domestic,کلوخه سنگ آهن,تن,1294830.0,0.0,,0.0,1401-11,1401
کگهر,گهرزمین,iron_ore,1401/11/30,گزارش فعالیت ماهانه دوره ۱ ماهه منتهی به  ۱۴۰۱/۱۱/۳۰,۱۴۰۱/۱۲/۰۷ ۱۵:۳۰:۵۴,997272,False,https://excel.codal.ir/service/Excel/GetAll/XaHnjOOObOOOwz48ANNRsVCV9uUg%3d%3d/0,domestic,کنسانتره بورس کالا,تن,,168430.0,30169334.0,5081421.0,1401-11,1401
کگهر,گهرزمین,iron_ore,1401/11/30,گزارش فعالیت ماهانه دوره ۱ ماهه منتهی به  ۱۴۰۱/۱۱/۳۰,۱۴۰۱/۱۲/۰۷ ۱۵:۳۰:۵۴,997272,False,https://excel.codal.ir/service/Excel/GetAll/XaHnjOOObOOOwz48ANNRsVCV9uUg%3d%3d/0,domestic,کنسانتره سنگ آهن,تن,377216.0,57902.0,30734310.0,1779578.0,1401-11,1401
کگهر,گهرزمین,iron_ore,1401/11/30,گزارش فعالیت ماهانه دوره ۱ ماهه منتهی به  ۱۴۰۱/۱۱/۳۰,۱۴۰۱/۱۲/۰۷ ۱۵:۳۰:۵۴,997272,False,https://excel.codal.ir/service/Excel/GetAll/XaHnjOOObOOOwz48ANNRsVCV9uUg%3d%3d/0,export,کنسانتره سنگ آهن صادراتی,تن,,,0.0,0.0,1401-11,1401
کگهر,گهرزمین,iron_ore,1401/11/30,گزارش فعالیت ماهانه دوره ۱ ماهه منتهی به  ۱۴۰۱/۱۱/۳۰,۱۴۰۱/۱۲/۰۷ ۱۵:۳۰:۵۴,997272,False,https://excel.codal.ir/service/Excel/GetAll/XaHnjOOObOOOwz48ANNRsVCV9uUg%3d%3d/0,domestic,گندله,تن,82543.0,0.0,,0.0,1401-11,1401
کگهر,گهرزمین,iron_ore,1401/11/30,گزارش فعالیت ماهانه دوره ۱ ماهه منتهی به  ۱۴۰۱/۱۱/۳۰,۱۴۰۱/۱۲/۰۷ ۱۵:۳۰:۵۴,997272,False,https://excel.codal.ir/service/Excel/GetAll/XaHnjOOObOOOwz48ANNRsVCV9uUg%3d%3d/0,domestic,گندله بورس کالا,تن,,280000.0,37747857.0,10569400.0,1401-11,1401
کگهر,گهرزمین,iron_ore,1401/11/30,گزارش فعالیت ماهانه دوره ۱ ماهه منتهی به  ۱۴۰۱/۱۱/۳۰,۱۴۰۱/۱۲/۰۷ ۱۵:۳۰:۵۴,997272,False,https://excel.codal.ir/service/Excel/GetAll/XaHnjOOObOOOwz48ANNRsVCV9uUg%3d%3d/0,export,گندله صادراتی,تن,0.0,250450.0,32643657.0,8175604.0,1401-11,1401
کگهر,گهرزمین,iron_ore,1401/12/29,گزارش فعالیت ماهانه دوره ۱ ماهه منتهی به  ۱۴۰۱/۱۲/۲۹(اصلاحیه),۱۴۰۲/۰۱/۳۰ ۱۷:۲۱:۰۱,1015391,True,https://excel.codal.ir/service/Excel/GetAll/Z4K6EoIrYyKuC15ccutNwg%3d%3d/0,domestic,سنگ آهن دانه بندی شده,تن,638262.0,0.0,,0.0,1401-12,1401
کگهر,گهرزمین,iron_ore,1401/12/29,گزارش فعالیت ماهانه دوره ۱ ماهه منتهی به  ۱۴۰۱/۱۲/۲۹(اصلاحیه),۱۴۰۲/۰۱/۳۰ ۱۷:۲۱:۰۱,1015391,True,https://excel.codal.ir/service/Excel/GetAll/Z4K6EoIrYyKuC15ccutNwg%3d%3d/0,export,سود سرمایه گذاری,,0.0,0.0,0.0,0.0,1401-12,1401
کگهر,گهرزمین,iron_ore,1401/12/29,گزارش فعالیت ماهانه دوره ۱ ماهه منتهی به  ۱۴۰۱/۱۲/۲۹(اصلاحیه),۱۴۰۲/۰۱/۳۰ ۱۷:۲۱:۰۱,1015391,True,https://excel.codal.ir/service/Excel/GetAll/Z4K6EoIrYyKuC15ccutNwg%3d%3d/0,domestic,کلوخه سنگ آهن,تن,1138482.0,0.0,,0.0,1401-12,1401
کگهر,گهرزمین,iron_ore,1401/12/29,گزارش فعالیت ماهانه دوره ۱ ماهه منتهی به  ۱۴۰۱/۱۲/۲۹(اصلاحیه),۱۴۰۲/۰۱/۳۰ ۱۷:۲۱:۰۱,1015391,True,https://excel.codal.ir/service/Excel/GetAll/Z4K6EoIrYyKuC15ccutNwg%3d%3d/0,domestic,کنسانتره بورس کالا,تن,0.0,186450.0,34908319.0,6508656.0,1401-12,1401
کگهر,گهرزمین,iron_ore,1401/12/29,گزارش فعالیت ماهانه دوره ۱ ماهه منتهی به  ۱۴۰۱/۱۲/۲۹(اصلاحیه),۱۴۰۲/۰۱/۳۰ ۱۷:۲۱:۰۱,1015391,True,https://excel.codal.ir/service/Excel/GetAll/Z4K6EoIrYyKuC15ccutNwg%3d%3d/0,domestic,کنسانتره سنگ آهن,تن,585326.0,0.0,,0.0,1401-12,1401
کگهر,گهرزمین,iron_ore,1401/12/29,گزارش فعالیت ماهانه دوره ۱ ماهه منتهی به  ۱۴۰۱/۱۲/۲۹(اصلاحیه),۱۴۰۲/۰۱/۳۰ ۱۷:۲۱:۰۱,1015391,True,https://excel.codal.ir/service/Excel/GetAll/Z4K6EoIrYyKuC15ccutNwg%3d%3d/0,export,کنسانتره سنگ آهن صادراتی,تن,0.0,0.0,0.0,0.0,1401-12,1401
کگهر,گهرزمین,iron_ore,1401/12/29,گزارش فعالیت ماهانه دوره ۱ ماهه منتهی به  ۱۴۰۱/۱۲/۲۹(اصلاحیه),۱۴۰۲/۰۱/۳۰ ۱۷:۲۱:۰۱,1015391,True,https://excel.codal.ir/service/Excel/GetAll/Z4K6EoIrYyKuC15ccutNwg%3d%3d/0,domestic,گندله,تن,460307.0,50000.0,38961680.0,1948084.0,1401-12,1401
کگهر,گهرزمین,iron_ore,1401/12/29,گزارش فعالیت ماهانه دوره ۱ ماهه منتهی به  ۱۴۰۱/۱۲/۲۹(اصلاحیه),۱۴۰۲/۰۱/۳۰ ۱۷:۲۱:۰۱,1015391,True,https://excel.codal.ir/service/Excel/GetAll/Z4K6EoIrYyKuC15ccutNwg%3d%3d/0,domestic,گندله بورس کالا,تن,0.0,35000.0,40690857.0,1424180.0,1401-12,1401
کگهر,گهرزمین,iron_ore,1401/12/29,گزارش فعالیت ماهانه دوره ۱ ماهه منتهی به  ۱۴۰۱/۱۲/۲۹(اصلاحیه),۱۴۰۲/۰۱/۳۰ ۱۷:۲۱:۰۱,1015391,True,https://excel.codal.ir/service/Excel/GetAll/Z4K6EoIrYyKuC15ccutNwg%3d%3d/0,export,گندله صادراتی,تن,0.0,0.0,0.0,0.0,1401-12,1401
کگهر,گهرزمین,iron_ore,1402/01/31,گزارش فعالیت ماهانه دوره ۱ ماهه منتهی به  ۱۴۰۲/۰۱/۳۱,۱۴۰۲/۰۲/۰۹ ۱۵:۴۵:۲۵,1018392,False,https://excel.codal.ir/service/Excel/GetAll/T8wduL2V9gPbcXdQCAqqOOObOOOg%3d%3d/0,domestic,سنگ آهن دانه بندی شده,تن,988251.0,0.0,,0.0,1402-01,1402
کگهر,گهرزمین,iron_ore,1402/01/31,گزارش فعالیت ماهانه دوره ۱ ماهه منتهی به  ۱۴۰۲/۰۱/۳۱,۱۴۰۲/۰۲/۰۹ ۱۵:۴۵:۲۵,1018392,False,https://excel.codal.ir/service/Excel/GetAll/T8wduL2V9gPbcXdQCAqqOOObOOOg%3d%3d/0,export,سود سرمایه گذاری,,0.0,0.0,0.0,0.0,1402-01,1402
کگهر,گهرزمین,iron_ore,1402/01/31,گزارش فعالیت ماهانه دوره ۱ ماهه منتهی به  ۱۴۰۲/۰۱/۳۱,۱۴۰۲/۰۲/۰۹ ۱۵:۴۵:۲۵,1018392,False,https://excel.codal.ir/service/Excel/GetAll/T8wduL2V9gPbcXdQCAqqOOObOOOg%3d%3d/0,domestic,کلوخه سنگ آهن,تن,1048640.0,0.0,,0.0,1402-01,1402
کگهر,گهرزمین,iron_ore,1402/01/31,گزارش فعالیت ماهانه دوره ۱ ماهه منتهی به  ۱۴۰۲/۰۱/۳۱,۱۴۰۲/۰۲/۰۹ ۱۵:۴۵:۲۵,1018392,False,https://excel.codal.ir/service/Excel/GetAll/T8wduL2V9gPbcXdQCAqqOOObOOOg%3d%3d/0,domestic,کنسانتره بورس کالا,تن,0.0,146765.0,35974551.0,5279805.0,1402-01,1402
کگهر,گهرزمین,iron_ore,1402/01/31,گزارش فعالیت ماهانه دوره ۱ ماهه منتهی به  ۱۴۰۲/۰۱/۳۱,۱۴۰۲/۰۲/۰۹ ۱۵:۴۵:۲۵,1018392,False,https://excel.codal.ir/service/Excel/GetAll/T8wduL2V9gPbcXdQCAqqOOObOOOg%3d%3d/0,domestic,کنسانتره سنگ آهن,تن,614313.0,0.0,,0.0,1402-01,1402
کگهر,گهرزمین,iron_ore,1402/01/31,گزارش فعالیت ماهانه دوره ۱ ماهه منتهی به  ۱۴۰۲/۰۱/۳۱,۱۴۰۲/۰۲/۰۹ ۱۵:۴۵:۲۵,1018392,False,https://excel.codal.ir/service/Excel/GetAll/T8wduL2V9gPbcXdQCAqqOOObOOOg%3d%3d/0,export,کنسانتره سنگ آهن صادراتی,تن,0.0,0.0,0.0,0.0,1402-01,1402
کگهر,گهرزمین,iron_ore,1402/01/31,گزارش فعالیت ماهانه دوره ۱ ماهه منتهی به  ۱۴۰۲/۰۱/۳۱,۱۴۰۲/۰۲/۰۹ ۱۵:۴۵:۲۵,1018392,False,https://excel.codal.ir/service/Excel/GetAll/T8wduL2V9gPbcXdQCAqqOOObOOOg%3d%3d/0,domestic,گندله,تن,512947.0,0.0,,0.0,1402-01,1402
کگهر,گهرزمین,iron_ore,1402/01/31,گزارش فعالیت ماهانه دوره ۱ ماهه منتهی به  ۱۴۰۲/۰۱/۳۱,۱۴۰۲/۰۲/۰۹ ۱۵:۴۵:۲۵,1018392,False,https://excel.codal.ir/service/Excel/GetAll/T8wduL2V9gPbcXdQCAqqOOObOOOg%3d%3d/0,domestic,گندله بورس کالا,تن,0.0,55000.0,42211364.0,2321625.0,1402-01,1402
کگهر,گهرزمین,iron_ore,1402/01/31,گزارش فعالیت ماهانه دوره ۱ ماهه منتهی به  ۱۴۰۲/۰۱/۳۱,۱۴۰۲/۰۲/۰۹ ۱۵:۴۵:۲۵,1018392,False,https://excel.codal.ir/service/Excel/GetAll/T8wduL2V9gPbcXdQCAqqOOObOOOg%3d%3d/0,export,گندله صادراتی,تن,0.0,139251.0,48647371.0,6774195.0,1402-01,1402
کگهر,گهرزمین,iron_ore,1402/02/31,گزارش فعالیت ماهانه دوره ۱ ماهه منتهی به  ۱۴۰۲/۰۲/۳۱,۱۴۰۲/۰۳/۰۷ ۱۶:۴۳:۰۳,1032208,False,https://excel.codal.ir/service/Excel/GetAll/J4NOOObOOOiLZOU8mo6Dj567XQfw%3d%3d/0,domestic,سنگ آهن دانه بندی شده,تن,1001927.0,0.0,,0.0,1402-02,1402
کگهر,گهرزمین,iron_ore,1402/02/31,گزارش فعالیت ماهانه دوره ۱ ماهه منتهی به  ۱۴۰۲/۰۲/۳۱,۱۴۰۲/۰۳/۰۷ ۱۶:۴۳:۰۳,1032208,False,https://excel.codal.ir/service/Excel/GetAll/J4NOOObOOOiLZOU8mo6Dj567XQfw%3d%3d/0,export,سود سرمایه گذاری,,,,0.0,0.0,1402-02,1402
کگهر,گهرزمین,iron_ore,1402/02/31,گزارش فعالیت ماهانه دوره ۱ ماهه منتهی به  ۱۴۰۲/۰۲/۳۱,۱۴۰۲/۰۳/۰۷ ۱۶:۴۳:۰۳,1032208,False,https://excel.codal.ir/service/Excel/GetAll/J4NOOObOOOiLZOU8mo6Dj567XQfw%3d%3d/0,domestic,کلوخه سنگ آهن,تن,1167370.0,0.0,,0.0,1402-02,1402
کگهر,گهرزمین,iron_ore,1402/02/31,گزارش فعالیت ماهانه دوره ۱ ماهه منتهی به  ۱۴۰۲/۰۲/۳۱,۱۴۰۲/۰۳/۰۷ ۱۶:۴۳:۰۳,1032208,False,https://excel.codal.ir/service/Excel/GetAll/J4NOOObOOOiLZOU8mo6Dj567XQfw%3d%3d/0,domestic,کنسانتره بورس کالا,تن,,340418.0,35156919.0,11968048.0,1402-02,1402
کگهر,گهرزمین,iron_ore,1402/02/31,گزارش فعالیت ماهانه دوره ۱ ماهه منتهی به  ۱۴۰۲/۰۲/۳۱,۱۴۰۲/۰۳/۰۷ ۱۶:۴۳:۰۳,1032208,False,https://excel.codal.ir/service/Excel/GetAll/J4NOOObOOOiLZOU8mo6Dj567XQfw%3d%3d/0,domestic,کنسانتره سنگ آهن,تن,621995.0,0.0,,0.0,1402-02,1402
کگهر,گهرزمین,iron_ore,1402/02/31,گزارش فعالیت ماهانه دوره ۱ ماهه منتهی به  ۱۴۰۲/۰۲/۳۱,۱۴۰۲/۰۳/۰۷ ۱۶:۴۳:۰۳,1032208,False,https://excel.codal.ir/service/Excel/GetAll/J4NOOObOOOiLZOU8mo6Dj567XQfw%3d%3d/0,export,کنسانتره سنگ آهن صادراتی,تن,0.0,0.0,0.0,0.0,1402-02,1402
کگهر,گهرزمین,iron_ore,1402/02/31,گزارش فعالیت ماهانه دوره ۱ ماهه منتهی به  ۱۴۰۲/۰۲/۳۱,۱۴۰۲/۰۳/۰۷ ۱۶:۴۳:۰۳,1032208,False,https://excel.codal.ir/service/Excel/GetAll/J4NOOObOOOiLZOU8mo6Dj567XQfw%3d%3d/0,domestic,گندله,تن,520133.0,0.0,,0.0,1402-02,1402
کگهر,گهرزمین,iron_ore,1402/02/31,گزارش فعالیت ماهانه دوره ۱ ماهه منتهی به  ۱۴۰۲/۰۲/۳۱,۱۴۰۲/۰۳/۰۷ ۱۶:۴۳:۰۳,1032208,False,https://excel.codal.ir/service/Excel/GetAll/J4NOOObOOOiLZOU8mo6Dj567XQfw%3d%3d/0,domestic,گندله بورس کالا,تن,,675000.0,43524022.0,29378715.0,1402-02,1402
کگهر,گهرزمین,iron_ore,1402/02/31,گزارش فعالیت ماهانه دوره ۱ ماهه منتهی به  ۱۴۰۲/۰۲/۳۱,۱۴۰۲/۰۳/۰۷ ۱۶:۴۳:۰۳,1032208,False,https://excel.codal.ir/service/Excel/GetAll/J4NOOObOOOiLZOU8mo6Dj567XQfw%3d%3d/0,export,گندله صادراتی,تن,0.0,0.0,0.0,0.0,1402-02,1402
کگهر,گهرزمین,iron_ore,1402/03/31,گزارش فعالیت ماهانه دوره ۱ ماهه منتهی به  ۱۴۰۲/۰۳/۳۱(اصلاحیه),۱۴۰۲/۰۶/۱۳ ۱۲:۱۶:۱۶,1080038,True,https://excel.codal.ir/service/Excel/GetAll/aigTiq38yZMI3eOOObOOOCu9AXVg%3d%3d/0,domestic,سنگ آهن دانه بندی شده,تن,1004408.0,116406.0,18609805.0,2166293.0,1402-03,1402
کگهر,گهرزمین,iron_ore,1402/03/31,گزارش فعالیت ماهانه دوره ۱ ماهه منتهی به  ۱۴۰۲/۰۳/۳۱(اصلاحیه),۱۴۰۲/۰۶/۱۳ ۱۲:۱۶:۱۶,1080038,True,https://excel.codal.ir/service/Excel/GetAll/aigTiq38yZMI3eOOObOOOCu9AXVg%3d%3d/0,export,سود سرمایه گذاری,,0.0,,0.0,343839.0,1402-03,1402
کگهر,گهرزمین,iron_ore,1402/03/31,گزارش فعالیت ماهانه دوره ۱ ماهه منتهی به  ۱۴۰۲/۰۳/۳۱(اصلاحیه),۱۴۰۲/۰۶/۱۳ ۱۲:۱۶:۱۶,1080038,True,https://excel.codal.ir/service/Excel/GetAll/aigTiq38yZMI3eOOObOOOCu9AXVg%3d%3d/0,domestic,کلوخه سنگ آهن,تن,1462292.0,396642.0,17979193.0,7131303.0,1402-03,1402
کگهر,گهرزمین,iron_ore,1402/03/31,گزارش فعالیت ماهانه دوره ۱ ماهه منتهی به  ۱۴۰۲/۰۳/۳۱(اصلاحیه),۱۴۰۲/۰۶/۱۳ ۱۲:۱۶:۱۶,1080038,True,https://excel.codal.ir/service/Excel/GetAll/aigTiq38yZMI3eOOObOOOCu9AXVg%3d%3d/0,domestic,کنسانتره بورس کالا,تن,0.0,252368.0,37090297.0,9360404.0,1402-03,1402
کگهر,گهرزمین,iron_ore,1402/03/31,گزارش فعالیت ماهانه دوره ۱ ماهه منتهی به  ۱۴۰۲/۰۳/۳۱(اصلاحیه),۱۴۰۲/۰۶/۱۳ ۱۲:۱۶:۱۶,1080038,True,https://excel.codal.ir/service/Excel/GetAll/aigTiq38yZMI3eOOObOOOCu9AXVg%3d%3d/0,domestic,کنسانتره سنگ آهن,تن,624221.0,0.0,,0.0,1402-03,1402
کگهر,گهرزمین,iron_ore,1402/03/31,گزارش فعالیت ماهانه دوره ۱ ماهه منتهی به  ۱۴۰۲/۰۳/۳۱(اصلاحیه),۱۴۰۲/۰۶/۱۳ ۱۲:۱۶:۱۶,1080038,True,https://excel.codal.ir/service/Excel/GetAll/aigTiq38yZMI3eOOObOOOCu9AXVg%3d%3d/0,domestic,گندله,تن,523515.0,0.0,,0.0,1402-03,1402
کگهر,گهرزمین,iron_ore,1402/03/31,گزارش فعالیت ماهانه دوره ۱ ماهه منتهی به  ۱۴۰۲/۰۳/۳۱(اصلاحیه),۱۴۰۲/۰۶/۱۳ ۱۲:۱۶:۱۶,1080038,True,https://excel.codal.ir/service/Excel/GetAll/aigTiq38yZMI3eOOObOOOCu9AXVg%3d%3d/0,domestic,گندله بورس کالا,تن,0.0,560000.0,48157934.0,26968443.0,1402-03,1402
کگهر,گهرزمین,iron_ore,1402/03/31,گزارش فعالیت ماهانه دوره ۱ ماهه منتهی به  ۱۴۰۲/۰۳/۳۱(اصلاحیه),۱۴۰۲/۰۶/۱۳ ۱۲:۱۶:۱۶,1080038,True,https://excel.codal.ir/service/Excel/GetAll/aigTiq38yZMI3eOOObOOOCu9AXVg%3d%3d/0,export,گندله صادراتی,تن,0.0,153758.0,31319027.0,4815551.0,1402-03,1402
کگهر,گهرزمین,iron_ore,1402/04/31,گزارش فعالیت ماهانه دوره ۱ ماهه منتهی به  ۱۴۰۲/۰۴/۳۱(اصلاحیه),۱۴۰۲/۰۷/۰۸ ۱۶:۱۰:۴۰,1087924,True,https://excel.codal.ir/service/Excel/GetAll/fHliM9v5O4F4shGwuaBOhg%3d%3d/0,domestic,سنگ آهن دانه بندی شده,تن,1007949.0,170956.0,15546696.0,2657801.0,1402-04,1402
کگهر,گهرزمین,iron_ore,1402/04/31,گزارش فعالیت ماهانه دوره ۱ ماهه منتهی به  ۱۴۰۲/۰۴/۳۱(اصلاحیه),۱۴۰۲/۰۷/۰۸ ۱۶:۱۰:۴۰,1087924,True,https://excel.codal.ir/service/Excel/GetAll/fHliM9v5O4F4shGwuaBOhg%3d%3d/0,export,سود سرمایه گذاری,,,,0.0,0.0,1402-04,1402
کگهر,گهرزمین,iron_ore,1402/04/31,گزارش فعالیت ماهانه دوره ۱ ماهه منتهی به  ۱۴۰۲/۰۴/۳۱(اصلاحیه),۱۴۰۲/۰۷/۰۸ ۱۶:۱۰:۴۰,1087924,True,https://excel.codal.ir/service/Excel/GetAll/fHliM9v5O4F4shGwuaBOhg%3d%3d/0,domestic,کلوخه سنگ آهن,تن,1138074.0,587088.0,15506352.0,9103593.0,1402-04,1402
کگهر,گهرزمین,iron_ore,1402/04/31,گزارش فعالیت ماهانه دوره ۱ ماهه منتهی به  ۱۴۰۲/۰۴/۳۱(اصلاحیه),۱۴۰۲/۰۷/۰۸ ۱۶:۱۰:۴۰,1087924,True,https://excel.codal.ir/service/Excel/GetAll/fHliM9v5O4F4shGwuaBOhg%3d%3d/0,domestic,کنسانتره بورس کالا,تن,0.0,46692.0,41288122.0,1927825.0,1402-04,1402
کگهر,گهرزمین,iron_ore,1402/04/31,گزارش فعالیت ماهانه دوره ۱ ماهه منتهی به  ۱۴۰۲/۰۴/۳۱(اصلاحیه),۱۴۰۲/۰۷/۰۸ ۱۶:۱۰:۴۰,1087924,True,https://excel.codal.ir/service/Excel/GetAll/fHliM9v5O4F4shGwuaBOhg%3d%3d/0,domestic,کنسانتره سنگ آهن,تن,626527.0,0.0,,0.0,1402-04,1402
کگهر,گهرزمین,iron_ore,1402/04/31,گزارش فعالیت ماهانه دوره ۱ ماهه منتهی به  ۱۴۰۲/۰۴/۳۱(اصلاحیه),۱۴۰۲/۰۷/۰۸ ۱۶:۱۰:۴۰,1087924,True,https://excel.codal.ir/service/Excel/GetAll/fHliM9v5O4F4shGwuaBOhg%3d%3d/0,domestic,گندله,تن,525967.0,0.0,,0.0,1402-04,1402
کگهر,گهرزمین,iron_ore,1402/04/31,گزارش فعالیت ماهانه دوره ۱ ماهه منتهی به  ۱۴۰۲/۰۴/۳۱(اصلاحیه),۱۴۰۲/۰۷/۰۸ ۱۶:۱۰:۴۰,1087924,True,https://excel.codal.ir/service/Excel/GetAll/fHliM9v5O4F4shGwuaBOhg%3d%3d/0,domestic,گندله بورس کالا,تن,0.0,465000.0,45000000.0,20925000.0,1402-04,1402
کگهر,گهرزمین,iron_ore,1402/04/31,گزارش فعالیت ماهانه دوره ۱ ماهه منتهی به  ۱۴۰۲/۰۴/۳۱(اصلاحیه),۱۴۰۲/۰۷/۰۸ ۱۶:۱۰:۴۰,1087924,True,https://excel.codal.ir/service/Excel/GetAll/fHliM9v5O4F4shGwuaBOhg%3d%3d/0,export,گندله صادراتی,تن,0.0,207212.0,39016259.0,8084637.0,1402-04,1402
کگهر,گهرزمین,iron_ore,1402/05/31,گزارش فعالیت ماهانه دوره ۱ ماهه منتهی به  ۱۴۰۲/۰۵/۳۱(اصلاحیه),۱۴۰۲/۰۷/۰۸ ۱۶:۱۴:۳۶,1087923,True,https://excel.codal.ir/service/Excel/GetAll/gJXR8KcQInlRoK1aoTDk1w%3d%3d/0,domestic,سنگ آهن دانه بندی شده,تن,1009195.0,461540.0,15496278.0,7152152.0,1402-05,1402
کگهر,گهرزمین,iron_ore,1402/05/31,گزارش فعالیت ماهانه دوره ۱ ماهه منتهی به  ۱۴۰۲/۰۵/۳۱(اصلاحیه),۱۴۰۲/۰۷/۰۸ ۱۶:۱۴:۳۶,1087923,True,https://excel.codal.ir/service/Excel/GetAll/gJXR8KcQInlRoK1aoTDk1w%3d%3d/0,export,سود سرمایه گذاری,,,,0.0,0.0,1402-05,1402
کگهر,گهرزمین,iron_ore,1402/05/31,گزارش فعالیت ماهانه دوره ۱ ماهه منتهی به  ۱۴۰۲/۰۵/۳۱(اصلاحیه),۱۴۰۲/۰۷/۰۸ ۱۶:۱۴:۳۶,1087923,True,https://excel.codal.ir/service/Excel/GetAll/gJXR8KcQInlRoK1aoTDk1w%3d%3d/0,domestic,کلوخه سنگ آهن,تن,1452129.0,539563.0,15506358.0,8366657.0,1402-05,1402
کگهر,گهرزمین,iron_ore,1402/05/31,گزارش فعالیت ماهانه دوره ۱ ماهه منتهی به  ۱۴۰۲/۰۵/۳۱(اصلاحیه),۱۴۰۲/۰۷/۰۸ ۱۶:۱۴:۳۶,1087923,True,https://excel.codal.ir/service/Excel/GetAll/gJXR8KcQInlRoK1aoTDk1w%3d%3d/0,domestic,کنسانتره بورس کالا,تن,0.0,0.0,,0.0,1402-05,1402
کگهر,گهرزمین,iron_ore,1402/05/31,گزارش فعالیت ماهانه دوره ۱ ماهه منتهی به  ۱۴۰۲/۰۵/۳۱(اصلاحیه),۱۴۰۲/۰۷/۰۸ ۱۶:۱۴:۳۶,1087923,True,https://excel.codal.ir/service/Excel/GetAll/gJXR8KcQInlRoK1aoTDk1w%3d%3d/0,domestic,کنسانتره سنگ آهن,تن,628941.0,0.0,,0.0,1402-05,1402
کگهر,گهرزمین,iron_ore,1402/05/31,گزارش فعالیت ماهانه دوره ۱ ماهه منتهی به  ۱۴۰۲/۰۵/۳۱(اصلاحیه),۱۴۰۲/۰۷/۰۸ ۱۶:۱۴:۳۶,1087923,True,https://excel.codal.ir/service/Excel/GetAll/gJXR8KcQInlRoK1aoTDk1w%3d%3d/0,domestic,گندله,تن,418019.0,,,0.0,1402-05,1402
کگهر,گهرزمین,iron_ore,1402/05/31,گزارش فعالیت ماهانه دوره ۱ ماهه منتهی به  ۱۴۰۲/۰۵/۳۱(اصلاحیه),۱۴۰۲/۰۷/۰۸ ۱۶:۱۴:۳۶,1087923,True,https://excel.codal.ir/service/Excel/GetAll/gJXR8KcQInlRoK1aoTDk1w%3d%3d/0,domestic,گندله بورس کالا,تن,0.0,735000.0,44347993.0,32595775.0,1402-05,1402
کگهر,گهرزمین,iron_ore,1402/05/31,گزارش فعالیت ماهانه دوره ۱ ماهه منتهی به  ۱۴۰۲/۰۵/۳۱(اصلاحیه),۱۴۰۲/۰۷/۰۸ ۱۶:۱۴:۳۶,1087923,True,https://excel.codal.ir/service/Excel/GetAll/gJXR8KcQInlRoK1aoTDk1w%3d%3d/0,export,گندله صادراتی,تن,,,0.0,0.0,1402-05,1402
کگهر,گهرزمین,iron_ore,1402/06/31,گزارش فعالیت ماهانه دوره ۱ ماهه منتهی به  ۱۴۰۲/۰۶/۳۱(اصلاحیه),۱۴۰۲/۰۷/۲۴ ۱۹:۲۶:۳۵,1093129,True,https://excel.codal.ir/service/Excel/GetAll/TlrLLbXuwWfAxawsj0JWKQ%3d%3d/0,domestic,سنگ آهن دانه بندی شده,تن,1011358.0,406070.0,15496180.0,6292534.0,1402-06,1402
کگهر,گهرزمین,iron_ore,1402/06/31,گزارش فعالیت ماهانه دوره ۱ ماهه منتهی به  ۱۴۰۲/۰۶/۳۱(اصلاحیه),۱۴۰۲/۰۷/۲۴ ۱۹:۲۶:۳۵,1093129,True,https://excel.codal.ir/service/Excel/GetAll/TlrLLbXuwWfAxawsj0JWKQ%3d%3d/0,export,سود سرمایه گذاری,,,,0.0,67500.0,1402-06,1402
کگهر,گهرزمین,iron_ore,1402/06/31,گزارش فعالیت ماهانه دوره ۱ ماهه منتهی به  ۱۴۰۲/۰۶/۳۱(اصلاحیه),۱۴۰۲/۰۷/۲۴ ۱۹:۲۶:۳۵,1093129,True,https://excel.codal.ir/service/Excel/GetAll/TlrLLbXuwWfAxawsj0JWKQ%3d%3d/0,domestic,کلوخه سنگ آهن,تن,1617952.0,647001.0,15506356.0,10032628.0,1402-06,1402
کگهر,گهرزمین,iron_ore,1402/06/31,گزارش فعالیت ماهانه دوره ۱ ماهه منتهی به  ۱۴۰۲/۰۶/۳۱(اصلاحیه),۱۴۰۲/۰۷/۲۴ ۱۹:۲۶:۳۵,1093129,True,https://excel.codal.ir/service/Excel/GetAll/TlrLLbXuwWfAxawsj0JWKQ%3d%3d/0,domestic,کنسانتره بورس کالا,تن,0.0,252542.0,38996242.0,9848189.0,1402-06,1402
کگهر,گهرزمین,iron_ore,1402/06/31,گزارش فعالیت ماهانه دوره ۱ ماهه منتهی به  ۱۴۰۲/۰۶/۳۱(اصلاحیه),۱۴۰۲/۰۷/۲۴ ۱۹:۲۶:۳۵,1093129,True,https://excel.codal.ir/service/Excel/GetAll/TlrLLbXuwWfAxawsj0JWKQ%3d%3d/0,domestic,کنسانتره سنگ آهن,تن,641390.0,0.0,,0.0,1402-06,1402
کگهر,گهرزمین,iron_ore,1402/06/31,گزارش فعالیت ماهانه دوره ۱ ماهه منتهی به  ۱۴۰۲/۰۶/۳۱(اصلاحیه),۱۴۰۲/۰۷/۲۴ ۱۹:۲۶:۳۵,1093129,True,https://excel.codal.ir/service/Excel/GetAll/TlrLLbXuwWfAxawsj0JWKQ%3d%3d/0,domestic,گندله,تن,462365.0,0.0,,0.0,1402-06,1402
کگهر,گهرزمین,iron_ore,1402/06/31,گزارش فعالیت ماهانه دوره ۱ ماهه منتهی به  ۱۴۰۲/۰۶/۳۱(اصلاحیه),۱۴۰۲/۰۷/۲۴ ۱۹:۲۶:۳۵,1093129,True,https://excel.codal.ir/service/Excel/GetAll/TlrLLbXuwWfAxawsj0JWKQ%3d%3d/0,domestic,گندله بورس کالا,تن,0.0,280000.0,45681214.0,12790740.0,1402-06,1402
کگهر,گهرزمین,iron_ore,1402/06/31,گزارش فعالیت ماهانه دوره ۱ ماهه منتهی به  ۱۴۰۲/۰۶/۳۱(اصلاحیه),۱۴۰۲/۰۷/۲۴ ۱۹:۲۶:۳۵,1093129,True,https://excel.codal.ir/service/Excel/GetAll/TlrLLbXuwWfAxawsj0JWKQ%3d%3d/0,export,گندله صادراتی,تن,0.0,69988.0,43769903.0,3063368.0,1402-06,1402
کگهر,گهرزمین,iron_ore,1402/07/30,گزارش فعالیت ماهانه دوره ۱ ماهه منتهی به  ۱۴۰۲/۰۷/۳۰,۱۴۰۲/۰۸/۰۷ ۱۳:۴۹:۴۶,1098611,False,https://excel.codal.ir/service/Excel/GetAll/uY5G71xTgQQQaQQQ13WQpjBHpNnQ%3d%3d/0,domestic,سنگ آهن دانه بندی شده,تن,1014653.0,48611.0,16323240.0,793489.0,1402-07,1402
کگهر,گهرزمین,iron_ore,1402/07/30,گزارش فعالیت ماهانه دوره ۱ ماهه منتهی به  ۱۴۰۲/۰۷/۳۰,۱۴۰۲/۰۸/۰۷ ۱۳:۴۹:۴۶,1098611,False,https://excel.codal.ir/service/Excel/GetAll/uY5G71xTgQQQaQQQ13WQpjBHpNnQ%3d%3d/0,export,سود سرمایه گذاری,,,,0.0,0.0,1402-07,1402
کگهر,گهرزمین,iron_ore,1402/07/30,گزارش فعالیت ماهانه دوره ۱ ماهه منتهی به  ۱۴۰۲/۰۷/۳۰,۱۴۰۲/۰۸/۰۷ ۱۳:۴۹:۴۶,1098611,False,https://excel.codal.ir/service/Excel/GetAll/uY5G71xTgQQQaQQQ13WQpjBHpNnQ%3d%3d/0,export,نرمه گندله صادراتی(گندله ریزدانه),تن,0.0,43981.0,36218913.0,1592944.0,1402-07,1402
کگهر,گهرزمین,iron_ore,1402/07/30,گزارش فعالیت ماهانه دوره ۱ ماهه منتهی به  ۱۴۰۲/۰۷/۳۰,۱۴۰۲/۰۸/۰۷ ۱۳:۴۹:۴۶,1098611,False,https://excel.codal.ir/service/Excel/GetAll/uY5G71xTgQQQaQQQ13WQpjBHpNnQ%3d%3d/0,domestic,کلوخه سنگ آهن,تن,1661233.0,801688.0,15973821.0,12806021.0,1402-07,1402
کگهر,گهرزمین,iron_ore,1402/07/30,گزارش فعالیت ماهانه دوره ۱ ماهه منتهی به  ۱۴۰۲/۰۷/۳۰,۱۴۰۲/۰۸/۰۷ ۱۳:۴۹:۴۶,1098611,False,https://excel.codal.ir/service/Excel/GetAll/uY5G71xTgQQQaQQQ13WQpjBHpNnQ%3d%3d/0,domestic,کلوخه کم عیار,تن,0.0,15623.0,9292261.0,145173.0,1402-07,1402
کگهر,گهرزمین,iron_ore,1402/07/30,گزارش فعالیت ماهانه دوره ۱ ماهه منتهی به  ۱۴۰۲/۰۷/۳۰,۱۴۰۲/۰۸/۰۷ ۱۳:۴۹:۴۶,1098611,False,https://excel.codal.ir/service/Excel/GetAll/uY5G71xTgQQQaQQQ13WQpjBHpNnQ%3d%3d/0,domestic,کنسانتره بورس کالا,تن,0.0,148684.0,38014575.0,5652159.0,1402-07,1402
کگهر,گهرزمین,iron_ore,1402/07/30,گزارش فعالیت ماهانه دوره ۱ ماهه منتهی به  ۱۴۰۲/۰۷/۳۰,۱۴۰۲/۰۸/۰۷ ۱۳:۴۹:۴۶,1098611,False,https://excel.codal.ir/service/Excel/GetAll/uY5G71xTgQQQaQQQ13WQpjBHpNnQ%3d%3d/0,domestic,کنسانتره سنگ آهن,تن,644090.0,0.0,,0.0,1402-07,1402
کگهر,گهرزمین,iron_ore,1402/07/30,گزارش فعالیت ماهانه دوره ۱ ماهه منتهی به  ۱۴۰۲/۰۷/۳۰,۱۴۰۲/۰۸/۰۷ ۱۳:۴۹:۴۶,1098611,False,https://excel.codal.ir/service/Excel/GetAll/uY5G71xTgQQQaQQQ13WQpjBHpNnQ%3d%3d/0,domestic,گندله,تن,493877.0,67373.0,27425556.0,1847742.0,1402-07,1402
کگهر,گهرزمین,iron_ore,1402/07/30,گزارش فعالیت ماهانه دوره ۱ ماهه منتهی به  ۱۴۰۲/۰۷/۳۰,۱۴۰۲/۰۸/۰۷ ۱۳:۴۹:۴۶,1098611,False,https://excel.codal.ir/service/Excel/GetAll/uY5G71xTgQQQaQQQ13WQpjBHpNnQ%3d%3d/0,domestic,گندله بورس کالا,تن,0.0,146999.0,46844128.0,6886040.0,1402-07,1402
کگهر,گهرزمین,iron_ore,1402/07/30,گزارش فعالیت ماهانه دوره ۱ ماهه منتهی به  ۱۴۰۲/۰۷/۳۰,۱۴۰۲/۰۸/۰۷ ۱۳:۴۹:۴۶,1098611,False,https://excel.codal.ir/service/Excel/GetAll/uY5G71xTgQQQaQQQ13WQpjBHpNnQ%3d%3d/0,export,گندله صادراتی,تن,0.0,79977.0,44530765.0,3561437.0,1402-07,1402
کگهر,گهرزمین,iron_ore,1402/08/30,گزارش فعالیت ماهانه دوره ۱ ماهه منتهی به  ۱۴۰۲/۰۸/۳۰,۱۴۰۲/۰۹/۰۷ ۱۶:۱۰:۱۳,1112859,False,https://excel.codal.ir/service/Excel/GetAll/NTzNC8yQQQaQQQIX6p093lH2FMkA%3d%3d/0,domestic,سنگ آهن دانه بندی شده,تن,1017515.0,32953.0,17897581.0,589779.0,1402-08,1402
کگهر,گهرزمین,iron_ore,1402/08/30,گزارش فعالیت ماهانه دوره ۱ ماهه منتهی به  ۱۴۰۲/۰۸/۳۰,۱۴۰۲/۰۹/۰۷ ۱۶:۱۰:۱۳,1112859,False,https://excel.codal.ir/service/Excel/GetAll/NTzNC8yQQQaQQQIX6p093lH2FMkA%3d%3d/0,export,سود سرمایه گذاری,,0.0,,0.0,0.0,1402-08,1402
کگهر,گهرزمین,iron_ore,1402/08/30,گزارش فعالیت ماهانه دوره ۱ ماهه منتهی به  ۱۴۰۲/۰۸/۳۰,۱۴۰۲/۰۹/۰۷ ۱۶:۱۰:۱۳,1112859,False,https://excel.codal.ir/service/Excel/GetAll/NTzNC8yQQQaQQQIX6p093lH2FMkA%3d%3d/0,export,نرمه گندله صادراتی(گندله ریزدانه),تن,0.0,0.0,0.0,0.0,1402-08,1402
کگهر,گهرزمین,iron_ore,1402/08/30,گزارش فعالیت ماهانه دوره ۱ ماهه منتهی به  ۱۴۰۲/۰۸/۳۰,۱۴۰۲/۰۹/۰۷ ۱۶:۱۰:۱۳,1112859,False,https://excel.codal.ir/service/Excel/GetAll/NTzNC8yQQQaQQQIX6p093lH2FMkA%3d%3d/0,domestic,کلوخه سنگ آهن,تن,1445391.0,405198.0,15331241.0,6212188.0,1402-08,1402
کگهر,گهرزمین,iron_ore,1402/08/30,گزارش فعالیت ماهانه دوره ۱ ماهه منتهی به  ۱۴۰۲/۰۸/۳۰,۱۴۰۲/۰۹/۰۷ ۱۶:۱۰:۱۳,1112859,False,https://excel.codal.ir/service/Excel/GetAll/NTzNC8yQQQaQQQIX6p093lH2FMkA%3d%3d/0,domestic,کلوخه کم عیار,تن,0.0,155468.0,8615619.0,1339453.0,1402-08,1402
کگهر,گهرزمین,iron_ore,1402/08/30,گزارش فعالیت ماهانه دوره ۱ ماهه منتهی به  ۱۴۰۲/۰۸/۳۰,۱۴۰۲/۰۹/۰۷ ۱۶:۱۰:۱۳,1112859,False,https://excel.codal.ir/service/Excel/GetAll/NTzNC8yQQQaQQQIX6p093lH2FMkA%3d%3d/0,domestic,کنسانتره بورس کالا,تن,0.0,0.0,,0.0,1402-08,1402
کگهر,گهرزمین,iron_ore,1402/08/30,گزارش فعالیت ماهانه دوره ۱ ماهه منتهی به  ۱۴۰۲/۰۸/۳۰,۱۴۰۲/۰۹/۰۷ ۱۶:۱۰:۱۳,1112859,False,https://excel.codal.ir/service/Excel/GetAll/NTzNC8yQQQaQQQIX6p093lH2FMkA%3d%3d/0,domestic,کنسانتره سنگ آهن,تن,649391.0,,,0.0,1402-08,1402
کگهر,گهرزمین,iron_ore,1402/08/30,گزارش فعالیت ماهانه دوره ۱ ماهه منتهی به  ۱۴۰۲/۰۸/۳۰,۱۴۰۲/۰۹/۰۷ ۱۶:۱۰:۱۳,1112859,False,https://excel.codal.ir/service/Excel/GetAll/NTzNC8yQQQaQQQIX6p093lH2FMkA%3d%3d/0,domestic,گندله,تن,508440.0,2572.0,27423406.0,70533.0,1402-08,1402
کگهر,گهرزمین,iron_ore,1402/08/30,گزارش فعالیت ماهانه دوره ۱ ماهه منتهی به  ۱۴۰۲/۰۸/۳۰,۱۴۰۲/۰۹/۰۷ ۱۶:۱۰:۱۳,1112859,False,https://excel.codal.ir/service/Excel/GetAll/NTzNC8yQQQaQQQIX6p093lH2FMkA%3d%3d/0,domestic,گندله بورس کالا,تن,0.0,230000.0,47229326.0,10862745.0,1402-08,1402
کگهر,گهرزمین,iron_ore,1402/08/30,گزارش فعالیت ماهانه دوره ۱ ماهه منتهی به  ۱۴۰۲/۰۸/۳۰,۱۴۰۲/۰۹/۰۷ ۱۶:۱۰:۱۳,1112859,False,https://excel.codal.ir/service/Excel/GetAll/NTzNC8yQQQaQQQIX6p093lH2FMkA%3d%3d/0,export,گندله صادراتی,تن,0.0,126197.0,46813950.0,5907780.0,1402-08,1402
کگهر,گهرزمین,iron_ore,1402/10/30,گزارش فعالیت ماهانه دوره ۱ ماهه منتهی به  ۱۴۰۲/۱۰/۳۰(اصلاحیه),۱۴۰۲/۱۱/۱۰ ۱۰:۴۹:۴۵,1149186,True,https://excel.codal.ir/service/Excel/GetAll/snOOObOOO6DudMVrfzCDh3ouhOOObOOO6Q%3d%3d/0,domestic,سنگ آهن دانه بندی شده,تن,900906.0,59620.0,16470044.0,981944.0,1402-10,1402
کگهر,گهرزمین,iron_ore,1402/10/30,گزارش فعالیت ماهانه دوره ۱ ماهه منتهی به  ۱۴۰۲/۱۰/۳۰(اصلاحیه),۱۴۰۲/۱۱/۱۰ ۱۰:۴۹:۴۵,1149186,True,https://excel.codal.ir/service/Excel/GetAll/snOOObOOO6DudMVrfzCDh3ouhOOObOOO6Q%3d%3d/0,export,سود سرمایه گذاری,,0.0,,0.0,0.0,1402-10,1402
کگهر,گهرزمین,iron_ore,1402/10/30,گزارش فعالیت ماهانه دوره ۱ ماهه منتهی به  ۱۴۰۲/۱۰/۳۰(اصلاحیه),۱۴۰۲/۱۱/۱۰ ۱۰:۴۹:۴۵,1149186,True,https://excel.codal.ir/service/Excel/GetAll/snOOObOOO6DudMVrfzCDh3ouhOOObOOO6Q%3d%3d/0,domestic,کلوخه سنگ آهن,تن,1067614.0,259139.0,17210443.0,4459897.0,1402-10,1402
کگهر,گهرزمین,iron_ore,1402/10/30,گزارش فعالیت ماهانه دوره ۱ ماهه منتهی به  ۱۴۰۲/۱۰/۳۰(اصلاحیه),۱۴۰۲/۱۱/۱۰ ۱۰:۴۹:۴۵,1149186,True,https://excel.codal.ir/service/Excel/GetAll/snOOObOOO6DudMVrfzCDh3ouhOOObOOO6Q%3d%3d/0,domestic,کنسانتره بورس کالا,تن,0.0,231268.0,37461776.0,8663710.0,1402-10,1402
کگهر,گهرزمین,iron_ore,1402/10/30,گزارش فعالیت ماهانه دوره ۱ ماهه منتهی به  ۱۴۰۲/۱۰/۳۰(اصلاحیه),۱۴۰۲/۱۱/۱۰ ۱۰:۴۹:۴۵,1149186,True,https://excel.codal.ir/service/Excel/GetAll/snOOObOOO6DudMVrfzCDh3ouhOOObOOO6Q%3d%3d/0,domestic,کنسانتره سنگ آهن,تن,653483.0,0.0,,0.0,1402-10,1402
کگهر,گهرزمین,iron_ore,1402/10/30,گزارش فعالیت ماهانه دوره ۱ ماهه منتهی به  ۱۴۰۲/۱۰/۳۰(اصلاحیه),۱۴۰۲/۱۱/۱۰ ۱۰:۴۹:۴۵,1149186,True,https://excel.codal.ir/service/Excel/GetAll/snOOObOOO6DudMVrfzCDh3ouhOOObOOO6Q%3d%3d/0,domestic,گندله,تن,473807.0,0.0,,0.0,1402-10,1402
کگهر,گهرزمین,iron_ore,1402/10/30,گزارش فعالیت ماهانه دوره ۱ ماهه منتهی به  ۱۴۰۲/۱۰/۳۰(اصلاحیه),۱۴۰۲/۱۱/۱۰ ۱۰:۴۹:۴۵,1149186,True,https://excel.codal.ir/service/Excel/GetAll/snOOObOOO6DudMVrfzCDh3ouhOOObOOO6Q%3d%3d/0,domestic,گندله بورس کالا,تن,0.0,753279.0,48526199.0,36553767.0,1402-10,1402
کگهر,گهرزمین,iron_ore,1402/10/30,گزارش فعالیت ماهانه دوره ۱ ماهه منتهی به  ۱۴۰۲/۱۰/۳۰(اصلاحیه),۱۴۰۲/۱۱/۱۰ ۱۰:۴۹:۴۵,1149186,True,https://excel.codal.ir/service/Excel/GetAll/snOOObOOO6DudMVrfzCDh3ouhOOObOOO6Q%3d%3d/0,export,گندله صادراتی,تن,0.0,0.0,0.0,0.0,1402-10,1402
کگهر,گهرزمین,iron_ore,1402/11/30,گزارش فعالیت ماهانه دوره ۱ ماهه منتهی به  ۱۴۰۲/۱۱/۳۰,۱۴۰۲/۱۲/۰۸ ۱۳:۲۴:۱۱,1157454,False,https://excel.codal.ir/service/Excel/GetAll/17epii59K4kOJwCmfIz5Zg%3d%3d/0,domestic,سنگ آهن دانه بندی شده,تن,1019106.0,38197.0,16566222.0,632780.0,1402-11,1402
کگهر,گهرزمین,iron_ore,1402/11/30,گزارش فعالیت ماهانه دوره ۱ ماهه منتهی به  ۱۴۰۲/۱۱/۳۰,۱۴۰۲/۱۲/۰۸ ۱۳:۲۴:۱۱,1157454,False,https://excel.codal.ir/service/Excel/GetAll/17epii59K4kOJwCmfIz5Zg%3d%3d/0,export,سود سرمایه گذاری,,,,0.0,0.0,1402-11,1402
کگهر,گهرزمین,iron_ore,1402/11/30,گزارش فعالیت ماهانه دوره ۱ ماهه منتهی به  ۱۴۰۲/۱۱/۳۰,۱۴۰۲/۱۲/۰۸ ۱۳:۲۴:۱۱,1157454,False,https://excel.codal.ir/service/Excel/GetAll/17epii59K4kOJwCmfIz5Zg%3d%3d/0,domestic,کلوخه سنگ آهن,تن,1401256.0,604806.0,16438274.0,9941967.0,1402-11,1402
کگهر,گهرزمین,iron_ore,1402/11/30,گزارش فعالیت ماهانه دوره ۱ ماهه منتهی به  ۱۴۰۲/۱۱/۳۰,۱۴۰۲/۱۲/۰۸ ۱۳:۲۴:۱۱,1157454,False,https://excel.codal.ir/service/Excel/GetAll/17epii59K4kOJwCmfIz5Zg%3d%3d/0,domestic,کنسانتره بورس کالا,تن,0.0,55988.0,38709206.0,2167251.0,1402-11,1402
کگهر,گهرزمین,iron_ore,1402/11/30,گزارش فعالیت ماهانه دوره ۱ ماهه منتهی به  ۱۴۰۲/۱۱/۳۰,۱۴۰۲/۱۲/۰۸ ۱۳:۲۴:۱۱,1157454,False,https://excel.codal.ir/service/Excel/GetAll/17epii59K4kOJwCmfIz5Zg%3d%3d/0,domestic,کنسانتره سنگ آهن,تن,655328.0,0.0,,0.0,1402-11,1402
کگهر,گهرزمین,iron_ore,1402/11/30,گزارش فعالیت ماهانه دوره ۱ ماهه منتهی به  ۱۴۰۲/۱۱/۳۰,۱۴۰۲/۱۲/۰۸ ۱۳:۲۴:۱۱,1157454,False,https://excel.codal.ir/service/Excel/GetAll/17epii59K4kOJwCmfIz5Zg%3d%3d/0,domestic,گندله,تن,471432.0,0.0,,0.0,1402-11,1402
کگهر,گهرزمین,iron_ore,1402/11/30,گزارش فعالیت ماهانه دوره ۱ ماهه منتهی به  ۱۴۰۲/۱۱/۳۰,۱۴۰۲/۱۲/۰۸ ۱۳:۲۴:۱۱,1157454,False,https://excel.codal.ir/service/Excel/GetAll/17epii59K4kOJwCmfIz5Zg%3d%3d/0,domestic,گندله بورس کالا,تن,0.0,844818.0,49126813.0,41503216.0,1402-11,1402
کگهر,گهرزمین,iron_ore,1402/11/30,گزارش فعالیت ماهانه دوره ۱ ماهه منتهی به  ۱۴۰۲/۱۱/۳۰,۱۴۰۲/۱۲/۰۸ ۱۳:۲۴:۱۱,1157454,False,https://excel.codal.ir/service/Excel/GetAll/17epii59K4kOJwCmfIz5Zg%3d%3d/0,export,گندله صادراتی,تن,0.0,107970.0,51025313.0,5509203.0,1402-11,1402
کگهر,گهرزمین,iron_ore,1402/12/29,گزارش فعالیت ماهانه دوره ۱ ماهه منتهی به  ۱۴۰۲/۱۲/۲۹(اصلاحیه),۱۴۰۳/۰۱/۳۰ ۲۱:۰۷:۱۱,1178857,True,https://excel.codal.ir/service/Excel/GetAll/wLyR90WZDMEqogyLBVLbRQ%3d%3d/0,domestic,سنگ آهن دانه بندی شده,تن,1020006.0,18403.0,16947509.0,311885.0,1402-12,1402
کگهر,گهرزمین,iron_ore,1402/12/29,گزارش فعالیت ماهانه دوره ۱ ماهه منتهی به  ۱۴۰۲/۱۲/۲۹(اصلاحیه),۱۴۰۳/۰۱/۳۰ ۲۱:۰۷:۱۱,1178857,True,https://excel.codal.ir/service/Excel/GetAll/wLyR90WZDMEqogyLBVLbRQ%3d%3d/0,export,سود سرمایه گذاری,,0.0,,0.0,0.0,1402-12,1402
کگهر,گهرزمین,iron_ore,1402/12/29,گزارش فعالیت ماهانه دوره ۱ ماهه منتهی به  ۱۴۰۲/۱۲/۲۹(اصلاحیه),۱۴۰۳/۰۱/۳۰ ۲۱:۰۷:۱۱,1178857,True,https://excel.codal.ir/service/Excel/GetAll/wLyR90WZDMEqogyLBVLbRQ%3d%3d/0,export,نرمه گندله صادراتی(گندله ریزدانه),تن,0.0,0.0,0.0,0.0,1402-12,1402
کگهر,گهرزمین,iron_ore,1402/12/29,گزارش فعالیت ماهانه دوره ۱ ماهه منتهی به  ۱۴۰۲/۱۲/۲۹(اصلاحیه),۱۴۰۳/۰۱/۳۰ ۲۱:۰۷:۱۱,1178857,True,https://excel.codal.ir/service/Excel/GetAll/wLyR90WZDMEqogyLBVLbRQ%3d%3d/0,domestic,کلوخه سنگ آهن,تن,1288407.0,511457.0,17965854.0,9188762.0,1402-12,1402
کگهر,گهرزمین,iron_ore,1402/12/29,گزارش فعالیت ماهانه دوره ۱ ماهه منتهی به  ۱۴۰۲/۱۲/۲۹(اصلاحیه),۱۴۰۳/۰۱/۳۰ ۲۱:۰۷:۱۱,1178857,True,https://excel.codal.ir/service/Excel/GetAll/wLyR90WZDMEqogyLBVLbRQ%3d%3d/0,domestic,کلوخه کم عیار,تن,,,,0.0,1402-12,1402
کگهر,گهرزمین,iron_ore,1402/12/29,گزارش فعالیت ماهانه دوره ۱ ماهه منتهی به  ۱۴۰۲/۱۲/۲۹(اصلاحیه),۱۴۰۳/۰۱/۳۰ ۲۱:۰۷:۱۱,1178857,True,https://excel.codal.ir/service/Excel/GetAll/wLyR90WZDMEqogyLBVLbRQ%3d%3d/0,domestic,کنسانتره بورس کالا,تن,0.0,93003.0,39950711.0,3715536.0,1402-12,1402
کگهر,گهرزمین,iron_ore,1402/12/29,گزارش فعالیت ماهانه دوره ۱ ماهه منتهی به  ۱۴۰۲/۱۲/۲۹(اصلاحیه),۱۴۰۳/۰۱/۳۰ ۲۱:۰۷:۱۱,1178857,True,https://excel.codal.ir/service/Excel/GetAll/wLyR90WZDMEqogyLBVLbRQ%3d%3d/0,domestic,کنسانتره سنگ آهن,تن,656760.0,0.0,,0.0,1402-12,1402
کگهر,گهرزمین,iron_ore,1402/12/29,گزارش فعالیت ماهانه دوره ۱ ماهه منتهی به  ۱۴۰۲/۱۲/۲۹(اصلاحیه),۱۴۰۳/۰۱/۳۰ ۲۱:۰۷:۱۱,1178857,True,https://excel.codal.ir/service/Excel/GetAll/wLyR90WZDMEqogyLBVLbRQ%3d%3d/0,domestic,گندله,تن,423524.0,0.0,,0.0,1402-12,1402
کگهر,گهرزمین,iron_ore,1402/12/29,گزارش فعالیت ماهانه دوره ۱ ماهه منتهی به  ۱۴۰۲/۱۲/۲۹(اصلاحیه),۱۴۰۳/۰۱/۳۰ ۲۱:۰۷:۱۱,1178857,True,https://excel.codal.ir/service/Excel/GetAll/wLyR90WZDMEqogyLBVLbRQ%3d%3d/0,domestic,گندله بورس کالا,تن,0.0,156903.0,54605935.0,8567835.0,1402-12,1402
کگهر,گهرزمین,iron_ore,1402/12/29,گزارش فعالیت ماهانه دوره ۱ ماهه منتهی به  ۱۴۰۲/۱۲/۲۹(اصلاحیه),۱۴۰۳/۰۱/۳۰ ۲۱:۰۷:۱۱,1178857,True,https://excel.codal.ir/service/Excel/GetAll/wLyR90WZDMEqogyLBVLbRQ%3d%3d/0,export,گندله صادراتی,تن,0.0,0.0,0.0,0.0,1402-12,1402
کگهر,گهرزمین,iron_ore,1403/01/31,گزارش فعالیت ماهانه دوره ۱ ماهه منتهی به  ۱۴۰۳/۰۱/۳۱(اصلاحیه),۱۴۰۳/۰۲/۰۴ ۱۶:۱۸:۲۶,1181781,True,https://excel.codal.ir/service/Excel/GetAll/fkNMV6pKvC2iuMfJC3QQQaQQQOOObOOOTw%3d%3d/0,domestic,سنگ آهن دانه بندی شده,تن,1020720.0,,,0.0,1403-01,1403
کگهر,گهرزمین,iron_ore,1403/01/31,گزارش فعالیت ماهانه دوره ۱ ماهه منتهی به  ۱۴۰۳/۰۱/۳۱(اصلاحیه),۱۴۰۳/۰۲/۰۴ ۱۶:۱۸:۲۶,1181781,True,https://excel.codal.ir/service/Excel/GetAll/fkNMV6pKvC2iuMfJC3QQQaQQQOOObOOOTw%3d%3d/0,export,سود سرمایه گذاری,,,,0.0,0.0,1403-01,1403
کگهر,گهرزمین,iron_ore,1403/01/31,گزارش فعالیت ماهانه دوره ۱ ماهه منتهی به  ۱۴۰۳/۰۱/۳۱(اصلاحیه),۱۴۰۳/۰۲/۰۴ ۱۶:۱۸:۲۶,1181781,True,https://excel.codal.ir/service/Excel/GetAll/fkNMV6pKvC2iuMfJC3QQQaQQQOOObOOOTw%3d%3d/0,export,نرمه گندله صادراتی(گندله ریزدانه),تن,,,0.0,0.0,1403-01,1403
کگهر,گهرزمین,iron_ore,1403/01/31,گزارش فعالیت ماهانه دوره ۱ ماهه منتهی به  ۱۴۰۳/۰۱/۳۱(اصلاحیه),۱۴۰۳/۰۲/۰۴ ۱۶:۱۸:۲۶,1181781,True,https://excel.codal.ir/service/Excel/GetAll/fkNMV6pKvC2iuMfJC3QQQaQQQOOObOOOTw%3d%3d/0,domestic,کلوخه سنگ آهن,تن,1236276.0,310960.0,18310361.0,5693790.0,1403-01,1403
کگهر,گهرزمین,iron_ore,1403/01/31,گزارش فعالیت ماهانه دوره ۱ ماهه منتهی به  ۱۴۰۳/۰۱/۳۱(اصلاحیه),۱۴۰۳/۰۲/۰۴ ۱۶:۱۸:۲۶,1181781,True,https://excel.codal.ir/service/Excel/GetAll/fkNMV6pKvC2iuMfJC3QQQaQQQOOObOOOTw%3d%3d/0,domestic,کلوخه کم عیار,تن,,,,0.0,1403-01,1403
کگهر,گهرزمین,iron_ore,1403/01/31,گزارش فعالیت ماهانه دوره ۱ ماهه منتهی به  ۱۴۰۳/۰۱/۳۱(اصلاحیه),۱۴۰۳/۰۲/۰۴ ۱۶:۱۸:۲۶,1181781,True,https://excel.codal.ir/service/Excel/GetAll/fkNMV6pKvC2iuMfJC3QQQaQQQOOObOOOTw%3d%3d/0,domestic,کنسانتره بورس کالا,تن,,107155.0,41563119.0,4453696.0,1403-01,1403
کگهر,گهرزمین,iron_ore,1403/01/31,گزارش فعالیت ماهانه دوره ۱ ماهه منتهی به  ۱۴۰۳/۰۱/۳۱(اصلاحیه),۱۴۰۳/۰۲/۰۴ ۱۶:۱۸:۲۶,1181781,True,https://excel.codal.ir/service/Excel/GetAll/fkNMV6pKvC2iuMfJC3QQQaQQQOOObOOOTw%3d%3d/0,domestic,کنسانتره سنگ آهن,تن,663518.0,33919.0,43279784.0,1468007.0,1403-01,1403
کگهر,گهرزمین,iron_ore,1403/01/31,گزارش فعالیت ماهانه دوره ۱ ماهه منتهی به  ۱۴۰۳/۰۱/۳۱(اصلاحیه),۱۴۰۳/۰۲/۰۴ ۱۶:۱۸:۲۶,1181781,True,https://excel.codal.ir/service/Excel/GetAll/fkNMV6pKvC2iuMfJC3QQQaQQQOOObOOOTw%3d%3d/0,domestic,گندله,تن,528722.0,,,0.0,1403-01,1403
کگهر,گهرزمین,iron_ore,1403/01/31,گزارش فعالیت ماهانه دوره ۱ ماهه منتهی به  ۱۴۰۳/۰۱/۳۱(اصلاحیه),۱۴۰۳/۰۲/۰۴ ۱۶:۱۸:۲۶,1181781,True,https://excel.codal.ir/service/Excel/GetAll/fkNMV6pKvC2iuMfJC3QQQaQQQOOObOOOTw%3d%3d/0,domestic,گندله بورس کالا,تن,,410000.0,53144888.0,21789404.0,1403-01,1403
کگهر,گهرزمین,iron_ore,1403/01/31,گزارش فعالیت ماهانه دوره ۱ ماهه منتهی به  ۱۴۰۳/۰۱/۳۱(اصلاحیه),۱۴۰۳/۰۲/۰۴ ۱۶:۱۸:۲۶,1181781,True,https://excel.codal.ir/service/Excel/GetAll/fkNMV6pKvC2iuMfJC3QQQaQQQOOObOOOTw%3d%3d/0,export,گندله صادراتی,تن,,43984.0,43733539.0,1923576.0,1403-01,1403
کگهر,گهرزمین,iron_ore,1403/03/31,گزارش فعالیت ماهانه دوره ۱ ماهه منتهی به  ۱۴۰۳/۰۳/۳۱(اصلاحیه),۱۴۰۳/۰۶/۱۲ ۰۱:۵۵:۵۰,1242785,True,https://excel.codal.ir/service/Excel/GetAll/M2lHcvgpYdvw2f9K8iTXkQ%3d%3d/0,domestic,سنگ آهن دانه بندی شده,تن,1021743.0,169365.0,18079887.0,3062100.0,1403-03,1403
کگهر,گهرزمین,iron_ore,1403/03/31,گزارش فعالیت ماهانه دوره ۱ ماهه منتهی به  ۱۴۰۳/۰۳/۳۱(اصلاحیه),۱۴۰۳/۰۶/۱۲ ۰۱:۵۵:۵۰,1242785,True,https://excel.codal.ir/service/Excel/GetAll/M2lHcvgpYdvw2f9K8iTXkQ%3d%3d/0,export,سود سرمایه گذاری,,,,0.0,1130375.0,1403-03,1403
کگهر,گهرزمین,iron_ore,1403/03/31,گزارش فعالیت ماهانه دوره ۱ ماهه منتهی به  ۱۴۰۳/۰۳/۳۱(اصلاحیه),۱۴۰۳/۰۶/۱۲ ۰۱:۵۵:۵۰,1242785,True,https://excel.codal.ir/service/Excel/GetAll/M2lHcvgpYdvw2f9K8iTXkQ%3d%3d/0,export,نرمه گندله صادراتی(گندله ریزدانه),تن,,,0.0,0.0,1403-03,1403
کگهر,گهرزمین,iron_ore,1403/03/31,گزارش فعالیت ماهانه دوره ۱ ماهه منتهی به  ۱۴۰۳/۰۳/۳۱(اصلاحیه),۱۴۰۳/۰۶/۱۲ ۰۱:۵۵:۵۰,1242785,True,https://excel.codal.ir/service/Excel/GetAll/M2lHcvgpYdvw2f9K8iTXkQ%3d%3d/0,domestic,کلوخه سنگ آهن,تن,1579754.0,586308.0,17923462.0,10508669.0,1403-03,1403
کگهر,گهرزمین,iron_ore,1403/03/31,گزارش فعالیت ماهانه دوره ۱ ماهه منتهی به  ۱۴۰۳/۰۳/۳۱(اصلاحیه),۱۴۰۳/۰۶/۱۲ ۰۱:۵۵:۵۰,1242785,True,https://excel.codal.ir/service/Excel/GetAll/M2lHcvgpYdvw2f9K8iTXkQ%3d%3d/0,domestic,کلوخه کم عیار,تن,,,,0.0,1403-03,1403
کگهر,گهرزمین,iron_ore,1403/03/31,گزارش فعالیت ماهانه دوره ۱ ماهه منتهی به  ۱۴۰۳/۰۳/۳۱(اصلاحیه),۱۴۰۳/۰۶/۱۲ ۰۱:۵۵:۵۰,1242785,True,https://excel.codal.ir/service/Excel/GetAll/M2lHcvgpYdvw2f9K8iTXkQ%3d%3d/0,domestic,کنسانتره بورس کالا,تن,0.0,156365.0,43406076.0,6787191.0,1403-03,1403
کگهر,گهرزمین,iron_ore,1403/03/31,گزارش فعالیت ماهانه دوره ۱ ماهه منتهی به  ۱۴۰۳/۰۳/۳۱(اصلاحیه),۱۴۰۳/۰۶/۱۲ ۰۱:۵۵:۵۰,1242785,True,https://excel.codal.ir/service/Excel/GetAll/M2lHcvgpYdvw2f9K8iTXkQ%3d%3d/0,domestic,کنسانتره سنگ آهن,تن,666821.0,,,0.0,1403-03,1403
کگهر,گهرزمین,iron_ore,1403/03/31,گزارش فعالیت ماهانه دوره ۱ ماهه منتهی به  ۱۴۰۳/۰۳/۳۱(اصلاحیه),۱۴۰۳/۰۶/۱۲ ۰۱:۵۵:۵۰,1242785,True,https://excel.codal.ir/service/Excel/GetAll/M2lHcvgpYdvw2f9K8iTXkQ%3d%3d/0,domestic,گندله,تن,532014.0,0.0,,0.0,1403-03,1403
کگهر,گهرزمین,iron_ore,1403/03/31,گزارش فعالیت ماهانه دوره ۱ ماهه منتهی به  ۱۴۰۳/۰۳/۳۱(اصلاحیه),۱۴۰۳/۰۶/۱۲ ۰۱:۵۵:۵۰,1242785,True,https://excel.codal.ir/service/Excel/GetAll/M2lHcvgpYdvw2f9K8iTXkQ%3d%3d/0,domestic,گندله بورس کالا,تن,0.0,456000.0,55465969.0,25292482.0,1403-03,1403
کگهر,گهرزمین,iron_ore,1403/03/31,گزارش فعالیت ماهانه دوره ۱ ماهه منتهی به  ۱۴۰۳/۰۳/۳۱(اصلاحیه),۱۴۰۳/۰۶/۱۲ ۰۱:۵۵:۵۰,1242785,True,https://excel.codal.ir/service/Excel/GetAll/M2lHcvgpYdvw2f9K8iTXkQ%3d%3d/0,export,گندله صادراتی,تن,0.0,53985.0,50984496.0,2752398.0,1403-03,1403
کگهر,گهرزمین,iron_ore,1403/04/31,گزارش فعالیت ماهانه دوره ۱ ماهه منتهی به  ۱۴۰۳/۰۴/۳۱(اصلاحیه),۱۴۰۳/۰۷/۰۴ ۱۵:۵۲:۲۹,1250242,True,https://excel.codal.ir/service/Excel/GetAll/S7UdWAK6S2vZQQQaQQQELqRTGAfw%3d%3d/0,domestic,سنگ آهن دانه بندی شده,تن,1021890.0,52740.0,16776375.0,884786.0,1403-04,1403
کگهر,گهرزمین,iron_ore,1403/04/31,گزارش فعالیت ماهانه دوره ۱ ماهه منتهی به  ۱۴۰۳/۰۴/۳۱(اصلاحیه),۱۴۰۳/۰۷/۰۴ ۱۵:۵۲:۲۹,1250242,True,https://excel.codal.ir/service/Excel/GetAll/S7UdWAK6S2vZQQQaQQQELqRTGAfw%3d%3d/0,export,سود سرمایه گذاری,,,,0.0,0.0,1403-04,1403
کگهر,گهرزمین,iron_ore,1403/04/31,گزارش فعالیت ماهانه دوره ۱ ماهه منتهی به  ۱۴۰۳/۰۴/۳۱(اصلاحیه),۱۴۰۳/۰۷/۰۴ ۱۵:۵۲:۲۹,1250242,True,https://excel.codal.ir/service/Excel/GetAll/S7UdWAK6S2vZQQQaQQQELqRTGAfw%3d%3d/0,export,نرمه گندله صادراتی(گندله ریزدانه),تن,0.0,0.0,0.0,0.0,1403-04,1403
کگهر,گهرزمین,iron_ore,1403/04/31,گزارش فعالیت ماهانه دوره ۱ ماهه منتهی به  ۱۴۰۳/۰۴/۳۱(اصلاحیه),۱۴۰۳/۰۷/۰۴ ۱۵:۵۲:۲۹,1250242,True,https://excel.codal.ir/service/Excel/GetAll/S7UdWAK6S2vZQQQaQQQELqRTGAfw%3d%3d/0,domestic,کلوخه سنگ آهن,تن,1086229.0,280499.0,15125519.0,4242693.0,1403-04,1403
کگهر,گهرزمین,iron_ore,1403/04/31,گزارش فعالیت ماهانه دوره ۱ ماهه منتهی به  ۱۴۰۳/۰۴/۳۱(اصلاحیه),۱۴۰۳/۰۷/۰۴ ۱۵:۵۲:۲۹,1250242,True,https://excel.codal.ir/service/Excel/GetAll/S7UdWAK6S2vZQQQaQQQELqRTGAfw%3d%3d/0,domestic,کلوخه کم عیار,تن,0.0,0.0,,0.0,1403-04,1403
کگهر,گهرزمین,iron_ore,1403/04/31,گزارش فعالیت ماهانه دوره ۱ ماهه منتهی به  ۱۴۰۳/۰۴/۳۱(اصلاحیه),۱۴۰۳/۰۷/۰۴ ۱۵:۵۲:۲۹,1250242,True,https://excel.codal.ir/service/Excel/GetAll/S7UdWAK6S2vZQQQaQQQELqRTGAfw%3d%3d/0,domestic,کنسانتره بورس کالا,تن,0.0,65341.0,42110742.0,2751558.0,1403-04,1403
کگهر,گهرزمین,iron_ore,1403/04/31,گزارش فعالیت ماهانه دوره ۱ ماهه منتهی به  ۱۴۰۳/۰۴/۳۱(اصلاحیه),۱۴۰۳/۰۷/۰۴ ۱۵:۵۲:۲۹,1250242,True,https://excel.codal.ir/service/Excel/GetAll/S7UdWAK6S2vZQQQaQQQELqRTGAfw%3d%3d/0,domestic,کنسانتره سنگ آهن,تن,668015.0,0.0,,0.0,1403-04,1403
کگهر,گهرزمین,iron_ore,1403/04/31,گزارش فعالیت ماهانه دوره ۱ ماهه منتهی به  ۱۴۰۳/۰۴/۳۱(اصلاحیه),۱۴۰۳/۰۷/۰۴ ۱۵:۵۲:۲۹,1250242,True,https://excel.codal.ir/service/Excel/GetAll/S7UdWAK6S2vZQQQaQQQELqRTGAfw%3d%3d/0,domestic,گندله,تن,532824.0,0.0,,0.0,1403-04,1403
کگهر,گهرزمین,iron_ore,1403/04/31,گزارش فعالیت ماهانه دوره ۱ ماهه منتهی به  ۱۴۰۳/۰۴/۳۱(اصلاحیه),۱۴۰۳/۰۷/۰۴ ۱۵:۵۲:۲۹,1250242,True,https://excel.codal.ir/service/Excel/GetAll/S7UdWAK6S2vZQQQaQQQELqRTGAfw%3d%3d/0,domestic,گندله اختلاطی,تن,0.0,2000.0,41000000.0,82000.0,1403-04,1403
کگهر,گهرزمین,iron_ore,1403/04/31,گزارش فعالیت ماهانه دوره ۱ ماهه منتهی به  ۱۴۰۳/۰۴/۳۱(اصلاحیه),۱۴۰۳/۰۷/۰۴ ۱۵:۵۲:۲۹,1250242,True,https://excel.codal.ir/service/Excel/GetAll/S7UdWAK6S2vZQQQaQQQELqRTGAfw%3d%3d/0,domestic,گندله بورس کالا,تن,0.0,220000.0,56143718.0,12351618.0,1403-04,1403
کگهر,گهرزمین,iron_ore,1403/04/31,گزارش فعالیت ماهانه دوره ۱ ماهه منتهی به  ۱۴۰۳/۰۴/۳۱(اصلاحیه),۱۴۰۳/۰۷/۰۴ ۱۵:۵۲:۲۹,1250242,True,https://excel.codal.ir/service/Excel/GetAll/S7UdWAK6S2vZQQQaQQQELqRTGAfw%3d%3d/0,export,گندله صادراتی,تن,,107937.0,51534154.0,5562442.0,1403-04,1403
کگهر,گهرزمین,iron_ore,1403/05/31,گزارش فعالیت ماهانه دوره ۱ ماهه منتهی به  ۱۴۰۳/۰۵/۳۱(اصلاحیه),۱۴۰۳/۰۷/۰۴ ۱۶:۰۳:۳۷,1250467,True,https://excel.codal.ir/service/Excel/GetAll/LLrsEJCSBeQ7RJ7i3tIZJg%3d%3d/0,domestic,سنگ آهن دانه بندی شده,تن,1022129.0,1674.0,20100358.0,33648.0,1403-05,1403
کگهر,گهرزمین,iron_ore,1403/05/31,گزارش فعالیت ماهانه دوره ۱ ماهه منتهی به  ۱۴۰۳/۰۵/۳۱(اصلاحیه),۱۴۰۳/۰۷/۰۴ ۱۶:۰۳:۳۷,1250467,True,https://excel.codal.ir/service/Excel/GetAll/LLrsEJCSBeQ7RJ7i3tIZJg%3d%3d/0,export,سود سرمایه گذاری,,0.0,0.0,0.0,0.0,1403-05,1403
کگهر,گهرزمین,iron_ore,1403/05/31,گزارش فعالیت ماهانه دوره ۱ ماهه منتهی به  ۱۴۰۳/۰۵/۳۱(اصلاحیه),۱۴۰۳/۰۷/۰۴ ۱۶:۰۳:۳۷,1250467,True,https://excel.codal.ir/service/Excel/GetAll/LLrsEJCSBeQ7RJ7i3tIZJg%3d%3d/0,export,نرمه گندله صادراتی(گندله ریزدانه),تن,0.0,41999.0,35575704.0,1494144.0,1403-05,1403
کگهر,گهرزمین,iron_ore,1403/05/31,گزارش فعالیت ماهانه دوره ۱ ماهه منتهی به  ۱۴۰۳/۰۵/۳۱(اصلاحیه),۱۴۰۳/۰۷/۰۴ ۱۶:۰۳:۳۷,1250467,True,https://excel.codal.ir/service/Excel/GetAll/LLrsEJCSBeQ7RJ7i3tIZJg%3d%3d/0,domestic,کلوخه سنگ آهن,تن,1314120.0,289480.0,17230734.0,4987953.0,1403-05,1403
کگهر,گهرزمین,iron_ore,1403/05/31,گزارش فعالیت ماهانه دوره ۱ ماهه منتهی به  ۱۴۰۳/۰۵/۳۱(اصلاحیه),۱۴۰۳/۰۷/۰۴ ۱۶:۰۳:۳۷,1250467,True,https://excel.codal.ir/service/Excel/GetAll/LLrsEJCSBeQ7RJ7i3tIZJg%3d%3d/0,domestic,کلوخه کم عیار,تن,,,,0.0,1403-05,1403
کگهر,گهرزمین,iron_ore,1403/05/31,گزارش فعالیت ماهانه دوره ۱ ماهه منتهی به  ۱۴۰۳/۰۵/۳۱(اصلاحیه),۱۴۰۳/۰۷/۰۴ ۱۶:۰۳:۳۷,1250467,True,https://excel.codal.ir/service/Excel/GetAll/LLrsEJCSBeQ7RJ7i3tIZJg%3d%3d/0,domestic,کنسانتره بورس کالا,تن,0.0,187676.0,42124955.0,7905843.0,1403-05,1403
کگهر,گهرزمین,iron_ore,1403/05/31,گزارش فعالیت ماهانه دوره ۱ ماهه منتهی به  ۱۴۰۳/۰۵/۳۱(اصلاحیه),۱۴۰۳/۰۷/۰۴ ۱۶:۰۳:۳۷,1250467,True,https://excel.codal.ir/service/Excel/GetAll/LLrsEJCSBeQ7RJ7i3tIZJg%3d%3d/0,domestic,کنسانتره سنگ آهن,تن,673759.0,0.0,,0.0,1403-05,1403
کگهر,گهرزمین,iron_ore,1403/05/31,گزارش فعالیت ماهانه دوره ۱ ماهه منتهی به  ۱۴۰۳/۰۵/۳۱(اصلاحیه),۱۴۰۳/۰۷/۰۴ ۱۶:۰۳:۳۷,1250467,True,https://excel.codal.ir/service/Excel/GetAll/LLrsEJCSBeQ7RJ7i3tIZJg%3d%3d/0,domestic,گندله,تن,540001.0,0.0,,0.0,1403-05,1403
کگهر,گهرزمین,iron_ore,1403/05/31,گزارش فعالیت ماهانه دوره ۱ ماهه منتهی به  ۱۴۰۳/۰۵/۳۱(اصلاحیه),۱۴۰۳/۰۷/۰۴ ۱۶:۰۳:۳۷,1250467,True,https://excel.codal.ir/service/Excel/GetAll/LLrsEJCSBeQ7RJ7i3tIZJg%3d%3d/0,domestic,گندله اختلاطی,تن,0.0,0.0,,0.0,1403-05,1403
کگهر,گهرزمین,iron_ore,1403/05/31,گزارش فعالیت ماهانه دوره ۱ ماهه منتهی به  ۱۴۰۳/۰۵/۳۱(اصلاحیه),۱۴۰۳/۰۷/۰۴ ۱۶:۰۳:۳۷,1250467,True,https://excel.codal.ir/service/Excel/GetAll/LLrsEJCSBeQ7RJ7i3tIZJg%3d%3d/0,domestic,گندله بورس کالا,تن,0.0,380000.0,55475297.0,21080613.0,1403-05,1403
کگهر,گهرزمین,iron_ore,1403/05/31,گزارش فعالیت ماهانه دوره ۱ ماهه منتهی به  ۱۴۰۳/۰۵/۳۱(اصلاحیه),۱۴۰۳/۰۷/۰۴ ۱۶:۰۳:۳۷,1250467,True,https://excel.codal.ir/service/Excel/GetAll/LLrsEJCSBeQ7RJ7i3tIZJg%3d%3d/0,export,گندله صادراتی,تن,0.0,161966.0,50259746.0,8140370.0,1403-05,1403
کگهر,گهرزمین,iron_ore,1403/06/31,گزارش فعالیت ماهانه دوره ۱ ماهه منتهی به  ۱۴۰۳/۰۶/۳۱(اصلاحیه),۱۴۰۳/۰۷/۳۰ ۱۲:۱۳:۲۳,1259095,True,https://excel.codal.ir/service/Excel/GetAll/QQQaQQQcbHczsAhn0V7RDgnNCfBA%3d%3d/0,domestic,سنگ آهن دانه بندی شده,تن,1022815.0,41661.0,17695207.0,737200.0,1403-06,1403
کگهر,گهرزمین,iron_ore,1403/06/31,گزارش فعالیت ماهانه دوره ۱ ماهه منتهی به  ۱۴۰۳/۰۶/۳۱(اصلاحیه),۱۴۰۳/۰۷/۳۰ ۱۲:۱۳:۲۳,1259095,True,https://excel.codal.ir/service/Excel/GetAll/QQQaQQQcbHczsAhn0V7RDgnNCfBA%3d%3d/0,export,سود سرمایه گذاری,,,,0.0,8057.0,1403-06,1403
کگهر,گهرزمین,iron_ore,1403/06/31,گزارش فعالیت ماهانه دوره ۱ ماهه منتهی به  ۱۴۰۳/۰۶/۳۱(اصلاحیه),۱۴۰۳/۰۷/۳۰ ۱۲:۱۳:۲۳,1259095,True,https://excel.codal.ir/service/Excel/GetAll/QQQaQQQcbHczsAhn0V7RDgnNCfBA%3d%3d/0,export,نرمه گندله صادراتی(گندله ریزدانه),تن,,,0.0,0.0,1403-06,1403
کگهر,گهرزمین,iron_ore,1403/06/31,گزارش فعالیت ماهانه دوره ۱ ماهه منتهی به  ۱۴۰۳/۰۶/۳۱(اصلاحیه),۱۴۰۳/۰۷/۳۰ ۱۲:۱۳:۲۳,1259095,True,https://excel.codal.ir/service/Excel/GetAll/QQQaQQQcbHczsAhn0V7RDgnNCfBA%3d%3d/0,domestic,کلوخه سنگ آهن,تن,1272891.0,181855.0,15405961.0,2801651.0,1403-06,1403
کگهر,گهرزمین,iron_ore,1403/06/31,گزارش فعالیت ماهانه دوره ۱ ماهه منتهی به  ۱۴۰۳/۰۶/۳۱(اصلاحیه),۱۴۰۳/۰۷/۳۰ ۱۲:۱۳:۲۳,1259095,True,https://excel.codal.ir/service/Excel/GetAll/QQQaQQQcbHczsAhn0V7RDgnNCfBA%3d%3d/0,domestic,کلوخه کم عیار,تن,,,,0.0,1403-06,1403
کگهر,گهرزمین,iron_ore,1403/06/31,گزارش فعالیت ماهانه دوره ۱ ماهه منتهی به  ۱۴۰۳/۰۶/۳۱(اصلاحیه),۱۴۰۳/۰۷/۳۰ ۱۲:۱۳:۲۳,1259095,True,https://excel.codal.ir/service/Excel/GetAll/QQQaQQQcbHczsAhn0V7RDgnNCfBA%3d%3d/0,domestic,کنسانتره بورس کالا,تن,,92120.0,43491891.0,4006473.0,1403-06,1403
کگهر,گهرزمین,iron_ore,1403/06/31,گزارش فعالیت ماهانه دوره ۱ ماهه منتهی به  ۱۴۰۳/۰۶/۳۱(اصلاحیه),۱۴۰۳/۰۷/۳۰ ۱۲:۱۳:۲۳,1259095,True,https://excel.codal.ir/service/Excel/GetAll/QQQaQQQcbHczsAhn0V7RDgnNCfBA%3d%3d/0,domestic,کنسانتره سنگ آهن,تن,674540.0,,,0.0,1403-06,1403
کگهر,گهرزمین,iron_ore,1403/06/31,گزارش فعالیت ماهانه دوره ۱ ماهه منتهی به  ۱۴۰۳/۰۶/۳۱(اصلاحیه),۱۴۰۳/۰۷/۳۰ ۱۲:۱۳:۲۳,1259095,True,https://excel.codal.ir/service/Excel/GetAll/QQQaQQQcbHczsAhn0V7RDgnNCfBA%3d%3d/0,export,کنسانتره سنگ آهن صادراتی,تن,,25.0,55600000.0,1390.0,1403-06,1403
کگهر,گهرزمین,iron_ore,1403/06/31,گزارش فعالیت ماهانه دوره ۱ ماهه منتهی به  ۱۴۰۳/۰۶/۳۱(اصلاحیه),۱۴۰۳/۰۷/۳۰ ۱۲:۱۳:۲۳,1259095,True,https://excel.codal.ir/service/Excel/GetAll/QQQaQQQcbHczsAhn0V7RDgnNCfBA%3d%3d/0,domestic,گندله,تن,509368.0,2000.0,45184500.0,90369.0,1403-06,1403
کگهر,گهرزمین,iron_ore,1403/06/31,گزارش فعالیت ماهانه دوره ۱ ماهه منتهی به  ۱۴۰۳/۰۶/۳۱(اصلاحیه),۱۴۰۳/۰۷/۳۰ ۱۲:۱۳:۲۳,1259095,True,https://excel.codal.ir/service/Excel/GetAll/QQQaQQQcbHczsAhn0V7RDgnNCfBA%3d%3d/0,domestic,گندله اختلاطی,تن,,,,0.0,1403-06,1403
کگهر,گهرزمین,iron_ore,1403/06/31,گزارش فعالیت ماهانه دوره ۱ ماهه منتهی به  ۱۴۰۳/۰۶/۳۱(اصلاحیه),۱۴۰۳/۰۷/۳۰ ۱۲:۱۳:۲۳,1259095,True,https://excel.codal.ir/service/Excel/GetAll/QQQaQQQcbHczsAhn0V7RDgnNCfBA%3d%3d/0,domestic,گندله بورس کالا,تن,,485000.0,57018221.0,27653837.0,1403-06,1403
کگهر,گهرزمین,iron_ore,1403/06/31,گزارش فعالیت ماهانه دوره ۱ ماهه منتهی به  ۱۴۰۳/۰۶/۳۱(اصلاحیه),۱۴۰۳/۰۷/۳۰ ۱۲:۱۳:۲۳,1259095,True,https://excel.codal.ir/service/Excel/GetAll/QQQaQQQcbHczsAhn0V7RDgnNCfBA%3d%3d/0,export,گندله صادراتی,تن,,26.0,63923077.0,1662.0,1403-06,1403
کگهر,گهرزمین,iron_ore,1403/07/30,گزارش فعالیت ماهانه دوره ۱ ماهه منتهی به  ۱۴۰۳/۰۷/۳۰,۱۴۰۳/۰۸/۰۶ ۱۸:۳۰:۰۲,1260271,False,https://excel.codal.ir/service/Excel/GetAll/ICdWGgxENWDC9fkAQQQaQQQVHbGA%3d%3d/0,domestic,سنگ آهن دانه بندی شده,تن,1022963.0,82986.0,15155520.0,1257696.0,1403-07,1403
کگهر,گهرزمین,iron_ore,1403/07/30,گزارش فعالیت ماهانه دوره ۱ ماهه منتهی به  ۱۴۰۳/۰۷/۳۰,۱۴۰۳/۰۸/۰۶ ۱۸:۳۰:۰۲,1260271,False,https://excel.codal.ir/service/Excel/GetAll/ICdWGgxENWDC9fkAQQQaQQQVHbGA%3d%3d/0,export,سود سرمایه گذاری,,,,0.0,0.0,1403-07,1403
کگهر,گهرزمین,iron_ore,1403/07/30,گزارش فعالیت ماهانه دوره ۱ ماهه منتهی به  ۱۴۰۳/۰۷/۳۰,۱۴۰۳/۰۸/۰۶ ۱۸:۳۰:۰۲,1260271,False,https://excel.codal.ir/service/Excel/GetAll/ICdWGgxENWDC9fkAQQQaQQQVHbGA%3d%3d/0,export,نرمه گندله صادراتی(گندله ریزدانه),تن,0.0,0.0,0.0,0.0,1403-07,1403
کگهر,گهرزمین,iron_ore,1403/07/30,گزارش فعالیت ماهانه دوره ۱ ماهه منتهی به  ۱۴۰۳/۰۷/۳۰,۱۴۰۳/۰۸/۰۶ ۱۸:۳۰:۰۲,1260271,False,https://excel.codal.ir/service/Excel/GetAll/ICdWGgxENWDC9fkAQQQaQQQVHbGA%3d%3d/0,domestic,کلوخه سنگ آهن,تن,1353798.0,468725.0,15317980.0,7179920.0,1403-07,1403
کگهر,گهرزمین,iron_ore,1403/07/30,گزارش فعالیت ماهانه دوره ۱ ماهه منتهی به  ۱۴۰۳/۰۷/۳۰,۱۴۰۳/۰۸/۰۶ ۱۸:۳۰:۰۲,1260271,False,https://excel.codal.ir/service/Excel/GetAll/ICdWGgxENWDC9fkAQQQaQQQVHbGA%3d%3d/0,domestic,کلوخه کم عیار,تن,0.0,0.0,,0.0,1403-07,1403
کگهر,گهرزمین,iron_ore,1403/07/30,گزارش فعالیت ماهانه دوره ۱ ماهه منتهی به  ۱۴۰۳/۰۷/۳۰,۱۴۰۳/۰۸/۰۶ ۱۸:۳۰:۰۲,1260271,False,https://excel.codal.ir/service/Excel/GetAll/ICdWGgxENWDC9fkAQQQaQQQVHbGA%3d%3d/0,domestic,کنسانتره بورس کالا,تن,0.0,84198.0,45324675.0,3816247.0,1403-07,1403
کگهر,گهرزمین,iron_ore,1403/07/30,گزارش فعالیت ماهانه دوره ۱ ماهه منتهی به  ۱۴۰۳/۰۷/۳۰,۱۴۰۳/۰۸/۰۶ ۱۸:۳۰:۰۲,1260271,False,https://excel.codal.ir/service/Excel/GetAll/ICdWGgxENWDC9fkAQQQaQQQVHbGA%3d%3d/0,domestic,کنسانتره سنگ آهن,تن,675999.0,0.0,,0.0,1403-07,1403
کگهر,گهرزمین,iron_ore,1403/07/30,گزارش فعالیت ماهانه دوره ۱ ماهه منتهی به  ۱۴۰۳/۰۷/۳۰,۱۴۰۳/۰۸/۰۶ ۱۸:۳۰:۰۲,1260271,False,https://excel.codal.ir/service/Excel/GetAll/ICdWGgxENWDC9fkAQQQaQQQVHbGA%3d%3d/0,export,کنسانتره سنگ آهن صادراتی,تن,,,0.0,0.0,1403-07,1403
کگهر,گهرزمین,iron_ore,1403/07/30,گزارش فعالیت ماهانه دوره ۱ ماهه منتهی به  ۱۴۰۳/۰۷/۳۰,۱۴۰۳/۰۸/۰۶ ۱۸:۳۰:۰۲,1260271,False,https://excel.codal.ir/service/Excel/GetAll/ICdWGgxENWDC9fkAQQQaQQQVHbGA%3d%3d/0,domestic,گندله,تن,543011.0,72653.0,53385077.0,3878586.0,1403-07,1403
کگهر,گهرزمین,iron_ore,1403/07/30,گزارش فعالیت ماهانه دوره ۱ ماهه منتهی به  ۱۴۰۳/۰۷/۳۰,۱۴۰۳/۰۸/۰۶ ۱۸:۳۰:۰۲,1260271,False,https://excel.codal.ir/service/Excel/GetAll/ICdWGgxENWDC9fkAQQQaQQQVHbGA%3d%3d/0,domestic,گندله اختلاطی,تن,,,,0.0,1403-07,1403
کگهر,گهرزمین,iron_ore,1403/07/30,گزارش فعالیت ماهانه دوره ۱ ماهه منتهی به  ۱۴۰۳/۰۷/۳۰,۱۴۰۳/۰۸/۰۶ ۱۸:۳۰:۰۲,1260271,False,https://excel.codal.ir/service/Excel/GetAll/ICdWGgxENWDC9fkAQQQaQQQVHbGA%3d%3d/0,domestic,گندله بورس کالا,تن,0.0,730000.0,58339851.0,42588091.0,1403-07,1403
کگهر,گهرزمین,iron_ore,1403/07/30,گزارش فعالیت ماهانه دوره ۱ ماهه منتهی به  ۱۴۰۳/۰۷/۳۰,۱۴۰۳/۰۸/۰۶ ۱۸:۳۰:۰۲,1260271,False,https://excel.codal.ir/service/Excel/GetAll/ICdWGgxENWDC9fkAQQQaQQQVHbGA%3d%3d/0,export,گندله صادراتی,تن,,118717.0,44493939.0,5282187.0,1403-07,1403
کگهر,گهرزمین,iron_ore,1403/08/30,گزارش فعالیت ماهانه دوره ۱ ماهه منتهی به  ۱۴۰۳/۰۸/۳۰,۱۴۰۳/۰۹/۰۶ ۱۸:۵۳:۵۱,1274878,False,https://excel.codal.ir/service/Excel/GetAll/OOObOOO3GT1L4GI49pzpVNSP0Pog%3d%3d/0,domestic,سنگ آهن دانه بندی شده,تن,1023167.0,82573.0,19384278.0,1600618.0,1403-08,1403
کگهر,گهرزمین,iron_ore,1403/08/30,گزارش فعالیت ماهانه دوره ۱ ماهه منتهی به  ۱۴۰۳/۰۸/۳۰,۱۴۰۳/۰۹/۰۶ ۱۸:۵۳:۵۱,1274878,False,https://excel.codal.ir/service/Excel/GetAll/OOObOOO3GT1L4GI49pzpVNSP0Pog%3d%3d/0,export,سود سرمایه گذاری,,,,0.0,0.0,1403-08,1403
کگهر,گهرزمین,iron_ore,1403/08/30,گزارش فعالیت ماهانه دوره ۱ ماهه منتهی به  ۱۴۰۳/۰۸/۳۰,۱۴۰۳/۰۹/۰۶ ۱۸:۵۳:۵۱,1274878,False,https://excel.codal.ir/service/Excel/GetAll/OOObOOO3GT1L4GI49pzpVNSP0Pog%3d%3d/0,export,نرمه گندله صادراتی(گندله ریزدانه),تن,0.0,0.0,0.0,0.0,1403-08,1403
کگهر,گهرزمین,iron_ore,1403/08/30,گزارش فعالیت ماهانه دوره ۱ ماهه منتهی به  ۱۴۰۳/۰۸/۳۰,۱۴۰۳/۰۹/۰۶ ۱۸:۵۳:۵۱,1274878,False,https://excel.codal.ir/service/Excel/GetAll/OOObOOO3GT1L4GI49pzpVNSP0Pog%3d%3d/0,domestic,کلوخه سنگ آهن,تن,1533458.0,582660.0,17345327.0,10106428.0,1403-08,1403
کگهر,گهرزمین,iron_ore,1403/08/30,گزارش فعالیت ماهانه دوره ۱ ماهه منتهی به  ۱۴۰۳/۰۸/۳۰,۱۴۰۳/۰۹/۰۶ ۱۸:۵۳:۵۱,1274878,False,https://excel.codal.ir/service/Excel/GetAll/OOObOOO3GT1L4GI49pzpVNSP0Pog%3d%3d/0,domestic,کلوخه کم عیار,تن,0.0,0.0,,0.0,1403-08,1403
کگهر,گهرزمین,iron_ore,1403/08/30,گزارش فعالیت ماهانه دوره ۱ ماهه منتهی به  ۱۴۰۳/۰۸/۳۰,۱۴۰۳/۰۹/۰۶ ۱۸:۵۳:۵۱,1274878,False,https://excel.codal.ir/service/Excel/GetAll/OOObOOO3GT1L4GI49pzpVNSP0Pog%3d%3d/0,domestic,کنسانتره بورس کالا,تن,0.0,66331.0,45303719.0,3005041.0,1403-08,1403
کگهر,گهرزمین,iron_ore,1403/08/30,گزارش فعالیت ماهانه دوره ۱ ماهه منتهی به  ۱۴۰۳/۰۸/۳۰,۱۴۰۳/۰۹/۰۶ ۱۸:۵۳:۵۱,1274878,False,https://excel.codal.ir/service/Excel/GetAll/OOObOOO3GT1L4GI49pzpVNSP0Pog%3d%3d/0,domestic,کنسانتره سنگ آهن,تن,678076.0,0.0,,0.0,1403-08,1403
کگهر,گهرزمین,iron_ore,1403/08/30,گزارش فعالیت ماهانه دوره ۱ ماهه منتهی به  ۱۴۰۳/۰۸/۳۰,۱۴۰۳/۰۹/۰۶ ۱۸:۵۳:۵۱,1274878,False,https://excel.codal.ir/service/Excel/GetAll/OOObOOO3GT1L4GI49pzpVNSP0Pog%3d%3d/0,export,کنسانتره سنگ آهن صادراتی,تن,,,0.0,0.0,1403-08,1403
کگهر,گهرزمین,iron_ore,1403/08/30,گزارش فعالیت ماهانه دوره ۱ ماهه منتهی به  ۱۴۰۳/۰۸/۳۰,۱۴۰۳/۰۹/۰۶ ۱۸:۵۳:۵۱,1274878,False,https://excel.codal.ir/service/Excel/GetAll/OOObOOO3GT1L4GI49pzpVNSP0Pog%3d%3d/0,domestic,گندله,تن,491120.0,0.0,,0.0,1403-08,1403
کگهر,گهرزمین,iron_ore,1403/08/30,گزارش فعالیت ماهانه دوره ۱ ماهه منتهی به  ۱۴۰۳/۰۸/۳۰,۱۴۰۳/۰۹/۰۶ ۱۸:۵۳:۵۱,1274878,False,https://excel.codal.ir/service/Excel/GetAll/OOObOOO3GT1L4GI49pzpVNSP0Pog%3d%3d/0,domestic,گندله اختلاطی,تن,,,,0.0,1403-08,1403
کگهر,گهرزمین,iron_ore,1403/08/30,گزارش فعالیت ماهانه دوره ۱ ماهه منتهی به  ۱۴۰۳/۰۸/۳۰,۱۴۰۳/۰۹/۰۶ ۱۸:۵۳:۵۱,1274878,False,https://excel.codal.ir/service/Excel/GetAll/OOObOOO3GT1L4GI49pzpVNSP0Pog%3d%3d/0,domestic,گندله بورس کالا,تن,0.0,400000.0,58571513.0,23428605.0,1403-08,1403
کگهر,گهرزمین,iron_ore,1403/08/30,گزارش فعالیت ماهانه دوره ۱ ماهه منتهی به  ۱۴۰۳/۰۸/۳۰,۱۴۰۳/۰۹/۰۶ ۱۸:۵۳:۵۱,1274878,False,https://excel.codal.ir/service/Excel/GetAll/OOObOOO3GT1L4GI49pzpVNSP0Pog%3d%3d/0,export,گندله صادراتی,تن,0.0,126937.0,53705114.0,6817166.0,1403-08,1403
کگهر,گهرزمین,iron_ore,1403/09/30,گزارش فعالیت ماهانه دوره ۱ ماهه منتهی به  ۱۴۰۳/۰۹/۳۰(اصلاحیه),۱۴۰۴/۰۱/۲۰ ۲۲:۲۲:۱۴,1329147,True,https://excel.codal.ir/service/Excel/GetAll/DusPNi8HHgSgDZ5tZcjXhw%3d%3d/0,domestic,سنگ آهن دانه بندی شده,تن,1023416.0,127775.0,19965525.0,2551095.0,1403-09,1403
کگهر,گهرزمین,iron_ore,1403/09/30,گزارش فعالیت ماهانه دوره ۱ ماهه منتهی به  ۱۴۰۳/۰۹/۳۰(اصلاحیه),۱۴۰۴/۰۱/۲۰ ۲۲:۲۲:۱۴,1329147,True,https://excel.codal.ir/service/Excel/GetAll/DusPNi8HHgSgDZ5tZcjXhw%3d%3d/0,export,سود سرمایه گذاری,,,,0.0,7881.0,1403-09,1403
کگهر,گهرزمین,iron_ore,1403/09/30,گزارش فعالیت ماهانه دوره ۱ ماهه منتهی به  ۱۴۰۳/۰۹/۳۰(اصلاحیه),۱۴۰۴/۰۱/۲۰ ۲۲:۲۲:۱۴,1329147,True,https://excel.codal.ir/service/Excel/GetAll/DusPNi8HHgSgDZ5tZcjXhw%3d%3d/0,export,نرمه گندله صادراتی(گندله ریزدانه),تن,,,0.0,0.0,1403-09,1403
کگهر,گهرزمین,iron_ore,1403/09/30,گزارش فعالیت ماهانه دوره ۱ ماهه منتهی به  ۱۴۰۳/۰۹/۳۰(اصلاحیه),۱۴۰۴/۰۱/۲۰ ۲۲:۲۲:۱۴,1329147,True,https://excel.codal.ir/service/Excel/GetAll/DusPNi8HHgSgDZ5tZcjXhw%3d%3d/0,domestic,کلوخه سنگ آهن,تن,1848994.0,667848.0,17188601.0,11479373.0,1403-09,1403
کگهر,گهرزمین,iron_ore,1403/09/30,گزارش فعالیت ماهانه دوره ۱ ماهه منتهی به  ۱۴۰۳/۰۹/۳۰(اصلاحیه),۱۴۰۴/۰۱/۲۰ ۲۲:۲۲:۱۴,1329147,True,https://excel.codal.ir/service/Excel/GetAll/DusPNi8HHgSgDZ5tZcjXhw%3d%3d/0,domestic,کلوخه کم عیار,تن,,,,0.0,1403-09,1403
کگهر,گهرزمین,iron_ore,1403/09/30,گزارش فعالیت ماهانه دوره ۱ ماهه منتهی به  ۱۴۰۳/۰۹/۳۰(اصلاحیه),۱۴۰۴/۰۱/۲۰ ۲۲:۲۲:۱۴,1329147,True,https://excel.codal.ir/service/Excel/GetAll/DusPNi8HHgSgDZ5tZcjXhw%3d%3d/0,domestic,کنسانتره بورس کالا,تن,,32585.0,44016940.0,1434292.0,1403-09,1403
کگهر,گهرزمین,iron_ore,1403/09/30,گزارش فعالیت ماهانه دوره ۱ ماهه منتهی به  ۱۴۰۳/۰۹/۳۰(اصلاحیه),۱۴۰۴/۰۱/۲۰ ۲۲:۲۲:۱۴,1329147,True,https://excel.codal.ir/service/Excel/GetAll/DusPNi8HHgSgDZ5tZcjXhw%3d%3d/0,domestic,کنسانتره سنگ آهن,تن,679269.0,,,0.0,1403-09,1403
کگهر,گهرزمین,iron_ore,1403/09/30,گزارش فعالیت ماهانه دوره ۱ ماهه منتهی به  ۱۴۰۳/۰۹/۳۰(اصلاحیه),۱۴۰۴/۰۱/۲۰ ۲۲:۲۲:۱۴,1329147,True,https://excel.codal.ir/service/Excel/GetAll/DusPNi8HHgSgDZ5tZcjXhw%3d%3d/0,export,کنسانتره سنگ آهن صادراتی,تن,,,0.0,0.0,1403-09,1403
کگهر,گهرزمین,iron_ore,1403/09/30,گزارش فعالیت ماهانه دوره ۱ ماهه منتهی به  ۱۴۰۳/۰۹/۳۰(اصلاحیه),۱۴۰۴/۰۱/۲۰ ۲۲:۲۲:۱۴,1329147,True,https://excel.codal.ir/service/Excel/GetAll/DusPNi8HHgSgDZ5tZcjXhw%3d%3d/0,domestic,گندله,تن,531683.0,8789.0,56965639.0,500671.0,1403-09,1403
کگهر,گهرزمین,iron_ore,1403/09/30,گزارش فعالیت ماهانه دوره ۱ ماهه منتهی به  ۱۴۰۳/۰۹/۳۰(اصلاحیه),۱۴۰۴/۰۱/۲۰ ۲۲:۲۲:۱۴,1329147,True,https://excel.codal.ir/service/Excel/GetAll/DusPNi8HHgSgDZ5tZcjXhw%3d%3d/0,domestic,گندله اختلاطی,تن,,,,0.0,1403-09,1403
کگهر,گهرزمین,iron_ore,1403/09/30,گزارش فعالیت ماهانه دوره ۱ ماهه منتهی به  ۱۴۰۳/۰۹/۳۰(اصلاحیه),۱۴۰۴/۰۱/۲۰ ۲۲:۲۲:۱۴,1329147,True,https://excel.codal.ir/service/Excel/GetAll/DusPNi8HHgSgDZ5tZcjXhw%3d%3d/0,domestic,گندله بورس کالا,تن,,551000.0,58560889.0,32267050.0,1403-09,1403
کگهر,گهرزمین,iron_ore,1403/09/30,گزارش فعالیت ماهانه دوره ۱ ماهه منتهی به  ۱۴۰۳/۰۹/۳۰(اصلاحیه),۱۴۰۴/۰۱/۲۰ ۲۲:۲۲:۱۴,1329147,True,https://excel.codal.ir/service/Excel/GetAll/DusPNi8HHgSgDZ5tZcjXhw%3d%3d/0,export,گندله صادراتی,تن,,71306.0,54315934.0,3873052.0,1403-09,1403
کگهر,گهرزمین,iron_ore,1403/10/30,گزارش فعالیت ماهانه دوره ۱ ماهه منتهی به  ۱۴۰۳/۱۰/۳۰(اصلاحیه),۱۴۰۳/۱۲/۰۷ ۱۶:۲۲:۳۲,1313800,True,https://excel.codal.ir/service/Excel/GetAll/2fxhad9QaKPIX5HE3FCbKw%3d%3d/0,domestic,سنگ آهن دانه بندی شده,تن,1023520.0,92048.0,20959043.0,1929238.0,1403-10,1403
کگهر,گهرزمین,iron_ore,1403/10/30,گزارش فعالیت ماهانه دوره ۱ ماهه منتهی به  ۱۴۰۳/۱۰/۳۰(اصلاحیه),۱۴۰۳/۱۲/۰۷ ۱۶:۲۲:۳۲,1313800,True,https://excel.codal.ir/service/Excel/GetAll/2fxhad9QaKPIX5HE3FCbKw%3d%3d/0,export,سود سرمایه گذاری,,0.0,0.0,0.0,0.0,1403-10,1403
کگهر,گهرزمین,iron_ore,1403/10/30,گزارش فعالیت ماهانه دوره ۱ ماهه منتهی به  ۱۴۰۳/۱۰/۳۰(اصلاحیه),۱۴۰۳/۱۲/۰۷ ۱۶:۲۲:۳۲,1313800,True,https://excel.codal.ir/service/Excel/GetAll/2fxhad9QaKPIX5HE3FCbKw%3d%3d/0,export,نرمه گندله صادراتی(گندله ریزدانه),تن,0.0,0.0,0.0,0.0,1403-10,1403
کگهر,گهرزمین,iron_ore,1403/10/30,گزارش فعالیت ماهانه دوره ۱ ماهه منتهی به  ۱۴۰۳/۱۰/۳۰(اصلاحیه),۱۴۰۳/۱۲/۰۷ ۱۶:۲۲:۳۲,1313800,True,https://excel.codal.ir/service/Excel/GetAll/2fxhad9QaKPIX5HE3FCbKw%3d%3d/0,domestic,کلوخه سنگ آهن,تن,1096353.0,189740.0,17375751.0,3296875.0,1403-10,1403
کگهر,گهرزمین,iron_ore,1403/10/30,گزارش فعالیت ماهانه دوره ۱ ماهه منتهی به  ۱۴۰۳/۱۰/۳۰(اصلاحیه),۱۴۰۳/۱۲/۰۷ ۱۶:۲۲:۳۲,1313800,True,https://excel.codal.ir/service/Excel/GetAll/2fxhad9QaKPIX5HE3FCbKw%3d%3d/0,domestic,کلوخه کم عیار,تن,0.0,0.0,,0.0,1403-10,1403
کگهر,گهرزمین,iron_ore,1403/10/30,گزارش فعالیت ماهانه دوره ۱ ماهه منتهی به  ۱۴۰۳/۱۰/۳۰(اصلاحیه),۱۴۰۳/۱۲/۰۷ ۱۶:۲۲:۳۲,1313800,True,https://excel.codal.ir/service/Excel/GetAll/2fxhad9QaKPIX5HE3FCbKw%3d%3d/0,domestic,کنسانتره بورس کالا,تن,0.0,352546.0,44979730.0,15857424.0,1403-10,1403
کگهر,گهرزمین,iron_ore,1403/10/30,گزارش فعالیت ماهانه دوره ۱ ماهه منتهی به  ۱۴۰۳/۱۰/۳۰(اصلاحیه),۱۴۰۳/۱۲/۰۷ ۱۶:۲۲:۳۲,1313800,True,https://excel.codal.ir/service/Excel/GetAll/2fxhad9QaKPIX5HE3FCbKw%3d%3d/0,domestic,کنسانتره سنگ آهن,تن,681236.0,0.0,,0.0,1403-10,1403
کگهر,گهرزمین,iron_ore,1403/10/30,گزارش فعالیت ماهانه دوره ۱ ماهه منتهی به  ۱۴۰۳/۱۰/۳۰(اصلاحیه),۱۴۰۳/۱۲/۰۷ ۱۶:۲۲:۳۲,1313800,True,https://excel.codal.ir/service/Excel/GetAll/2fxhad9QaKPIX5HE3FCbKw%3d%3d/0,export,کنسانتره سنگ آهن صادراتی,تن,0.0,0.0,0.0,0.0,1403-10,1403
کگهر,گهرزمین,iron_ore,1403/10/30,گزارش فعالیت ماهانه دوره ۱ ماهه منتهی به  ۱۴۰۳/۱۰/۳۰(اصلاحیه),۱۴۰۳/۱۲/۰۷ ۱۶:۲۲:۳۲,1313800,True,https://excel.codal.ir/service/Excel/GetAll/2fxhad9QaKPIX5HE3FCbKw%3d%3d/0,domestic,گندله,تن,443776.0,61230.0,56133284.0,3437041.0,1403-10,1403
کگهر,گهرزمین,iron_ore,1403/10/30,گزارش فعالیت ماهانه دوره ۱ ماهه منتهی به  ۱۴۰۳/۱۰/۳۰(اصلاحیه),۱۴۰۳/۱۲/۰۷ ۱۶:۲۲:۳۲,1313800,True,https://excel.codal.ir/service/Excel/GetAll/2fxhad9QaKPIX5HE3FCbKw%3d%3d/0,domestic,گندله اختلاطی,تن,,,,0.0,1403-10,1403
کگهر,گهرزمین,iron_ore,1403/10/30,گزارش فعالیت ماهانه دوره ۱ ماهه منتهی به  ۱۴۰۳/۱۰/۳۰(اصلاحیه),۱۴۰۳/۱۲/۰۷ ۱۶:۲۲:۳۲,1313800,True,https://excel.codal.ir/service/Excel/GetAll/2fxhad9QaKPIX5HE3FCbKw%3d%3d/0,domestic,گندله بورس کالا,تن,0.0,256000.0,59612160.0,15260713.0,1403-10,1403
کگهر,گهرزمین,iron_ore,1403/10/30,گزارش فعالیت ماهانه دوره ۱ ماهه منتهی به  ۱۴۰۳/۱۰/۳۰(اصلاحیه),۱۴۰۳/۱۲/۰۷ ۱۶:۲۲:۳۲,1313800,True,https://excel.codal.ir/service/Excel/GetAll/2fxhad9QaKPIX5HE3FCbKw%3d%3d/0,export,گندله صادراتی,تن,0.0,193284.0,68574993.0,13254449.0,1403-10,1403
کگهر,گهرزمین,iron_ore,1403/11/30,گزارش فعالیت ماهانه دوره ۱ ماهه منتهی به  ۱۴۰۳/۱۱/۳۰,۱۴۰۳/۱۲/۰۷ ۱۶:۲۸:۱۲,1313540,False,https://excel.codal.ir/service/Excel/GetAll/UGUMhGalhg78c1RiSTrxbg%3d%3d/0,export,بلوم، بیلت,تن,,11499.0,297378468.0,3419555.0,1403-11,1403
کگهر,گهرزمین,iron_ore,1403/11/30,گزارش فعالیت ماهانه دوره ۱ ماهه منتهی به  ۱۴۰۳/۱۱/۳۰,۱۴۰۳/۱۲/۰۷ ۱۶:۲۸:۱۲,1313540,False,https://excel.codal.ir/service/Excel/GetAll/UGUMhGalhg78c1RiSTrxbg%3d%3d/0,domestic,سنگ آهن دانه بندی شده,تن,1023639.0,164350.0,21840000.0,3589404.0,1403-11,1403
کگهر,گهرزمین,iron_ore,1403/11/30,گزارش فعالیت ماهانه دوره ۱ ماهه منتهی به  ۱۴۰۳/۱۱/۳۰,۱۴۰۳/۱۲/۰۷ ۱۶:۲۸:۱۲,1313540,False,https://excel.codal.ir/service/Excel/GetAll/UGUMhGalhg78c1RiSTrxbg%3d%3d/0,export,سود سرمایه گذاری,,,,0.0,0.0,1403-11,1403
کگهر,گهرزمین,iron_ore,1403/11/30,گزارش فعالیت ماهانه دوره ۱ ماهه منتهی به  ۱۴۰۳/۱۱/۳۰,۱۴۰۳/۱۲/۰۷ ۱۶:۲۸:۱۲,1313540,False,https://excel.codal.ir/service/Excel/GetAll/UGUMhGalhg78c1RiSTrxbg%3d%3d/0,export,نرمه گندله صادراتی(گندله ریزدانه),تن,,,0.0,0.0,1403-11,1403
کگهر,گهرزمین,iron_ore,1403/11/30,گزارش فعالیت ماهانه دوره ۱ ماهه منتهی به  ۱۴۰۳/۱۱/۳۰,۱۴۰۳/۱۲/۰۷ ۱۶:۲۸:۱۲,1313540,False,https://excel.codal.ir/service/Excel/GetAll/UGUMhGalhg78c1RiSTrxbg%3d%3d/0,domestic,کلوخه سنگ آهن,تن,1415042.0,284453.0,20149800.0,5731671.0,1403-11,1403
کگهر,گهرزمین,iron_ore,1403/11/30,گزارش فعالیت ماهانه دوره ۱ ماهه منتهی به  ۱۴۰۳/۱۱/۳۰,۱۴۰۳/۱۲/۰۷ ۱۶:۲۸:۱۲,1313540,False,https://excel.codal.ir/service/Excel/GetAll/UGUMhGalhg78c1RiSTrxbg%3d%3d/0,domestic,کلوخه کم عیار,تن,0.0,0.0,,0.0,1403-11,1403
کگهر,گهرزمین,iron_ore,1403/11/30,گزارش فعالیت ماهانه دوره ۱ ماهه منتهی به  ۱۴۰۳/۱۱/۳۰,۱۴۰۳/۱۲/۰۷ ۱۶:۲۸:۱۲,1313540,False,https://excel.codal.ir/service/Excel/GetAll/UGUMhGalhg78c1RiSTrxbg%3d%3d/0,domestic,کنسانتره بورس کالا,تن,0.0,64847.0,44420868.0,2880560.0,1403-11,1403
کگهر,گهرزمین,iron_ore,1403/11/30,گزارش فعالیت ماهانه دوره ۱ ماهه منتهی به  ۱۴۰۳/۱۱/۳۰,۱۴۰۳/۱۲/۰۷ ۱۶:۲۸:۱۲,1313540,False,https://excel.codal.ir/service/Excel/GetAll/UGUMhGalhg78c1RiSTrxbg%3d%3d/0,domestic,کنسانتره سنگ آهن,تن,683085.0,0.0,,0.0,1403-11,1403
کگهر,گهرزمین,iron_ore,1403/11/30,گزارش فعالیت ماهانه دوره ۱ ماهه منتهی به  ۱۴۰۳/۱۱/۳۰,۱۴۰۳/۱۲/۰۷ ۱۶:۲۸:۱۲,1313540,False,https://excel.codal.ir/service/Excel/GetAll/UGUMhGalhg78c1RiSTrxbg%3d%3d/0,export,کنسانتره سنگ آهن صادراتی,تن,,,0.0,0.0,1403-11,1403
کگهر,گهرزمین,iron_ore,1403/11/30,گزارش فعالیت ماهانه دوره ۱ ماهه منتهی به  ۱۴۰۳/۱۱/۳۰,۱۴۰۳/۱۲/۰۷ ۱۶:۲۸:۱۲,1313540,False,https://excel.codal.ir/service/Excel/GetAll/UGUMhGalhg78c1RiSTrxbg%3d%3d/0,domestic,گندله,تن,478458.0,5296.0,56527379.0,299369.0,1403-11,1403
کگهر,گهرزمین,iron_ore,1403/11/30,گزارش فعالیت ماهانه دوره ۱ ماهه منتهی به  ۱۴۰۳/۱۱/۳۰,۱۴۰۳/۱۲/۰۷ ۱۶:۲۸:۱۲,1313540,False,https://excel.codal.ir/service/Excel/GetAll/UGUMhGalhg78c1RiSTrxbg%3d%3d/0,domestic,گندله اختلاطی,تن,0.0,0.0,,0.0,1403-11,1403
کگهر,گهرزمین,iron_ore,1403/11/30,گزارش فعالیت ماهانه دوره ۱ ماهه منتهی به  ۱۴۰۳/۱۱/۳۰,۱۴۰۳/۱۲/۰۷ ۱۶:۲۸:۱۲,1313540,False,https://excel.codal.ir/service/Excel/GetAll/UGUMhGalhg78c1RiSTrxbg%3d%3d/0,domestic,گندله بورس کالا,تن,0.0,475000.0,65311333.0,31022883.0,1403-11,1403
کگهر,گهرزمین,iron_ore,1403/11/30,گزارش فعالیت ماهانه دوره ۱ ماهه منتهی به  ۱۴۰۳/۱۱/۳۰,۱۴۰۳/۱۲/۰۷ ۱۶:۲۸:۱۲,1313540,False,https://excel.codal.ir/service/Excel/GetAll/UGUMhGalhg78c1RiSTrxbg%3d%3d/0,export,گندله صادراتی,تن,0.0,31488.0,73078125.0,2301084.0,1403-11,1403
کگهر,گهرزمین,iron_ore,1403/12/30,گزارش فعالیت ماهانه دوره ۱ ماهه منتهی به  ۱۴۰۳/۱۲/۳۰(اصلاحیه),۱۴۰۴/۰۱/۳۰ ۱۴:۱۶:۵۹,1332017,True,https://excel.codal.ir/service/Excel/GetAll/B3rQpHJAOltaOOObOOO0jPf3IQQQaQQQTA%3d%3d/0,export,بلوم، بیلت,تن,,,0.0,0.0,1403-12,1403
کگهر,گهرزمین,iron_ore,1403/12/30,گزارش فعالیت ماهانه دوره ۱ ماهه منتهی به  ۱۴۰۳/۱۲/۳۰(اصلاحیه),۱۴۰۴/۰۱/۳۰ ۱۴:۱۶:۵۹,1332017,True,https://excel.codal.ir/service/Excel/GetAll/B3rQpHJAOltaOOObOOO0jPf3IQQQaQQQTA%3d%3d/0,domestic,سنگ آهن دانه بندی شده,تن,1023905.0,1907.0,18190351.0,34689.0,1403-12,1403
کگهر,گهرزمین,iron_ore,1403/12/30,گزارش فعالیت ماهانه دوره ۱ ماهه منتهی به  ۱۴۰۳/۱۲/۳۰(اصلاحیه),۱۴۰۴/۰۱/۳۰ ۱۴:۱۶:۵۹,1332017,True,https://excel.codal.ir/service/Excel/GetAll/B3rQpHJAOltaOOObOOO0jPf3IQQQaQQQTA%3d%3d/0,export,سود سرمایه گذاری,,,,0.0,0.0,1403-12,1403
کگهر,گهرزمین,iron_ore,1403/12/30,گزارش فعالیت ماهانه دوره ۱ ماهه منتهی به  ۱۴۰۳/۱۲/۳۰(اصلاحیه),۱۴۰۴/۰۱/۳۰ ۱۴:۱۶:۵۹,1332017,True,https://excel.codal.ir/service/Excel/GetAll/B3rQpHJAOltaOOObOOO0jPf3IQQQaQQQTA%3d%3d/0,export,نرمه گندله صادراتی(گندله ریزدانه),تن,,,0.0,0.0,1403-12,1403
کگهر,گهرزمین,iron_ore,1403/12/30,گزارش فعالیت ماهانه دوره ۱ ماهه منتهی به  ۱۴۰۳/۱۲/۳۰(اصلاحیه),۱۴۰۴/۰۱/۳۰ ۱۴:۱۶:۵۹,1332017,True,https://excel.codal.ir/service/Excel/GetAll/B3rQpHJAOltaOOObOOO0jPf3IQQQaQQQTA%3d%3d/0,domestic,کلوخه سنگ آهن,تن,1659579.0,524531.0,19838784.0,10406057.0,1403-12,1403
کگهر,گهرزمین,iron_ore,1403/12/30,گزارش فعالیت ماهانه دوره ۱ ماهه منتهی به  ۱۴۰۳/۱۲/۳۰(اصلاحیه),۱۴۰۴/۰۱/۳۰ ۱۴:۱۶:۵۹,1332017,True,https://excel.codal.ir/service/Excel/GetAll/B3rQpHJAOltaOOObOOO0jPf3IQQQaQQQTA%3d%3d/0,domestic,کلوخه کم عیار,تن,,,,0.0,1403-12,1403
کگهر,گهرزمین,iron_ore,1403/12/30,گزارش فعالیت ماهانه دوره ۱ ماهه منتهی به  ۱۴۰۳/۱۲/۳۰(اصلاحیه),۱۴۰۴/۰۱/۳۰ ۱۴:۱۶:۵۹,1332017,True,https://excel.codal.ir/service/Excel/GetAll/B3rQpHJAOltaOOObOOO0jPf3IQQQaQQQTA%3d%3d/0,domestic,کنسانتره بورس کالا,تن,,119868.0,48766602.0,5845555.0,1403-12,1403
کگهر,گهرزمین,iron_ore,1403/12/30,گزارش فعالیت ماهانه دوره ۱ ماهه منتهی به  ۱۴۰۳/۱۲/۳۰(اصلاحیه),۱۴۰۴/۰۱/۳۰ ۱۴:۱۶:۵۹,1332017,True,https://excel.codal.ir/service/Excel/GetAll/B3rQpHJAOltaOOObOOO0jPf3IQQQaQQQTA%3d%3d/0,domestic,کنسانتره سنگ آهن,تن,690139.0,8002.0,52012372.0,416203.0,1403-12,1403
کگهر,گهرزمین,iron_ore,1403/12/30,گزارش فعالیت ماهانه دوره ۱ ماهه منتهی به  ۱۴۰۳/۱۲/۳۰(اصلاحیه),۱۴۰۴/۰۱/۳۰ ۱۴:۱۶:۵۹,1332017,True,https://excel.codal.ir/service/Excel/GetAll/B3rQpHJAOltaOOObOOO0jPf3IQQQaQQQTA%3d%3d/0,export,کنسانتره سنگ آهن صادراتی,تن,,,0.0,0.0,1403-12,1403
کگهر,گهرزمین,iron_ore,1403/12/30,گزارش فعالیت ماهانه دوره ۱ ماهه منتهی به  ۱۴۰۳/۱۲/۳۰(اصلاحیه),۱۴۰۴/۰۱/۳۰ ۱۴:۱۶:۵۹,1332017,True,https://excel.codal.ir/service/Excel/GetAll/B3rQpHJAOltaOOObOOO0jPf3IQQQaQQQTA%3d%3d/0,domestic,گندله,تن,464142.0,8741.0,66016932.0,577054.0,1403-12,1403
کگهر,گهرزمین,iron_ore,1403/12/30,گزارش فعالیت ماهانه دوره ۱ ماهه منتهی به  ۱۴۰۳/۱۲/۳۰(اصلاحیه),۱۴۰۴/۰۱/۳۰ ۱۴:۱۶:۵۹,1332017,True,https://excel.codal.ir/service/Excel/GetAll/B3rQpHJAOltaOOObOOO0jPf3IQQQaQQQTA%3d%3d/0,domestic,گندله اختلاطی,تن,,,,0.0,1403-12,1403
کگهر,گهرزمین,iron_ore,1403/12/30,گزارش فعالیت ماهانه دوره ۱ ماهه منتهی به  ۱۴۰۳/۱۲/۳۰(اصلاحیه),۱۴۰۴/۰۱/۳۰ ۱۴:۱۶:۵۹,1332017,True,https://excel.codal.ir/service/Excel/GetAll/B3rQpHJAOltaOOObOOO0jPf3IQQQaQQQTA%3d%3d/0,domestic,گندله بورس کالا,تن,,333000.0,63550616.0,21162355.0,1403-12,1403
کگهر,گهرزمین,iron_ore,1403/12/30,گزارش فعالیت ماهانه دوره ۱ ماهه منتهی به  ۱۴۰۳/۱۲/۳۰(اصلاحیه),۱۴۰۴/۰۱/۳۰ ۱۴:۱۶:۵۹,1332017,True,https://excel.codal.ir/service/Excel/GetAll/B3rQpHJAOltaOOObOOO0jPf3IQQQaQQQTA%3d%3d/0,export,گندله صادراتی,تن,,44955.0,73026760.0,3282918.0,1403-12,1403
کگهر,گهرزمین,iron_ore,1404/01/31,گزارش فعالیت ماهانه دوره ۱ ماهه منتهی به  ۱۴۰۴/۰۱/۳۱,۱۴۰۴/۰۲/۰۷ ۱۴:۳۳:۵۶,1336495,False,https://excel.codal.ir/service/Excel/GetAll/wHj9tjGBnzPMjlwdr5YuDw%3d%3d/0,export,بلوم، بیلت,تن,,,0.0,0.0,1404-01,1404
کگهر,گهرزمین,iron_ore,1404/01/31,گزارش فعالیت ماهانه دوره ۱ ماهه منتهی به  ۱۴۰۴/۰۱/۳۱,۱۴۰۴/۰۲/۰۷ ۱۴:۳۳:۵۶,1336495,False,https://excel.codal.ir/service/Excel/GetAll/wHj9tjGBnzPMjlwdr5YuDw%3d%3d/0,domestic,سنگ آهن دانه بندی شده,تن,1025000.0,4060.0,18195074.0,73872.0,1404-01,1404
کگهر,گهرزمین,iron_ore,1404/01/31,گزارش فعالیت ماهانه دوره ۱ ماهه منتهی به  ۱۴۰۴/۰۱/۳۱,۱۴۰۴/۰۲/۰۷ ۱۴:۳۳:۵۶,1336495,False,https://excel.codal.ir/service/Excel/GetAll/wHj9tjGBnzPMjlwdr5YuDw%3d%3d/0,export,سود سرمایه گذاری,,,,0.0,0.0,1404-01,1404
کگهر,گهرزمین,iron_ore,1404/01/31,گزارش فعالیت ماهانه دوره ۱ ماهه منتهی به  ۱۴۰۴/۰۱/۳۱,۱۴۰۴/۰۲/۰۷ ۱۴:۳۳:۵۶,1336495,False,https://excel.codal.ir/service/Excel/GetAll/wHj9tjGBnzPMjlwdr5YuDw%3d%3d/0,export,نرمه گندله صادراتی(گندله ریزدانه),تن,,,0.0,0.0,1404-01,1404
کگهر,گهرزمین,iron_ore,1404/01/31,گزارش فعالیت ماهانه دوره ۱ ماهه منتهی به  ۱۴۰۴/۰۱/۳۱,۱۴۰۴/۰۲/۰۷ ۱۴:۳۳:۵۶,1336495,False,https://excel.codal.ir/service/Excel/GetAll/wHj9tjGBnzPMjlwdr5YuDw%3d%3d/0,domestic,کلوخه سنگ آهن,تن,1129682.0,363050.0,23348688.0,8476741.0,1404-01,1404
کگهر,گهرزمین,iron_ore,1404/01/31,گزارش فعالیت ماهانه دوره ۱ ماهه منتهی به  ۱۴۰۴/۰۱/۳۱,۱۴۰۴/۰۲/۰۷ ۱۴:۳۳:۵۶,1336495,False,https://excel.codal.ir/service/Excel/GetAll/wHj9tjGBnzPMjlwdr5YuDw%3d%3d/0,domestic,کلوخه کم عیار,تن,,,,0.0,1404-01,1404
کگهر,گهرزمین,iron_ore,1404/01/31,گزارش فعالیت ماهانه دوره ۱ ماهه منتهی به  ۱۴۰۴/۰۱/۳۱,۱۴۰۴/۰۲/۰۷ ۱۴:۳۳:۵۶,1336495,False,https://excel.codal.ir/service/Excel/GetAll/wHj9tjGBnzPMjlwdr5YuDw%3d%3d/0,domestic,کنسانتره بورس کالا,تن,0.0,153299.0,51623474.0,7913827.0,1404-01,1404
کگهر,گهرزمین,iron_ore,1404/01/31,گزارش فعالیت ماهانه دوره ۱ ماهه منتهی به  ۱۴۰۴/۰۱/۳۱,۱۴۰۴/۰۲/۰۷ ۱۴:۳۳:۵۶,1336495,False,https://excel.codal.ir/service/Excel/GetAll/wHj9tjGBnzPMjlwdr5YuDw%3d%3d/0,domestic,کنسانتره سنگ آهن,تن,691924.0,26811.0,51798404.0,1388767.0,1404-01,1404
کگهر,گهرزمین,iron_ore,1404/01/31,گزارش فعالیت ماهانه دوره ۱ ماهه منتهی به  ۱۴۰۴/۰۱/۳۱,۱۴۰۴/۰۲/۰۷ ۱۴:۳۳:۵۶,1336495,False,https://excel.codal.ir/service/Excel/GetAll/wHj9tjGBnzPMjlwdr5YuDw%3d%3d/0,export,کنسانتره سنگ آهن صادراتی,تن,,,0.0,0.0,1404-01,1404
کگهر,گهرزمین,iron_ore,1404/01/31,گزارش فعالیت ماهانه دوره ۱ ماهه منتهی به  ۱۴۰۴/۰۱/۳۱,۱۴۰۴/۰۲/۰۷ ۱۴:۳۳:۵۶,1336495,False,https://excel.codal.ir/service/Excel/GetAll/wHj9tjGBnzPMjlwdr5YuDw%3d%3d/0,domestic,گندله,تن,470316.0,106259.0,72381634.0,7691200.0,1404-01,1404
کگهر,گهرزمین,iron_ore,1404/01/31,گزارش فعالیت ماهانه دوره ۱ ماهه منتهی به  ۱۴۰۴/۰۱/۳۱,۱۴۰۴/۰۲/۰۷ ۱۴:۳۳:۵۶,1336495,False,https://excel.codal.ir/service/Excel/GetAll/wHj9tjGBnzPMjlwdr5YuDw%3d%3d/0,domestic,گندله اختلاطی,تن,0.0,0.0,,0.0,1404-01,1404
کگهر,گهرزمین,iron_ore,1404/01/31,گزارش فعالیت ماهانه دوره ۱ ماهه منتهی به  ۱۴۰۴/۰۱/۳۱,۱۴۰۴/۰۲/۰۷ ۱۴:۳۳:۵۶,1336495,False,https://excel.codal.ir/service/Excel/GetAll/wHj9tjGBnzPMjlwdr5YuDw%3d%3d/0,domestic,گندله بورس کالا,تن,0.0,319000.0,75113245.0,23961125.0,1404-01,1404
کگهر,گهرزمین,iron_ore,1404/01/31,گزارش فعالیت ماهانه دوره ۱ ماهه منتهی به  ۱۴۰۴/۰۱/۳۱,۱۴۰۴/۰۲/۰۷ ۱۴:۳۳:۵۶,1336495,False,https://excel.codal.ir/service/Excel/GetAll/wHj9tjGBnzPMjlwdr5YuDw%3d%3d/0,export,گندله صادراتی,تن,0.0,19991.0,73049422.0,1460331.0,1404-01,1404
کگهر,گهرزمین,iron_ore,1404/02/31,گزارش فعالیت ماهانه دوره ۱ ماهه منتهی به  ۱۴۰۴/۰۲/۳۱,۱۴۰۴/۰۳/۰۷ ۱۳:۱۳:۰۷,1349780,False,https://excel.codal.ir/service/Excel/GetAll/hXCaZ4CuVqL325OOObOOOPYVpKNg%3d%3d/0,export,بلوم، بیلت,تن,0.0,0.0,0.0,0.0,1404-02,1404
کگهر,گهرزمین,iron_ore,1404/02/31,گزارش فعالیت ماهانه دوره ۱ ماهه منتهی به  ۱۴۰۴/۰۲/۳۱,۱۴۰۴/۰۳/۰۷ ۱۳:۱۳:۰۷,1349780,False,https://excel.codal.ir/service/Excel/GetAll/hXCaZ4CuVqL325OOObOOOPYVpKNg%3d%3d/0,domestic,سنگ آهن دانه بندی شده,تن,1100001.0,27665.0,20789770.0,575149.0,1404-02,1404
کگهر,گهرزمین,iron_ore,1404/02/31,گزارش فعالیت ماهانه دوره ۱ ماهه منتهی به  ۱۴۰۴/۰۲/۳۱,۱۴۰۴/۰۳/۰۷ ۱۳:۱۳:۰۷,1349780,False,https://excel.codal.ir/service/Excel/GetAll/hXCaZ4CuVqL325OOObOOOPYVpKNg%3d%3d/0,export,سود سرمایه گذاری,,0.0,0.0,0.0,0.0,1404-02,1404
کگهر,گهرزمین,iron_ore,1404/02/31,گزارش فعالیت ماهانه دوره ۱ ماهه منتهی به  ۱۴۰۴/۰۲/۳۱,۱۴۰۴/۰۳/۰۷ ۱۳:۱۳:۰۷,1349780,False,https://excel.codal.ir/service/Excel/GetAll/hXCaZ4CuVqL325OOObOOOPYVpKNg%3d%3d/0,export,نرمه گندله صادراتی(گندله ریزدانه),تن,0.0,0.0,0.0,0.0,1404-02,1404
کگهر,گهرزمین,iron_ore,1404/02/31,گزارش فعالیت ماهانه دوره ۱ ماهه منتهی به  ۱۴۰۴/۰۲/۳۱,۱۴۰۴/۰۳/۰۷ ۱۳:۱۳:۰۷,1349780,False,https://excel.codal.ir/service/Excel/GetAll/hXCaZ4CuVqL325OOObOOOPYVpKNg%3d%3d/0,domestic,کلوخه سنگ آهن,تن,1664789.0,534849.0,22944091.0,12271624.0,1404-02,1404
کگهر,گهرزمین,iron_ore,1404/02/31,گزارش فعالیت ماهانه دوره ۱ ماهه منتهی به  ۱۴۰۴/۰۲/۳۱,۱۴۰۴/۰۳/۰۷ ۱۳:۱۳:۰۷,1349780,False,https://excel.codal.ir/service/Excel/GetAll/hXCaZ4CuVqL325OOObOOOPYVpKNg%3d%3d/0,domestic,کلوخه کم عیار,تن,0.0,0.0,,0.0,1404-02,1404
کگهر,گهرزمین,iron_ore,1404/02/31,گزارش فعالیت ماهانه دوره ۱ ماهه منتهی به  ۱۴۰۴/۰۲/۳۱,۱۴۰۴/۰۳/۰۷ ۱۳:۱۳:۰۷,1349780,False,https://excel.codal.ir/service/Excel/GetAll/hXCaZ4CuVqL325OOObOOOPYVpKNg%3d%3d/0,domestic,کنسانتره بورس کالا,تن,0.0,298895.0,57260489.0,17114874.0,1404-02,1404
کگهر,گهرزمین,iron_ore,1404/02/31,گزارش فعالیت ماهانه دوره ۱ ماهه منتهی به  ۱۴۰۴/۰۲/۳۱,۱۴۰۴/۰۳/۰۷ ۱۳:۱۳:۰۷,1349780,False,https://excel.codal.ir/service/Excel/GetAll/hXCaZ4CuVqL325OOObOOOPYVpKNg%3d%3d/0,domestic,کنسانتره سنگ آهن,تن,693064.0,0.0,,0.0,1404-02,1404
کگهر,گهرزمین,iron_ore,1404/02/31,گزارش فعالیت ماهانه دوره ۱ ماهه منتهی به  ۱۴۰۴/۰۲/۳۱,۱۴۰۴/۰۳/۰۷ ۱۳:۱۳:۰۷,1349780,False,https://excel.codal.ir/service/Excel/GetAll/hXCaZ4CuVqL325OOObOOOPYVpKNg%3d%3d/0,export,کنسانتره سنگ آهن صادراتی,تن,0.0,0.0,0.0,0.0,1404-02,1404
کگهر,گهرزمین,iron_ore,1404/02/31,گزارش فعالیت ماهانه دوره ۱ ماهه منتهی به  ۱۴۰۴/۰۲/۳۱,۱۴۰۴/۰۳/۰۷ ۱۳:۱۳:۰۷,1349780,False,https://excel.codal.ir/service/Excel/GetAll/hXCaZ4CuVqL325OOObOOOPYVpKNg%3d%3d/0,domestic,گندله,تن,543511.0,0.0,,0.0,1404-02,1404
کگهر,گهرزمین,iron_ore,1404/02/31,گزارش فعالیت ماهانه دوره ۱ ماهه منتهی به  ۱۴۰۴/۰۲/۳۱,۱۴۰۴/۰۳/۰۷ ۱۳:۱۳:۰۷,1349780,False,https://excel.codal.ir/service/Excel/GetAll/hXCaZ4CuVqL325OOObOOOPYVpKNg%3d%3d/0,domestic,گندله اختلاطی,تن,0.0,0.0,,0.0,1404-02,1404
کگهر,گهرزمین,iron_ore,1404/02/31,گزارش فعالیت ماهانه دوره ۱ ماهه منتهی به  ۱۴۰۴/۰۲/۳۱,۱۴۰۴/۰۳/۰۷ ۱۳:۱۳:۰۷,1349780,False,https://excel.codal.ir/service/Excel/GetAll/hXCaZ4CuVqL325OOObOOOPYVpKNg%3d%3d/0,domestic,گندله بورس کالا,تن,0.0,465000.0,79541374.0,36986739.0,1404-02,1404
کگهر,گهرزمین,iron_ore,1404/02/31,گزارش فعالیت ماهانه دوره ۱ ماهه منتهی به  ۱۴۰۴/۰۲/۳۱,۱۴۰۴/۰۳/۰۷ ۱۳:۱۳:۰۷,1349780,False,https://excel.codal.ir/service/Excel/GetAll/hXCaZ4CuVqL325OOObOOOPYVpKNg%3d%3d/0,export,گندله صادراتی,تن,0.0,46700.0,69515375.0,3246368.0,1404-02,1404
کگهر,گهرزمین,iron_ore,1404/03/31,گزارش فعالیت ماهانه دوره ۱ ماهه منتهی به  ۱۴۰۴/۰۳/۳۱(اصلاحیه),۱۴۰۴/۰۶/۱۷ ۱۶:۳۲:۴۶,1403137,True,https://excel.codal.ir/service/Excel/GetAll/NwWdOOObOOORfPrONtFvpqcnrPHg%3d%3d/0,domestic,بلوم، بیلت,تن,,,,0.0,1404-03,1404
کگهر,گهرزمین,iron_ore,1404/03/31,گزارش فعالیت ماهانه دوره ۱ ماهه منتهی به  ۱۴۰۴/۰۳/۳۱(اصلاحیه),۱۴۰۴/۰۶/۱۷ ۱۶:۳۲:۴۶,1403137,True,https://excel.codal.ir/service/Excel/GetAll/NwWdOOObOOORfPrONtFvpqcnrPHg%3d%3d/0,export,بلوم، بیلت,تن,,,0.0,0.0,1404-03,1404
کگهر,گهرزمین,iron_ore,1404/03/31,گزارش فعالیت ماهانه دوره ۱ ماهه منتهی به  ۱۴۰۴/۰۳/۳۱(اصلاحیه),۱۴۰۴/۰۶/۱۷ ۱۶:۳۲:۴۶,1403137,True,https://excel.codal.ir/service/Excel/GetAll/NwWdOOObOOORfPrONtFvpqcnrPHg%3d%3d/0,domestic,سنگ آهن دانه بندی شده,تن,1088184.0,37185.0,26458545.0,983861.0,1404-03,1404
کگهر,گهرزمین,iron_ore,1404/03/31,گزارش فعالیت ماهانه دوره ۱ ماهه منتهی به  ۱۴۰۴/۰۳/۳۱(اصلاحیه),۱۴۰۴/۰۶/۱۷ ۱۶:۳۲:۴۶,1403137,True,https://excel.codal.ir/service/Excel/GetAll/NwWdOOObOOORfPrONtFvpqcnrPHg%3d%3d/0,export,سود سرمایه گذاری,,0.0,0.0,,4461074.0,1404-03,1404
کگهر,گهرزمین,iron_ore,1404/03/31,گزارش فعالیت ماهانه دوره ۱ ماهه منتهی به  ۱۴۰۴/۰۳/۳۱(اصلاحیه),۱۴۰۴/۰۶/۱۷ ۱۶:۳۲:۴۶,1403137,True,https://excel.codal.ir/service/Excel/GetAll/NwWdOOObOOORfPrONtFvpqcnrPHg%3d%3d/0,export,نرمه گندله صادراتی(گندله ریزدانه),تن,0.0,0.0,0.0,0.0,1404-03,1404
کگهر,گهرزمین,iron_ore,1404/03/31,گزارش فعالیت ماهانه دوره ۱ ماهه منتهی به  ۱۴۰۴/۰۳/۳۱(اصلاحیه),۱۴۰۴/۰۶/۱۷ ۱۶:۳۲:۴۶,1403137,True,https://excel.codal.ir/service/Excel/GetAll/NwWdOOObOOORfPrONtFvpqcnrPHg%3d%3d/0,domestic,کلوخه سنگ آهن,تن,1585484.0,352080.0,18694836.0,6582078.0,1404-03,1404
کگهر,گهرزمین,iron_ore,1404/03/31,گزارش فعالیت ماهانه دوره ۱ ماهه منتهی به  ۱۴۰۴/۰۳/۳۱(اصلاحیه),۱۴۰۴/۰۶/۱۷ ۱۶:۳۲:۴۶,1403137,True,https://excel.codal.ir/service/Excel/GetAll/NwWdOOObOOORfPrONtFvpqcnrPHg%3d%3d/0,domestic,کلوخه کم عیار,تن,,,,0.0,1404-03,1404
کگهر,گهرزمین,iron_ore,1404/03/31,گزارش فعالیت ماهانه دوره ۱ ماهه منتهی به  ۱۴۰۴/۰۳/۳۱(اصلاحیه),۱۴۰۴/۰۶/۱۷ ۱۶:۳۲:۴۶,1403137,True,https://excel.codal.ir/service/Excel/GetAll/NwWdOOObOOORfPrONtFvpqcnrPHg%3d%3d/0,domestic,کنسانتره بورس کالا,تن,0.0,37632.0,62845610.0,2365006.0,1404-03,1404
کگهر,گهرزمین,iron_ore,1404/03/31,گزارش فعالیت ماهانه دوره ۱ ماهه منتهی به  ۱۴۰۴/۰۳/۳۱(اصلاحیه),۱۴۰۴/۰۶/۱۷ ۱۶:۳۲:۴۶,1403137,True,https://excel.codal.ir/service/Excel/GetAll/NwWdOOObOOORfPrONtFvpqcnrPHg%3d%3d/0,domestic,کنسانتره سنگ آهن,تن,596094.0,1397.0,51445956.0,71870.0,1404-03,1404
کگهر,گهرزمین,iron_ore,1404/03/31,گزارش فعالیت ماهانه دوره ۱ ماهه منتهی به  ۱۴۰۴/۰۳/۳۱(اصلاحیه),۱۴۰۴/۰۶/۱۷ ۱۶:۳۲:۴۶,1403137,True,https://excel.codal.ir/service/Excel/GetAll/NwWdOOObOOORfPrONtFvpqcnrPHg%3d%3d/0,export,کنسانتره سنگ آهن صادراتی,تن,,,0.0,0.0,1404-03,1404
کگهر,گهرزمین,iron_ore,1404/03/31,گزارش فعالیت ماهانه دوره ۱ ماهه منتهی به  ۱۴۰۴/۰۳/۳۱(اصلاحیه),۱۴۰۴/۰۶/۱۷ ۱۶:۳۲:۴۶,1403137,True,https://excel.codal.ir/service/Excel/GetAll/NwWdOOObOOORfPrONtFvpqcnrPHg%3d%3d/0,domestic,گندله,تن,557266.0,9893.0,79300111.0,784516.0,1404-03,1404
کگهر,گهرزمین,iron_ore,1404/03/31,گزارش فعالیت ماهانه دوره ۱ ماهه منتهی به  ۱۴۰۴/۰۳/۳۱(اصلاحیه),۱۴۰۴/۰۶/۱۷ ۱۶:۳۲:۴۶,1403137,True,https://excel.codal.ir/service/Excel/GetAll/NwWdOOObOOORfPrONtFvpqcnrPHg%3d%3d/0,domestic,گندله اختلاطی,تن,,,,0.0,1404-03,1404
کگهر,گهرزمین,iron_ore,1404/03/31,گزارش فعالیت ماهانه دوره ۱ ماهه منتهی به  ۱۴۰۴/۰۳/۳۱(اصلاحیه),۱۴۰۴/۰۶/۱۷ ۱۶:۳۲:۴۶,1403137,True,https://excel.codal.ir/service/Excel/GetAll/NwWdOOObOOORfPrONtFvpqcnrPHg%3d%3d/0,domestic,گندله بورس کالا,تن,0.0,233000.0,73982738.0,17237978.0,1404-03,1404
کگهر,گهرزمین,iron_ore,1404/03/31,گزارش فعالیت ماهانه دوره ۱ ماهه منتهی به  ۱۴۰۴/۰۳/۳۱(اصلاحیه),۱۴۰۴/۰۶/۱۷ ۱۶:۳۲:۴۶,1403137,True,https://excel.codal.ir/service/Excel/GetAll/NwWdOOObOOORfPrONtFvpqcnrPHg%3d%3d/0,export,گندله صادراتی,تن,0.0,152701.0,61156227.0,9338617.0,1404-03,1404
کگهر,گهرزمین,iron_ore,1404/04/31,گزارش فعالیت ماهانه دوره ۱ ماهه منتهی به  ۱۴۰۴/۰۴/۳۱,۱۴۰۴/۰۵/۰۷ ۱۶:۰۴:۵۳,1384256,False,https://excel.codal.ir/service/Excel/GetAll/JqlQrh4xz7asc7Rmsf7tDg%3d%3d/0,domestic,بلوم، بیلت,تن,17567.0,11937.0,281950825.0,3365647.0,1404-04,1404
کگهر,گهرزمین,iron_ore,1404/04/31,گزارش فعالیت ماهانه دوره ۱ ماهه منتهی به  ۱۴۰۴/۰۴/۳۱,۱۴۰۴/۰۵/۰۷ ۱۶:۰۴:۵۳,1384256,False,https://excel.codal.ir/service/Excel/GetAll/JqlQrh4xz7asc7Rmsf7tDg%3d%3d/0,export,بلوم، بیلت,تن,,,0.0,0.0,1404-04,1404
کگهر,گهرزمین,iron_ore,1404/04/31,گزارش فعالیت ماهانه دوره ۱ ماهه منتهی به  ۱۴۰۴/۰۴/۳۱,۱۴۰۴/۰۵/۰۷ ۱۶:۰۴:۵۳,1384256,False,https://excel.codal.ir/service/Excel/GetAll/JqlQrh4xz7asc7Rmsf7tDg%3d%3d/0,domestic,سنگ آهن دانه بندی شده,تن,1100028.0,13192.0,25611507.0,337867.0,1404-04,1404
کگهر,گهرزمین,iron_ore,1404/04/31,گزارش فعالیت ماهانه دوره ۱ ماهه منتهی به  ۱۴۰۴/۰۴/۳۱,۱۴۰۴/۰۵/۰۷ ۱۶:۰۴:۵۳,1384256,False,https://excel.codal.ir/service/Excel/GetAll/JqlQrh4xz7asc7Rmsf7tDg%3d%3d/0,export,سود سرمایه گذاری,,0.0,0.0,0.0,0.0,1404-04,1404
کگهر,گهرزمین,iron_ore,1404/04/31,گزارش فعالیت ماهانه دوره ۱ ماهه منتهی به  ۱۴۰۴/۰۴/۳۱,۱۴۰۴/۰۵/۰۷ ۱۶:۰۴:۵۳,1384256,False,https://excel.codal.ir/service/Excel/GetAll/JqlQrh4xz7asc7Rmsf7tDg%3d%3d/0,export,نرمه گندله صادراتی(گندله ریزدانه),تن,,,0.0,0.0,1404-04,1404
کگهر,گهرزمین,iron_ore,1404/04/31,گزارش فعالیت ماهانه دوره ۱ ماهه منتهی به  ۱۴۰۴/۰۴/۳۱,۱۴۰۴/۰۵/۰۷ ۱۶:۰۴:۵۳,1384256,False,https://excel.codal.ir/service/Excel/GetAll/JqlQrh4xz7asc7Rmsf7tDg%3d%3d/0,domestic,کلوخه سنگ آهن,تن,2060114.0,444823.0,20999528.0,9341073.0,1404-04,1404
کگهر,گهرزمین,iron_ore,1404/04/31,گزارش فعالیت ماهانه دوره ۱ ماهه منتهی به  ۱۴۰۴/۰۴/۳۱,۱۴۰۴/۰۵/۰۷ ۱۶:۰۴:۵۳,1384256,False,https://excel.codal.ir/service/Excel/GetAll/JqlQrh4xz7asc7Rmsf7tDg%3d%3d/0,domestic,کلوخه کم عیار,تن,,,,0.0,1404-04,1404
کگهر,گهرزمین,iron_ore,1404/04/31,گزارش فعالیت ماهانه دوره ۱ ماهه منتهی به  ۱۴۰۴/۰۴/۳۱,۱۴۰۴/۰۵/۰۷ ۱۶:۰۴:۵۳,1384256,False,https://excel.codal.ir/service/Excel/GetAll/JqlQrh4xz7asc7Rmsf7tDg%3d%3d/0,domestic,کنسانتره بورس کالا,تن,0.0,0.0,,0.0,1404-04,1404
کگهر,گهرزمین,iron_ore,1404/04/31,گزارش فعالیت ماهانه دوره ۱ ماهه منتهی به  ۱۴۰۴/۰۴/۳۱,۱۴۰۴/۰۵/۰۷ ۱۶:۰۴:۵۳,1384256,False,https://excel.codal.ir/service/Excel/GetAll/JqlQrh4xz7asc7Rmsf7tDg%3d%3d/0,domestic,کنسانتره سنگ آهن,تن,639450.0,0.0,,0.0,1404-04,1404
کگهر,گهرزمین,iron_ore,1404/04/31,گزارش فعالیت ماهانه دوره ۱ ماهه منتهی به  ۱۴۰۴/۰۴/۳۱,۱۴۰۴/۰۵/۰۷ ۱۶:۰۴:۵۳,1384256,False,https://excel.codal.ir/service/Excel/GetAll/JqlQrh4xz7asc7Rmsf7tDg%3d%3d/0,export,کنسانتره سنگ آهن صادراتی,تن,,119763.0,52855773.0,6330166.0,1404-04,1404
کگهر,گهرزمین,iron_ore,1404/04/31,گزارش فعالیت ماهانه دوره ۱ ماهه منتهی به  ۱۴۰۴/۰۴/۳۱,۱۴۰۴/۰۵/۰۷ ۱۶:۰۴:۵۳,1384256,False,https://excel.codal.ir/service/Excel/GetAll/JqlQrh4xz7asc7Rmsf7tDg%3d%3d/0,domestic,گندله,تن,479551.0,27390.0,75187623.0,2059389.0,1404-04,1404
کگهر,گهرزمین,iron_ore,1404/04/31,گزارش فعالیت ماهانه دوره ۱ ماهه منتهی به  ۱۴۰۴/۰۴/۳۱,۱۴۰۴/۰۵/۰۷ ۱۶:۰۴:۵۳,1384256,False,https://excel.codal.ir/service/Excel/GetAll/JqlQrh4xz7asc7Rmsf7tDg%3d%3d/0,domestic,گندله اختلاطی,تن,0.0,0.0,,0.0,1404-04,1404
کگهر,گهرزمین,iron_ore,1404/04/31,گزارش فعالیت ماهانه دوره ۱ ماهه منتهی به  ۱۴۰۴/۰۴/۳۱,۱۴۰۴/۰۵/۰۷ ۱۶:۰۴:۵۳,1384256,False,https://excel.codal.ir/service/Excel/GetAll/JqlQrh4xz7asc7Rmsf7tDg%3d%3d/0,domestic,گندله بورس کالا,تن,0.0,80000.0,76461675.0,6116934.0,1404-04,1404
کگهر,گهرزمین,iron_ore,1404/04/31,گزارش فعالیت ماهانه دوره ۱ ماهه منتهی به  ۱۴۰۴/۰۴/۳۱,۱۴۰۴/۰۵/۰۷ ۱۶:۰۴:۵۳,1384256,False,https://excel.codal.ir/service/Excel/GetAll/JqlQrh4xz7asc7Rmsf7tDg%3d%3d/0,export,گندله صادراتی,تن,,114576.0,63969435.0,7329362.0,1404-04,1404
کگهر,گهرزمین,iron_ore,1404/05/31,گزارش فعالیت ماهانه دوره ۱ ماهه منتهی به  ۱۴۰۴/۰۵/۳۱(اصلاحیه),۱۴۰۴/۰۶/۲۳ ۱۰:۵۰:۱۰,1405055,True,https://excel.codal.ir/service/Excel/GetAll/QQBWJQhXQLgNQQQaQQQIVrwGKrcA%3d%3d/0,domestic,بلوم، بیلت,تن,22624.0,15277.0,287798521.0,4396698.0,1404-05,1404
کگهر,گهرزمین,iron_ore,1404/05/31,گزارش فعالیت ماهانه دوره ۱ ماهه منتهی به  ۱۴۰۴/۰۵/۳۱(اصلاحیه),۱۴۰۴/۰۶/۲۳ ۱۰:۵۰:۱۰,1405055,True,https://excel.codal.ir/service/Excel/GetAll/QQBWJQhXQLgNQQQaQQQIVrwGKrcA%3d%3d/0,export,بلوم، بیلت,تن,,,0.0,0.0,1404-05,1404
کگهر,گهرزمین,iron_ore,1404/05/31,گزارش فعالیت ماهانه دوره ۱ ماهه منتهی به  ۱۴۰۴/۰۵/۳۱(اصلاحیه),۱۴۰۴/۰۶/۲۳ ۱۰:۵۰:۱۰,1405055,True,https://excel.codal.ir/service/Excel/GetAll/QQBWJQhXQLgNQQQaQQQIVrwGKrcA%3d%3d/0,domestic,سنگ آهن دانه بندی شده,تن,1100030.0,63014.0,23585013.0,1486186.0,1404-05,1404
کگهر,گهرزمین,iron_ore,1404/05/31,گزارش فعالیت ماهانه دوره ۱ ماهه منتهی به  ۱۴۰۴/۰۵/۳۱(اصلاحیه),۱۴۰۴/۰۶/۲۳ ۱۰:۵۰:۱۰,1405055,True,https://excel.codal.ir/service/Excel/GetAll/QQBWJQhXQLgNQQQaQQQIVrwGKrcA%3d%3d/0,export,سود سرمایه گذاری,,0.0,0.0,0.0,0.0,1404-05,1404
کگهر,گهرزمین,iron_ore,1404/05/31,گزارش فعالیت ماهانه دوره ۱ ماهه منتهی به  ۱۴۰۴/۰۵/۳۱(اصلاحیه),۱۴۰۴/۰۶/۲۳ ۱۰:۵۰:۱۰,1405055,True,https://excel.codal.ir/service/Excel/GetAll/QQBWJQhXQLgNQQQaQQQIVrwGKrcA%3d%3d/0,domestic,نرمه آهن اسفنجی,تن,2284.0,2284.0,120754816.0,275804.0,1404-05,1404
کگهر,گهرزمین,iron_ore,1404/05/31,گزارش فعالیت ماهانه دوره ۱ ماهه منتهی به  ۱۴۰۴/۰۵/۳۱(اصلاحیه),۱۴۰۴/۰۶/۲۳ ۱۰:۵۰:۱۰,1405055,True,https://excel.codal.ir/service/Excel/GetAll/QQBWJQhXQLgNQQQaQQQIVrwGKrcA%3d%3d/0,export,نرمه گندله صادراتی(گندله ریزدانه),تن,0.0,50072.0,51134087.0,2560386.0,1404-05,1404
کگهر,گهرزمین,iron_ore,1404/05/31,گزارش فعالیت ماهانه دوره ۱ ماهه منتهی به  ۱۴۰۴/۰۵/۳۱(اصلاحیه),۱۴۰۴/۰۶/۲۳ ۱۰:۵۰:۱۰,1405055,True,https://excel.codal.ir/service/Excel/GetAll/QQBWJQhXQLgNQQQaQQQIVrwGKrcA%3d%3d/0,domestic,کلوخه سنگ آهن,تن,1622244.0,382390.0,18761529.0,7174221.0,1404-05,1404
کگهر,گهرزمین,iron_ore,1404/05/31,گزارش فعالیت ماهانه دوره ۱ ماهه منتهی به  ۱۴۰۴/۰۵/۳۱(اصلاحیه),۱۴۰۴/۰۶/۲۳ ۱۰:۵۰:۱۰,1405055,True,https://excel.codal.ir/service/Excel/GetAll/QQBWJQhXQLgNQQQaQQQIVrwGKrcA%3d%3d/0,domestic,کلوخه کم عیار,تن,,,,0.0,1404-05,1404
کگهر,گهرزمین,iron_ore,1404/05/31,گزارش فعالیت ماهانه دوره ۱ ماهه منتهی به  ۱۴۰۴/۰۵/۳۱(اصلاحیه),۱۴۰۴/۰۶/۲۳ ۱۰:۵۰:۱۰,1405055,True,https://excel.codal.ir/service/Excel/GetAll/QQBWJQhXQLgNQQQaQQQIVrwGKrcA%3d%3d/0,domestic,کنسانتره بورس کالا,تن,0.0,0.0,,0.0,1404-05,1404
کگهر,گهرزمین,iron_ore,1404/05/31,گزارش فعالیت ماهانه دوره ۱ ماهه منتهی به  ۱۴۰۴/۰۵/۳۱(اصلاحیه),۱۴۰۴/۰۶/۲۳ ۱۰:۵۰:۱۰,1405055,True,https://excel.codal.ir/service/Excel/GetAll/QQBWJQhXQLgNQQQaQQQIVrwGKrcA%3d%3d/0,domestic,کنسانتره سنگ آهن,تن,640058.0,0.0,,0.0,1404-05,1404
کگهر,گهرزمین,iron_ore,1404/05/31,گزارش فعالیت ماهانه دوره ۱ ماهه منتهی به  ۱۴۰۴/۰۵/۳۱(اصلاحیه),۱۴۰۴/۰۶/۲۳ ۱۰:۵۰:۱۰,1405055,True,https://excel.codal.ir/service/Excel/GetAll/QQBWJQhXQLgNQQQaQQQIVrwGKrcA%3d%3d/0,export,کنسانتره سنگ آهن صادراتی,تن,,304657.0,50779155.0,15470225.0,1404-05,1404
کگهر,گهرزمین,iron_ore,1404/05/31,گزارش فعالیت ماهانه دوره ۱ ماهه منتهی به  ۱۴۰۴/۰۵/۳۱(اصلاحیه),۱۴۰۴/۰۶/۲۳ ۱۰:۵۰:۱۰,1405055,True,https://excel.codal.ir/service/Excel/GetAll/QQBWJQhXQLgNQQQaQQQIVrwGKrcA%3d%3d/0,domestic,گندله,تن,491876.0,161987.0,76085328.0,12324834.0,1404-05,1404
کگهر,گهرزمین,iron_ore,1404/05/31,گزارش فعالیت ماهانه دوره ۱ ماهه منتهی به  ۱۴۰۴/۰۵/۳۱(اصلاحیه),۱۴۰۴/۰۶/۲۳ ۱۰:۵۰:۱۰,1405055,True,https://excel.codal.ir/service/Excel/GetAll/QQBWJQhXQLgNQQQaQQQIVrwGKrcA%3d%3d/0,domestic,گندله اختلاطی,تن,,,,0.0,1404-05,1404
کگهر,گهرزمین,iron_ore,1404/05/31,گزارش فعالیت ماهانه دوره ۱ ماهه منتهی به  ۱۴۰۴/۰۵/۳۱(اصلاحیه),۱۴۰۴/۰۶/۲۳ ۱۰:۵۰:۱۰,1405055,True,https://excel.codal.ir/service/Excel/GetAll/QQBWJQhXQLgNQQQaQQQIVrwGKrcA%3d%3d/0,domestic,گندله بورس کالا,تن,,420000.0,71204619.0,29905940.0,1404-05,1404
کگهر,گهرزمین,iron_ore,1404/05/31,گزارش فعالیت ماهانه دوره ۱ ماهه منتهی به  ۱۴۰۴/۰۵/۳۱(اصلاحیه),۱۴۰۴/۰۶/۲۳ ۱۰:۵۰:۱۰,1405055,True,https://excel.codal.ir/service/Excel/GetAll/QQBWJQhXQLgNQQQaQQQIVrwGKrcA%3d%3d/0,export,گندله صادراتی,تن,,239203.0,67752190.0,16206527.0,1404-05,1404
کگهر,گهرزمین,iron_ore,1404/06/31,گزارش فعالیت ماهانه دوره ۱ ماهه منتهی به  ۱۴۰۴/۰۶/۳۱(اصلاحیه),۱۴۰۴/۰۷/۲۹ ۱۱:۴۵:۲۵,1423177,True,https://excel.codal.ir/service/Excel/GetAll/lhpHwUeGLgSt3F1mBcJBgg%3d%3d/0,domestic,بلوم، بیلت,تن,27307.0,22295.0,300781969.0,6705934.0,1404-06,1404
کگهر,گهرزمین,iron_ore,1404/06/31,گزارش فعالیت ماهانه دوره ۱ ماهه منتهی به  ۱۴۰۴/۰۶/۳۱(اصلاحیه),۱۴۰۴/۰۷/۲۹ ۱۱:۴۵:۲۵,1423177,True,https://excel.codal.ir/service/Excel/GetAll/lhpHwUeGLgSt3F1mBcJBgg%3d%3d/0,export,بلوم، بیلت,تن,,,0.0,0.0,1404-06,1404
کگهر,گهرزمین,iron_ore,1404/06/31,گزارش فعالیت ماهانه دوره ۱ ماهه منتهی به  ۱۴۰۴/۰۶/۳۱(اصلاحیه),۱۴۰۴/۰۷/۲۹ ۱۱:۴۵:۲۵,1423177,True,https://excel.codal.ir/service/Excel/GetAll/lhpHwUeGLgSt3F1mBcJBgg%3d%3d/0,domestic,سنگ آهن دانه بندی شده,تن,1100036.0,99793.0,22543044.0,2249638.0,1404-06,1404
کگهر,گهرزمین,iron_ore,1404/06/31,گزارش فعالیت ماهانه دوره ۱ ماهه منتهی به  ۱۴۰۴/۰۶/۳۱(اصلاحیه),۱۴۰۴/۰۷/۲۹ ۱۱:۴۵:۲۵,1423177,True,https://excel.codal.ir/service/Excel/GetAll/lhpHwUeGLgSt3F1mBcJBgg%3d%3d/0,export,سود سرمایه گذاری,,0.0,0.0,,120500.0,1404-06,1404
کگهر,گهرزمین,iron_ore,1404/06/31,گزارش فعالیت ماهانه دوره ۱ ماهه منتهی به  ۱۴۰۴/۰۶/۳۱(اصلاحیه),۱۴۰۴/۰۷/۲۹ ۱۱:۴۵:۲۵,1423177,True,https://excel.codal.ir/service/Excel/GetAll/lhpHwUeGLgSt3F1mBcJBgg%3d%3d/0,domestic,ضایعات شمش,تن,,,,0.0,1404-06,1404
کگهر,گهرزمین,iron_ore,1404/06/31,گزارش فعالیت ماهانه دوره ۱ ماهه منتهی به  ۱۴۰۴/۰۶/۳۱(اصلاحیه),۱۴۰۴/۰۷/۲۹ ۱۱:۴۵:۲۵,1423177,True,https://excel.codal.ir/service/Excel/GetAll/lhpHwUeGLgSt3F1mBcJBgg%3d%3d/0,domestic,نرمه آهن اسفنجی,تن,,,,0.0,1404-06,1404
کگهر,گهرزمین,iron_ore,1404/06/31,گزارش فعالیت ماهانه دوره ۱ ماهه منتهی به  ۱۴۰۴/۰۶/۳۱(اصلاحیه),۱۴۰۴/۰۷/۲۹ ۱۱:۴۵:۲۵,1423177,True,https://excel.codal.ir/service/Excel/GetAll/lhpHwUeGLgSt3F1mBcJBgg%3d%3d/0,export,نرمه گندله صادراتی(گندله ریزدانه),تن,,,0.0,0.0,1404-06,1404
کگهر,گهرزمین,iron_ore,1404/06/31,گزارش فعالیت ماهانه دوره ۱ ماهه منتهی به  ۱۴۰۴/۰۶/۳۱(اصلاحیه),۱۴۰۴/۰۷/۲۹ ۱۱:۴۵:۲۵,1423177,True,https://excel.codal.ir/service/Excel/GetAll/lhpHwUeGLgSt3F1mBcJBgg%3d%3d/0,domestic,کلوخه سنگ آهن,تن,1168000.0,421454.0,21600580.0,9103651.0,1404-06,1404
کگهر,گهرزمین,iron_ore,1404/06/31,گزارش فعالیت ماهانه دوره ۱ ماهه منتهی به  ۱۴۰۴/۰۶/۳۱(اصلاحیه),۱۴۰۴/۰۷/۲۹ ۱۱:۴۵:۲۵,1423177,True,https://excel.codal.ir/service/Excel/GetAll/lhpHwUeGLgSt3F1mBcJBgg%3d%3d/0,domestic,کلوخه کم عیار,تن,,,,0.0,1404-06,1404
کگهر,گهرزمین,iron_ore,1404/06/31,گزارش فعالیت ماهانه دوره ۱ ماهه منتهی به  ۱۴۰۴/۰۶/۳۱(اصلاحیه),۱۴۰۴/۰۷/۲۹ ۱۱:۴۵:۲۵,1423177,True,https://excel.codal.ir/service/Excel/GetAll/lhpHwUeGLgSt3F1mBcJBgg%3d%3d/0,domestic,کنسانتره بورس کالا,تن,,162064.0,60697502.0,9836880.0,1404-06,1404
کگهر,گهرزمین,iron_ore,1404/06/31,گزارش فعالیت ماهانه دوره ۱ ماهه منتهی به  ۱۴۰۴/۰۶/۳۱(اصلاحیه),۱۴۰۴/۰۷/۲۹ ۱۱:۴۵:۲۵,1423177,True,https://excel.codal.ir/service/Excel/GetAll/lhpHwUeGLgSt3F1mBcJBgg%3d%3d/0,domestic,کنسانتره سنگ آهن,تن,697086.0,,,0.0,1404-06,1404
کگهر,گهرزمین,iron_ore,1404/06/31,گزارش فعالیت ماهانه دوره ۱ ماهه منتهی به  ۱۴۰۴/۰۶/۳۱(اصلاحیه),۱۴۰۴/۰۷/۲۹ ۱۱:۴۵:۲۵,1423177,True,https://excel.codal.ir/service/Excel/GetAll/lhpHwUeGLgSt3F1mBcJBgg%3d%3d/0,export,کنسانتره سنگ آهن صادراتی,تن,,,0.0,0.0,1404-06,1404
کگهر,گهرزمین,iron_ore,1404/06/31,گزارش فعالیت ماهانه دوره ۱ ماهه منتهی به  ۱۴۰۴/۰۶/۳۱(اصلاحیه),۱۴۰۴/۰۷/۲۹ ۱۱:۴۵:۲۵,1423177,True,https://excel.codal.ir/service/Excel/GetAll/lhpHwUeGLgSt3F1mBcJBgg%3d%3d/0,domestic,گندله,تن,480366.0,120863.0,75185350.0,9087127.0,1404-06,1404
کگهر,گهرزمین,iron_ore,1404/06/31,گزارش فعالیت ماهانه دوره ۱ ماهه منتهی به  ۱۴۰۴/۰۶/۳۱(اصلاحیه),۱۴۰۴/۰۷/۲۹ ۱۱:۴۵:۲۵,1423177,True,https://excel.codal.ir/service/Excel/GetAll/lhpHwUeGLgSt3F1mBcJBgg%3d%3d/0,domestic,گندله اختلاطی,تن,,,,0.0,1404-06,1404
کگهر,گهرزمین,iron_ore,1404/06/31,گزارش فعالیت ماهانه دوره ۱ ماهه منتهی به  ۱۴۰۴/۰۶/۳۱(اصلاحیه),۱۴۰۴/۰۷/۲۹ ۱۱:۴۵:۲۵,1423177,True,https://excel.codal.ir/service/Excel/GetAll/lhpHwUeGLgSt3F1mBcJBgg%3d%3d/0,domestic,گندله بورس کالا,تن,,460000.0,73755639.0,33927594.0,1404-06,1404
کگهر,گهرزمین,iron_ore,1404/06/31,گزارش فعالیت ماهانه دوره ۱ ماهه منتهی به  ۱۴۰۴/۰۶/۳۱(اصلاحیه),۱۴۰۴/۰۷/۲۹ ۱۱:۴۵:۲۵,1423177,True,https://excel.codal.ir/service/Excel/GetAll/lhpHwUeGLgSt3F1mBcJBgg%3d%3d/0,export,گندله صادراتی,تن,,291269.0,76179559.0,22188744.0,1404-06,1404
کگهر,گهرزمین,iron_ore,1404/07/30,گزارش فعالیت ماهانه دوره ۱ ماهه منتهی به  ۱۴۰۴/۰۷/۳۰,۱۴۰۴/۰۸/۰۶ ۱۹:۲۷:۵۵,1427972,False,https://excel.codal.ir/service/Excel/GetAll/IUjcIYDmoZUwI3ylZzTytw%3d%3d/0,domestic,بلوم، بیلت,تن,26227.0,34559.0,318612431.0,11010927.0,1404-07,1404
کگهر,گهرزمین,iron_ore,1404/07/30,گزارش فعالیت ماهانه دوره ۱ ماهه منتهی به  ۱۴۰۴/۰۷/۳۰,۱۴۰۴/۰۸/۰۶ ۱۹:۲۷:۵۵,1427972,False,https://excel.codal.ir/service/Excel/GetAll/IUjcIYDmoZUwI3ylZzTytw%3d%3d/0,export,بلوم، بیلت,تن,,,0.0,0.0,1404-07,1404
کگهر,گهرزمین,iron_ore,1404/07/30,گزارش فعالیت ماهانه دوره ۱ ماهه منتهی به  ۱۴۰۴/۰۷/۳۰,۱۴۰۴/۰۸/۰۶ ۱۹:۲۷:۵۵,1427972,False,https://excel.codal.ir/service/Excel/GetAll/IUjcIYDmoZUwI3ylZzTytw%3d%3d/0,domestic,سنگ آهن دانه بندی شده,تن,1100047.0,174184.0,22714928.0,3956577.0,1404-07,1404
کگهر,گهرزمین,iron_ore,1404/07/30,گزارش فعالیت ماهانه دوره ۱ ماهه منتهی به  ۱۴۰۴/۰۷/۳۰,۱۴۰۴/۰۸/۰۶ ۱۹:۲۷:۵۵,1427972,False,https://excel.codal.ir/service/Excel/GetAll/IUjcIYDmoZUwI3ylZzTytw%3d%3d/0,export,سود سرمایه گذاری,,0.0,0.0,0.0,0.0,1404-07,1404
کگهر,گهرزمین,iron_ore,1404/07/30,گزارش فعالیت ماهانه دوره ۱ ماهه منتهی به  ۱۴۰۴/۰۷/۳۰,۱۴۰۴/۰۸/۰۶ ۱۹:۲۷:۵۵,1427972,False,https://excel.codal.ir/service/Excel/GetAll/IUjcIYDmoZUwI3ylZzTytw%3d%3d/0,domestic,ضایعات شمش,تن,0.0,0.0,,0.0,1404-07,1404
کگهر,گهرزمین,iron_ore,1404/07/30,گزارش فعالیت ماهانه دوره ۱ ماهه منتهی به  ۱۴۰۴/۰۷/۳۰,۱۴۰۴/۰۸/۰۶ ۱۹:۲۷:۵۵,1427972,False,https://excel.codal.ir/service/Excel/GetAll/IUjcIYDmoZUwI3ylZzTytw%3d%3d/0,domestic,نرمه آهن اسفنجی,تن,0.0,0.0,,0.0,1404-07,1404
کگهر,گهرزمین,iron_ore,1404/07/30,گزارش فعالیت ماهانه دوره ۱ ماهه منتهی به  ۱۴۰۴/۰۷/۳۰,۱۴۰۴/۰۸/۰۶ ۱۹:۲۷:۵۵,1427972,False,https://excel.codal.ir/service/Excel/GetAll/IUjcIYDmoZUwI3ylZzTytw%3d%3d/0,export,نرمه گندله صادراتی(گندله ریزدانه),تن,,,0.0,0.0,1404-07,1404
کگهر,گهرزمین,iron_ore,1404/07/30,گزارش فعالیت ماهانه دوره ۱ ماهه منتهی به  ۱۴۰۴/۰۷/۳۰,۱۴۰۴/۰۸/۰۶ ۱۹:۲۷:۵۵,1427972,False,https://excel.codal.ir/service/Excel/GetAll/IUjcIYDmoZUwI3ylZzTytw%3d%3d/0,domestic,کلوخه سنگ آهن,تن,1402277.0,334066.0,17476553.0,5838322.0,1404-07,1404
کگهر,گهرزمین,iron_ore,1404/07/30,گزارش فعالیت ماهانه دوره ۱ ماهه منتهی به  ۱۴۰۴/۰۷/۳۰,۱۴۰۴/۰۸/۰۶ ۱۹:۲۷:۵۵,1427972,False,https://excel.codal.ir/service/Excel/GetAll/IUjcIYDmoZUwI3ylZzTytw%3d%3d/0,domestic,کلوخه کم عیار,تن,,,,0.0,1404-07,1404
کگهر,گهرزمین,iron_ore,1404/07/30,گزارش فعالیت ماهانه دوره ۱ ماهه منتهی به  ۱۴۰۴/۰۷/۳۰,۱۴۰۴/۰۸/۰۶ ۱۹:۲۷:۵۵,1427972,False,https://excel.codal.ir/service/Excel/GetAll/IUjcIYDmoZUwI3ylZzTytw%3d%3d/0,domestic,کنسانتره بورس کالا,تن,,140000.0,61788536.0,8650395.0,1404-07,1404
کگهر,گهرزمین,iron_ore,1404/07/30,گزارش فعالیت ماهانه دوره ۱ ماهه منتهی به  ۱۴۰۴/۰۷/۳۰,۱۴۰۴/۰۸/۰۶ ۱۹:۲۷:۵۵,1427972,False,https://excel.codal.ir/service/Excel/GetAll/IUjcIYDmoZUwI3ylZzTytw%3d%3d/0,domestic,کنسانتره سنگ آهن,تن,697793.0,16670.0,60988302.0,1016675.0,1404-07,1404
کگهر,گهرزمین,iron_ore,1404/07/30,گزارش فعالیت ماهانه دوره ۱ ماهه منتهی به  ۱۴۰۴/۰۷/۳۰,۱۴۰۴/۰۸/۰۶ ۱۹:۲۷:۵۵,1427972,False,https://excel.codal.ir/service/Excel/GetAll/IUjcIYDmoZUwI3ylZzTytw%3d%3d/0,export,کنسانتره سنگ آهن صادراتی,تن,,,0.0,0.0,1404-07,1404
کگهر,گهرزمین,iron_ore,1404/07/30,گزارش فعالیت ماهانه دوره ۱ ماهه منتهی به  ۱۴۰۴/۰۷/۳۰,۱۴۰۴/۰۸/۰۶ ۱۹:۲۷:۵۵,1427972,False,https://excel.codal.ir/service/Excel/GetAll/IUjcIYDmoZUwI3ylZzTytw%3d%3d/0,domestic,گندله,تن,528072.0,39058.0,75178862.0,2936336.0,1404-07,1404
کگهر,گهرزمین,iron_ore,1404/07/30,گزارش فعالیت ماهانه دوره ۱ ماهه منتهی به  ۱۴۰۴/۰۷/۳۰,۱۴۰۴/۰۸/۰۶ ۱۹:۲۷:۵۵,1427972,False,https://excel.codal.ir/service/Excel/GetAll/IUjcIYDmoZUwI3ylZzTytw%3d%3d/0,domestic,گندله اختلاطی,تن,0.0,0.0,,0.0,1404-07,1404
کگهر,گهرزمین,iron_ore,1404/07/30,گزارش فعالیت ماهانه دوره ۱ ماهه منتهی به  ۱۴۰۴/۰۷/۳۰,۱۴۰۴/۰۸/۰۶ ۱۹:۲۷:۵۵,1427972,False,https://excel.codal.ir/service/Excel/GetAll/IUjcIYDmoZUwI3ylZzTytw%3d%3d/0,domestic,گندله بورس کالا,تن,,470000.0,75545872.0,35506560.0,1404-07,1404
کگهر,گهرزمین,iron_ore,1404/07/30,گزارش فعالیت ماهانه دوره ۱ ماهه منتهی به  ۱۴۰۴/۰۷/۳۰,۱۴۰۴/۰۸/۰۶ ۱۹:۲۷:۵۵,1427972,False,https://excel.codal.ir/service/Excel/GetAll/IUjcIYDmoZUwI3ylZzTytw%3d%3d/0,export,گندله صادراتی,تن,,70650.0,74499632.0,5263399.0,1404-07,1404
کگهر,گهرزمین,iron_ore,1404/08/30,گزارش فعالیت ماهانه دوره ۱ ماهه منتهی به  ۱۴۰۴/۰۸/۳۰,۱۴۰۴/۰۹/۰۸ ۱۷:۴۹:۴۹,1439855,False,https://excel.codal.ir/service/Excel/GetAll/2SErsIvhwJuQQ0ZT52pTrA%3d%3d/0,domestic,آهن اسفنجی,تن,,24978.0,178710585.0,4463833.0,1404-08,1404
کگهر,گهرزمین,iron_ore,1404/08/30,گزارش فعالیت ماهانه دوره ۱ ماهه منتهی به  ۱۴۰۴/۰۸/۳۰,۱۴۰۴/۰۹/۰۸ ۱۷:۴۹:۴۹,1439855,False,https://excel.codal.ir/service/Excel/GetAll/2SErsIvhwJuQQ0ZT52pTrA%3d%3d/0,domestic,بلوم، بیلت,تن,27293.0,24910.0,325410919.0,8105986.0,1404-08,1404
کگهر,گهرزمین,iron_ore,1404/08/30,گزارش فعالیت ماهانه دوره ۱ ماهه منتهی به  ۱۴۰۴/۰۸/۳۰,۱۴۰۴/۰۹/۰۸ ۱۷:۴۹:۴۹,1439855,False,https://excel.codal.ir/service/Excel/GetAll/2SErsIvhwJuQQ0ZT52pTrA%3d%3d/0,export,بلوم، بیلت,تن,,,0.0,0.0,1404-08,1404
کگهر,گهرزمین,iron_ore,1404/08/30,گزارش فعالیت ماهانه دوره ۱ ماهه منتهی به  ۱۴۰۴/۰۸/۳۰,۱۴۰۴/۰۹/۰۸ ۱۷:۴۹:۴۹,1439855,False,https://excel.codal.ir/service/Excel/GetAll/2SErsIvhwJuQQ0ZT52pTrA%3d%3d/0,domestic,سنگ آهن دانه بندی شده,تن,1100053.0,223339.0,18442995.0,4119040.0,1404-08,1404
کگهر,گهرزمین,iron_ore,1404/08/30,گزارش فعالیت ماهانه دوره ۱ ماهه منتهی به  ۱۴۰۴/۰۸/۳۰,۱۴۰۴/۰۹/۰۸ ۱۷:۴۹:۴۹,1439855,False,https://excel.codal.ir/service/Excel/GetAll/2SErsIvhwJuQQ0ZT52pTrA%3d%3d/0,export,سود سرمایه گذاری,,0.0,1.0,2728947000000.0,2728947.0,1404-08,1404
کگهر,گهرزمین,iron_ore,1404/08/30,گزارش فعالیت ماهانه دوره ۱ ماهه منتهی به  ۱۴۰۴/۰۸/۳۰,۱۴۰۴/۰۹/۰۸ ۱۷:۴۹:۴۹,1439855,False,https://excel.codal.ir/service/Excel/GetAll/2SErsIvhwJuQQ0ZT52pTrA%3d%3d/0,domestic,ضایعات شمش,تن,5135.0,,,0.0,1404-08,1404
کگهر,گهرزمین,iron_ore,1404/08/30,گزارش فعالیت ماهانه دوره ۱ ماهه منتهی به  ۱۴۰۴/۰۸/۳۰,۱۴۰۴/۰۹/۰۸ ۱۷:۴۹:۴۹,1439855,False,https://excel.codal.ir/service/Excel/GetAll/2SErsIvhwJuQQ0ZT52pTrA%3d%3d/0,domestic,نرمه آهن اسفنجی,تن,10256.0,,,0.0,1404-08,1404
کگهر,گهرزمین,iron_ore,1404/08/30,گزارش فعالیت ماهانه دوره ۱ ماهه منتهی به  ۱۴۰۴/۰۸/۳۰,۱۴۰۴/۰۹/۰۸ ۱۷:۴۹:۴۹,1439855,False,https://excel.codal.ir/service/Excel/GetAll/2SErsIvhwJuQQ0ZT52pTrA%3d%3d/0,export,نرمه گندله صادراتی(گندله ریزدانه),تن,,,0.0,0.0,1404-08,1404
کگهر,گهرزمین,iron_ore,1404/08/30,گزارش فعالیت ماهانه دوره ۱ ماهه منتهی به  ۱۴۰۴/۰۸/۳۰,۱۴۰۴/۰۹/۰۸ ۱۷:۴۹:۴۹,1439855,False,https://excel.codal.ir/service/Excel/GetAll/2SErsIvhwJuQQ0ZT52pTrA%3d%3d/0,domestic,کلوخه سنگ آهن,تن,1273465.0,234840.0,17013639.0,3995483.0,1404-08,1404
کگهر,گهرزمین,iron_ore,1404/08/30,گزارش فعالیت ماهانه دوره ۱ ماهه منتهی به  ۱۴۰۴/۰۸/۳۰,۱۴۰۴/۰۹/۰۸ ۱۷:۴۹:۴۹,1439855,False,https://excel.codal.ir/service/Excel/GetAll/2SErsIvhwJuQQ0ZT52pTrA%3d%3d/0,domestic,کلوخه کم عیار,تن,,,,0.0,1404-08,1404
کگهر,گهرزمین,iron_ore,1404/08/30,گزارش فعالیت ماهانه دوره ۱ ماهه منتهی به  ۱۴۰۴/۰۸/۳۰,۱۴۰۴/۰۹/۰۸ ۱۷:۴۹:۴۹,1439855,False,https://excel.codal.ir/service/Excel/GetAll/2SErsIvhwJuQQ0ZT52pTrA%3d%3d/0,domestic,کنسانتره بورس کالا,تن,,140000.0,62247250.0,8714615.0,1404-08,1404
کگهر,گهرزمین,iron_ore,1404/08/30,گزارش فعالیت ماهانه دوره ۱ ماهه منتهی به  ۱۴۰۴/۰۸/۳۰,۱۴۰۴/۰۹/۰۸ ۱۷:۴۹:۴۹,1439855,False,https://excel.codal.ir/service/Excel/GetAll/2SErsIvhwJuQQ0ZT52pTrA%3d%3d/0,domestic,کنسانتره سنگ آهن,تن,698141.0,112.0,60848214.0,6815.0,1404-08,1404
کگهر,گهرزمین,iron_ore,1404/08/30,گزارش فعالیت ماهانه دوره ۱ ماهه منتهی به  ۱۴۰۴/۰۸/۳۰,۱۴۰۴/۰۹/۰۸ ۱۷:۴۹:۴۹,1439855,False,https://excel.codal.ir/service/Excel/GetAll/2SErsIvhwJuQQ0ZT52pTrA%3d%3d/0,export,کنسانتره سنگ آهن صادراتی,تن,,,0.0,0.0,1404-08,1404
کگهر,گهرزمین,iron_ore,1404/08/30,گزارش فعالیت ماهانه دوره ۱ ماهه منتهی به  ۱۴۰۴/۰۸/۳۰,۱۴۰۴/۰۹/۰۸ ۱۷:۴۹:۴۹,1439855,False,https://excel.codal.ir/service/Excel/GetAll/2SErsIvhwJuQQ0ZT52pTrA%3d%3d/0,domestic,گندله,تن,544032.0,105460.0,74314280.0,7837184.0,1404-08,1404
کگهر,گهرزمین,iron_ore,1404/08/30,گزارش فعالیت ماهانه دوره ۱ ماهه منتهی به  ۱۴۰۴/۰۸/۳۰,۱۴۰۴/۰۹/۰۸ ۱۷:۴۹:۴۹,1439855,False,https://excel.codal.ir/service/Excel/GetAll/2SErsIvhwJuQQ0ZT52pTrA%3d%3d/0,domestic,گندله اختلاطی,تن,,,,0.0,1404-08,1404
کگهر,گهرزمین,iron_ore,1404/08/30,گزارش فعالیت ماهانه دوره ۱ ماهه منتهی به  ۱۴۰۴/۰۸/۳۰,۱۴۰۴/۰۹/۰۸ ۱۷:۴۹:۴۹,1439855,False,https://excel.codal.ir/service/Excel/GetAll/2SErsIvhwJuQQ0ZT52pTrA%3d%3d/0,domestic,گندله بورس کالا,تن,,443000.0,76323770.0,33811430.0,1404-08,1404
کگهر,گهرزمین,iron_ore,1404/08/30,گزارش فعالیت ماهانه دوره ۱ ماهه منتهی به  ۱۴۰۴/۰۸/۳۰,۱۴۰۴/۰۹/۰۸ ۱۷:۴۹:۴۹,1439855,False,https://excel.codal.ir/service/Excel/GetAll/2SErsIvhwJuQQ0ZT52pTrA%3d%3d/0,export,گندله صادراتی,تن,,,0.0,0.0,1404-08,1404
کگهر,گهرزمین,iron_ore,1404/09/30,گزارش فعالیت ماهانه دوره ۱ ماهه منتهی به  ۱۴۰۴/۰۹/۳۰(اصلاحیه),۱۴۰۴/۱۲/۲۸ ۱۰:۲۶:۳۸,1503500,True,https://excel.codal.ir/service/Excel/GetAll/Kl0bIcGSQZVi085to2PO8g%3d%3d/0,domestic,آهن اسفنجی,تن,0.0,17228.0,189104771.0,3257897.0,1404-09,1404
کگهر,گهرزمین,iron_ore,1404/09/30,گزارش فعالیت ماهانه دوره ۱ ماهه منتهی به  ۱۴۰۴/۰۹/۳۰(اصلاحیه),۱۴۰۴/۱۲/۲۸ ۱۰:۲۶:۳۸,1503500,True,https://excel.codal.ir/service/Excel/GetAll/Kl0bIcGSQZVi085to2PO8g%3d%3d/0,domestic,بلوم و بیلت بورس کالا,تن,0.0,1.0,1800175000000.0,1800175.0,1404-09,1404
کگهر,گهرزمین,iron_ore,1404/09/30,گزارش فعالیت ماهانه دوره ۱ ماهه منتهی به  ۱۴۰۴/۰۹/۳۰(اصلاحیه),۱۴۰۴/۱۲/۲۸ ۱۰:۲۶:۳۸,1503500,True,https://excel.codal.ir/service/Excel/GetAll/Kl0bIcGSQZVi085to2PO8g%3d%3d/0,domestic,بلوم، بیلت,تن,26284.0,1188.0,332330808.0,394809.0,1404-09,1404
کگهر,گهرزمین,iron_ore,1404/09/30,گزارش فعالیت ماهانه دوره ۱ ماهه منتهی به  ۱۴۰۴/۰۹/۳۰(اصلاحیه),۱۴۰۴/۱۲/۲۸ ۱۰:۲۶:۳۸,1503500,True,https://excel.codal.ir/service/Excel/GetAll/Kl0bIcGSQZVi085to2PO8g%3d%3d/0,export,بلوم، بیلت,تن,,,0.0,0.0,1404-09,1404
کگهر,گهرزمین,iron_ore,1404/09/30,گزارش فعالیت ماهانه دوره ۱ ماهه منتهی به  ۱۴۰۴/۰۹/۳۰(اصلاحیه),۱۴۰۴/۱۲/۲۸ ۱۰:۲۶:۳۸,1503500,True,https://excel.codal.ir/service/Excel/GetAll/Kl0bIcGSQZVi085to2PO8g%3d%3d/0,domestic,سنگ آهن دانه بندی شده,تن,1103734.0,126472.0,24301047.0,3073402.0,1404-09,1404
کگهر,گهرزمین,iron_ore,1404/09/30,گزارش فعالیت ماهانه دوره ۱ ماهه منتهی به  ۱۴۰۴/۰۹/۳۰(اصلاحیه),۱۴۰۴/۱۲/۲۸ ۱۰:۲۶:۳۸,1503500,True,https://excel.codal.ir/service/Excel/GetAll/Kl0bIcGSQZVi085to2PO8g%3d%3d/0,export,سود سرمایه گذاری,,0.0,1.0,8649546000000.0,8649546.0,1404-09,1404
کگهر,گهرزمین,iron_ore,1404/09/30,گزارش فعالیت ماهانه دوره ۱ ماهه منتهی به  ۱۴۰۴/۰۹/۳۰(اصلاحیه),۱۴۰۴/۱۲/۲۸ ۱۰:۲۶:۳۸,1503500,True,https://excel.codal.ir/service/Excel/GetAll/Kl0bIcGSQZVi085to2PO8g%3d%3d/0,domestic,ضایعات شمش,تن,9149.0,,,0.0,1404-09,1404
کگهر,گهرزمین,iron_ore,1404/09/30,گزارش فعالیت ماهانه دوره ۱ ماهه منتهی به  ۱۴۰۴/۰۹/۳۰(اصلاحیه),۱۴۰۴/۱۲/۲۸ ۱۰:۲۶:۳۸,1503500,True,https://excel.codal.ir/service/Excel/GetAll/Kl0bIcGSQZVi085to2PO8g%3d%3d/0,domestic,نرمه آهن اسفنجی,تن,14279.0,,,0.0,1404-09,1404
کگهر,گهرزمین,iron_ore,1404/09/30,گزارش فعالیت ماهانه دوره ۱ ماهه منتهی به  ۱۴۰۴/۰۹/۳۰(اصلاحیه),۱۴۰۴/۱۲/۲۸ ۱۰:۲۶:۳۸,1503500,True,https://excel.codal.ir/service/Excel/GetAll/Kl0bIcGSQZVi085to2PO8g%3d%3d/0,export,نرمه گندله صادراتی(گندله ریزدانه),تن,,,0.0,0.0,1404-09,1404
کگهر,گهرزمین,iron_ore,1404/09/30,گزارش فعالیت ماهانه دوره ۱ ماهه منتهی به  ۱۴۰۴/۰۹/۳۰(اصلاحیه),۱۴۰۴/۱۲/۲۸ ۱۰:۲۶:۳۸,1503500,True,https://excel.codal.ir/service/Excel/GetAll/Kl0bIcGSQZVi085to2PO8g%3d%3d/0,domestic,کلوخه سنگ آهن,تن,1928916.0,392982.0,22680016.0,8912838.0,1404-09,1404
کگهر,گهرزمین,iron_ore,1404/09/30,گزارش فعالیت ماهانه دوره ۱ ماهه منتهی به  ۱۴۰۴/۰۹/۳۰(اصلاحیه),۱۴۰۴/۱۲/۲۸ ۱۰:۲۶:۳۸,1503500,True,https://excel.codal.ir/service/Excel/GetAll/Kl0bIcGSQZVi085to2PO8g%3d%3d/0,domestic,کلوخه کم عیار,تن,,,,0.0,1404-09,1404
کگهر,گهرزمین,iron_ore,1404/09/30,گزارش فعالیت ماهانه دوره ۱ ماهه منتهی به  ۱۴۰۴/۰۹/۳۰(اصلاحیه),۱۴۰۴/۱۲/۲۸ ۱۰:۲۶:۳۸,1503500,True,https://excel.codal.ir/service/Excel/GetAll/Kl0bIcGSQZVi085to2PO8g%3d%3d/0,domestic,کنسانتره بورس کالا,تن,,85000.0,62077612.0,5276597.0,1404-09,1404
کگهر,گهرزمین,iron_ore,1404/09/30,گزارش فعالیت ماهانه دوره ۱ ماهه منتهی به  ۱۴۰۴/۰۹/۳۰(اصلاحیه),۱۴۰۴/۱۲/۲۸ ۱۰:۲۶:۳۸,1503500,True,https://excel.codal.ir/service/Excel/GetAll/Kl0bIcGSQZVi085to2PO8g%3d%3d/0,domestic,کنسانتره سنگ آهن,تن,698576.0,,,0.0,1404-09,1404
کگهر,گهرزمین,iron_ore,1404/09/30,گزارش فعالیت ماهانه دوره ۱ ماهه منتهی به  ۱۴۰۴/۰۹/۳۰(اصلاحیه),۱۴۰۴/۱۲/۲۸ ۱۰:۲۶:۳۸,1503500,True,https://excel.codal.ir/service/Excel/GetAll/Kl0bIcGSQZVi085to2PO8g%3d%3d/0,export,کنسانتره سنگ آهن صادراتی,تن,,,0.0,0.0,1404-09,1404
کگهر,گهرزمین,iron_ore,1404/09/30,گزارش فعالیت ماهانه دوره ۱ ماهه منتهی به  ۱۴۰۴/۰۹/۳۰(اصلاحیه),۱۴۰۴/۱۲/۲۸ ۱۰:۲۶:۳۸,1503500,True,https://excel.codal.ir/service/Excel/GetAll/Kl0bIcGSQZVi085to2PO8g%3d%3d/0,domestic,گندله,تن,527442.0,87053.0,75739814.0,6593378.0,1404-09,1404
کگهر,گهرزمین,iron_ore,1404/09/30,گزارش فعالیت ماهانه دوره ۱ ماهه منتهی به  ۱۴۰۴/۰۹/۳۰(اصلاحیه),۱۴۰۴/۱۲/۲۸ ۱۰:۲۶:۳۸,1503500,True,https://excel.codal.ir/service/Excel/GetAll/Kl0bIcGSQZVi085to2PO8g%3d%3d/0,domestic,گندله اختلاطی,تن,,,,0.0,1404-09,1404
کگهر,گهرزمین,iron_ore,1404/09/30,گزارش فعالیت ماهانه دوره ۱ ماهه منتهی به  ۱۴۰۴/۰۹/۳۰(اصلاحیه),۱۴۰۴/۱۲/۲۸ ۱۰:۲۶:۳۸,1503500,True,https://excel.codal.ir/service/Excel/GetAll/Kl0bIcGSQZVi085to2PO8g%3d%3d/0,domestic,گندله بورس کالا,تن,,355000.0,76295930.0,27085055.0,1404-09,1404
کگهر,گهرزمین,iron_ore,1404/09/30,گزارش فعالیت ماهانه دوره ۱ ماهه منتهی به  ۱۴۰۴/۰۹/۳۰(اصلاحیه),۱۴۰۴/۱۲/۲۸ ۱۰:۲۶:۳۸,1503500,True,https://excel.codal.ir/service/Excel/GetAll/Kl0bIcGSQZVi085to2PO8g%3d%3d/0,export,گندله صادراتی,تن,,,0.0,0.0,1404-09,1404
کگهر,گهرزمین,iron_ore,1404/10/30,گزارش فعالیت ماهانه دوره ۱ ماهه منتهی به  ۱۴۰۴/۱۰/۳۰,۱۴۰۴/۱۱/۰۷ ۱۵:۲۰:۴۴,1478427,False,https://excel.codal.ir/service/Excel/GetAll/1rnzHsmOOObOOOwhSXrwa8BmTbOg%3d%3d/0,domestic,آهن اسفنجی,تن,,,,0.0,1404-10,1404
کگهر,گهرزمین,iron_ore,1404/10/30,گزارش فعالیت ماهانه دوره ۱ ماهه منتهی به  ۱۴۰۴/۱۰/۳۰,۱۴۰۴/۱۱/۰۷ ۱۵:۲۰:۴۴,1478427,False,https://excel.codal.ir/service/Excel/GetAll/1rnzHsmOOObOOOwhSXrwa8BmTbOg%3d%3d/0,domestic,بلوم و بیلت بورس کالا,تن,0.0,10486.0,380326054.0,3988099.0,1404-10,1404
کگهر,گهرزمین,iron_ore,1404/10/30,گزارش فعالیت ماهانه دوره ۱ ماهه منتهی به  ۱۴۰۴/۱۰/۳۰,۱۴۰۴/۱۱/۰۷ ۱۵:۲۰:۴۴,1478427,False,https://excel.codal.ir/service/Excel/GetAll/1rnzHsmOOObOOOwhSXrwa8BmTbOg%3d%3d/0,domestic,بلوم، بیلت,تن,24829.0,9801.0,363912764.0,3566709.0,1404-10,1404
کگهر,گهرزمین,iron_ore,1404/10/30,گزارش فعالیت ماهانه دوره ۱ ماهه منتهی به  ۱۴۰۴/۱۰/۳۰,۱۴۰۴/۱۱/۰۷ ۱۵:۲۰:۴۴,1478427,False,https://excel.codal.ir/service/Excel/GetAll/1rnzHsmOOObOOOwhSXrwa8BmTbOg%3d%3d/0,export,بلوم، بیلت,تن,,,0.0,0.0,1404-10,1404
کگهر,گهرزمین,iron_ore,1404/10/30,گزارش فعالیت ماهانه دوره ۱ ماهه منتهی به  ۱۴۰۴/۱۰/۳۰,۱۴۰۴/۱۱/۰۷ ۱۵:۲۰:۴۴,1478427,False,https://excel.codal.ir/service/Excel/GetAll/1rnzHsmOOObOOOwhSXrwa8BmTbOg%3d%3d/0,domestic,سنگ آهن دانه بندی شده,تن,1103745.0,233395.0,27430733.0,6402196.0,1404-10,1404
کگهر,گهرزمین,iron_ore,1404/10/30,گزارش فعالیت ماهانه دوره ۱ ماهه منتهی به  ۱۴۰۴/۱۰/۳۰,۱۴۰۴/۱۱/۰۷ ۱۵:۲۰:۴۴,1478427,False,https://excel.codal.ir/service/Excel/GetAll/1rnzHsmOOObOOOwhSXrwa8BmTbOg%3d%3d/0,export,سود سرمایه گذاری,,0.0,0.0,0.0,0.0,1404-10,1404
کگهر,گهرزمین,iron_ore,1404/10/30,گزارش فعالیت ماهانه دوره ۱ ماهه منتهی به  ۱۴۰۴/۱۰/۳۰,۱۴۰۴/۱۱/۰۷ ۱۵:۲۰:۴۴,1478427,False,https://excel.codal.ir/service/Excel/GetAll/1rnzHsmOOObOOOwhSXrwa8BmTbOg%3d%3d/0,domestic,ضایعات شمش,تن,503.0,0.0,,0.0,1404-10,1404
کگهر,گهرزمین,iron_ore,1404/10/30,گزارش فعالیت ماهانه دوره ۱ ماهه منتهی به  ۱۴۰۴/۱۰/۳۰,۱۴۰۴/۱۱/۰۷ ۱۵:۲۰:۴۴,1478427,False,https://excel.codal.ir/service/Excel/GetAll/1rnzHsmOOObOOOwhSXrwa8BmTbOg%3d%3d/0,domestic,نرمه آهن اسفنجی,تن,0.0,10827.0,146167636.0,1582557.0,1404-10,1404
کگهر,گهرزمین,iron_ore,1404/10/30,گزارش فعالیت ماهانه دوره ۱ ماهه منتهی به  ۱۴۰۴/۱۰/۳۰,۱۴۰۴/۱۱/۰۷ ۱۵:۲۰:۴۴,1478427,False,https://excel.codal.ir/service/Excel/GetAll/1rnzHsmOOObOOOwhSXrwa8BmTbOg%3d%3d/0,domestic,نرمه گندله,تن,5177.0,,,0.0,1404-10,1404
کگهر,گهرزمین,iron_ore,1404/10/30,گزارش فعالیت ماهانه دوره ۱ ماهه منتهی به  ۱۴۰۴/۱۰/۳۰,۱۴۰۴/۱۱/۰۷ ۱۵:۲۰:۴۴,1478427,False,https://excel.codal.ir/service/Excel/GetAll/1rnzHsmOOObOOOwhSXrwa8BmTbOg%3d%3d/0,export,نرمه گندله صادراتی(گندله ریزدانه),تن,,,0.0,0.0,1404-10,1404
کگهر,گهرزمین,iron_ore,1404/10/30,گزارش فعالیت ماهانه دوره ۱ ماهه منتهی به  ۱۴۰۴/۱۰/۳۰,۱۴۰۴/۱۱/۰۷ ۱۵:۲۰:۴۴,1478427,False,https://excel.codal.ir/service/Excel/GetAll/1rnzHsmOOObOOOwhSXrwa8BmTbOg%3d%3d/0,domestic,کلوخه سنگ آهن,تن,776892.0,68060.0,29823567.0,2029792.0,1404-10,1404
کگهر,گهرزمین,iron_ore,1404/10/30,گزارش فعالیت ماهانه دوره ۱ ماهه منتهی به  ۱۴۰۴/۱۰/۳۰,۱۴۰۴/۱۱/۰۷ ۱۵:۲۰:۴۴,1478427,False,https://excel.codal.ir/service/Excel/GetAll/1rnzHsmOOObOOOwhSXrwa8BmTbOg%3d%3d/0,domestic,کلوخه کم عیار,تن,,,,0.0,1404-10,1404
کگهر,گهرزمین,iron_ore,1404/10/30,گزارش فعالیت ماهانه دوره ۱ ماهه منتهی به  ۱۴۰۴/۱۰/۳۰,۱۴۰۴/۱۱/۰۷ ۱۵:۲۰:۴۴,1478427,False,https://excel.codal.ir/service/Excel/GetAll/1rnzHsmOOObOOOwhSXrwa8BmTbOg%3d%3d/0,domestic,کنسانتره بورس کالا,تن,0.0,105000.0,56769333.0,5960780.0,1404-10,1404
کگهر,گهرزمین,iron_ore,1404/10/30,گزارش فعالیت ماهانه دوره ۱ ماهه منتهی به  ۱۴۰۴/۱۰/۳۰,۱۴۰۴/۱۱/۰۷ ۱۵:۲۰:۴۴,1478427,False,https://excel.codal.ir/service/Excel/GetAll/1rnzHsmOOObOOOwhSXrwa8BmTbOg%3d%3d/0,domestic,کنسانتره سنگ آهن,تن,698853.0,0.0,,0.0,1404-10,1404
کگهر,گهرزمین,iron_ore,1404/10/30,گزارش فعالیت ماهانه دوره ۱ ماهه منتهی به  ۱۴۰۴/۱۰/۳۰,۱۴۰۴/۱۱/۰۷ ۱۵:۲۰:۴۴,1478427,False,https://excel.codal.ir/service/Excel/GetAll/1rnzHsmOOObOOOwhSXrwa8BmTbOg%3d%3d/0,export,کنسانتره سنگ آهن صادراتی,تن,,,0.0,0.0,1404-10,1404
کگهر,گهرزمین,iron_ore,1404/10/30,گزارش فعالیت ماهانه دوره ۱ ماهه منتهی به  ۱۴۰۴/۱۰/۳۰,۱۴۰۴/۱۱/۰۷ ۱۵:۲۰:۴۴,1478427,False,https://excel.codal.ir/service/Excel/GetAll/1rnzHsmOOObOOOwhSXrwa8BmTbOg%3d%3d/0,domestic,گندله,تن,509112.0,50875.0,81991528.0,4171319.0,1404-10,1404
کگهر,گهرزمین,iron_ore,1404/10/30,گزارش فعالیت ماهانه دوره ۱ ماهه منتهی به  ۱۴۰۴/۱۰/۳۰,۱۴۰۴/۱۱/۰۷ ۱۵:۲۰:۴۴,1478427,False,https://excel.codal.ir/service/Excel/GetAll/1rnzHsmOOObOOOwhSXrwa8BmTbOg%3d%3d/0,domestic,گندله اختلاطی,تن,,,,0.0,1404-10,1404
کگهر,گهرزمین,iron_ore,1404/10/30,گزارش فعالیت ماهانه دوره ۱ ماهه منتهی به  ۱۴۰۴/۱۰/۳۰,۱۴۰۴/۱۱/۰۷ ۱۵:۲۰:۴۴,1478427,False,https://excel.codal.ir/service/Excel/GetAll/1rnzHsmOOObOOOwhSXrwa8BmTbOg%3d%3d/0,domestic,گندله بورس کالا,تن,0.0,520000.0,92689962.0,48198780.0,1404-10,1404
کگهر,گهرزمین,iron_ore,1404/10/30,گزارش فعالیت ماهانه دوره ۱ ماهه منتهی به  ۱۴۰۴/۱۰/۳۰,۱۴۰۴/۱۱/۰۷ ۱۵:۲۰:۴۴,1478427,False,https://excel.codal.ir/service/Excel/GetAll/1rnzHsmOOObOOOwhSXrwa8BmTbOg%3d%3d/0,export,گندله صادراتی,تن,,,0.0,0.0,1404-10,1404
کگهر,گهرزمین,iron_ore,1404/11/30,گزارش فعالیت ماهانه دوره ۱ ماهه منتهی به  ۱۴۰۴/۱۱/۳۰,۱۴۰۴/۱۲/۰۶ ۱۸:۱۳:۰۹,1499366,False,https://excel.codal.ir/service/Excel/GetAll/frsN0JYJrc7GfgvhOAYPrw%3d%3d/0,domestic,آهن اسفنجی,تن,,,,0.0,1404-11,1404
کگهر,گهرزمین,iron_ore,1404/11/30,گزارش فعالیت ماهانه دوره ۱ ماهه منتهی به  ۱۴۰۴/۱۱/۳۰,۱۴۰۴/۱۲/۰۶ ۱۸:۱۳:۰۹,1499366,False,https://excel.codal.ir/service/Excel/GetAll/frsN0JYJrc7GfgvhOAYPrw%3d%3d/0,domestic,بلوم و بیلت بورس کالا,تن,,6766.0,473605823.0,3204417.0,1404-11,1404
کگهر,گهرزمین,iron_ore,1404/11/30,گزارش فعالیت ماهانه دوره ۱ ماهه منتهی به  ۱۴۰۴/۱۱/۳۰,۱۴۰۴/۱۲/۰۶ ۱۸:۱۳:۰۹,1499366,False,https://excel.codal.ir/service/Excel/GetAll/frsN0JYJrc7GfgvhOAYPrw%3d%3d/0,domestic,بلوم، بیلت,تن,25013.0,14904.0,426251409.0,6352851.0,1404-11,1404
کگهر,گهرزمین,iron_ore,1404/11/30,گزارش فعالیت ماهانه دوره ۱ ماهه منتهی به  ۱۴۰۴/۱۱/۳۰,۱۴۰۴/۱۲/۰۶ ۱۸:۱۳:۰۹,1499366,False,https://excel.codal.ir/service/Excel/GetAll/frsN0JYJrc7GfgvhOAYPrw%3d%3d/0,export,بلوم، بیلت,تن,,,0.0,0.0,1404-11,1404
کگهر,گهرزمین,iron_ore,1404/11/30,گزارش فعالیت ماهانه دوره ۱ ماهه منتهی به  ۱۴۰۴/۱۱/۳۰,۱۴۰۴/۱۲/۰۶ ۱۸:۱۳:۰۹,1499366,False,https://excel.codal.ir/service/Excel/GetAll/frsN0JYJrc7GfgvhOAYPrw%3d%3d/0,domestic,سنگ آهن دانه بندی شده,تن,1103762.0,176043.0,30826701.0,5426825.0,1404-11,1404
کگهر,گهرزمین,iron_ore,1404/11/30,گزارش فعالیت ماهانه دوره ۱ ماهه منتهی به  ۱۴۰۴/۱۱/۳۰,۱۴۰۴/۱۲/۰۶ ۱۸:۱۳:۰۹,1499366,False,https://excel.codal.ir/service/Excel/GetAll/frsN0JYJrc7GfgvhOAYPrw%3d%3d/0,export,سود سرمایه گذاری,,0.0,0.0,0.0,0.0,1404-11,1404
کگهر,گهرزمین,iron_ore,1404/11/30,گزارش فعالیت ماهانه دوره ۱ ماهه منتهی به  ۱۴۰۴/۱۱/۳۰,۱۴۰۴/۱۲/۰۶ ۱۸:۱۳:۰۹,1499366,False,https://excel.codal.ir/service/Excel/GetAll/frsN0JYJrc7GfgvhOAYPrw%3d%3d/0,domestic,ضایعات شمش,تن,741.0,,,0.0,1404-11,1404
کگهر,گهرزمین,iron_ore,1404/11/30,گزارش فعالیت ماهانه دوره ۱ ماهه منتهی به  ۱۴۰۴/۱۱/۳۰,۱۴۰۴/۱۲/۰۶ ۱۸:۱۳:۰۹,1499366,False,https://excel.codal.ir/service/Excel/GetAll/frsN0JYJrc7GfgvhOAYPrw%3d%3d/0,domestic,نرمه آهن اسفنجی,تن,,2615.0,161327725.0,421872.0,1404-11,1404
کگهر,گهرزمین,iron_ore,1404/11/30,گزارش فعالیت ماهانه دوره ۱ ماهه منتهی به  ۱۴۰۴/۱۱/۳۰,۱۴۰۴/۱۲/۰۶ ۱۸:۱۳:۰۹,1499366,False,https://excel.codal.ir/service/Excel/GetAll/frsN0JYJrc7GfgvhOAYPrw%3d%3d/0,domestic,نرمه گندله,تن,,53000.0,76600000.0,4059800.0,1404-11,1404
کگهر,گهرزمین,iron_ore,1404/11/30,گزارش فعالیت ماهانه دوره ۱ ماهه منتهی به  ۱۴۰۴/۱۱/۳۰,۱۴۰۴/۱۲/۰۶ ۱۸:۱۳:۰۹,1499366,False,https://excel.codal.ir/service/Excel/GetAll/frsN0JYJrc7GfgvhOAYPrw%3d%3d/0,export,نرمه گندله صادراتی(گندله ریزدانه),تن,,,0.0,0.0,1404-11,1404
کگهر,گهرزمین,iron_ore,1404/11/30,گزارش فعالیت ماهانه دوره ۱ ماهه منتهی به  ۱۴۰۴/۱۱/۳۰,۱۴۰۴/۱۲/۰۶ ۱۸:۱۳:۰۹,1499366,False,https://excel.codal.ir/service/Excel/GetAll/frsN0JYJrc7GfgvhOAYPrw%3d%3d/0,domestic,کلوخه سنگ آهن,تن,1540406.0,234319.0,32818005.0,7689882.0,1404-11,1404
کگهر,گهرزمین,iron_ore,1404/11/30,گزارش فعالیت ماهانه دوره ۱ ماهه منتهی به  ۱۴۰۴/۱۱/۳۰,۱۴۰۴/۱۲/۰۶ ۱۸:۱۳:۰۹,1499366,False,https://excel.codal.ir/service/Excel/GetAll/frsN0JYJrc7GfgvhOAYPrw%3d%3d/0,domestic,کلوخه کم عیار,تن,,,,0.0,1404-11,1404
کگهر,گهرزمین,iron_ore,1404/11/30,گزارش فعالیت ماهانه دوره ۱ ماهه منتهی به  ۱۴۰۴/۱۱/۳۰,۱۴۰۴/۱۲/۰۶ ۱۸:۱۳:۰۹,1499366,False,https://excel.codal.ir/service/Excel/GetAll/frsN0JYJrc7GfgvhOAYPrw%3d%3d/0,domestic,کنسانتره بورس کالا,تن,,105000.0,64538314.0,6776523.0,1404-11,1404
کگهر,گهرزمین,iron_ore,1404/11/30,گزارش فعالیت ماهانه دوره ۱ ماهه منتهی به  ۱۴۰۴/۱۱/۳۰,۱۴۰۴/۱۲/۰۶ ۱۸:۱۳:۰۹,1499366,False,https://excel.codal.ir/service/Excel/GetAll/frsN0JYJrc7GfgvhOAYPrw%3d%3d/0,domestic,کنسانتره سنگ آهن,تن,699044.0,69064.0,66107697.0,4565662.0,1404-11,1404
کگهر,گهرزمین,iron_ore,1404/11/30,گزارش فعالیت ماهانه دوره ۱ ماهه منتهی به  ۱۴۰۴/۱۱/۳۰,۱۴۰۴/۱۲/۰۶ ۱۸:۱۳:۰۹,1499366,False,https://excel.codal.ir/service/Excel/GetAll/frsN0JYJrc7GfgvhOAYPrw%3d%3d/0,export,کنسانتره سنگ آهن صادراتی,تن,,,0.0,0.0,1404-11,1404
کگهر,گهرزمین,iron_ore,1404/11/30,گزارش فعالیت ماهانه دوره ۱ ماهه منتهی به  ۱۴۰۴/۱۱/۳۰,۱۴۰۴/۱۲/۰۶ ۱۸:۱۳:۰۹,1499366,False,https://excel.codal.ir/service/Excel/GetAll/frsN0JYJrc7GfgvhOAYPrw%3d%3d/0,domestic,گندله,تن,496356.0,4718.0,93484951.0,441062.0,1404-11,1404
کگهر,گهرزمین,iron_ore,1404/11/30,گزارش فعالیت ماهانه دوره ۱ ماهه منتهی به  ۱۴۰۴/۱۱/۳۰,۱۴۰۴/۱۲/۰۶ ۱۸:۱۳:۰۹,1499366,False,https://excel.codal.ir/service/Excel/GetAll/frsN0JYJrc7GfgvhOAYPrw%3d%3d/0,domestic,گندله اختلاطی,تن,,,,0.0,1404-11,1404
کگهر,گهرزمین,iron_ore,1404/11/30,گزارش فعالیت ماهانه دوره ۱ ماهه منتهی به  ۱۴۰۴/۱۱/۳۰,۱۴۰۴/۱۲/۰۶ ۱۸:۱۳:۰۹,1499366,False,https://excel.codal.ir/service/Excel/GetAll/frsN0JYJrc7GfgvhOAYPrw%3d%3d/0,domestic,گندله بورس کالا,تن,,385000.0,104205216.0,40119008.0,1404-11,1404
کگهر,گهرزمین,iron_ore,1404/11/30,گزارش فعالیت ماهانه دوره ۱ ماهه منتهی به  ۱۴۰۴/۱۱/۳۰,۱۴۰۴/۱۲/۰۶ ۱۸:۱۳:۰۹,1499366,False,https://excel.codal.ir/service/Excel/GetAll/frsN0JYJrc7GfgvhOAYPrw%3d%3d/0,export,گندله صادراتی,تن,,,0.0,0.0,1404-11,1404
کگهر,گهرزمین,iron_ore,1404/12/29,گزارش فعالیت ماهانه دوره ۱ ماهه منتهی به  ۱۴۰۴/۱۲/۲۹,۱۴۰۵/۰۱/۱۱ ۱۰:۰۴:۵۸,1504686,False,https://excel.codal.ir/service/Excel/GetAll/q5qM5ZlcIep4qfU8PFWJIg%3d%3d/0,domestic,آهن اسفنجی,تن,,,,0.0,1404-12,1404
کگهر,گهرزمین,iron_ore,1404/12/29,گزارش فعالیت ماهانه دوره ۱ ماهه منتهی به  ۱۴۰۴/۱۲/۲۹,۱۴۰۵/۰۱/۱۱ ۱۰:۰۴:۵۸,1504686,False,https://excel.codal.ir/service/Excel/GetAll/q5qM5ZlcIep4qfU8PFWJIg%3d%3d/0,domestic,بلوم و بیلت بورس کالا,تن,,6993.0,497133705.0,3476456.0,1404-12,1404
کگهر,گهرزمین,iron_ore,1404/12/29,گزارش فعالیت ماهانه دوره ۱ ماهه منتهی به  ۱۴۰۴/۱۲/۲۹,۱۴۰۵/۰۱/۱۱ ۱۰:۰۴:۵۸,1504686,False,https://excel.codal.ir/service/Excel/GetAll/q5qM5ZlcIep4qfU8PFWJIg%3d%3d/0,domestic,بلوم، بیلت,تن,22968.0,19794.0,455799081.0,9022087.0,1404-12,1404
کگهر,گهرزمین,iron_ore,1404/12/29,گزارش فعالیت ماهانه دوره ۱ ماهه منتهی به  ۱۴۰۴/۱۲/۲۹,۱۴۰۵/۰۱/۱۱ ۱۰:۰۴:۵۸,1504686,False,https://excel.codal.ir/service/Excel/GetAll/q5qM5ZlcIep4qfU8PFWJIg%3d%3d/0,export,بلوم، بیلت,تن,,,0.0,0.0,1404-12,1404
کگهر,گهرزمین,iron_ore,1404/12/29,گزارش فعالیت ماهانه دوره ۱ ماهه منتهی به  ۱۴۰۴/۱۲/۲۹,۱۴۰۵/۰۱/۱۱ ۱۰:۰۴:۵۸,1504686,False,https://excel.codal.ir/service/Excel/GetAll/q5qM5ZlcIep4qfU8PFWJIg%3d%3d/0,domestic,سنگ آهن دانه بندی شده,تن,1103778.0,67646.0,33922952.0,2294752.0,1404-12,1404
کگهر,گهرزمین,iron_ore,1404/12/29,گزارش فعالیت ماهانه دوره ۱ ماهه منتهی به  ۱۴۰۴/۱۲/۲۹,۱۴۰۵/۰۱/۱۱ ۱۰:۰۴:۵۸,1504686,False,https://excel.codal.ir/service/Excel/GetAll/q5qM5ZlcIep4qfU8PFWJIg%3d%3d/0,export,سود سرمایه گذاری,,0.0,0.0,0.0,0.0,1404-12,1404
کگهر,گهرزمین,iron_ore,1404/12/29,گزارش فعالیت ماهانه دوره ۱ ماهه منتهی به  ۱۴۰۴/۱۲/۲۹,۱۴۰۵/۰۱/۱۱ ۱۰:۰۴:۵۸,1504686,False,https://excel.codal.ir/service/Excel/GetAll/q5qM5ZlcIep4qfU8PFWJIg%3d%3d/0,domestic,ضایعات شمش,تن,481.0,,,0.0,1404-12,1404
کگهر,گهرزمین,iron_ore,1404/12/29,گزارش فعالیت ماهانه دوره ۱ ماهه منتهی به  ۱۴۰۴/۱۲/۲۹,۱۴۰۵/۰۱/۱۱ ۱۰:۰۴:۵۸,1504686,False,https://excel.codal.ir/service/Excel/GetAll/q5qM5ZlcIep4qfU8PFWJIg%3d%3d/0,domestic,نرمه آهن اسفنجی,تن,,2033.0,161299065.0,327921.0,1404-12,1404
کگهر,گهرزمین,iron_ore,1404/12/29,گزارش فعالیت ماهانه دوره ۱ ماهه منتهی به  ۱۴۰۴/۱۲/۲۹,۱۴۰۵/۰۱/۱۱ ۱۰:۰۴:۵۸,1504686,False,https://excel.codal.ir/service/Excel/GetAll/q5qM5ZlcIep4qfU8PFWJIg%3d%3d/0,domestic,نرمه گندله,تن,,,,0.0,1404-12,1404
کگهر,گهرزمین,iron_ore,1404/12/29,گزارش فعالیت ماهانه دوره ۱ ماهه منتهی به  ۱۴۰۴/۱۲/۲۹,۱۴۰۵/۰۱/۱۱ ۱۰:۰۴:۵۸,1504686,False,https://excel.codal.ir/service/Excel/GetAll/q5qM5ZlcIep4qfU8PFWJIg%3d%3d/0,export,نرمه گندله صادراتی(گندله ریزدانه),تن,,,0.0,0.0,1404-12,1404
کگهر,گهرزمین,iron_ore,1404/12/29,گزارش فعالیت ماهانه دوره ۱ ماهه منتهی به  ۱۴۰۴/۱۲/۲۹,۱۴۰۵/۰۱/۱۱ ۱۰:۰۴:۵۸,1504686,False,https://excel.codal.ir/service/Excel/GetAll/q5qM5ZlcIep4qfU8PFWJIg%3d%3d/0,domestic,کلوخه سنگ آهن,تن,1040711.0,178900.0,31064131.0,5557373.0,1404-12,1404
کگهر,گهرزمین,iron_ore,1404/12/29,گزارش فعالیت ماهانه دوره ۱ ماهه منتهی به  ۱۴۰۴/۱۲/۲۹,۱۴۰۵/۰۱/۱۱ ۱۰:۰۴:۵۸,1504686,False,https://excel.codal.ir/service/Excel/GetAll/q5qM5ZlcIep4qfU8PFWJIg%3d%3d/0,domestic,کلوخه کم عیار,تن,,,,0.0,1404-12,1404
کگهر,گهرزمین,iron_ore,1404/12/29,گزارش فعالیت ماهانه دوره ۱ ماهه منتهی به  ۱۴۰۴/۱۲/۲۹,۱۴۰۵/۰۱/۱۱ ۱۰:۰۴:۵۸,1504686,False,https://excel.codal.ir/service/Excel/GetAll/q5qM5ZlcIep4qfU8PFWJIg%3d%3d/0,domestic,کنسانتره بورس کالا,تن,,102000.0,68475235.0,6984474.0,1404-12,1404
کگهر,گهرزمین,iron_ore,1404/12/29,گزارش فعالیت ماهانه دوره ۱ ماهه منتهی به  ۱۴۰۴/۱۲/۲۹,۱۴۰۵/۰۱/۱۱ ۱۰:۰۴:۵۸,1504686,False,https://excel.codal.ir/service/Excel/GetAll/q5qM5ZlcIep4qfU8PFWJIg%3d%3d/0,domestic,کنسانتره سنگ آهن,تن,699109.0,98237.0,66421135.0,6525013.0,1404-12,1404
کگهر,گهرزمین,iron_ore,1404/12/29,گزارش فعالیت ماهانه دوره ۱ ماهه منتهی به  ۱۴۰۴/۱۲/۲۹,۱۴۰۵/۰۱/۱۱ ۱۰:۰۴:۵۸,1504686,False,https://excel.codal.ir/service/Excel/GetAll/q5qM5ZlcIep4qfU8PFWJIg%3d%3d/0,export,کنسانتره سنگ آهن صادراتی,تن,,,0.0,0.0,1404-12,1404
کگهر,گهرزمین,iron_ore,1404/12/29,گزارش فعالیت ماهانه دوره ۱ ماهه منتهی به  ۱۴۰۴/۱۲/۲۹,۱۴۰۵/۰۱/۱۱ ۱۰:۰۴:۵۸,1504686,False,https://excel.codal.ir/service/Excel/GetAll/q5qM5ZlcIep4qfU8PFWJIg%3d%3d/0,domestic,گندله,تن,511116.0,167042.0,97565163.0,16297480.0,1404-12,1404
کگهر,گهرزمین,iron_ore,1404/12/29,گزارش فعالیت ماهانه دوره ۱ ماهه منتهی به  ۱۴۰۴/۱۲/۲۹,۱۴۰۵/۰۱/۱۱ ۱۰:۰۴:۵۸,1504686,False,https://excel.codal.ir/service/Excel/GetAll/q5qM5ZlcIep4qfU8PFWJIg%3d%3d/0,domestic,گندله اختلاطی,تن,,,,0.0,1404-12,1404
کگهر,گهرزمین,iron_ore,1404/12/29,گزارش فعالیت ماهانه دوره ۱ ماهه منتهی به  ۱۴۰۴/۱۲/۲۹,۱۴۰۵/۰۱/۱۱ ۱۰:۰۴:۵۸,1504686,False,https://excel.codal.ir/service/Excel/GetAll/q5qM5ZlcIep4qfU8PFWJIg%3d%3d/0,domestic,گندله بورس کالا,تن,,245000.0,110524482.0,27078498.0,1404-12,1404
کگهر,گهرزمین,iron_ore,1404/12/29,گزارش فعالیت ماهانه دوره ۱ ماهه منتهی به  ۱۴۰۴/۱۲/۲۹,۱۴۰۵/۰۱/۱۱ ۱۰:۰۴:۵۸,1504686,False,https://excel.codal.ir/service/Excel/GetAll/q5qM5ZlcIep4qfU8PFWJIg%3d%3d/0,export,گندله صادراتی,تن,,,0.0,0.0,1404-12,1404
کگهر,گهرزمین,iron_ore,1405/01/31,گزارش فعالیت ماهانه دوره ۱ ماهه منتهی به  ۱۴۰۵/۰۱/۳۱,۱۴۰۵/۰۲/۰۷ ۱۲:۲۲:۱۳,1513882,False,https://excel.codal.ir/service/Excel/GetAll/9zaLlAB9SpcbmIuQrqWxOw%3d%3d/0,domestic,آهن اسفنجی,تن,,,,0.0,1405-01,1405
کگهر,گهرزمین,iron_ore,1405/01/31,گزارش فعالیت ماهانه دوره ۱ ماهه منتهی به  ۱۴۰۵/۰۱/۳۱,۱۴۰۵/۰۲/۰۷ ۱۲:۲۲:۱۳,1513882,False,https://excel.codal.ir/service/Excel/GetAll/9zaLlAB9SpcbmIuQrqWxOw%3d%3d/0,domestic,بلوم و بیلت بورس کالا,تن,,3889.0,458578298.0,1783411.0,1405-01,1405
کگهر,گهرزمین,iron_ore,1405/01/31,گزارش فعالیت ماهانه دوره ۱ ماهه منتهی به  ۱۴۰۵/۰۱/۳۱,۱۴۰۵/۰۲/۰۷ ۱۲:۲۲:۱۳,1513882,False,https://excel.codal.ir/service/Excel/GetAll/9zaLlAB9SpcbmIuQrqWxOw%3d%3d/0,domestic,بلوم، بیلت,تن,21078.0,17141.0,465882096.0,7985685.0,1405-01,1405
کگهر,گهرزمین,iron_ore,1405/01/31,گزارش فعالیت ماهانه دوره ۱ ماهه منتهی به  ۱۴۰۵/۰۱/۳۱,۱۴۰۵/۰۲/۰۷ ۱۲:۲۲:۱۳,1513882,False,https://excel.codal.ir/service/Excel/GetAll/9zaLlAB9SpcbmIuQrqWxOw%3d%3d/0,export,بلوم، بیلت,تن,,,0.0,0.0,1405-01,1405
کگهر,گهرزمین,iron_ore,1405/01/31,گزارش فعالیت ماهانه دوره ۱ ماهه منتهی به  ۱۴۰۵/۰۱/۳۱,۱۴۰۵/۰۲/۰۷ ۱۲:۲۲:۱۳,1513882,False,https://excel.codal.ir/service/Excel/GetAll/9zaLlAB9SpcbmIuQrqWxOw%3d%3d/0,domestic,سنگ آهن دانه بندی شده,تن,859905.0,134833.0,38806813.0,5232439.0,1405-01,1405
کگهر,گهرزمین,iron_ore,1405/01/31,گزارش فعالیت ماهانه دوره ۱ ماهه منتهی به  ۱۴۰۵/۰۱/۳۱,۱۴۰۵/۰۲/۰۷ ۱۲:۲۲:۱۳,1513882,False,https://excel.codal.ir/service/Excel/GetAll/9zaLlAB9SpcbmIuQrqWxOw%3d%3d/0,export,سود سرمایه گذاری,,0.0,0.0,0.0,0.0,1405-01,1405
کگهر,گهرزمین,iron_ore,1405/01/31,گزارش فعالیت ماهانه دوره ۱ ماهه منتهی به  ۱۴۰۵/۰۱/۳۱,۱۴۰۵/۰۲/۰۷ ۱۲:۲۲:۱۳,1513882,False,https://excel.codal.ir/service/Excel/GetAll/9zaLlAB9SpcbmIuQrqWxOw%3d%3d/0,domestic,ضایعات شمش,تن,767.0,,,0.0,1405-01,1405
کگهر,گهرزمین,iron_ore,1405/01/31,گزارش فعالیت ماهانه دوره ۱ ماهه منتهی به  ۱۴۰۵/۰۱/۳۱,۱۴۰۵/۰۲/۰۷ ۱۲:۲۲:۱۳,1513882,False,https://excel.codal.ir/service/Excel/GetAll/9zaLlAB9SpcbmIuQrqWxOw%3d%3d/0,domestic,نرمه آهن اسفنجی,تن,,,,0.0,1405-01,1405
کگهر,گهرزمین,iron_ore,1405/01/31,گزارش فعالیت ماهانه دوره ۱ ماهه منتهی به  ۱۴۰۵/۰۱/۳۱,۱۴۰۵/۰۲/۰۷ ۱۲:۲۲:۱۳,1513882,False,https://excel.codal.ir/service/Excel/GetAll/9zaLlAB9SpcbmIuQrqWxOw%3d%3d/0,domestic,نرمه گندله,تن,,,,0.0,1405-01,1405
کگهر,گهرزمین,iron_ore,1405/01/31,گزارش فعالیت ماهانه دوره ۱ ماهه منتهی به  ۱۴۰۵/۰۱/۳۱,۱۴۰۵/۰۲/۰۷ ۱۲:۲۲:۱۳,1513882,False,https://excel.codal.ir/service/Excel/GetAll/9zaLlAB9SpcbmIuQrqWxOw%3d%3d/0,export,نرمه گندله صادراتی(گندله ریزدانه),تن,,,0.0,0.0,1405-01,1405
کگهر,گهرزمین,iron_ore,1405/01/31,گزارش فعالیت ماهانه دوره ۱ ماهه منتهی به  ۱۴۰۵/۰۱/۳۱,۱۴۰۵/۰۲/۰۷ ۱۲:۲۲:۱۳,1513882,False,https://excel.codal.ir/service/Excel/GetAll/9zaLlAB9SpcbmIuQrqWxOw%3d%3d/0,domestic,کلوخه سنگ آهن,تن,657170.0,87560.0,30596928.0,2679067.0,1405-01,1405
کگهر,گهرزمین,iron_ore,1405/01/31,گزارش فعالیت ماهانه دوره ۱ ماهه منتهی به  ۱۴۰۵/۰۱/۳۱,۱۴۰۵/۰۲/۰۷ ۱۲:۲۲:۱۳,1513882,False,https://excel.codal.ir/service/Excel/GetAll/9zaLlAB9SpcbmIuQrqWxOw%3d%3d/0,domestic,کلوخه کم عیار,تن,,,,0.0,1405-01,1405
کگهر,گهرزمین,iron_ore,1405/01/31,گزارش فعالیت ماهانه دوره ۱ ماهه منتهی به  ۱۴۰۵/۰۱/۳۱,۱۴۰۵/۰۲/۰۷ ۱۲:۲۲:۱۳,1513882,False,https://excel.codal.ir/service/Excel/GetAll/9zaLlAB9SpcbmIuQrqWxOw%3d%3d/0,domestic,کنسانتره بورس کالا,تن,,70000.0,68767043.0,4813693.0,1405-01,1405
کگهر,گهرزمین,iron_ore,1405/01/31,گزارش فعالیت ماهانه دوره ۱ ماهه منتهی به  ۱۴۰۵/۰۱/۳۱,۱۴۰۵/۰۲/۰۷ ۱۲:۲۲:۱۳,1513882,False,https://excel.codal.ir/service/Excel/GetAll/9zaLlAB9SpcbmIuQrqWxOw%3d%3d/0,domestic,کنسانتره سنگ آهن,تن,564123.0,50696.0,68298603.0,3462466.0,1405-01,1405
کگهر,گهرزمین,iron_ore,1405/01/31,گزارش فعالیت ماهانه دوره ۱ ماهه منتهی به  ۱۴۰۵/۰۱/۳۱,۱۴۰۵/۰۲/۰۷ ۱۲:۲۲:۱۳,1513882,False,https://excel.codal.ir/service/Excel/GetAll/9zaLlAB9SpcbmIuQrqWxOw%3d%3d/0,export,کنسانتره سنگ آهن صادراتی,تن,,,0.0,0.0,1405-01,1405
کگهر,گهرزمین,iron_ore,1405/01/31,گزارش فعالیت ماهانه دوره ۱ ماهه منتهی به  ۱۴۰۵/۰۱/۳۱,۱۴۰۵/۰۲/۰۷ ۱۲:۲۲:۱۳,1513882,False,https://excel.codal.ir/service/Excel/GetAll/9zaLlAB9SpcbmIuQrqWxOw%3d%3d/0,domestic,گندله,تن,343554.0,200894.0,108910266.0,21879419.0,1405-01,1405
کگهر,گهرزمین,iron_ore,1405/01/31,گزارش فعالیت ماهانه دوره ۱ ماهه منتهی به  ۱۴۰۵/۰۱/۳۱,۱۴۰۵/۰۲/۰۷ ۱۲:۲۲:۱۳,1513882,False,https://excel.codal.ir/service/Excel/GetAll/9zaLlAB9SpcbmIuQrqWxOw%3d%3d/0,domestic,گندله اختلاطی,تن,,,,0.0,1405-01,1405
کگهر,گهرزمین,iron_ore,1405/01/31,گزارش فعالیت ماهانه دوره ۱ ماهه منتهی به  ۱۴۰۵/۰۱/۳۱,۱۴۰۵/۰۲/۰۷ ۱۲:۲۲:۱۳,1513882,False,https://excel.codal.ir/service/Excel/GetAll/9zaLlAB9SpcbmIuQrqWxOw%3d%3d/0,domestic,گندله بورس کالا,تن,,220000.0,106793227.0,23494510.0,1405-01,1405
کگهر,گهرزمین,iron_ore,1405/01/31,گزارش فعالیت ماهانه دوره ۱ ماهه منتهی به  ۱۴۰۵/۰۱/۳۱,۱۴۰۵/۰۲/۰۷ ۱۲:۲۲:۱۳,1513882,False,https://excel.codal.ir/service/Excel/GetAll/9zaLlAB9SpcbmIuQrqWxOw%3d%3d/0,export,گندله صادراتی,تن,,,0.0,0.0,1405-01,1405
کگهر,گهرزمین,iron_ore,1405/02/31,گزارش فعالیت ماهانه دوره ۱ ماهه منتهی به  ۱۴۰۵/۰۲/۳۱,۱۴۰۵/۰۳/۰۹ ۱۶:۵۱:۵۹,1533933,False,https://excel.codal.ir/service/Excel/GetAll/Ud6zQQQaQQQ034GhBBu4OOObOOOfC1E78w%3d%3d/0,domestic,آهن اسفنجی,تن,,,,0.0,1405-02,1405
کگهر,گهرزمین,iron_ore,1405/02/31,گزارش فعالیت ماهانه دوره ۱ ماهه منتهی به  ۱۴۰۵/۰۲/۳۱,۱۴۰۵/۰۳/۰۹ ۱۶:۵۱:۵۹,1533933,False,https://excel.codal.ir/service/Excel/GetAll/Ud6zQQQaQQQ034GhBBu4OOObOOOfC1E78w%3d%3d/0,domestic,بلوم و بیلت بورس کالا,تن,,762.0,503910761.0,383980.0,1405-02,1405
کگهر,گهرزمین,iron_ore,1405/02/31,گزارش فعالیت ماهانه دوره ۱ ماهه منتهی به  ۱۴۰۵/۰۲/۳۱,۱۴۰۵/۰۳/۰۹ ۱۶:۵۱:۵۹,1533933,False,https://excel.codal.ir/service/Excel/GetAll/Ud6zQQQaQQQ034GhBBu4OOObOOOfC1E78w%3d%3d/0,domestic,بلوم، بیلت,تن,29632.0,15293.0,564522330.0,8633240.0,1405-02,1405
کگهر,گهرزمین,iron_ore,1405/02/31,گزارش فعالیت ماهانه دوره ۱ ماهه منتهی به  ۱۴۰۵/۰۲/۳۱,۱۴۰۵/۰۳/۰۹ ۱۶:۵۱:۵۹,1533933,False,https://excel.codal.ir/service/Excel/GetAll/Ud6zQQQaQQQ034GhBBu4OOObOOOfC1E78w%3d%3d/0,export,بلوم، بیلت,تن,,7395.0,520440703.0,3848659.0,1405-02,1405
کگهر,گهرزمین,iron_ore,1405/02/31,گزارش فعالیت ماهانه دوره ۱ ماهه منتهی به  ۱۴۰۵/۰۲/۳۱,۱۴۰۵/۰۳/۰۹ ۱۶:۵۱:۵۹,1533933,False,https://excel.codal.ir/service/Excel/GetAll/Ud6zQQQaQQQ034GhBBu4OOObOOOfC1E78w%3d%3d/0,domestic,سنگ آهن دانه بندی شده,تن,1107001.0,116079.0,44160727.0,5126133.0,1405-02,1405
کگهر,گهرزمین,iron_ore,1405/02/31,گزارش فعالیت ماهانه دوره ۱ ماهه منتهی به  ۱۴۰۵/۰۲/۳۱,۱۴۰۵/۰۳/۰۹ ۱۶:۵۱:۵۹,1533933,False,https://excel.codal.ir/service/Excel/GetAll/Ud6zQQQaQQQ034GhBBu4OOObOOOfC1E78w%3d%3d/0,export,سود سرمایه گذاری,,0.0,0.0,0.0,0.0,1405-02,1405
کگهر,گهرزمین,iron_ore,1405/02/31,گزارش فعالیت ماهانه دوره ۱ ماهه منتهی به  ۱۴۰۵/۰۲/۳۱,۱۴۰۵/۰۳/۰۹ ۱۶:۵۱:۵۹,1533933,False,https://excel.codal.ir/service/Excel/GetAll/Ud6zQQQaQQQ034GhBBu4OOObOOOfC1E78w%3d%3d/0,domestic,ضایعات شمش,تن,72.0,,,0.0,1405-02,1405
کگهر,گهرزمین,iron_ore,1405/02/31,گزارش فعالیت ماهانه دوره ۱ ماهه منتهی به  ۱۴۰۵/۰۲/۳۱,۱۴۰۵/۰۳/۰۹ ۱۶:۵۱:۵۹,1533933,False,https://excel.codal.ir/service/Excel/GetAll/Ud6zQQQaQQQ034GhBBu4OOObOOOfC1E78w%3d%3d/0,domestic,نرمه آهن اسفنجی,تن,,,,0.0,1405-02,1405
کگهر,گهرزمین,iron_ore,1405/02/31,گزارش فعالیت ماهانه دوره ۱ ماهه منتهی به  ۱۴۰۵/۰۲/۳۱,۱۴۰۵/۰۳/۰۹ ۱۶:۵۱:۵۹,1533933,False,https://excel.codal.ir/service/Excel/GetAll/Ud6zQQQaQQQ034GhBBu4OOObOOOfC1E78w%3d%3d/0,domestic,نرمه گندله,تن,,396.0,161479798.0,63946.0,1405-02,1405
کگهر,گهرزمین,iron_ore,1405/02/31,گزارش فعالیت ماهانه دوره ۱ ماهه منتهی به  ۱۴۰۵/۰۲/۳۱,۱۴۰۵/۰۳/۰۹ ۱۶:۵۱:۵۹,1533933,False,https://excel.codal.ir/service/Excel/GetAll/Ud6zQQQaQQQ034GhBBu4OOObOOOfC1E78w%3d%3d/0,export,نرمه گندله صادراتی(گندله ریزدانه),تن,,,0.0,0.0,1405-02,1405
کگهر,گهرزمین,iron_ore,1405/02/31,گزارش فعالیت ماهانه دوره ۱ ماهه منتهی به  ۱۴۰۵/۰۲/۳۱,۱۴۰۵/۰۳/۰۹ ۱۶:۵۱:۵۹,1533933,False,https://excel.codal.ir/service/Excel/GetAll/Ud6zQQQaQQQ034GhBBu4OOObOOOfC1E78w%3d%3d/0,domestic,کلوخه سنگ آهن,تن,1402288.0,269349.0,38248406.0,10302170.0,1405-02,1405
کگهر,گهرزمین,iron_ore,1405/02/31,گزارش فعالیت ماهانه دوره ۱ ماهه منتهی به  ۱۴۰۵/۰۲/۳۱,۱۴۰۵/۰۳/۰۹ ۱۶:۵۱:۵۹,1533933,False,https://excel.codal.ir/service/Excel/GetAll/Ud6zQQQaQQQ034GhBBu4OOObOOOfC1E78w%3d%3d/0,domestic,کلوخه کم عیار,تن,,,,0.0,1405-02,1405
کگهر,گهرزمین,iron_ore,1405/02/31,گزارش فعالیت ماهانه دوره ۱ ماهه منتهی به  ۱۴۰۵/۰۲/۳۱,۱۴۰۵/۰۳/۰۹ ۱۶:۵۱:۵۹,1533933,False,https://excel.codal.ir/service/Excel/GetAll/Ud6zQQQaQQQ034GhBBu4OOObOOOfC1E78w%3d%3d/0,domestic,کنسانتره بورس کالا,تن,,117242.0,75154791.0,8811298.0,1405-02,1405
کگهر,گهرزمین,iron_ore,1405/02/31,گزارش فعالیت ماهانه دوره ۱ ماهه منتهی به  ۱۴۰۵/۰۲/۳۱,۱۴۰۵/۰۳/۰۹ ۱۶:۵۱:۵۹,1533933,False,https://excel.codal.ir/service/Excel/GetAll/Ud6zQQQaQQQ034GhBBu4OOObOOOfC1E78w%3d%3d/0,domestic,کنسانتره سنگ آهن,تن,704164.0,44244.0,79419899.0,3513854.0,1405-02,1405
کگهر,گهرزمین,iron_ore,1405/02/31,گزارش فعالیت ماهانه دوره ۱ ماهه منتهی به  ۱۴۰۵/۰۲/۳۱,۱۴۰۵/۰۳/۰۹ ۱۶:۵۱:۵۹,1533933,False,https://excel.codal.ir/service/Excel/GetAll/Ud6zQQQaQQQ034GhBBu4OOObOOOfC1E78w%3d%3d/0,export,کنسانتره سنگ آهن صادراتی,تن,,,0.0,0.0,1405-02,1405
کگهر,گهرزمین,iron_ore,1405/02/31,گزارش فعالیت ماهانه دوره ۱ ماهه منتهی به  ۱۴۰۵/۰۲/۳۱,۱۴۰۵/۰۳/۰۹ ۱۶:۵۱:۵۹,1533933,False,https://excel.codal.ir/service/Excel/GetAll/Ud6zQQQaQQQ034GhBBu4OOObOOOfC1E78w%3d%3d/0,domestic,گندله,تن,544186.0,183596.0,108913811.0,19996140.0,1405-02,1405
کگهر,گهرزمین,iron_ore,1405/02/31,گزارش فعالیت ماهانه دوره ۱ ماهه منتهی به  ۱۴۰۵/۰۲/۳۱,۱۴۰۵/۰۳/۰۹ ۱۶:۵۱:۵۹,1533933,False,https://excel.codal.ir/service/Excel/GetAll/Ud6zQQQaQQQ034GhBBu4OOObOOOfC1E78w%3d%3d/0,domestic,گندله اختلاطی,تن,,,,0.0,1405-02,1405
کگهر,گهرزمین,iron_ore,1405/02/31,گزارش فعالیت ماهانه دوره ۱ ماهه منتهی به  ۱۴۰۵/۰۲/۳۱,۱۴۰۵/۰۳/۰۹ ۱۶:۵۱:۵۹,1533933,False,https://excel.codal.ir/service/Excel/GetAll/Ud6zQQQaQQQ034GhBBu4OOObOOOfC1E78w%3d%3d/0,domestic,گندله بورس کالا,تن,,71949.0,117004628.0,8418366.0,1405-02,1405
کگهر,گهرزمین,iron_ore,1405/02/31,گزارش فعالیت ماهانه دوره ۱ ماهه منتهی به  ۱۴۰۵/۰۲/۳۱,۱۴۰۵/۰۳/۰۹ ۱۶:۵۱:۵۹,1533933,False,https://excel.codal.ir/service/Excel/GetAll/Ud6zQQQaQQQ034GhBBu4OOObOOOfC1E78w%3d%3d/0,export,گندله صادراتی,تن,,,0.0,0.0,1405-02,1405
کگهر,گهرزمین,iron_ore,1405/03/31,گزارش فعالیت ماهانه دوره ۱ ماهه منتهی به  ۱۴۰۵/۰۳/۳۱,۱۴۰۵/۰۴/۰۸ ۱۹:۴۵:۴۵,1557309,False,https://excel.codal.ir/service/Excel/GetAll/e5Pv0sSUMBkckxBHSbHP6w%3d%3d/0,domestic,آهن اسفنجی,تن,,21295.0,232999483.0,4961724.0,1405-03,1405
کگهر,گهرزمین,iron_ore,1405/03/31,گزارش فعالیت ماهانه دوره ۱ ماهه منتهی به  ۱۴۰۵/۰۳/۳۱,۱۴۰۵/۰۴/۰۸ ۱۹:۴۵:۴۵,1557309,False,https://excel.codal.ir/service/Excel/GetAll/e5Pv0sSUMBkckxBHSbHP6w%3d%3d/0,domestic,بلوم و بیلت بورس کالا,تن,,2902.0,542941075.0,1575615.0,1405-03,1405
کگهر,گهرزمین,iron_ore,1405/03/31,گزارش فعالیت ماهانه دوره ۱ ماهه منتهی به  ۱۴۰۵/۰۳/۳۱,۱۴۰۵/۰۴/۰۸ ۱۹:۴۵:۴۵,1557309,False,https://excel.codal.ir/service/Excel/GetAll/e5Pv0sSUMBkckxBHSbHP6w%3d%3d/0,domestic,بلوم، بیلت,تن,23633.0,10959.0,632946437.0,6936460.0,1405-03,1405
کگهر,گهرزمین,iron_ore,1405/03/31,گزارش فعالیت ماهانه دوره ۱ ماهه منتهی به  ۱۴۰۵/۰۳/۳۱,۱۴۰۵/۰۴/۰۸ ۱۹:۴۵:۴۵,1557309,False,https://excel.codal.ir/service/Excel/GetAll/e5Pv0sSUMBkckxBHSbHP6w%3d%3d/0,export,بلوم، بیلت,تن,,,0.0,0.0,1405-03,1405
کگهر,گهرزمین,iron_ore,1405/03/31,گزارش فعالیت ماهانه دوره ۱ ماهه منتهی به  ۱۴۰۵/۰۳/۳۱,۱۴۰۵/۰۴/۰۸ ۱۹:۴۵:۴۵,1557309,False,https://excel.codal.ir/service/Excel/GetAll/e5Pv0sSUMBkckxBHSbHP6w%3d%3d/0,domestic,سنگ آهن دانه بندی شده,تن,1109024.0,104556.0,47932849.0,5011667.0,1405-03,1405
کگهر,گهرزمین,iron_ore,1405/03/31,گزارش فعالیت ماهانه دوره ۱ ماهه منتهی به  ۱۴۰۵/۰۳/۳۱,۱۴۰۵/۰۴/۰۸ ۱۹:۴۵:۴۵,1557309,False,https://excel.codal.ir/service/Excel/GetAll/e5Pv0sSUMBkckxBHSbHP6w%3d%3d/0,export,سود سرمایه گذاری,,0.0,0.0,0.0,0.0,1405-03,1405
کگهر,گهرزمین,iron_ore,1405/03/31,گزارش فعالیت ماهانه دوره ۱ ماهه منتهی به  ۱۴۰۵/۰۳/۳۱,۱۴۰۵/۰۴/۰۸ ۱۹:۴۵:۴۵,1557309,False,https://excel.codal.ir/service/Excel/GetAll/e5Pv0sSUMBkckxBHSbHP6w%3d%3d/0,domestic,ضایعات شمش,تن,,,,0.0,1405-03,1405
کگهر,گهرزمین,iron_ore,1405/03/31,گزارش فعالیت ماهانه دوره ۱ ماهه منتهی به  ۱۴۰۵/۰۳/۳۱,۱۴۰۵/۰۴/۰۸ ۱۹:۴۵:۴۵,1557309,False,https://excel.codal.ir/service/Excel/GetAll/e5Pv0sSUMBkckxBHSbHP6w%3d%3d/0,domestic,نرمه آهن اسفنجی,تن,,,,0.0,1405-03,1405
کگهر,گهرزمین,iron_ore,1405/03/31,گزارش فعالیت ماهانه دوره ۱ ماهه منتهی به  ۱۴۰۵/۰۳/۳۱,۱۴۰۵/۰۴/۰۸ ۱۹:۴۵:۴۵,1557309,False,https://excel.codal.ir/service/Excel/GetAll/e5Pv0sSUMBkckxBHSbHP6w%3d%3d/0,domestic,نرمه گندله,تن,,,,0.0,1405-03,1405
کگهر,گهرزمین,iron_ore,1405/03/31,گزارش فعالیت ماهانه دوره ۱ ماهه منتهی به  ۱۴۰۵/۰۳/۳۱,۱۴۰۵/۰۴/۰۸ ۱۹:۴۵:۴۵,1557309,False,https://excel.codal.ir/service/Excel/GetAll/e5Pv0sSUMBkckxBHSbHP6w%3d%3d/0,export,نرمه گندله صادراتی(گندله ریزدانه),تن,,,0.0,0.0,1405-03,1405
کگهر,گهرزمین,iron_ore,1405/03/31,گزارش فعالیت ماهانه دوره ۱ ماهه منتهی به  ۱۴۰۵/۰۳/۳۱,۱۴۰۵/۰۴/۰۸ ۱۹:۴۵:۴۵,1557309,False,https://excel.codal.ir/service/Excel/GetAll/e5Pv0sSUMBkckxBHSbHP6w%3d%3d/0,domestic,کلوخه سنگ آهن,تن,1373697.0,149179.0,47482890.0,7083450.0,1405-03,1405
کگهر,گهرزمین,iron_ore,1405/03/31,گزارش فعالیت ماهانه دوره ۱ ماهه منتهی به  ۱۴۰۵/۰۳/۳۱,۱۴۰۵/۰۴/۰۸ ۱۹:۴۵:۴۵,1557309,False,https://excel.codal.ir/service/Excel/GetAll/e5Pv0sSUMBkckxBHSbHP6w%3d%3d/0,domestic,کلوخه کم عیار,تن,,,,0.0,1405-03,1405
کگهر,گهرزمین,iron_ore,1405/03/31,گزارش فعالیت ماهانه دوره ۱ ماهه منتهی به  ۱۴۰۵/۰۳/۳۱,۱۴۰۵/۰۴/۰۸ ۱۹:۴۵:۴۵,1557309,False,https://excel.codal.ir/service/Excel/GetAll/e5Pv0sSUMBkckxBHSbHP6w%3d%3d/0,domestic,کنسانتره بورس کالا,تن,,104334.0,83740526.0,8736984.0,1405-03,1405
کگهر,گهرزمین,iron_ore,1405/03/31,گزارش فعالیت ماهانه دوره ۱ ماهه منتهی به  ۱۴۰۵/۰۳/۳۱,۱۴۰۵/۰۴/۰۸ ۱۹:۴۵:۴۵,1557309,False,https://excel.codal.ir/service/Excel/GetAll/e5Pv0sSUMBkckxBHSbHP6w%3d%3d/0,domestic,کنسانتره سنگ آهن,تن,706116.0,94184.0,66136541.0,6229004.0,1405-03,1405
کگهر,گهرزمین,iron_ore,1405/03/31,گزارش فعالیت ماهانه دوره ۱ ماهه منتهی به  ۱۴۰۵/۰۳/۳۱,۱۴۰۵/۰۴/۰۸ ۱۹:۴۵:۴۵,1557309,False,https://excel.codal.ir/service/Excel/GetAll/e5Pv0sSUMBkckxBHSbHP6w%3d%3d/0,export,کنسانتره سنگ آهن صادراتی,تن,,,0.0,0.0,1405-03,1405
کگهر,گهرزمین,iron_ore,1405/03/31,گزارش فعالیت ماهانه دوره ۱ ماهه منتهی به  ۱۴۰۵/۰۳/۳۱,۱۴۰۵/۰۴/۰۸ ۱۹:۴۵:۴۵,1557309,False,https://excel.codal.ir/service/Excel/GetAll/e5Pv0sSUMBkckxBHSbHP6w%3d%3d/0,domestic,گندله,تن,544354.0,289569.0,118917432.0,34434802.0,1405-03,1405
کگهر,گهرزمین,iron_ore,1405/03/31,گزارش فعالیت ماهانه دوره ۱ ماهه منتهی به  ۱۴۰۵/۰۳/۳۱,۱۴۰۵/۰۴/۰۸ ۱۹:۴۵:۴۵,1557309,False,https://excel.codal.ir/service/Excel/GetAll/e5Pv0sSUMBkckxBHSbHP6w%3d%3d/0,domestic,گندله اختلاطی,تن,,,,0.0,1405-03,1405
کگهر,گهرزمین,iron_ore,1405/03/31,گزارش فعالیت ماهانه دوره ۱ ماهه منتهی به  ۱۴۰۵/۰۳/۳۱,۱۴۰۵/۰۴/۰۸ ۱۹:۴۵:۴۵,1557309,False,https://excel.codal.ir/service/Excel/GetAll/e5Pv0sSUMBkckxBHSbHP6w%3d%3d/0,domestic,گندله بورس کالا,تن,,119361.0,126090658.0,15050307.0,1405-03,1405
کگهر,گهرزمین,iron_ore,1405/03/31,گزارش فعالیت ماهانه دوره ۱ ماهه منتهی به  ۱۴۰۵/۰۳/۳۱,۱۴۰۵/۰۴/۰۸ ۱۹:۴۵:۴۵,1557309,False,https://excel.codal.ir/service/Excel/GetAll/e5Pv0sSUMBkckxBHSbHP6w%3d%3d/0,export,گندله صادراتی,تن,,,0.0,0.0,1405-03,1405
