date,usd_irr,date_jalali
2011-11-26,13700.0,1390/09/05
2011-11-27,13440.0,1390/09/06
2011-11-28,13350.0,1390/09/07
2011-11-30,13590.0,1390/09/09
2011-12-03,13623.0,1390/09/12
2011-12-07,13493.0,1390/09/16
2011-12-10,13450.0,1390/09/19
2011-12-11,13530.0,1390/09/20
2011-12-12,13630.0,1390/09/21
2011-12-13,13770.0,1390/09/22
2011-12-14,13730.0,1390/09/23
2011-12-17,14080.0,1390/09/26
2011-12-18,14500.0,1390/09/27
2011-12-19,15300.0,1390/09/28
2011-12-20,15150.0,1390/09/29
2011-12-21,14304.0,1390/09/30
2011-12-24,14800.0,1390/10/03
2011-12-25,15250.0,1390/10/04
2011-12-26,15150.0,1390/10/05
2011-12-27,15200.0,1390/10/06
2011-12-28,15388.0,1390/10/07
2011-12-31,15900.0,1390/10/10
2012-01-01,17400.0,1390/10/11
2012-01-02,16200.0,1390/10/12
2012-01-03,15800.0,1390/10/13
2012-01-04,15979.0,1390/10/14
2012-01-07,16550.0,1390/10/17
2012-01-08,16900.0,1390/10/18
2012-01-09,16900.0,1390/10/19
2012-01-10,16920.0,1390/10/20
2012-01-11,16914.0,1390/10/21
2012-01-15,16900.0,1390/10/25
2012-01-16,17400.0,1390/10/26
2012-01-17,18200.0,1390/10/27
2012-01-18,18790.0,1390/10/28
2012-01-20,19300.0,1390/10/30
2012-01-22,19100.0,1390/11/02
2012-01-25,17100.0,1390/11/05
2012-01-28,18300.0,1390/11/08
2012-01-29,18300.0,1390/11/09
2012-01-31,18300.0,1390/11/11
2012-02-01,17830.0,1390/11/12
2012-02-04,18500.0,1390/11/15
2012-02-05,18800.0,1390/11/16
2012-02-06,18900.0,1390/11/17
2012-02-07,19350.0,1390/11/18
2012-02-08,19350.0,1390/11/19
2012-02-12,19000.0,1390/11/23
2012-02-13,19350.0,1390/11/24
2012-02-14,19500.0,1390/11/25
2012-02-15,19560.0,1390/11/26
2012-02-18,19200.0,1390/11/29
2012-02-19,19400.0,1390/11/30
2012-02-20,19450.0,1390/12/01
2012-02-21,19350.0,1390/12/02
2012-02-22,19333.0,1390/12/03
2012-02-25,19300.0,1390/12/06
2012-02-26,18700.0,1390/12/07
2012-02-27,18500.0,1390/12/08
2012-02-28,19200.0,1390/12/09
2012-02-29,19250.0,1390/12/10
2012-03-03,19000.0,1390/12/13
2012-03-04,19100.0,1390/12/14
2012-03-05,18950.0,1390/12/15
2012-03-06,18850.0,1390/12/16
2012-03-07,18800.0,1390/12/17
2012-03-10,18700.0,1390/12/20
2012-03-11,18850.0,1390/12/21
2012-03-12,18800.0,1390/12/22
2012-03-13,18600.0,1390/12/23
2012-03-14,18520.0,1390/12/24
2012-03-17,19123.0,1390/12/27
2012-03-24,18900.0,1391/01/05
2012-03-25,19000.0,1391/01/06
2012-03-27,19200.0,1391/01/08
2012-03-28,19190.0,1391/01/09
2012-04-02,19000.0,1391/01/14
2012-04-03,18950.0,1391/01/15
2012-04-04,19000.0,1391/01/16
2012-04-07,19010.0,1391/01/19
2012-04-08,19000.0,1391/01/20
2012-04-09,18650.0,1391/01/21
2012-04-10,18800.0,1391/01/22
2012-04-11,18812.0,1391/01/23
2012-04-14,17300.0,1391/01/26
2012-04-15,17800.0,1391/01/27
2012-04-16,18000.0,1391/01/28
2012-04-17,18240.0,1391/01/29
2012-04-18,18065.0,1391/01/30
2012-04-21,17950.0,1391/02/02
2012-04-22,17790.0,1391/02/03
2012-04-23,17519.0,1391/02/04
2012-04-25,17185.0,1391/02/06
2012-04-28,17340.0,1391/02/09
2012-04-29,17250.0,1391/02/10
2012-04-30,17100.0,1391/02/11
2012-05-01,17090.0,1391/02/12
2012-05-02,16792.0,1391/02/13
2012-05-05,16720.0,1391/02/16
2012-05-06,16640.0,1391/02/17
2012-05-07,16550.0,1391/02/18
2012-05-08,16500.0,1391/02/19
2012-05-09,15936.0,1391/02/20
2012-05-12,15750.0,1391/02/23
2012-05-13,16250.0,1391/02/24
2012-05-14,16690.0,1391/02/25
2012-05-15,16380.0,1391/02/26
2012-05-16,16789.0,1391/02/27
2012-05-19,16760.0,1391/02/30
2012-05-20,16850.0,1391/02/31
2012-05-21,16690.0,1391/03/01
2012-05-22,16710.0,1391/03/02
2012-05-23,17630.0,1391/03/03
2012-05-26,17200.0,1391/03/06
2012-05-27,17300.0,1391/03/07
2012-05-28,17600.0,1391/03/08
2012-05-29,17680.0,1391/03/09
2012-05-30,17700.0,1391/03/10
2012-06-01,17700.0,1391/03/12
2012-06-05,17700.0,1391/03/16
2012-06-06,18130.0,1391/03/17
2012-06-09,18210.0,1391/03/20
2012-06-10,18150.0,1391/03/21
2012-06-11,17900.0,1391/03/22
2012-06-12,17600.0,1391/03/23
2012-06-13,17830.0,1391/03/24
2012-06-16,18000.0,1391/03/27
2012-06-19,18280.0,1391/03/30
2012-06-20,18760.0,1391/03/31
2012-06-23,19050.0,1391/04/03
2012-06-24,18950.0,1391/04/04
2012-06-25,19200.0,1391/04/05
2012-06-26,19400.0,1391/04/06
2012-06-27,20150.0,1391/04/07
2012-06-28,20150.0,1391/04/08
2012-06-30,19530.0,1391/04/10
2012-07-01,19430.0,1391/04/11
2012-07-02,19760.0,1391/04/12
2012-07-03,19511.0,1391/04/13
2012-07-07,19100.0,1391/04/17
2012-07-08,19130.0,1391/04/18
2012-07-09,19360.0,1391/04/19
2012-07-10,19140.0,1391/04/20
2012-07-11,19215.0,1391/04/21
2012-07-14,19020.0,1391/04/24
2012-07-15,19200.0,1391/04/25
2012-07-16,19090.0,1391/04/26
2012-07-17,19150.0,1391/04/27
2012-07-18,19100.0,1391/04/28
2012-07-21,18990.0,1391/04/31
2012-07-22,19080.0,1391/05/01
2012-07-23,19210.0,1391/05/02
2012-07-24,19290.0,1391/05/03
2012-07-25,19573.0,1391/05/04
2012-07-28,19470.0,1391/05/07
2012-07-29,19680.0,1391/05/08
2012-07-30,19710.0,1391/05/09
2012-07-31,20070.0,1391/05/10
2012-08-01,20190.0,1391/05/11
2012-08-04,20440.0,1391/05/14
2012-08-05,21460.0,1391/05/15
2012-08-06,21980.0,1391/05/16
2012-08-07,20850.0,1391/05/17
2012-08-08,21272.0,1391/05/18
2012-08-11,21480.0,1391/05/21
2012-08-12,21300.0,1391/05/22
2012-08-13,21210.0,1391/05/23
2012-08-14,21070.0,1391/05/24
2012-08-15,21251.0,1391/05/25
2012-08-17,21240.0,1391/05/27
2012-08-21,21360.0,1391/05/31
2012-08-22,21701.0,1391/06/01
2012-08-25,21730.0,1391/06/04
2012-08-26,21960.0,1391/06/05
2012-08-27,21940.0,1391/06/06
2012-08-28,21831.0,1391/06/07
2012-08-29,21914.0,1391/06/08
2012-09-01,21590.0,1391/06/11
2012-09-02,21730.0,1391/06/12
2012-09-03,21820.0,1391/06/13
2012-09-04,22180.0,1391/06/14
2012-09-05,22376.0,1391/06/15
2012-09-08,24480.0,1391/06/18
2012-09-09,25600.0,1391/06/19
2012-09-10,24734.0,1391/06/20
2012-09-12,24195.0,1391/06/22
2012-09-15,24470.0,1391/06/25
2012-09-16,24930.0,1391/06/26
2012-09-17,24360.0,1391/06/27
2012-09-18,24280.0,1391/06/28
2012-09-19,24473.0,1391/06/29
2012-09-22,24760.0,1391/07/01
2012-09-23,25200.0,1391/07/02
2012-09-24,25480.0,1391/07/03
2012-09-25,26300.0,1391/07/04
2012-09-26,26950.0,1391/07/05
2012-09-29,29800.0,1391/07/08
2012-09-30,34700.0,1391/07/09
2012-10-01,36100.0,1391/07/10
2012-10-02,34000.0,1391/07/11
2012-10-03,30000.0,1391/07/12
2012-10-06,30000.0,1391/07/15
2012-10-07,33400.0,1391/07/16
2012-10-08,33000.0,1391/07/17
2012-10-09,33000.0,1391/07/18
2012-10-10,33948.0,1391/07/19
2012-10-13,34000.0,1391/07/22
2012-10-14,35200.0,1391/07/23
2012-10-15,36000.0,1391/07/24
2012-10-16,33350.0,1391/07/25
2012-10-17,35840.0,1391/07/26
2012-10-20,35400.0,1391/07/29
2012-10-21,36000.0,1391/07/30
2012-10-22,32700.0,1391/08/01
2012-10-23,34000.0,1391/08/02
2012-10-24,34000.0,1391/08/03
2012-10-25,34000.0,1391/08/04
2012-10-27,32900.0,1391/08/06
2012-10-28,33400.0,1391/08/07
2012-10-29,33000.0,1391/08/08
2012-10-30,32900.0,1391/08/09
2012-10-31,32900.0,1391/08/10
2012-11-01,32900.0,1391/08/11
2012-11-04,29500.0,1391/08/14
2012-11-05,32000.0,1391/08/15
2012-11-06,31800.0,1391/08/16
2012-11-07,31800.0,1391/08/17
2012-11-08,31800.0,1391/08/18
2012-11-10,30700.0,1391/08/20
2012-11-11,30500.0,1391/08/21
2012-11-12,30000.0,1391/08/22
2012-11-13,29800.0,1391/08/23
2012-11-14,29800.0,1391/08/24
2012-11-15,29800.0,1391/08/25
2012-11-17,28500.0,1391/08/27
2012-11-18,28000.0,1391/08/28
2012-11-19,26500.0,1391/08/29
2012-11-20,28400.0,1391/08/30
2012-11-21,29000.0,1391/09/01
2012-11-22,29000.0,1391/09/02
2012-11-26,28000.0,1391/09/06
2012-11-27,29000.0,1391/09/07
2012-11-28,29050.0,1391/09/08
2012-12-01,29300.0,1391/09/11
2012-12-02,29300.0,1391/09/12
2012-12-03,29100.0,1391/09/13
2012-12-04,29300.0,1391/09/14
2012-12-05,29300.0,1391/09/15
2012-12-06,29300.0,1391/09/16
2012-12-08,29000.0,1391/09/18
2012-12-09,29800.0,1391/09/19
2012-12-10,30100.0,1391/09/20
2012-12-11,29950.0,1391/09/21
2012-12-12,29730.0,1391/09/22
2012-12-15,30000.0,1391/09/25
2012-12-16,30330.0,1391/09/26
2012-12-17,31100.0,1391/09/27
2012-12-18,30850.0,1391/09/28
2012-12-19,31100.0,1391/09/29
2012-12-22,32400.0,1391/10/02
2012-12-23,33320.0,1391/10/03
2012-12-24,33320.0,1391/10/04
2012-12-25,32750.0,1391/10/05
2012-12-26,32580.0,1391/10/06
2012-12-29,32300.0,1391/10/09
2012-12-30,32400.0,1391/10/10
2012-12-31,32400.0,1391/10/11
2013-01-01,32378.0,1391/10/12
2013-01-05,32460.0,1391/10/16
2013-01-06,32350.0,1391/10/17
2013-01-07,32660.0,1391/10/18
2013-01-08,32850.0,1391/10/19
2013-01-09,32800.0,1391/10/20
2013-01-13,32900.0,1391/10/24
2013-01-14,33050.0,1391/10/25
2013-01-15,33050.0,1391/10/26
2013-01-16,33323.0,1391/10/27
2013-01-19,34100.0,1391/10/30
2013-01-21,36190.0,1391/11/02
2013-01-22,35600.0,1391/11/03
2013-01-23,35423.0,1391/11/04
2013-01-26,36520.0,1391/11/07
2013-01-27,36500.0,1391/11/08
2013-01-28,36600.0,1391/11/09
2013-01-30,38830.0,1391/11/11
2013-02-02,38100.0,1391/11/14
2013-02-03,38250.0,1391/11/15
2013-02-04,38500.0,1391/11/16
2013-02-05,37150.0,1391/11/17
2013-02-06,38410.0,1391/11/18
2013-02-08,37950.0,1391/11/20
2013-02-11,37200.0,1391/11/23
2013-02-12,36500.0,1391/11/24
2013-02-13,37370.0,1391/11/25
2013-02-16,36800.0,1391/11/28
2013-02-17,37100.0,1391/11/29
2013-02-18,37250.0,1391/11/30
2013-02-19,36900.0,1391/12/01
2013-02-20,36752.0,1391/12/02
2013-02-23,36750.0,1391/12/05
2013-02-24,37460.0,1391/12/06
2013-02-25,37650.0,1391/12/07
2013-02-26,37050.0,1391/12/08
2013-02-27,36613.0,1391/12/09
2013-03-02,34900.0,1391/12/12
2013-03-03,33050.0,1391/12/13
2013-03-04,34400.0,1391/12/14
2013-03-05,35900.0,1391/12/15
2013-03-06,35620.0,1391/12/16
2013-03-09,34750.0,1391/12/19
2013-03-10,35100.0,1391/12/20
2013-03-11,34750.0,1391/12/21
2013-03-12,34400.0,1391/12/22
2013-03-13,33400.0,1391/12/23
2013-03-16,34100.0,1391/12/26
2013-03-17,34505.0,1391/12/27
2013-03-24,34958.0,1392/01/04
2013-03-25,34321.0,1392/01/05
2013-03-26,34077.0,1392/01/06
2013-03-27,34218.0,1392/01/07
2013-03-29,34244.0,1392/01/09
2013-03-30,34867.0,1392/01/10
2013-04-02,34475.0,1392/01/13
2013-04-03,34949.0,1392/01/14
2013-04-06,36350.0,1392/01/17
2013-04-07,35400.0,1392/01/18
2013-04-08,35400.0,1392/01/19
2013-04-09,35150.0,1392/01/20
2013-04-10,35098.0,1392/01/21
2013-04-12,35127.0,1392/01/23
2013-04-15,35050.0,1392/01/26
2013-04-16,35250.0,1392/01/27
2013-04-17,35290.0,1392/01/28
2013-04-20,35350.0,1392/01/31
2013-04-21,35500.0,1392/02/01
2013-04-22,35600.0,1392/02/02
2013-04-23,36400.0,1392/02/03
2013-04-24,35904.0,1392/02/04
2013-04-27,35850.0,1392/02/07
2013-04-28,35900.0,1392/02/08
2013-04-29,35800.0,1392/02/09
2013-04-30,35700.0,1392/02/10
2013-05-01,35562.0,1392/02/11
2013-05-04,36000.0,1392/02/14
2013-05-05,35700.0,1392/02/15
2013-05-06,35600.0,1392/02/16
2013-05-07,35450.0,1392/02/17
2013-05-08,34777.0,1392/02/18
2013-05-11,34900.0,1392/02/21
2013-05-12,35300.0,1392/02/22
2013-05-13,35250.0,1392/02/23
2013-05-14,35050.0,1392/02/24
2013-05-15,35055.0,1392/02/25
2013-05-18,34750.0,1392/02/28
2013-05-19,34700.0,1392/02/29
2013-05-20,34900.0,1392/02/30
2013-05-21,35650.0,1392/02/31
2013-05-22,35661.0,1392/03/01
2013-05-25,36150.0,1392/03/04
2013-05-26,36280.0,1392/03/05
2013-05-27,36850.0,1392/03/06
2013-05-28,36580.0,1392/03/07
2013-05-29,36340.0,1392/03/08
2013-06-01,36280.0,1392/03/11
2013-06-02,36478.0,1392/03/12
2013-06-05,36459.0,1392/03/15
2013-06-08,36300.0,1392/03/18
2013-06-09,36200.0,1392/03/19
2013-06-10,35850.0,1392/03/20
2013-06-11,36450.0,1392/03/21
2013-06-12,35660.0,1392/03/22
2013-06-15,35100.0,1392/03/25
2013-06-16,34550.0,1392/03/26
2013-06-17,34500.0,1392/03/27
2013-06-18,34000.0,1392/03/28
2013-06-19,32200.0,1392/03/29
2013-06-22,32550.0,1392/04/01
2013-06-25,32950.0,1392/04/04
2013-06-26,33220.0,1392/04/05
2013-06-29,33500.0,1392/04/08
2013-06-30,33900.0,1392/04/09
2013-07-01,33700.0,1392/04/10
2013-07-02,33600.0,1392/04/11
2013-07-03,33458.0,1392/04/12
2013-07-06,32950.0,1392/04/15
2013-07-07,33350.0,1392/04/16
2013-07-08,33100.0,1392/04/17
2013-07-09,33000.0,1392/04/18
2013-07-10,33114.0,1392/04/19
2013-07-13,32700.0,1392/04/22
2013-07-14,32600.0,1392/04/23
2013-07-15,32600.0,1392/04/24
2013-07-16,32150.0,1392/04/25
2013-07-17,31600.0,1392/04/26
2013-07-20,31150.0,1392/04/29
2013-07-21,31600.0,1392/04/30
2013-07-22,31200.0,1392/04/31
2013-07-23,31650.0,1392/05/01
2013-07-24,31670.0,1392/05/02
2013-07-27,31800.0,1392/05/05
2013-07-28,31700.0,1392/05/06
2013-07-31,31920.0,1392/05/09
2013-08-03,32400.0,1392/05/12
2013-08-04,32000.0,1392/05/13
2013-08-05,31900.0,1392/05/14
2013-08-06,32250.0,1392/05/15
2013-08-07,32181.0,1392/05/16
2013-08-11,32250.0,1392/05/20
2013-08-12,31950.0,1392/05/21
2013-08-13,31950.0,1392/05/22
2013-08-14,31700.0,1392/05/23
2013-08-17,31580.0,1392/05/26
2013-08-18,31450.0,1392/05/27
2013-08-19,31000.0,1392/05/28
2013-08-20,30950.0,1392/05/29
2013-08-21,31200.0,1392/05/30
2013-08-24,31200.0,1392/06/02
2013-08-25,31250.0,1392/06/03
2013-08-26,31750.0,1392/06/04
2013-08-27,33000.0,1392/06/05
2013-08-28,32530.0,1392/06/06
2013-08-31,32580.0,1392/06/09
2013-09-03,33050.0,1392/06/12
2013-09-04,33030.0,1392/06/13
2013-09-07,32900.0,1392/06/16
2013-09-08,32850.0,1392/06/17
2013-09-09,32000.0,1392/06/18
2013-09-10,31800.0,1392/06/19
2013-09-11,31720.0,1392/06/20
2013-09-14,31700.0,1392/06/23
2013-09-15,31300.0,1392/06/24
2013-09-16,30600.0,1392/06/25
2013-09-17,30800.0,1392/06/26
2013-09-18,30130.0,1392/06/27
2013-09-21,29300.0,1392/06/30
2013-09-22,29350.0,1392/06/31
2013-09-23,29350.0,1392/07/01
2013-09-24,30700.0,1392/07/02
2013-09-25,30450.0,1392/07/03
2013-09-28,30650.0,1392/07/06
2013-09-29,30350.0,1392/07/07
2013-09-30,30550.0,1392/07/08
2013-10-01,30550.0,1392/07/09
2013-10-02,30519.0,1392/07/10
2013-10-05,30550.0,1392/07/13
2013-10-06,30450.0,1392/07/14
2013-10-07,30500.0,1392/07/15
2013-10-08,30350.0,1392/07/16
2013-10-09,30350.0,1392/07/17
2013-10-12,30150.0,1392/07/20
2013-10-13,30350.0,1392/07/21
2013-10-14,30372.0,1392/07/22
2013-10-16,30227.0,1392/07/24
2013-10-19,30150.0,1392/07/27
2013-10-20,29950.0,1392/07/28
2013-10-21,30100.0,1392/07/29
2013-10-22,30130.0,1392/07/30
2013-10-26,30100.0,1392/08/04
2013-10-27,30100.0,1392/08/05
2013-10-28,30150.0,1392/08/06
2013-10-29,30050.0,1392/08/07
2013-10-30,30082.0,1392/08/08
2013-11-02,30400.0,1392/08/11
2013-11-03,30300.0,1392/08/12
2013-11-04,30100.0,1392/08/13
2013-11-05,30180.0,1392/08/14
2013-11-06,30036.0,1392/08/15
2013-11-09,30250.0,1392/08/18
2013-11-10,30150.0,1392/08/19
2013-11-11,30173.0,1392/08/20
2013-11-16,30100.0,1392/08/25
2013-11-17,30030.0,1392/08/26
2013-11-18,30070.0,1392/08/27
2013-11-19,30050.0,1392/08/28
2013-11-20,30060.0,1392/08/29
2013-11-23,29400.0,1392/09/02
2013-11-24,29150.0,1392/09/03
2013-11-25,29750.0,1392/09/04
2013-11-26,29900.0,1392/09/05
2013-11-27,29614.0,1392/09/06
2013-11-30,29530.0,1392/09/09
2013-12-01,29530.0,1392/09/10
2013-12-02,29450.0,1392/09/11
2013-12-03,29550.0,1392/09/12
2013-12-04,29507.0,1392/09/13
2013-12-07,29460.0,1392/09/16
2013-12-08,29420.0,1392/09/17
2013-12-09,29480.0,1392/09/18
2013-12-10,29390.0,1392/09/19
2013-12-11,29476.0,1392/09/20
2013-12-14,29520.0,1392/09/23
2013-12-15,29470.0,1392/09/24
2013-12-16,29440.0,1392/09/25
2013-12-17,29490.0,1392/09/26
2013-12-18,29450.0,1392/09/27
2013-12-21,29581.0,1392/09/30
2013-12-24,29670.0,1392/10/03
2013-12-25,29969.0,1392/10/04
2013-12-28,30150.0,1392/10/07
2013-12-29,30060.0,1392/10/08
2013-12-30,30070.0,1392/10/09
2014-01-01,29920.0,1392/10/11
2014-01-04,29740.0,1392/10/14
2014-01-05,29800.0,1392/10/15
2014-01-06,29850.0,1392/10/16
2014-01-07,29900.0,1392/10/17
2014-01-08,29800.0,1392/10/18
2014-01-11,29790.0,1392/10/21
2014-01-12,29560.0,1392/10/22
2014-01-13,29630.0,1392/10/23
2014-01-14,29570.0,1392/10/24
2014-01-15,29469.0,1392/10/25
2014-01-18,29360.0,1392/10/28
2014-01-20,29340.0,1392/10/30
2014-01-21,29510.0,1392/11/01
2014-01-22,29440.0,1392/11/02
2014-01-25,29450.0,1392/11/05
2014-01-26,29490.0,1392/11/06
2014-01-27,29480.0,1392/11/07
2014-01-28,29420.0,1392/11/08
2014-01-29,29350.0,1392/11/09
2014-01-30,29380.0,1392/11/10
2014-02-01,29460.0,1392/11/12
2014-02-02,29540.0,1392/11/13
2014-02-03,29470.0,1392/11/14
2014-02-04,29510.0,1392/11/15
2014-02-05,29590.0,1392/11/16
2014-02-06,29600.0,1392/11/17
2014-02-08,29460.0,1392/11/19
2014-02-09,29510.0,1392/11/20
2014-02-10,29500.0,1392/11/21
2014-02-12,29520.0,1392/11/23
2014-02-13,29530.0,1392/11/24
2014-02-15,29480.0,1392/11/26
2014-02-16,29520.0,1392/11/27
2014-02-17,29520.0,1392/11/28
2014-02-18,29520.0,1392/11/29
2014-02-19,29530.0,1392/11/30
2014-02-20,29500.0,1392/12/01
2014-02-22,29600.0,1392/12/03
2014-02-23,29840.0,1392/12/04
2014-02-24,29900.0,1392/12/05
2014-02-25,29880.0,1392/12/06
2014-02-26,30090.0,1392/12/07
2014-02-27,30100.0,1392/12/08
2014-03-01,30590.0,1392/12/10
2014-03-02,31070.0,1392/12/11
2014-03-03,30640.0,1392/12/12
2014-03-04,30520.0,1392/12/13
2014-03-05,30490.0,1392/12/14
2014-03-06,30460.0,1392/12/15
2014-03-08,30440.0,1392/12/17
2014-03-09,30710.0,1392/12/18
2014-03-10,30550.0,1392/12/19
2014-03-11,30370.0,1392/12/20
2014-03-12,30360.0,1392/12/21
2014-03-13,30440.0,1392/12/22
2014-03-15,30200.0,1392/12/24
2014-03-16,29960.0,1392/12/25
2014-03-17,30000.0,1392/12/26
2014-03-18,30140.0,1392/12/27
2014-03-19,30170.0,1392/12/28
2014-03-25,30500.0,1393/01/05
2014-03-26,30580.0,1393/01/06
2014-03-27,30570.0,1393/01/07
2014-03-29,30490.0,1393/01/09
2014-03-30,30640.0,1393/01/10
2014-03-31,30630.0,1393/01/11
2014-04-05,30430.0,1393/01/16
2014-04-06,30580.0,1393/01/17
2014-04-07,30900.0,1393/01/18
2014-04-08,30800.0,1393/01/19
2014-04-09,30810.0,1393/01/20
2014-04-10,30790.0,1393/01/21
2014-04-12,31210.0,1393/01/23
2014-04-13,31300.0,1393/01/24
2014-04-14,31800.0,1393/01/25
2014-04-15,31560.0,1393/01/26
2014-04-16,31710.0,1393/01/27
2014-04-17,31730.0,1393/01/28
2014-04-19,32090.0,1393/01/30
2014-04-20,32400.0,1393/01/31
2014-04-21,33160.0,1393/02/01
2014-04-22,32650.0,1393/02/02
2014-04-23,32540.0,1393/02/03
2014-04-24,32480.0,1393/02/04
2014-04-26,33350.0,1393/02/06
2014-04-27,32820.0,1393/02/07
2014-04-28,32950.0,1393/02/08
2014-04-29,32980.0,1393/02/09
2014-04-30,33100.0,1393/02/10
2014-05-01,33130.0,1393/02/11
2014-05-03,32780.0,1393/02/13
2014-05-04,33140.0,1393/02/14
2014-05-05,33040.0,1393/02/15
2014-05-06,32910.0,1393/02/16
2014-05-07,32900.0,1393/02/17
2014-05-08,32870.0,1393/02/18
2014-05-10,32360.0,1393/02/20
2014-05-11,32490.0,1393/02/21
2014-05-12,32480.0,1393/02/22
2014-05-14,32450.0,1393/02/24
2014-05-15,32930.0,1393/02/25
2014-05-17,32760.0,1393/02/27
2014-05-18,32820.0,1393/02/28
2014-05-19,32940.0,1393/02/29
2014-05-20,32900.0,1393/02/30
2014-05-21,32870.0,1393/02/31
2014-05-22,32830.0,1393/03/01
2014-05-24,32820.0,1393/03/03
2014-05-25,32830.0,1393/03/04
2014-05-26,32770.0,1393/03/05
2014-05-28,32780.0,1393/03/07
2014-05-29,32770.0,1393/03/08
2014-05-31,32810.0,1393/03/10
2014-06-01,32820.0,1393/03/11
2014-06-02,32800.0,1393/03/12
2014-06-03,32830.0,1393/03/13
2014-06-07,32450.0,1393/03/17
2014-06-08,32320.0,1393/03/18
2014-06-09,32400.0,1393/03/19
2014-06-10,32400.0,1393/03/20
2014-06-11,32450.0,1393/03/21
2014-06-12,32430.0,1393/03/22
2014-06-14,32120.0,1393/03/24
2014-06-15,31790.0,1393/03/25
2014-06-16,32040.0,1393/03/26
2014-06-17,31930.0,1393/03/27
2014-06-18,32110.0,1393/03/28
2014-06-19,32290.0,1393/03/29
2014-06-21,31920.0,1393/03/31
2014-06-22,31720.0,1393/04/01
2014-06-23,31670.0,1393/04/02
2014-06-24,31670.0,1393/04/03
2014-06-25,31650.0,1393/04/04
2014-06-26,31690.0,1393/04/05
2014-06-28,31180.0,1393/04/07
2014-06-29,31140.0,1393/04/08
2014-06-30,31180.0,1393/04/09
2014-07-01,31330.0,1393/04/10
2014-07-02,31270.0,1393/04/11
2014-07-03,31260.0,1393/04/12
2014-07-05,30950.0,1393/04/14
2014-07-06,31260.0,1393/04/15
2014-07-07,31180.0,1393/04/16
2014-07-08,31050.0,1393/04/17
2014-07-09,31020.0,1393/04/18
2014-07-10,31060.0,1393/04/19
2014-07-12,31360.0,1393/04/21
2014-07-13,31230.0,1393/04/22
2014-07-14,31170.0,1393/04/23
2014-07-15,31360.0,1393/04/24
2014-07-16,31430.0,1393/04/25
2014-07-17,31560.0,1393/04/26
2014-07-20,31330.0,1393/04/29
2014-07-21,31330.0,1393/04/30
2014-07-22,31330.0,1393/04/31
2014-07-23,31390.0,1393/05/01
2014-07-24,31380.0,1393/05/02
2014-07-26,31370.0,1393/05/04
2014-07-27,31290.0,1393/05/05
2014-07-28,31260.0,1393/05/06
2014-07-30,31231.0,1393/05/08
2014-08-02,31400.0,1393/05/11
2014-08-03,31420.0,1393/05/12
2014-08-04,31400.0,1393/05/13
2014-08-05,31400.0,1393/05/14
2014-08-06,31320.0,1393/05/15
2014-08-07,31320.0,1393/05/16
2014-08-09,31220.0,1393/05/18
2014-08-10,31250.0,1393/05/19
2014-08-11,31190.0,1393/05/20
2014-08-12,31270.0,1393/05/21
2014-08-13,31180.0,1393/05/22
2014-08-14,31190.0,1393/05/23
2014-08-16,31020.0,1393/05/25
2014-08-17,31070.0,1393/05/26
2014-08-18,31050.0,1393/05/27
2014-08-19,30930.0,1393/05/28
2014-08-20,30920.0,1393/05/29
2014-08-21,30910.0,1393/05/30
2014-08-23,31160.0,1393/06/01
2014-08-24,31330.0,1393/06/02
2014-08-25,31270.0,1393/06/03
2014-08-26,31300.0,1393/06/04
2014-08-27,31300.0,1393/06/05
2014-08-28,31420.0,1393/06/06
2014-08-30,31500.0,1393/06/08
2014-08-31,31480.0,1393/06/09
2014-09-01,31730.0,1393/06/10
2014-09-02,31720.0,1393/06/11
2014-09-03,31810.0,1393/06/12
2014-09-04,31740.0,1393/06/13
2014-09-06,31680.0,1393/06/15
2014-09-07,31980.0,1393/06/16
2014-09-08,31750.0,1393/06/17
2014-09-09,31790.0,1393/06/18
2014-09-10,31840.0,1393/06/19
2014-09-11,31860.0,1393/06/20
2014-09-13,31910.0,1393/06/22
2014-09-14,31980.0,1393/06/23
2014-09-15,31920.0,1393/06/24
2014-09-16,32140.0,1393/06/25
2014-09-17,32010.0,1393/06/26
2014-09-18,31990.0,1393/06/27
2014-09-20,31670.0,1393/06/29
2014-09-21,31710.0,1393/06/30
2014-09-22,31880.0,1393/06/31
2014-09-23,31940.0,1393/07/01
2014-09-24,32000.0,1393/07/02
2014-09-25,32000.0,1393/07/03
2014-09-27,32640.0,1393/07/05
2014-09-28,32350.0,1393/07/06
2014-09-29,32410.0,1393/07/07
2014-09-30,32430.0,1393/07/08
2014-10-01,32400.0,1393/07/09
2014-10-02,32430.0,1393/07/10
2014-10-04,32310.0,1393/07/12
2014-10-06,32390.0,1393/07/14
2014-10-07,32370.0,1393/07/15
2014-10-08,32480.0,1393/07/16
2014-10-09,32500.0,1393/07/17
2014-10-11,32500.0,1393/07/19
2014-10-12,32520.0,1393/07/20
2014-10-14,32440.0,1393/07/22
2014-10-15,32500.0,1393/07/23
2014-10-16,32460.0,1393/07/24
2014-10-18,32340.0,1393/07/26
2014-10-19,32190.0,1393/07/27
2014-10-20,32280.0,1393/07/28
2014-10-21,32220.0,1393/07/29
2014-10-22,32280.0,1393/07/30
2014-10-23,32270.0,1393/08/01
2014-10-25,32170.0,1393/08/03
2014-10-26,32360.0,1393/08/04
2014-10-27,32450.0,1393/08/05
2014-10-28,32390.0,1393/08/06
2014-10-29,32450.0,1393/08/07
2014-10-30,32520.0,1393/08/08
2014-11-01,32539.0,1393/08/10
2014-11-05,32500.0,1393/08/14
2014-11-06,32510.0,1393/08/15
2014-11-08,32480.0,1393/08/17
2014-11-09,32540.0,1393/08/18
2014-11-10,32580.0,1393/08/19
2014-11-11,32580.0,1393/08/20
2014-11-12,32560.0,1393/08/21
2014-11-13,32550.0,1393/08/22
2014-11-15,32470.0,1393/08/24
2014-11-16,32460.0,1393/08/25
2014-11-17,32560.0,1393/08/26
2014-11-18,32500.0,1393/08/27
2014-11-19,32530.0,1393/08/28
2014-11-20,32490.0,1393/08/29
2014-11-22,32400.0,1393/09/01
2014-11-23,32560.0,1393/09/02
2014-11-24,32620.0,1393/09/03
2014-11-25,32900.0,1393/09/04
2014-11-26,33190.0,1393/09/05
2014-11-27,33250.0,1393/09/06
2014-11-29,34610.0,1393/09/08
2014-11-30,33670.0,1393/09/09
2014-12-01,33580.0,1393/09/10
2014-12-02,33670.0,1393/09/11
2014-12-03,33700.0,1393/09/12
2014-12-04,33680.0,1393/09/13
2014-12-06,34160.0,1393/09/15
2014-12-07,34250.0,1393/09/16
2014-12-08,34010.0,1393/09/17
2014-12-09,34190.0,1393/09/18
2014-12-10,34220.0,1393/09/19
2014-12-11,34260.0,1393/09/20
2014-12-14,34100.0,1393/09/23
2014-12-15,34800.0,1393/09/24
2014-12-16,34930.0,1393/09/25
2014-12-17,35000.0,1393/09/26
2014-12-18,34940.0,1393/09/27
2014-12-20,35070.0,1393/09/29
2014-12-22,35560.0,1393/10/01
2014-12-24,35590.0,1393/10/03
2014-12-25,35390.0,1393/10/04
2014-12-27,35530.0,1393/10/06
2014-12-28,35490.0,1393/10/07
2014-12-29,35210.0,1393/10/08
2014-12-30,35010.0,1393/10/09
2015-01-01,34960.0,1393/10/11
2015-01-03,35210.0,1393/10/13
2015-01-04,35120.0,1393/10/14
2015-01-05,35240.0,1393/10/15
2015-01-06,35130.0,1393/10/16
2015-01-07,35000.0,1393/10/17
2015-01-08,34970.0,1393/10/18
2015-01-10,34860.0,1393/10/20
2015-01-11,34700.0,1393/10/21
2015-01-12,34500.0,1393/10/22
2015-01-13,34520.0,1393/10/23
2015-01-14,34500.0,1393/10/24
2015-01-15,34450.0,1393/10/25
2015-01-17,34670.0,1393/10/27
2015-01-18,35140.0,1393/10/28
2015-01-19,34740.0,1393/10/29
2015-01-20,34610.0,1393/10/30
2015-01-21,34515.0,1393/11/01
2015-01-24,34650.0,1393/11/04
2015-01-25,34690.0,1393/11/05
2015-01-26,34600.0,1393/11/06
2015-01-27,34560.0,1393/11/07
2015-01-28,34568.0,1393/11/08
2015-01-31,34550.0,1393/11/11
2015-02-01,34560.0,1393/11/12
2015-02-02,34560.0,1393/11/13
2015-02-03,34430.0,1393/11/14
2015-02-04,34274.0,1393/11/15
2015-02-07,34090.0,1393/11/18
2015-02-08,34310.0,1393/11/19
2015-02-09,34290.0,1393/11/20
2015-02-11,34306.0,1393/11/22
2015-02-14,34300.0,1393/11/25
2015-02-15,34220.0,1393/11/26
2015-02-16,34020.0,1393/11/27
2015-02-17,34140.0,1393/11/28
2015-02-18,34127.0,1393/11/29
2015-02-21,34220.0,1393/12/02
2015-02-22,34350.0,1393/12/03
2015-02-23,34340.0,1393/12/04
2015-02-24,34360.0,1393/12/05
2015-02-25,34350.0,1393/12/06
2015-02-26,34310.0,1393/12/07
2015-02-28,34260.0,1393/12/09
2015-03-01,34250.0,1393/12/10
2015-03-02,34170.0,1393/12/11
2015-03-03,34200.0,1393/12/12
2015-03-04,34032.0,1393/12/13
2015-03-07,34060.0,1393/12/16
2015-03-08,33960.0,1393/12/17
2015-03-09,33840.0,1393/12/18
2015-03-10,33360.0,1393/12/19
2015-03-11,33240.0,1393/12/20
2015-03-12,32990.0,1393/12/21
2015-03-14,32410.0,1393/12/23
2015-03-15,32810.0,1393/12/24
2015-03-16,33530.0,1393/12/25
2015-03-17,33490.0,1393/12/26
2015-03-18,33436.0,1393/12/27
2015-03-25,33225.0,1394/01/05
2015-03-28,33100.0,1394/01/08
2015-03-29,33240.0,1394/01/09
2015-03-30,33070.0,1394/01/10
2015-03-31,33300.0,1394/01/11
2015-04-04,32840.0,1394/01/15
2015-04-05,32860.0,1394/01/16
2015-04-06,33140.0,1394/01/17
2015-04-07,32930.0,1394/01/18
2015-04-08,33400.0,1394/01/19
2015-04-11,33390.0,1394/01/22
2015-04-12,33380.0,1394/01/23
2015-04-13,33450.0,1394/01/24
2015-04-14,33580.0,1394/01/25
2015-04-15,33480.0,1394/01/26
2015-04-16,33420.0,1394/01/27
2015-04-18,33390.0,1394/01/29
2015-04-19,33390.0,1394/01/30
2015-04-20,33390.0,1394/01/31
2015-04-21,33360.0,1394/02/01
2015-04-22,33330.0,1394/02/02
2015-04-23,33330.0,1394/02/03
2015-04-25,33300.0,1394/02/05
2015-04-26,33350.0,1394/02/06
2015-04-27,33380.0,1394/02/07
2015-04-28,33360.0,1394/02/08
2015-04-29,33390.0,1394/02/09
2015-04-30,33390.0,1394/02/10
2015-05-03,33250.0,1394/02/13
2015-05-04,33270.0,1394/02/14
2015-05-05,33300.0,1394/02/15
2015-05-06,33290.0,1394/02/16
2015-05-07,33300.0,1394/02/17
2015-05-09,33180.0,1394/02/19
2015-05-10,33160.0,1394/02/20
2015-05-11,33160.0,1394/02/21
2015-05-12,33190.0,1394/02/22
2015-05-13,33200.0,1394/02/23
2015-05-14,33190.0,1394/02/24
2015-05-17,33070.0,1394/02/27
2015-05-18,32980.0,1394/02/28
2015-05-19,32830.0,1394/02/29
2015-05-20,32887.0,1394/02/30
2015-05-23,32950.0,1394/03/02
2015-05-24,32930.0,1394/03/03
2015-05-25,33000.0,1394/03/04
2015-05-26,33000.0,1394/03/05
2015-05-27,33016.0,1394/03/06
2015-05-30,33190.0,1394/03/09
2015-05-31,33130.0,1394/03/10
2015-06-01,33127.0,1394/03/11
2015-06-06,33080.0,1394/03/16
2015-06-07,33100.0,1394/03/17
2015-06-08,33080.0,1394/03/18
2015-06-09,33080.0,1394/03/19
2015-06-10,33050.0,1394/03/20
2015-06-13,32920.0,1394/03/23
2015-06-14,32820.0,1394/03/24
2015-06-15,32850.0,1394/03/25
2015-06-16,32850.0,1394/03/26
2015-06-17,32776.0,1394/03/27
2015-06-20,32720.0,1394/03/30
2015-06-21,32620.0,1394/03/31
2015-06-22,32660.0,1394/04/01
2015-06-23,32750.0,1394/04/02
2015-06-24,32964.0,1394/04/03
2015-06-27,33000.0,1394/04/06
2015-06-28,33000.0,1394/04/07
2015-06-29,32990.0,1394/04/08
2015-06-30,33090.0,1394/04/09
2015-07-01,32975.0,1394/04/10
2015-07-04,32950.0,1394/04/13
2015-07-05,32720.0,1394/04/14
2015-07-06,32449.0,1394/04/15
2015-07-08,32380.0,1394/04/17
2015-07-11,32500.0,1394/04/20
2015-07-12,32140.0,1394/04/21
2015-07-13,32160.0,1394/04/22
2015-07-14,32180.0,1394/04/23
2015-07-15,32300.0,1394/04/24
2015-07-20,32350.0,1394/04/29
2015-07-21,32390.0,1394/04/30
2015-07-22,32485.0,1394/04/31
2015-07-25,32950.0,1394/05/03
2015-07-26,32900.0,1394/05/04
2015-07-27,32980.0,1394/05/05
2015-07-28,33030.0,1394/05/06
2015-07-29,33100.0,1394/05/07
2015-08-01,33150.0,1394/05/10
2015-08-02,33160.0,1394/05/11
2015-08-03,33240.0,1394/05/12
2015-08-04,33270.0,1394/05/13
2015-08-05,33376.0,1394/05/14
2015-08-08,33390.0,1394/05/17
2015-08-09,33375.0,1394/05/18
2015-08-12,33428.0,1394/05/21
2015-08-15,33410.0,1394/05/24
2015-08-16,33410.0,1394/05/25
2015-08-17,33550.0,1394/05/26
2015-08-18,33460.0,1394/05/27
2015-08-19,33482.0,1394/05/28
2015-08-22,33500.0,1394/05/31
2015-08-23,33550.0,1394/06/01
2015-08-24,33650.0,1394/06/02
2015-08-25,33630.0,1394/06/03
2015-08-26,33558.0,1394/06/04
2015-08-29,33670.0,1394/06/07
2015-08-30,33770.0,1394/06/08
2015-08-31,34000.0,1394/06/09
2015-09-01,33980.0,1394/06/10
2015-09-02,33836.0,1394/06/11
2015-09-05,33970.0,1394/06/14
2015-09-06,33890.0,1394/06/15
2015-09-07,33830.0,1394/06/16
2015-09-08,33850.0,1394/06/17
2015-09-09,33876.0,1394/06/18
2015-09-12,33980.0,1394/06/21
2015-09-13,34200.0,1394/06/22
2015-09-14,33950.0,1394/06/23
2015-09-15,33930.0,1394/06/24
2015-09-16,33850.0,1394/06/25
2015-09-19,33830.0,1394/06/28
2015-09-20,33720.0,1394/06/29
2015-09-21,33880.0,1394/06/30
2015-09-22,33846.0,1394/06/31
2015-09-26,33930.0,1394/07/04
2015-09-27,33920.0,1394/07/05
2015-09-28,34090.0,1394/07/06
2015-09-29,34090.0,1394/07/07
2015-09-30,34062.0,1394/07/08
2015-10-03,33950.0,1394/07/11
2015-10-04,33990.0,1394/07/12
2015-10-05,33990.0,1394/07/13
2015-10-06,33990.0,1394/07/14
2015-10-07,33980.0,1394/07/15
2015-10-10,33900.0,1394/07/18
2015-10-11,33890.0,1394/07/19
2015-10-12,33880.0,1394/07/20
2015-10-13,33890.0,1394/07/21
2015-10-14,33880.0,1394/07/22
2015-10-17,33870.0,1394/07/25
2015-10-18,33810.0,1394/07/26
2015-10-19,33810.0,1394/07/27
2015-10-20,33830.0,1394/07/28
2015-10-21,33850.0,1394/07/29
2015-10-25,33880.0,1394/08/03
2015-10-26,33890.0,1394/08/04
2015-10-27,33900.0,1394/08/05
2015-10-28,33890.0,1394/08/06
2015-10-31,33950.0,1394/08/09
2015-11-01,33940.0,1394/08/10
2015-11-02,33940.0,1394/08/11
2015-11-03,33930.0,1394/08/12
2015-11-04,33902.0,1394/08/13
2015-11-07,33950.0,1394/08/16
2015-11-08,33960.0,1394/08/17
2015-11-09,33950.0,1394/08/18
2015-11-10,33940.0,1394/08/19
2015-11-11,33930.0,1394/08/20
2015-11-12,35750.0,1394/08/21
2015-11-14,33940.0,1394/08/23
2015-11-15,33940.0,1394/08/24
2015-11-16,33940.0,1394/08/25
2015-11-17,33930.0,1394/08/26
2015-11-18,33930.0,1394/08/27
2015-11-21,33940.0,1394/08/30
2015-11-22,33940.0,1394/09/01
2015-11-23,33980.0,1394/09/02
2015-11-24,33990.0,1394/09/03
2015-11-25,33920.0,1394/09/04
2015-11-26,33930.0,1394/09/05
2015-11-28,33990.0,1394/09/07
2015-11-29,33990.0,1394/09/08
2015-11-30,33981.0,1394/09/09
2015-12-02,33970.0,1394/09/11
2015-12-05,33970.0,1394/09/14
2015-12-06,33960.0,1394/09/15
2015-12-07,33960.0,1394/09/16
2015-12-08,35602.0,1394/09/17
2015-12-13,33940.0,1394/09/22
2015-12-14,33940.0,1394/09/23
2015-12-15,33970.0,1394/09/24
2015-12-16,33864.0,1394/09/25
2015-12-19,33850.0,1394/09/28
2015-12-21,33860.0,1394/09/30
2015-12-22,33870.0,1394/10/01
2015-12-23,33854.0,1394/10/02
2015-12-26,33800.0,1394/10/05
2015-12-27,33820.0,1394/10/06
2015-12-30,33850.0,1394/10/09
2016-01-02,33840.0,1394/10/12
2016-01-03,33890.0,1394/10/13
2016-01-04,33940.0,1394/10/14
2016-01-05,33940.0,1394/10/15
2016-01-06,33981.0,1394/10/16
2016-01-09,33950.0,1394/10/19
2016-01-10,33890.0,1394/10/20
2016-01-11,33880.0,1394/10/21
2016-01-12,33870.0,1394/10/22
2016-01-13,33846.0,1394/10/23
2016-01-16,33840.0,1394/10/26
2016-01-17,33840.0,1394/10/27
2016-01-18,33830.0,1394/10/28
2016-01-19,33840.0,1394/10/29
2016-01-20,33843.0,1394/10/30
2016-01-23,33870.0,1394/11/03
2016-01-24,33850.0,1394/11/04
2016-01-25,33850.0,1394/11/05
2016-01-26,33840.0,1394/11/06
2016-01-27,33838.0,1394/11/07
2016-01-30,33840.0,1394/11/10
2016-01-31,33830.0,1394/11/11
2016-02-01,33830.0,1394/11/12
2016-02-02,33820.0,1394/11/13
2016-02-03,33817.0,1394/11/14
2016-02-06,33800.0,1394/11/17
2016-02-07,33800.0,1394/11/18
2016-02-08,33800.0,1394/11/19
2016-02-09,33800.0,1394/11/20
2016-02-13,33800.0,1394/11/24
2016-02-14,33840.0,1394/11/25
2016-02-15,34430.0,1394/11/26
2016-02-16,34620.0,1394/11/27
2016-02-17,34492.0,1394/11/28
2016-02-20,34500.0,1394/12/01
2016-02-21,34540.0,1394/12/02
2016-02-22,34650.0,1394/12/03
2016-02-23,34680.0,1394/12/04
2016-02-24,34802.0,1394/12/05
2016-02-27,34550.0,1394/12/08
2016-02-28,34550.0,1394/12/09
2016-02-29,34540.0,1394/12/10
2016-03-01,34540.0,1394/12/11
2016-03-02,34432.0,1394/12/12
2016-03-05,34340.0,1394/12/15
2016-03-06,34260.0,1394/12/16
2016-03-07,34080.0,1394/12/17
2016-03-08,34240.0,1394/12/18
2016-03-09,34308.0,1394/12/19
2016-03-11,34205.0,1394/12/21
2016-03-14,34290.0,1394/12/24
2016-03-15,34300.0,1394/12/25
2016-03-16,34263.0,1394/12/26
2016-03-23,34600.0,1395/01/04
2016-03-26,34660.0,1395/01/07
2016-03-27,35200.0,1395/01/08
2016-03-28,35130.0,1395/01/09
2016-03-29,34820.0,1395/01/10
2016-03-30,34850.0,1395/01/11
2016-04-02,34490.0,1395/01/14
2016-04-03,34500.0,1395/01/15
2016-04-04,34760.0,1395/01/16
2016-04-05,34700.0,1395/01/17
2016-04-06,34650.0,1395/01/18
2016-04-07,34650.0,1395/01/19
2016-04-09,34720.0,1395/01/21
2016-04-10,34700.0,1395/01/22
2016-04-11,34690.0,1395/01/23
2016-04-12,34660.0,1395/01/24
2016-04-13,34640.0,1395/01/25
2016-04-16,34550.0,1395/01/28
2016-04-17,34510.0,1395/01/29
2016-04-18,34640.0,1395/01/30
2016-04-19,34583.0,1395/01/31
2016-04-23,34690.0,1395/02/04
2016-04-24,34670.0,1395/02/05
2016-04-25,34600.0,1395/02/06
2016-04-26,34600.0,1395/02/07
2016-04-27,34558.0,1395/02/08
2016-04-30,34510.0,1395/02/11
2016-05-01,34500.0,1395/02/12
2016-05-02,34470.0,1395/02/13
2016-05-03,34438.0,1395/02/14
2016-05-07,34460.0,1395/02/18
2016-05-08,34450.0,1395/02/19
2016-05-09,34500.0,1395/02/20
2016-05-10,34490.0,1395/02/21
2016-05-11,34416.0,1395/02/22
2016-05-14,34420.0,1395/02/25
2016-05-15,34390.0,1395/02/26
2016-05-16,34370.0,1395/02/27
2016-05-17,34370.0,1395/02/28
2016-05-18,34386.0,1395/02/29
2016-05-20,34443.0,1395/02/31
2016-05-23,34550.0,1395/03/03
2016-05-24,34540.0,1395/03/04
2016-05-25,34690.0,1395/03/05
2016-05-28,34700.0,1395/03/08
2016-05-29,34630.0,1395/03/09
2016-05-30,34650.0,1395/03/10
2016-05-31,34650.0,1395/03/11
2016-06-01,34710.0,1395/03/12
2016-06-02,34710.0,1395/03/13
2016-06-05,34530.0,1395/03/16
2016-06-06,34550.0,1395/03/17
2016-06-07,34580.0,1395/03/18
2016-06-08,34610.0,1395/03/19
2016-06-11,34600.0,1395/03/22
2016-06-12,34530.0,1395/03/23
2016-06-13,34590.0,1395/03/24
2016-06-14,34600.0,1395/03/25
2016-06-15,34547.0,1395/03/26
2016-06-18,34540.0,1395/03/29
2016-06-19,34550.0,1395/03/30
2016-06-20,34600.0,1395/03/31
2016-06-21,34623.0,1395/04/01
2016-06-22,34618.0,1395/04/02
2016-06-25,34887.0,1395/04/05
2016-06-28,35190.0,1395/04/08
2016-06-29,35168.0,1395/04/09
2016-07-02,34790.0,1395/04/12
2016-07-03,34870.0,1395/04/13
2016-07-04,34844.0,1395/04/14
2016-07-09,34970.0,1395/04/19
2016-07-10,35010.0,1395/04/20
2016-07-11,35120.0,1395/04/21
2016-07-12,35010.0,1395/04/22
2016-07-13,35072.0,1395/04/23
2016-07-16,35120.0,1395/04/26
2016-07-17,35150.0,1395/04/27
2016-07-18,35190.0,1395/04/28
2016-07-19,35130.0,1395/04/29
2016-07-20,35034.0,1395/04/30
2016-07-23,35170.0,1395/05/02
2016-07-24,35110.0,1395/05/03
2016-07-25,35180.0,1395/05/04
2016-07-26,35180.0,1395/05/05
2016-07-27,35415.0,1395/05/06
2016-07-31,35280.0,1395/05/10
2016-08-01,35400.0,1395/05/11
2016-08-02,35310.0,1395/05/12
2016-08-03,35268.0,1395/05/13
2016-08-06,35330.0,1395/05/16
2016-08-07,35400.0,1395/05/17
2016-08-08,35450.0,1395/05/18
2016-08-09,35350.0,1395/05/19
2016-08-10,35380.0,1395/05/20
2016-08-11,35280.0,1395/05/21
2016-08-13,35310.0,1395/05/23
2016-08-14,35430.0,1395/05/24
2016-08-15,35430.0,1395/05/25
2016-08-16,35420.0,1395/05/26
2016-08-17,35338.0,1395/05/27
2016-08-20,35270.0,1395/05/30
2016-08-21,35470.0,1395/05/31
2016-08-22,35420.0,1395/06/01
2016-08-23,35430.0,1395/06/02
2016-08-24,35380.0,1395/06/03
2016-08-27,35500.0,1395/06/06
2016-08-28,35550.0,1395/06/07
2016-08-29,35550.0,1395/06/08
2016-08-30,35550.0,1395/06/09
2016-08-31,35585.0,1395/06/10
2016-09-03,35650.0,1395/06/13
2016-09-04,35520.0,1395/06/14
2016-09-05,35550.0,1395/06/15
2016-09-06,35540.0,1395/06/16
2016-09-07,35528.0,1395/06/17
2016-09-10,35560.0,1395/06/20
2016-09-13,35630.0,1395/06/23
2016-09-14,35691.0,1395/06/24
2016-09-17,35600.0,1395/06/27
2016-09-18,35586.0,1395/06/28
2016-09-21,35625.0,1395/06/31
2016-09-24,35680.0,1395/07/03
2016-09-25,35700.0,1395/07/04
2016-09-26,35730.0,1395/07/05
2016-09-27,35610.0,1395/07/06
2016-09-28,35820.0,1395/07/07
2016-10-01,35770.0,1395/07/10
2016-10-02,35810.0,1395/07/11
2016-10-03,35860.0,1395/07/12
2016-10-04,35870.0,1395/07/13
2016-10-05,35769.0,1395/07/14
2016-10-08,35810.0,1395/07/17
2016-10-09,35850.0,1395/07/18
2016-10-12,35879.0,1395/07/21
2016-10-15,35880.0,1395/07/24
2016-10-16,35850.0,1395/07/25
2016-10-17,35830.0,1395/07/26
2016-10-18,35850.0,1395/07/27
2016-10-19,35871.0,1395/07/28
2016-10-22,35910.0,1395/08/01
2016-10-23,35950.0,1395/08/02
2016-10-24,35680.0,1395/08/03
2016-10-25,36050.0,1395/08/04
2016-10-26,36103.0,1395/08/05
2016-10-29,36110.0,1395/08/08
2016-10-30,36190.0,1395/08/09
2016-10-31,36270.0,1395/08/10
2016-11-01,36230.0,1395/08/11
2016-11-02,36210.0,1395/08/12
2016-11-05,36290.0,1395/08/15
2016-11-06,36250.0,1395/08/16
2016-11-07,36400.0,1395/08/17
2016-11-08,36480.0,1395/08/18
2016-11-09,36494.0,1395/08/19
2016-11-12,36550.0,1395/08/22
2016-11-13,36680.0,1395/08/23
2016-11-14,36680.0,1395/08/24
2016-11-15,36740.0,1395/08/25
2016-11-16,36849.0,1395/08/26
2016-11-18,36809.0,1395/08/28
2016-11-21,36770.0,1395/09/01
2016-11-22,37030.0,1395/09/02
2016-11-23,37372.0,1395/09/03
2016-11-26,38491.0,1395/09/06
2016-11-28,38680.0,1395/09/08
2016-11-30,38274.0,1395/09/10
2016-12-03,38950.0,1395/09/13
2016-12-04,38960.0,1395/09/14
2016-12-05,38880.0,1395/09/15
2016-12-06,38760.0,1395/09/16
2016-12-07,38990.0,1395/09/17
2016-12-10,38910.0,1395/09/20
2016-12-11,38680.0,1395/09/21
2016-12-12,38970.0,1395/09/22
2016-12-13,39140.0,1395/09/23
2016-12-14,39280.0,1395/09/24
2016-12-18,39170.0,1395/09/28
2016-12-19,39180.0,1395/09/29
2016-12-20,39780.0,1395/09/30
2016-12-21,39872.0,1395/10/01
2016-12-24,40660.0,1395/10/04
2016-12-25,40720.0,1395/10/05
2016-12-26,41210.0,1395/10/06
2016-12-27,40750.0,1395/10/07
2016-12-28,40183.0,1395/10/08
2016-12-31,38350.0,1395/10/11
2017-01-01,38790.0,1395/10/12
2017-01-02,39140.0,1395/10/13
2017-01-03,39000.0,1395/10/14
2017-01-04,39034.0,1395/10/15
2017-01-07,39450.0,1395/10/18
2017-01-08,39784.0,1395/10/19
2017-01-10,39790.0,1395/10/21
2017-01-11,39689.0,1395/10/22
2017-01-14,39440.0,1395/10/25
2017-01-15,39140.0,1395/10/26
2017-01-16,38340.0,1395/10/27
2017-01-17,38200.0,1395/10/28
2017-01-18,38199.0,1395/10/29
2017-01-21,38330.0,1395/11/02
2017-01-22,38500.0,1395/11/03
2017-01-23,38540.0,1395/11/04
2017-01-24,38600.0,1395/11/05
2017-01-25,38584.0,1395/11/06
2017-01-28,38510.0,1395/11/09
2017-01-29,38230.0,1395/11/10
2017-01-30,38210.0,1395/11/11
2017-01-31,38260.0,1395/11/12
2017-02-01,38424.0,1395/11/13
2017-02-04,38520.0,1395/11/16
2017-02-05,38470.0,1395/11/17
2017-02-06,38360.0,1395/11/18
2017-02-07,38260.0,1395/11/19
2017-02-08,38269.0,1395/11/20
2017-02-11,38230.0,1395/11/23
2017-02-12,38140.0,1395/11/24
2017-02-13,38080.0,1395/11/25
2017-02-14,38150.0,1395/11/26
2017-02-15,38047.0,1395/11/27
2017-02-18,37930.0,1395/11/30
2017-02-19,37900.0,1395/12/01
2017-02-20,37870.0,1395/12/02
2017-02-21,37800.0,1395/12/03
2017-02-22,37790.0,1395/12/04
2017-02-25,37810.0,1395/12/07
2017-02-26,37790.0,1395/12/08
2017-02-27,37790.0,1395/12/09
2017-02-28,37840.0,1395/12/10
2017-03-01,37830.0,1395/12/11
2017-03-04,37740.0,1395/12/14
2017-03-05,37610.0,1395/12/15
2017-03-06,37460.0,1395/12/16
2017-03-07,37240.0,1395/12/17
2017-03-08,37513.0,1395/12/18
2017-03-11,37490.0,1395/12/21
2017-03-12,37500.0,1395/12/22
2017-03-13,37630.0,1395/12/23
2017-03-14,37950.0,1395/12/24
2017-03-15,37525.0,1395/12/25
2017-03-17,37480.0,1395/12/27
2017-03-25,37540.0,1396/01/05
2017-03-26,37640.0,1396/01/06
2017-03-27,37660.0,1396/01/07
2017-03-28,37520.0,1396/01/08
2017-03-29,37450.0,1396/01/09
2017-04-03,37530.0,1396/01/14
2017-04-04,37650.0,1396/01/15
2017-04-05,37610.0,1396/01/16
2017-04-08,37630.0,1396/01/19
2017-04-09,37630.0,1396/01/20
2017-04-12,37596.0,1396/01/23
2017-04-15,37550.0,1396/01/26
2017-04-16,37550.0,1396/01/27
2017-04-17,37500.0,1396/01/28
2017-04-18,37490.0,1396/01/29
2017-04-19,37485.0,1396/01/30
2017-04-22,37530.0,1396/02/02
2017-04-23,37569.0,1396/02/03
2017-04-26,37650.0,1396/02/06
2017-04-29,37730.0,1396/02/09
2017-04-30,37670.0,1396/02/10
2017-05-01,37620.0,1396/02/11
2017-05-02,37650.0,1396/02/12
2017-05-03,37690.0,1396/02/13
2017-05-06,37590.0,1396/02/16
2017-05-07,37570.0,1396/02/17
2017-05-08,37540.0,1396/02/18
2017-05-09,37570.0,1396/02/19
2017-05-10,37590.0,1396/02/20
2017-05-13,37560.0,1396/02/23
2017-05-14,37540.0,1396/02/24
2017-05-15,37550.0,1396/02/25
2017-05-16,37710.0,1396/02/26
2017-05-17,37526.0,1396/02/27
2017-05-20,37400.0,1396/02/30
2017-05-21,37350.0,1396/02/31
2017-05-22,37530.0,1396/03/01
2017-05-23,37480.0,1396/03/02
2017-05-24,37430.0,1396/03/03
2017-05-27,37370.0,1396/03/06
2017-05-28,37380.0,1396/03/07
2017-05-29,37360.0,1396/03/08
2017-05-30,37340.0,1396/03/09
2017-05-31,37333.0,1396/03/10
2017-06-03,37330.0,1396/03/13
2017-06-06,37380.0,1396/03/16
2017-06-07,37368.0,1396/03/17
2017-06-10,37350.0,1396/03/20
2017-06-11,37300.0,1396/03/21
2017-06-12,37270.0,1396/03/22
2017-06-13,37300.0,1396/03/23
2017-06-14,37314.0,1396/03/24
2017-06-17,37500.0,1396/03/27
2017-06-18,37500.0,1396/03/28
2017-06-19,37450.0,1396/03/29
2017-06-20,37420.0,1396/03/30
2017-06-21,37568.0,1396/03/31
2017-06-24,37540.0,1396/04/03
2017-06-28,37745.0,1396/04/07
2017-07-01,37840.0,1396/04/10
2017-07-02,37790.0,1396/04/11
2017-07-03,37800.0,1396/04/12
2017-07-04,37880.0,1396/04/13
2017-07-05,37888.0,1396/04/14
2017-07-08,37860.0,1396/04/17
2017-07-09,37880.0,1396/04/18
2017-07-10,37930.0,1396/04/19
2017-07-11,37900.0,1396/04/20
2017-07-12,37846.0,1396/04/21
2017-07-15,37800.0,1396/04/24
2017-07-16,37790.0,1396/04/25
2017-07-17,37780.0,1396/04/26
2017-07-18,37770.0,1396/04/27
2017-07-19,37820.0,1396/04/28
2017-07-22,37750.0,1396/04/31
2017-07-23,37720.0,1396/05/01
2017-07-24,37790.0,1396/05/02
2017-07-25,38000.0,1396/05/03
2017-07-26,38039.0,1396/05/04
2017-07-29,38120.0,1396/05/07
2017-07-30,38130.0,1396/05/08
2017-07-31,38190.0,1396/05/09
2017-08-01,38210.0,1396/05/10
2017-08-02,38216.0,1396/05/11
2017-08-05,38210.0,1396/05/14
2017-08-06,38150.0,1396/05/15
2017-08-07,38110.0,1396/05/16
2017-08-08,38110.0,1396/05/17
2017-08-09,38134.0,1396/05/18
2017-08-12,38120.0,1396/05/21
2017-08-13,38130.0,1396/05/22
2017-08-14,38170.0,1396/05/23
2017-08-15,38200.0,1396/05/24
2017-08-16,38230.0,1396/05/25
2017-08-19,38280.0,1396/05/28
2017-08-20,38300.0,1396/05/29
2017-08-21,38300.0,1396/05/30
2017-08-22,38330.0,1396/05/31
2017-08-23,38485.0,1396/06/01
2017-08-26,38590.0,1396/06/04
2017-08-27,38580.0,1396/06/05
2017-08-28,38630.0,1396/06/06
2017-08-29,38720.0,1396/06/07
2017-08-30,38803.0,1396/06/08
2017-09-02,38900.0,1396/06/11
2017-09-03,38790.0,1396/06/12
2017-09-04,38820.0,1396/06/13
2017-09-05,38940.0,1396/06/14
2017-09-06,39009.0,1396/06/15
2017-09-10,39000.0,1396/06/19
2017-09-11,39140.0,1396/06/20
2017-09-12,39200.0,1396/06/21
2017-09-13,39060.0,1396/06/22
2017-09-16,38980.0,1396/06/25
2017-09-17,38970.0,1396/06/26
2017-09-18,38920.0,1396/06/27
2017-09-19,38930.0,1396/06/28
2017-09-20,38927.0,1396/06/29
2017-09-23,38920.0,1396/07/01
2017-09-24,39000.0,1396/07/02
2017-09-25,39060.0,1396/07/03
2017-09-26,39070.0,1396/07/04
2017-09-27,39147.0,1396/07/05
2017-10-02,39300.0,1396/07/10
2017-10-03,39370.0,1396/07/11
2017-10-04,39580.0,1396/07/12
2017-10-07,39780.0,1396/07/15
2017-10-08,40410.0,1396/07/16
2017-10-09,40240.0,1396/07/17
2017-10-10,40160.0,1396/07/18
2017-10-11,39973.0,1396/07/19
2017-10-14,40070.0,1396/07/22
2017-10-15,40080.0,1396/07/23
2017-10-16,40190.0,1396/07/24
2017-10-17,40210.0,1396/07/25
2017-10-18,40158.0,1396/07/26
2017-10-21,40110.0,1396/07/29
2017-10-22,40180.0,1396/07/30
2017-10-23,40300.0,1396/08/01
2017-10-24,40280.0,1396/08/02
2017-10-25,40538.0,1396/08/03
2017-10-28,40690.0,1396/08/06
2017-10-29,40550.0,1396/08/07
2017-10-30,40520.0,1396/08/08
2017-10-31,40580.0,1396/08/09
2017-11-01,40540.0,1396/08/10
2017-11-04,40660.0,1396/08/13
2017-11-05,40720.0,1396/08/14
2017-11-06,40700.0,1396/08/15
2017-11-07,40746.0,1396/08/16
2017-11-11,40990.0,1396/08/20
2017-11-12,41360.0,1396/08/21
2017-11-13,41220.0,1396/08/22
2017-11-14,41010.0,1396/08/23
2017-11-15,40900.0,1396/08/24
2017-11-17,40948.0,1396/08/26
2017-11-20,40930.0,1396/08/29
2017-11-21,41210.0,1396/08/30
2017-11-22,41255.0,1396/09/01
2017-11-25,41180.0,1396/09/04
2017-11-26,41180.0,1396/09/05
2017-11-28,41360.0,1396/09/07
2017-11-29,41544.0,1396/09/08
2017-12-02,41640.0,1396/09/11
2017-12-03,41860.0,1396/09/12
2017-12-04,41979.0,1396/09/13
2017-12-06,42022.0,1396/09/15
2017-12-09,42070.0,1396/09/18
2017-12-10,42110.0,1396/09/19
2017-12-11,42200.0,1396/09/20
2017-12-12,42190.0,1396/09/21
2017-12-13,42103.0,1396/09/22
2017-12-16,41830.0,1396/09/25
2017-12-17,41810.0,1396/09/26
2017-12-18,41970.0,1396/09/27
2017-12-19,41860.0,1396/09/28
2017-12-20,41929.0,1396/09/29
2017-12-23,41940.0,1396/10/02
2017-12-24,41790.0,1396/10/03
2017-12-25,41890.0,1396/10/04
2017-12-26,41890.0,1396/10/05
2017-12-27,42299.0,1396/10/06
2017-12-30,42880.0,1396/10/09
2017-12-31,42880.0,1396/10/10
2018-01-01,43390.0,1396/10/11
2018-01-02,43740.0,1396/10/12
2018-01-03,43283.0,1396/10/13
2018-01-06,43530.0,1396/10/16
2018-01-07,43950.0,1396/10/17
2018-01-08,43660.0,1396/10/18
2018-01-09,44010.0,1396/10/19
2018-01-10,44116.0,1396/10/20
2018-01-13,44260.0,1396/10/23
2018-01-14,44210.0,1396/10/24
2018-01-15,44290.0,1396/10/25
2018-01-16,44480.0,1396/10/26
2018-01-17,44617.0,1396/10/27
2018-01-20,45970.0,1396/10/30
2018-01-21,45790.0,1396/11/01
2018-01-22,45800.0,1396/11/02
2018-01-23,45660.0,1396/11/03
2018-01-24,45330.0,1396/11/04
2018-01-25,45330.0,1396/11/05
2018-01-27,45680.0,1396/11/07
2018-01-28,45500.0,1396/11/08
2018-01-29,45670.0,1396/11/09
2018-01-30,46450.0,1396/11/10
2018-01-31,46768.0,1396/11/11
2018-02-03,47440.0,1396/11/14
2018-02-04,46760.0,1396/11/15
2018-02-05,46900.0,1396/11/16
2018-02-06,45450.0,1396/11/17
2018-02-07,46900.0,1396/11/18
2018-02-10,47270.0,1396/11/21
2018-02-12,48770.0,1396/11/23
2018-02-13,48170.0,1396/11/24
2018-02-14,47180.0,1396/11/25
2018-02-17,46090.0,1396/11/28
2018-02-18,45750.0,1396/11/29
2018-02-19,45750.0,1396/11/30
2018-02-21,44911.0,1396/12/02
2018-02-24,44760.0,1396/12/05
2018-02-25,44780.0,1396/12/06
2018-02-26,44720.0,1396/12/07
2018-02-27,44710.0,1396/12/08
2018-02-28,44700.0,1396/12/09
2018-03-01,44690.0,1396/12/10
2018-03-03,47700.0,1396/12/12
2018-03-04,47690.0,1396/12/13
2018-03-05,47750.0,1396/12/14
2018-03-06,47880.0,1396/12/15
2018-03-07,47860.0,1396/12/16
2018-03-08,47890.0,1396/12/17
2018-03-10,48030.0,1396/12/19
2018-03-11,48260.0,1396/12/20
2018-03-12,48160.0,1396/12/21
2018-03-13,48510.0,1396/12/22
2018-03-14,48490.0,1396/12/23
2018-03-15,48650.0,1396/12/24
2018-03-17,48190.0,1396/12/26
2018-03-18,48570.0,1396/12/27
2018-03-19,48990.0,1396/12/28
2018-03-25,51030.0,1397/01/05
2018-03-26,50490.0,1397/01/06
2018-03-27,50460.0,1397/01/07
2018-03-28,50450.0,1397/01/08
2018-03-29,51020.0,1397/01/09
2018-04-03,50560.0,1397/01/14
2018-04-04,50940.0,1397/01/15
2018-04-05,50940.0,1397/01/16
2018-04-07,56600.0,1397/01/18
2018-04-08,58650.0,1397/01/19
2018-04-09,58200.0,1397/01/20
2018-04-10,55030.0,1397/01/21
2018-04-11,46600.0,1397/01/22
2018-04-14,49200.0,1397/01/25
2018-04-15,52700.0,1397/01/26
2018-04-17,44100.0,1397/01/28
2018-04-18,48780.0,1397/01/29
2018-04-19,51929.0,1397/01/30
2018-04-21,55870.0,1397/02/01
2018-04-22,55290.0,1397/02/02
2018-04-23,54500.0,1397/02/03
2018-04-24,54230.0,1397/02/04
2018-04-25,56234.0,1397/02/05
2018-04-28,58540.0,1397/02/08
2018-04-29,57030.0,1397/02/09
2018-04-30,59650.0,1397/02/10
2018-05-01,59640.0,1397/02/11
2018-05-03,61160.0,1397/02/13
2018-05-05,63500.0,1397/02/15
2018-05-06,59230.0,1397/02/16
2018-05-07,63900.0,1397/02/17
2018-05-08,65710.0,1397/02/18
2018-05-09,66530.0,1397/02/19
2018-05-10,66900.0,1397/02/20
2018-05-12,64550.0,1397/02/22
2018-05-13,63300.0,1397/02/23
2018-05-14,64140.0,1397/02/24
2018-05-15,61520.0,1397/02/25
2018-05-16,62740.0,1397/02/26
2018-05-17,62640.0,1397/02/27
2018-05-19,62010.0,1397/02/29
2018-05-20,63330.0,1397/02/30
2018-05-21,63870.0,1397/02/31
2018-05-22,63640.0,1397/03/01
2018-05-23,63440.0,1397/03/02
2018-05-24,63670.0,1397/03/03
2018-05-26,63630.0,1397/03/05
2018-05-27,63530.0,1397/03/06
2018-05-28,62920.0,1397/03/07
2018-05-29,64380.0,1397/03/08
2018-05-30,64640.0,1397/03/09
2018-05-31,65020.0,1397/03/10
2018-06-02,64390.0,1397/03/12
2018-06-03,64250.0,1397/03/13
2018-06-07,64390.0,1397/03/17
2018-06-09,65760.0,1397/03/19
2018-06-10,67810.0,1397/03/20
2018-06-11,70350.0,1397/03/21
2018-06-12,70080.0,1397/03/22
2018-06-13,67690.0,1397/03/23
2018-06-14,68670.0,1397/03/24
2018-06-17,70540.0,1397/03/27
2018-06-18,72270.0,1397/03/28
2018-06-19,74000.0,1397/03/29
2018-06-20,74911.0,1397/03/30
2018-06-23,87050.0,1397/04/02
2018-06-24,81550.0,1397/04/03
2018-06-25,78910.0,1397/04/04
2018-06-26,79740.0,1397/04/05
2018-06-27,82280.0,1397/04/06
2018-06-28,82280.0,1397/04/07
2018-06-30,83580.0,1397/04/09
2018-07-01,83310.0,1397/04/10
2018-07-02,81600.0,1397/04/11
2018-07-03,80140.0,1397/04/12
2018-07-04,78470.0,1397/04/13
2018-07-05,80370.0,1397/04/14
2018-07-07,79860.0,1397/04/16
2018-07-08,79460.0,1397/04/17
2018-07-09,77882.0,1397/04/18
2018-07-11,77900.0,1397/04/20
2018-07-12,78220.0,1397/04/21
2018-07-14,80740.0,1397/04/23
2018-07-15,79190.0,1397/04/24
2018-07-16,81950.0,1397/04/25
2018-07-17,81340.0,1397/04/26
2018-07-18,81960.0,1397/04/27
2018-07-19,81490.0,1397/04/28
2018-07-21,88970.0,1397/04/30
2018-07-22,93700.0,1397/04/31
2018-07-23,94060.0,1397/05/01
2018-07-24,91550.0,1397/05/02
2018-07-25,93160.0,1397/05/03
2018-07-26,94560.0,1397/05/04
2018-07-28,110368.0,1397/05/06
2018-07-29,114700.0,1397/05/07
2018-07-30,105410.0,1397/05/08
2018-07-31,105980.0,1397/05/09
2018-08-01,112960.0,1397/05/10
2018-08-02,105770.0,1397/05/11
2018-08-04,98170.0,1397/05/13
2018-08-05,95960.0,1397/05/14
2018-08-06,89760.0,1397/05/15
2018-08-07,102540.0,1397/05/16
2018-08-08,103360.0,1397/05/17
2018-08-09,109430.0,1397/05/18
2018-08-11,100850.0,1397/05/20
2018-08-12,106260.0,1397/05/21
2018-08-13,105550.0,1397/05/22
2018-08-14,105030.0,1397/05/23
2018-08-15,107090.0,1397/05/24
2018-08-16,107120.0,1397/05/25
2018-08-18,103050.0,1397/05/27
2018-08-19,104140.0,1397/05/28
2018-08-20,105840.0,1397/05/29
2018-08-21,105460.0,1397/05/30
2018-08-23,102790.0,1397/06/01
2018-08-25,105430.0,1397/06/03
2018-08-26,107150.0,1397/06/04
2018-08-27,110610.0,1397/06/05
2018-08-28,110110.0,1397/06/06
2018-08-29,110350.0,1397/06/07
2018-09-01,124573.0,1397/06/10
2018-09-03,127950.0,1397/06/12
2018-09-04,136890.0,1397/06/13
2018-09-05,134771.0,1397/06/14
2018-09-08,129630.0,1397/06/17
2018-09-09,138160.0,1397/06/18
2018-09-10,135330.0,1397/06/19
2018-09-11,137160.0,1397/06/20
2018-09-12,137600.0,1397/06/21
2018-09-13,137650.0,1397/06/22
2018-09-15,142700.0,1397/06/24
2018-09-16,143650.0,1397/06/25
2018-09-17,145880.0,1397/06/26
2018-09-18,145880.0,1397/06/27
2018-09-22,149340.0,1397/06/31
2018-09-23,160000.0,1397/07/01
2018-09-24,169990.0,1397/07/02
2018-09-25,186680.0,1397/07/03
2018-09-26,175390.0,1397/07/04
2018-09-27,175390.0,1397/07/05
2018-09-29,170220.0,1397/07/07
2018-09-30,151770.0,1397/07/08
2018-10-01,145288.0,1397/07/09
2018-10-02,132200.0,1397/07/10
2018-10-03,126800.0,1397/07/11
2018-10-05,128800.0,1397/07/13
2018-10-06,131100.0,1397/07/14
2018-10-07,141400.0,1397/07/15
2018-10-08,121400.0,1397/07/16
2018-10-09,123700.0,1397/07/17
2018-10-10,121900.0,1397/07/18
2018-10-12,142700.0,1397/07/20
2018-10-13,131000.0,1397/07/21
2018-10-14,125100.0,1397/07/22
2018-10-15,135500.0,1397/07/23
2018-10-16,121800.0,1397/07/24
2018-10-17,134000.0,1397/07/25
2018-10-19,134300.0,1397/07/27
2018-10-21,144150.0,1397/07/29
2018-10-22,141940.0,1397/07/30
2018-10-23,140390.0,1397/08/01
2018-10-24,118800.0,1397/08/02
2018-10-26,118400.0,1397/08/04
2018-10-27,120600.0,1397/08/05
2018-10-28,118400.0,1397/08/06
2018-10-30,120500.0,1397/08/08
2018-10-31,119600.0,1397/08/09
2018-11-02,119200.0,1397/08/11
2018-11-03,120300.0,1397/08/12
2018-11-04,120500.0,1397/08/13
2018-11-05,120300.0,1397/08/14
2018-11-09,118600.0,1397/08/18
2018-11-10,120600.0,1397/08/19
2018-11-11,119900.0,1397/08/20
2018-11-12,119200.0,1397/08/21
2018-11-14,118400.0,1397/08/23
2018-11-15,118400.0,1397/08/24
2018-11-17,120870.0,1397/08/26
2018-11-18,127220.0,1397/08/27
2018-11-19,128400.0,1397/08/28
2018-11-20,127910.0,1397/08/29
2018-11-21,127710.0,1397/08/30
2018-11-22,127710.0,1397/09/01
2018-11-24,127250.0,1397/09/03
2018-11-26,123030.0,1397/09/05
2018-11-27,121150.0,1397/09/06
2018-11-28,112450.0,1397/09/07
2018-11-29,112450.0,1397/09/08
2018-12-01,121100.0,1397/09/10
2018-12-02,114300.0,1397/09/11
2018-12-03,113670.0,1397/09/12
2018-12-04,113520.0,1397/09/13
2018-12-05,113418.0,1397/09/14
2018-12-08,112410.0,1397/09/17
2018-12-09,107900.0,1397/09/18
2018-12-10,108190.0,1397/09/19
2018-12-11,97100.0,1397/09/20
2018-12-12,101300.0,1397/09/21
2018-12-13,101300.0,1397/09/22
2018-12-15,99500.0,1397/09/24
2018-12-16,99400.0,1397/09/25
2018-12-17,99400.0,1397/09/26
2018-12-18,99900.0,1397/09/27
2018-12-19,99700.0,1397/09/28
2018-12-20,99700.0,1397/09/29
2018-12-21,100970.0,1397/09/30
2018-12-23,101000.0,1397/10/02
2018-12-24,105000.0,1397/10/03
2018-12-25,112000.0,1397/10/04
2018-12-26,107500.0,1397/10/05
2018-12-27,107500.0,1397/10/06
2018-12-29,107000.0,1397/10/08
2018-12-30,108000.0,1397/10/09
2018-12-31,105000.0,1397/10/10
2019-01-01,104500.0,1397/10/11
2019-01-02,106000.0,1397/10/12
2019-01-03,106000.0,1397/10/13
2019-01-05,105500.0,1397/10/15
2019-01-06,107000.0,1397/10/16
2019-01-07,109000.0,1397/10/17
2019-01-08,108800.0,1397/10/18
2019-01-09,108900.0,1397/10/19
2019-01-10,108900.0,1397/10/20
2019-01-12,114000.0,1397/10/22
2019-01-13,109900.0,1397/10/23
2019-01-14,112500.0,1397/10/24
2019-01-15,114500.0,1397/10/25
2019-01-16,115900.0,1397/10/26
2019-01-17,115900.0,1397/10/27
2019-01-19,114500.0,1397/10/29
2019-01-20,116300.0,1397/10/30
2019-01-21,116500.0,1397/11/01
2019-01-22,115400.0,1397/11/02
2019-01-23,115000.0,1397/11/03
2019-01-24,115000.0,1397/11/04
2019-01-26,117900.0,1397/11/06
2019-01-27,118000.0,1397/11/07
2019-01-28,118300.0,1397/11/08
2019-01-29,119450.0,1397/11/09
2019-01-30,118500.0,1397/11/10
2019-01-31,118500.0,1397/11/11
2019-02-02,110000.0,1397/11/13
2019-02-03,116500.0,1397/11/14
2019-02-04,117500.0,1397/11/15
2019-02-05,118500.0,1397/11/16
2019-02-06,116450.0,1397/11/17
2019-02-07,116450.0,1397/11/18
2019-02-10,117100.0,1397/11/21
2019-02-12,119300.0,1397/11/23
2019-02-13,118500.0,1397/11/24
2019-02-14,118500.0,1397/11/25
2019-02-16,123500.0,1397/11/27
2019-02-17,129000.0,1397/11/28
2019-02-18,128000.0,1397/11/29
2019-02-19,129700.0,1397/11/30
2019-02-20,126380.0,1397/12/01
2019-02-23,136500.0,1397/12/04
2019-02-24,134500.0,1397/12/05
2019-02-25,133000.0,1397/12/06
2019-02-26,132500.0,1397/12/07
2019-02-27,132000.0,1397/12/08
2019-02-28,132000.0,1397/12/09
2019-03-02,129860.0,1397/12/11
2019-03-03,127070.0,1397/12/12
2019-03-04,125980.0,1397/12/13
2019-03-05,131540.0,1397/12/14
2019-03-06,130370.0,1397/12/15
2019-03-07,130370.0,1397/12/16
2019-03-09,130420.0,1397/12/18
2019-03-10,129050.0,1397/12/19
2019-03-11,128470.0,1397/12/20
2019-03-12,128550.0,1397/12/21
2019-03-13,131020.0,1397/12/22
2019-03-14,131020.0,1397/12/23
2019-03-16,128830.0,1397/12/25
2019-03-17,128890.0,1397/12/26
2019-03-18,128940.0,1397/12/27
2019-03-19,128940.0,1397/12/28
2019-03-25,129510.0,1398/01/05
2019-03-26,129420.0,1398/01/06
2019-03-27,131890.0,1398/01/07
2019-03-28,131890.0,1398/01/08
2019-03-30,132000.0,1398/01/10
2019-04-03,131900.0,1398/01/14
2019-04-06,133910.0,1398/01/17
2019-04-07,136900.0,1398/01/18
2019-04-08,141750.0,1398/01/19
2019-04-09,137500.0,1398/01/20
2019-04-10,137310.0,1398/01/21
2019-04-11,137310.0,1398/01/22
2019-04-13,134500.0,1398/01/24
2019-04-14,136900.0,1398/01/25
2019-04-15,135430.0,1398/01/26
2019-04-16,134010.0,1398/01/27
2019-04-17,134790.0,1398/01/28
2019-04-18,134790.0,1398/01/29
2019-04-20,134700.0,1398/01/31
2019-04-22,139420.0,1398/02/02
2019-04-23,139520.0,1398/02/03
2019-04-24,140480.0,1398/02/04
2019-04-25,138120.0,1398/02/05
2019-04-27,142860.0,1398/02/07
2019-04-28,143520.0,1398/02/08
2019-04-29,142380.0,1398/02/09
2019-04-30,145070.0,1398/02/10
2019-05-01,146010.0,1398/02/11
2019-05-02,142410.0,1398/02/12
2019-05-04,147510.0,1398/02/14
2019-05-05,150010.0,1398/02/15
2019-05-06,152390.0,1398/02/16
2019-05-07,153890.0,1398/02/17
2019-05-08,156010.0,1398/02/18
2019-05-09,153500.0,1398/02/19
2019-05-11,147970.0,1398/02/21
2019-05-12,150470.0,1398/02/22
2019-05-13,151510.0,1398/02/23
2019-05-14,148490.0,1398/02/24
2019-05-15,146380.0,1398/02/25
2019-05-16,146470.0,1398/02/26
2019-05-18,143510.0,1398/02/28
2019-05-19,140360.0,1398/02/29
2019-05-20,142380.0,1398/02/30
2019-05-21,144010.0,1398/02/31
2019-05-22,142010.0,1398/03/01
2019-05-23,140460.0,1398/03/02
2019-05-25,140822.0,1398/03/04
2019-05-28,135970.0,1398/03/07
2019-05-29,137390.0,1398/03/08
2019-05-30,135370.0,1398/03/09
2019-06-01,134580.0,1398/03/11
2019-06-02,132680.0,1398/03/12
2019-06-03,130980.0,1398/03/13
2019-06-08,127190.0,1398/03/18
2019-06-09,131410.0,1398/03/19
2019-06-10,130580.0,1398/03/20
2019-06-11,131350.0,1398/03/21
2019-06-12,134868.0,1398/03/22
2019-06-15,137910.0,1398/03/25
2019-06-16,135490.0,1398/03/26
2019-06-17,132610.0,1398/03/27
2019-06-18,134010.0,1398/03/28
2019-06-19,134630.0,1398/03/29
2019-06-20,132000.0,1398/03/30
2019-06-22,133930.0,1398/04/01
2019-06-23,134040.0,1398/04/02
2019-06-24,132040.0,1398/04/03
2019-06-25,132340.0,1398/04/04
2019-06-26,132260.0,1398/04/05
2019-06-27,129410.0,1398/04/06
2019-06-30,130140.0,1398/04/09
2019-07-01,129150.0,1398/04/10
2019-07-02,129840.0,1398/04/11
2019-07-03,130820.0,1398/04/12
2019-07-04,127500.0,1398/04/13
2019-07-06,130650.0,1398/04/15
2019-07-07,128890.0,1398/04/16
2019-07-08,129720.0,1398/04/17
2019-07-09,129680.0,1398/04/18
2019-07-10,129580.0,1398/04/19
2019-07-11,127460.0,1398/04/20
2019-07-13,124920.0,1398/04/22
2019-07-14,121120.0,1398/04/23
2019-07-15,118710.0,1398/04/24
2019-07-16,118130.0,1398/04/25
2019-07-17,119840.0,1398/04/26
2019-07-20,122140.0,1398/04/29
2019-07-21,123350.0,1398/04/30
2019-07-22,125240.0,1398/04/31
2019-07-23,120280.0,1398/05/01
2019-07-24,118920.0,1398/05/02
2019-07-25,119500.0,1398/05/03
2019-07-27,120640.0,1398/05/05
2019-07-28,121490.0,1398/05/06
2019-07-29,120240.0,1398/05/07
2019-07-30,119140.0,1398/05/08
2019-07-31,120790.0,1398/05/09
2019-08-01,119000.0,1398/05/10
2019-08-03,119440.0,1398/05/12
2019-08-04,120250.0,1398/05/13
2019-08-05,119550.0,1398/05/14
2019-08-06,119670.0,1398/05/15
2019-08-07,118845.0,1398/05/16
2019-08-10,116950.0,1398/05/19
2019-08-11,117000.0,1398/05/20
2019-08-13,116700.0,1398/05/22
2019-08-14,117641.0,1398/05/23
2019-08-17,117340.0,1398/05/26
2019-08-18,117030.0,1398/05/27
2019-08-19,116960.0,1398/05/28
2019-08-21,116850.0,1398/05/30
2019-08-22,116000.0,1398/05/31
2019-08-24,113010.0,1398/06/02
2019-08-25,110850.0,1398/06/03
2019-08-26,112250.0,1398/06/04
2019-08-27,112200.0,1398/06/05
2019-08-28,113120.0,1398/06/06
2019-08-29,112000.0,1398/06/07
2019-08-31,113820.0,1398/06/09
2019-09-01,113750.0,1398/06/10
2019-09-02,114510.0,1398/06/11
2019-09-03,114050.0,1398/06/12
2019-09-04,114750.0,1398/06/13
2019-09-05,114000.0,1398/06/14
2019-09-07,116750.0,1398/06/16
2019-09-08,116000.0,1398/06/17
2019-09-11,116740.0,1398/06/20
2019-09-12,114440.0,1398/06/21
2019-09-14,113430.0,1398/06/23
2019-09-15,114550.0,1398/06/24
2019-09-16,115140.0,1398/06/25
2019-09-17,115360.0,1398/06/26
2019-09-18,115330.0,1398/06/27
2019-09-19,114500.0,1398/06/28
2019-09-21,114310.0,1398/06/30
2019-09-22,113930.0,1398/06/31
2019-09-23,114450.0,1398/07/01
2019-09-24,114180.0,1398/07/02
2019-09-25,114380.0,1398/07/03
2019-09-26,113500.0,1398/07/04
2019-09-28,114640.0,1398/07/06
2019-09-29,115810.0,1398/07/07
2019-09-30,115010.0,1398/07/08
2019-10-01,115230.0,1398/07/09
2019-10-02,115490.0,1398/07/10
2019-10-03,114430.0,1398/07/11
2019-10-05,114500.0,1398/07/13
2019-10-06,114730.0,1398/07/14
2019-10-07,114920.0,1398/07/15
2019-10-08,114980.0,1398/07/16
2019-10-09,114830.0,1398/07/17
2019-10-10,114020.0,1398/07/18
2019-10-12,114030.0,1398/07/20
2019-10-13,113960.0,1398/07/21
2019-10-14,114110.0,1398/07/22
2019-10-15,114220.0,1398/07/23
2019-10-16,114230.0,1398/07/24
2019-10-17,114020.0,1398/07/25
2019-10-20,113400.0,1398/07/28
2019-10-21,113430.0,1398/07/29
2019-10-22,112320.0,1398/07/30
2019-10-23,111910.0,1398/08/01
2019-10-24,112050.0,1398/08/02
2019-10-26,111380.0,1398/08/04
2019-10-28,111410.0,1398/08/06
2019-10-30,112550.0,1398/08/08
2019-10-31,111520.0,1398/08/09
2019-11-02,113710.0,1398/08/11
2019-11-03,113650.0,1398/08/12
2019-11-04,114150.0,1398/08/13
2019-11-05,112900.0,1398/08/14
2019-11-07,113380.0,1398/08/16
2019-11-09,114330.0,1398/08/18
2019-11-10,114960.0,1398/08/19
2019-11-11,115240.0,1398/08/20
2019-11-12,117700.0,1398/08/21
2019-11-13,117870.0,1398/08/22
2019-11-14,114970.0,1398/08/23
2019-11-16,122500.0,1398/08/25
2019-11-17,122650.0,1398/08/26
2019-11-18,122520.0,1398/08/27
2019-11-19,119130.0,1398/08/28
2019-11-20,118980.0,1398/08/29
2019-11-21,117940.0,1398/08/30
2019-11-23,122740.0,1398/09/02
2019-11-24,124150.0,1398/09/03
2019-11-25,122970.0,1398/09/04
2019-11-26,125820.0,1398/09/05
2019-11-27,125990.0,1398/09/06
2019-11-28,124020.0,1398/09/07
2019-11-30,128120.0,1398/09/09
2019-12-01,126550.0,1398/09/10
2019-12-02,127650.0,1398/09/11
2019-12-03,129040.0,1398/09/12
2019-12-04,130490.0,1398/09/13
2019-12-05,127010.0,1398/09/14
2019-12-07,134450.0,1398/09/16
2019-12-08,138030.0,1398/09/17
2019-12-09,135840.0,1398/09/18
2019-12-10,131050.0,1398/09/19
2019-12-11,127510.0,1398/09/20
2019-12-12,129010.0,1398/09/21
2019-12-14,125840.0,1398/09/23
2019-12-15,127520.0,1398/09/24
2019-12-16,130670.0,1398/09/25
2019-12-17,129150.0,1398/09/26
2019-12-18,129990.0,1398/09/27
2019-12-19,128590.0,1398/09/28
2019-12-21,131690.0,1398/09/30
2019-12-22,131490.0,1398/10/01
2019-12-23,131090.0,1398/10/02
2019-12-24,131910.0,1398/10/03
2019-12-25,131820.0,1398/10/04
2019-12-26,129760.0,1398/10/05
2019-12-28,131580.0,1398/10/07
2019-12-29,131620.0,1398/10/08
2019-12-30,133190.0,1398/10/09
2019-12-31,132990.0,1398/10/10
2020-01-01,132990.0,1398/10/11
2020-01-02,129500.0,1398/10/12
2020-01-04,139220.0,1398/10/14
2020-01-05,138090.0,1398/10/15
2020-01-06,139660.0,1398/10/16
2020-01-07,139350.0,1398/10/17
2020-01-08,133900.0,1398/10/18
2020-01-09,132090.0,1398/10/19
2020-01-11,134290.0,1398/10/21
2020-01-12,134150.0,1398/10/22
2020-01-13,135500.0,1398/10/23
2020-01-14,134960.0,1398/10/24
2020-01-15,135160.0,1398/10/25
2020-01-16,131000.0,1398/10/26
2020-01-18,134490.0,1398/10/28
2020-01-19,134990.0,1398/10/29
2020-01-20,134390.0,1398/10/30
2020-01-21,134850.0,1398/11/01
2020-01-22,135290.0,1398/11/02
2020-01-23,130000.0,1398/11/03
2020-01-25,135790.0,1398/11/05
2020-01-26,136190.0,1398/11/06
2020-01-27,137190.0,1398/11/07
2020-01-28,134020.0,1398/11/08
2020-01-30,134540.0,1398/11/10
2020-02-01,135500.0,1398/11/12
2020-02-02,136040.0,1398/11/13
2020-02-03,135690.0,1398/11/14
2020-02-04,136690.0,1398/11/15
2020-02-05,136730.0,1398/11/16
2020-02-06,135060.0,1398/11/17
2020-02-08,138890.0,1398/11/19
2020-02-09,139590.0,1398/11/20
2020-02-10,136040.0,1398/11/21
2020-02-12,140430.0,1398/11/23
2020-02-13,138490.0,1398/11/24
2020-02-15,141860.0,1398/11/26
2020-02-16,141620.0,1398/11/27
2020-02-17,144030.0,1398/11/28
2020-02-18,143490.0,1398/11/29
2020-02-19,143930.0,1398/11/30
2020-02-20,142030.0,1398/12/01
2020-02-22,152550.0,1398/12/03
2020-02-23,156090.0,1398/12/04
2020-02-24,156290.0,1398/12/05
2020-02-25,156390.0,1398/12/06
2020-02-26,157090.0,1398/12/07
2020-02-27,157010.0,1398/12/08
2020-02-29,155060.0,1398/12/10
2020-03-01,156990.0,1398/12/11
2020-03-02,153130.0,1398/12/12
2020-03-03,154360.0,1398/12/13
2020-03-04,152710.0,1398/12/14
2020-03-05,149950.0,1398/12/15
2020-03-07,149960.0,1398/12/17
2020-03-09,153890.0,1398/12/19
2020-03-10,153990.0,1398/12/20
2020-03-11,153900.0,1398/12/21
2020-03-12,148510.0,1398/12/22
2020-03-14,156570.0,1398/12/24
2020-03-15,158370.0,1398/12/25
2020-03-16,160690.0,1398/12/26
2020-03-17,159920.0,1398/12/27
2020-03-18,149030.0,1398/12/28
2020-03-23,149020.0,1399/01/04
2020-03-24,148971.0,1399/01/05
2020-03-25,148992.0,1399/01/06
2020-03-27,149000.0,1399/01/08
2020-03-28,149010.0,1399/01/09
2020-03-29,149011.0,1399/01/10
2020-04-02,148960.0,1399/01/14
2020-04-04,164190.0,1399/01/16
2020-04-05,162950.0,1399/01/17
2020-04-06,161390.0,1399/01/18
2020-04-07,159650.0,1399/01/19
2020-04-08,161060.0,1399/01/20
2020-04-11,162240.0,1399/01/23
2020-04-12,161090.0,1399/01/24
2020-04-13,160280.0,1399/01/25
2020-04-14,159610.0,1399/01/26
2020-04-15,159690.0,1399/01/27
2020-04-16,155000.0,1399/01/28
2020-04-18,154390.0,1399/01/30
2020-04-19,154420.0,1399/01/31
2020-04-20,160890.0,1399/02/01
2020-04-21,163080.0,1399/02/02
2020-04-22,162690.0,1399/02/03
2020-04-23,155030.0,1399/02/04
2020-04-25,161520.0,1399/02/06
2020-04-26,161510.0,1399/02/07
2020-04-27,160790.0,1399/02/08
2020-04-28,162410.0,1399/02/09
2020-04-29,161420.0,1399/02/10
2020-04-30,156000.0,1399/02/11
2020-05-02,160790.0,1399/02/13
2020-05-03,161390.0,1399/02/14
2020-05-04,161420.0,1399/02/15
2020-05-05,161380.0,1399/02/16
2020-05-06,162890.0,1399/02/17
2020-05-07,157000.0,1399/02/18
2020-05-09,164920.0,1399/02/20
2020-05-10,168420.0,1399/02/21
2020-05-11,170210.0,1399/02/22
2020-05-12,171080.0,1399/02/23
2020-05-13,168610.0,1399/02/24
2020-05-14,168540.0,1399/02/25
2020-05-16,169110.0,1399/02/27
2020-05-17,175780.0,1399/02/28
2020-05-18,176910.0,1399/02/29
2020-05-19,178910.0,1399/02/30
2020-05-20,177010.0,1399/02/31
2020-05-21,173050.0,1399/03/01
2020-05-23,175480.0,1399/03/03
2020-05-26,173780.0,1399/03/06
2020-05-27,175710.0,1399/03/07
2020-05-28,170610.0,1399/03/08
2020-05-30,176010.0,1399/03/10
2020-05-31,177020.0,1399/03/11
2020-06-01,177120.0,1399/03/12
2020-06-02,177880.0,1399/03/13
2020-06-06,176810.0,1399/03/17
2020-06-07,176110.0,1399/03/18
2020-06-08,177910.0,1399/03/19
2020-06-09,179880.0,1399/03/20
2020-06-10,179800.0,1399/03/21
2020-06-11,177500.0,1399/03/22
2020-06-13,179480.0,1399/03/24
2020-06-14,182910.0,1399/03/25
2020-06-15,185710.0,1399/03/26
2020-06-16,185670.0,1399/03/27
2020-06-18,183500.0,1399/03/29
2020-06-20,194800.0,1399/03/31
2020-06-21,197800.0,1399/04/01
2020-06-22,201000.0,1399/04/02
2020-06-23,194580.0,1399/04/03
2020-06-24,191480.0,1399/04/04
2020-06-25,188430.0,1399/04/05
2020-06-27,202170.0,1399/04/07
2020-06-28,202200.0,1399/04/08
2020-06-29,205300.0,1399/04/09
2020-06-30,205770.0,1399/04/10
2020-07-01,208400.0,1399/04/11
2020-07-04,223010.0,1399/04/14
2020-07-05,217810.0,1399/04/15
2020-07-06,220980.0,1399/04/16
2020-07-07,224700.0,1399/04/17
2020-07-08,225680.0,1399/04/18
2020-07-11,227010.0,1399/04/21
2020-07-12,234280.0,1399/04/22
2020-07-13,236300.0,1399/04/23
2020-07-14,238970.0,1399/04/24
2020-07-15,241370.0,1399/04/25
2020-07-16,231020.0,1399/04/26
2020-07-18,245480.0,1399/04/28
2020-07-19,229000.0,1399/04/29
2020-07-20,219010.0,1399/04/30
2020-07-21,218000.0,1399/04/31
2020-07-22,218380.0,1399/05/01
2020-07-23,202910.0,1399/05/02
2020-07-25,230970.0,1399/05/04
2020-07-26,233500.0,1399/05/05
2020-07-27,234500.0,1399/05/06
2020-07-28,234310.0,1399/05/07
2020-07-29,235470.0,1399/05/08
2020-07-30,208020.0,1399/05/09
2020-08-01,232200.0,1399/05/11
2020-08-02,232710.0,1399/05/12
2020-08-03,232810.0,1399/05/13
2020-08-04,234910.0,1399/05/14
2020-08-05,236600.0,1399/05/15
2020-08-06,230020.0,1399/05/16
2020-08-09,220510.0,1399/05/19
2020-08-10,222170.0,1399/05/20
2020-08-11,222470.0,1399/05/21
2020-08-12,224470.0,1399/05/22
2020-08-13,220500.0,1399/05/23
2020-08-15,224510.0,1399/05/25
2020-08-16,231970.0,1399/05/26
2020-08-17,227370.0,1399/05/27
2020-08-18,227000.0,1399/05/28
2020-08-19,230980.0,1399/05/29
2020-08-20,225020.0,1399/05/30
2020-08-22,229370.0,1399/06/01
2020-08-23,231180.0,1399/06/02
2020-08-24,234610.0,1399/06/03
2020-08-25,235300.0,1399/06/04
2020-08-26,234200.0,1399/06/05
2020-08-27,231020.0,1399/06/06
2020-08-31,243600.0,1399/06/10
2020-09-01,244270.0,1399/06/11
2020-09-02,243100.0,1399/06/12
2020-09-03,224520.0,1399/06/13
2020-09-05,246680.0,1399/06/15
2020-09-06,246680.0,1399/06/16
2020-09-07,251210.0,1399/06/17
2020-09-08,254690.0,1399/06/18
2020-09-09,253710.0,1399/06/19
2020-09-10,228000.0,1399/06/20
2020-09-12,268420.0,1399/06/22
2020-09-13,264520.0,1399/06/23
2020-09-14,268920.0,1399/06/24
2020-09-15,269020.0,1399/06/25
2020-09-16,268850.0,1399/06/26
2020-09-17,267970.0,1399/06/27
2020-09-19,272480.0,1399/06/29
2020-09-20,271860.0,1399/06/30
2020-09-21,274970.0,1399/06/31
2020-09-22,280930.0,1399/07/01
2020-09-23,287440.0,1399/07/02
2020-09-24,277970.0,1399/07/03
2020-09-26,291240.0,1399/07/05
2020-09-27,295300.0,1399/07/06
2020-09-28,294240.0,1399/07/07
2020-09-29,297730.0,1399/07/08
2020-09-30,299730.0,1399/07/09
2020-10-01,289040.0,1399/07/10
2020-10-03,285030.0,1399/07/12
2020-10-04,294210.0,1399/07/13
2020-10-05,295960.0,1399/07/14
2020-10-06,296740.0,1399/07/15
2020-10-07,292020.0,1399/07/16
2020-10-10,308810.0,1399/07/19
2020-10-11,314460.0,1399/07/20
2020-10-12,318020.0,1399/07/21
2020-10-13,317330.0,1399/07/22
2020-10-14,318526.0,1399/07/23
2020-10-18,303540.0,1399/07/27
2020-10-19,266980.0,1399/07/28
2020-10-20,294020.0,1399/07/29
2020-10-21,296440.0,1399/07/30
2020-10-22,293750.0,1399/08/01
2020-10-24,290000.0,1399/08/03
2020-10-26,286980.0,1399/08/05
2020-10-27,285440.0,1399/08/06
2020-10-28,280960.0,1399/08/07
2020-10-29,277500.0,1399/08/08
2020-10-31,276960.0,1399/08/10
2020-11-01,289940.0,1399/08/11
2020-11-02,282420.0,1399/08/12
2020-11-04,259431.0,1399/08/14
2020-11-07,251960.0,1399/08/17
2020-11-08,267260.0,1399/08/18
2020-11-09,275990.0,1399/08/19
2020-11-10,272970.0,1399/08/20
2020-11-11,273010.0,1399/08/21
2020-11-12,268520.0,1399/08/22
2020-11-14,285550.0,1399/08/24
2020-11-15,260050.0,1399/08/25
2020-11-16,262770.0,1399/08/26
2020-11-17,260480.0,1399/08/27
2020-11-18,259510.0,1399/08/28
2020-11-19,256200.0,1399/08/29
2020-11-21,258050.0,1399/09/01
2020-11-22,259020.0,1399/09/02
2020-11-23,253030.0,1399/09/03
2020-11-24,249470.0,1399/09/04
2020-11-25,246960.0,1399/09/05
2020-11-26,247570.0,1399/09/06
2020-11-28,251490.0,1399/09/08
2020-11-29,254540.0,1399/09/09
2020-11-30,262480.0,1399/09/10
2020-12-01,258460.0,1399/09/11
2020-12-02,257861.0,1399/09/12
2020-12-05,258640.0,1399/09/15
2020-12-06,258210.0,1399/09/16
2020-12-07,259260.0,1399/09/17
2020-12-08,262680.0,1399/09/18
2020-12-09,261150.0,1399/09/19
2020-12-10,260650.0,1399/09/20
2020-12-12,258760.0,1399/09/22
2020-12-13,258540.0,1399/09/23
2020-12-14,259960.0,1399/09/24
2020-12-15,257760.0,1399/09/25
2020-12-16,260210.0,1399/09/26
2020-12-17,258020.0,1399/09/27
2020-12-19,255440.0,1399/09/29
2020-12-20,256040.0,1399/09/30
2020-12-21,256820.0,1399/10/01
2020-12-22,259280.0,1399/10/02
2020-12-23,259120.0,1399/10/03
2020-12-24,258620.0,1399/10/04
2020-12-26,257740.0,1399/10/06
2020-12-27,257440.0,1399/10/07
2020-12-28,257150.0,1399/10/08
2020-12-29,257350.0,1399/10/09
2020-12-30,256294.0,1399/10/10
2021-01-02,257140.0,1399/10/13
2021-01-03,258980.0,1399/10/14
2021-01-04,260980.0,1399/10/15
2021-01-05,258530.0,1399/10/16
2021-01-06,254850.0,1399/10/17
2021-01-07,255510.0,1399/10/18
2021-01-09,248770.0,1399/10/20
2021-01-10,248740.0,1399/10/21
2021-01-11,249180.0,1399/10/22
2021-01-12,244430.0,1399/10/23
2021-01-13,238540.0,1399/10/24
2021-01-14,239530.0,1399/10/25
2021-01-16,229470.0,1399/10/27
2021-01-18,219830.0,1399/10/29
2021-01-19,226450.0,1399/10/30
2021-01-20,227870.0,1399/11/01
2021-01-21,226550.0,1399/11/02
2021-01-23,234620.0,1399/11/04
2021-01-24,233540.0,1399/11/05
2021-01-25,234310.0,1399/11/06
2021-01-26,238030.0,1399/11/07
2021-01-27,239650.0,1399/11/08
2021-01-28,232110.0,1399/11/09
2021-01-30,244440.0,1399/11/11
2021-01-31,240850.0,1399/11/12
2021-02-01,243480.0,1399/11/13
2021-02-02,239490.0,1399/11/14
2021-02-03,239070.0,1399/11/15
2021-02-04,237470.0,1399/11/16
2021-02-06,243850.0,1399/11/18
2021-02-07,249780.0,1399/11/19
2021-02-08,251480.0,1399/11/20
2021-02-09,241030.0,1399/11/21
2021-02-11,246960.0,1399/11/23
2021-02-13,257450.0,1399/11/25
2021-02-14,254980.0,1399/11/26
2021-02-15,261450.0,1399/11/27
2021-02-16,258030.0,1399/11/28
2021-02-17,259450.0,1399/11/29
2021-02-18,251710.0,1399/11/30
2021-02-20,247040.0,1399/12/02
2021-02-21,245040.0,1399/12/03
2021-02-22,251390.0,1399/12/04
2021-02-23,254010.0,1399/12/05
2021-02-24,248210.0,1399/12/06
2021-02-27,253450.0,1399/12/09
2021-02-28,254250.0,1399/12/10
2021-03-01,252670.0,1399/12/11
2021-03-02,253090.0,1399/12/12
2021-03-03,249760.0,1399/12/13
2021-03-04,246610.0,1399/12/14
2021-03-06,247760.0,1399/12/16
2021-03-07,247060.0,1399/12/17
2021-03-08,246480.0,1399/12/18
2021-03-09,245830.0,1399/12/19
2021-03-10,242420.0,1399/12/20
2021-03-13,246540.0,1399/12/23
2021-03-14,247240.0,1399/12/24
2021-03-15,248510.0,1399/12/25
2021-03-16,248990.0,1399/12/26
2021-03-17,251340.0,1399/12/27
2021-03-18,239630.0,1399/12/28
2021-03-24,251487.0,1400/01/04
2021-03-27,256240.0,1400/01/07
2021-03-28,252330.0,1400/01/08
2021-03-30,257960.0,1400/01/10
2021-03-31,257520.0,1400/01/11
2021-04-03,249460.0,1400/01/14
2021-04-04,249240.0,1400/01/15
2021-04-05,252450.0,1400/01/16
2021-04-06,250610.0,1400/01/17
2021-04-07,247990.0,1400/01/18
2021-04-08,244660.0,1400/01/19
2021-04-10,247490.0,1400/01/21
2021-04-11,249950.0,1400/01/22
2021-04-12,250320.0,1400/01/23
2021-04-13,248970.0,1400/01/24
2021-04-14,250150.0,1400/01/25
2021-04-15,239870.0,1400/01/26
2021-04-17,246180.0,1400/01/28
2021-04-18,240540.0,1400/01/29
2021-04-19,241810.0,1400/01/30
2021-04-20,241840.0,1400/01/31
2021-04-21,238640.0,1400/02/01
2021-04-22,233300.0,1400/02/02
2021-04-24,237320.0,1400/02/04
2021-04-25,236920.0,1400/02/05
2021-04-26,236670.0,1400/02/06
2021-04-27,237210.0,1400/02/07
2021-04-28,235220.0,1400/02/08
2021-04-29,232310.0,1400/02/09
2021-05-01,221710.0,1400/02/11
2021-05-02,220360.0,1400/02/12
2021-05-03,220210.0,1400/02/13
2021-05-05,216990.0,1400/02/15
2021-05-06,206480.0,1400/02/16
2021-05-08,216460.0,1400/02/18
2021-05-09,221816.0,1400/02/19
2021-05-11,221850.0,1400/02/21
2021-05-12,225850.0,1400/02/22
2021-05-15,220500.0,1400/02/25
2021-05-16,228860.0,1400/02/26
2021-05-17,231150.0,1400/02/27
2021-05-18,228240.0,1400/02/28
2021-05-19,230020.0,1400/02/29
2021-05-20,223000.0,1400/02/30
2021-05-22,230650.0,1400/03/01
2021-05-23,232790.0,1400/03/02
2021-05-24,231240.0,1400/03/03
2021-05-25,232150.0,1400/03/04
2021-05-26,232390.0,1400/03/05
2021-05-27,226470.0,1400/03/06
2021-05-29,234660.0,1400/03/08
2021-05-30,238570.0,1400/03/09
2021-05-31,234060.0,1400/03/10
2021-06-01,234160.0,1400/03/11
2021-06-02,237430.0,1400/03/12
2021-06-03,234330.0,1400/03/13
2021-06-07,239410.0,1400/03/17
2021-06-08,241410.0,1400/03/18
2021-06-09,239170.0,1400/03/19
2021-06-10,239230.0,1400/03/20
2021-06-12,240990.0,1400/03/22
2021-06-13,239740.0,1400/03/23
2021-06-14,240450.0,1400/03/24
2021-06-15,241810.0,1400/03/25
2021-06-16,244320.0,1400/03/26
2021-06-17,244290.0,1400/03/27
2021-06-19,239490.0,1400/03/29
2021-06-20,241070.0,1400/03/30
2021-06-21,242590.0,1400/03/31
2021-06-22,241790.0,1400/04/01
2021-06-23,241890.0,1400/04/02
2021-06-24,241890.0,1400/04/03
2021-06-26,246740.0,1400/04/05
2021-06-27,247080.0,1400/04/06
2021-06-28,249660.0,1400/04/07
2021-06-29,253990.0,1400/04/08
2021-06-30,251530.0,1400/04/09
2021-07-01,251510.0,1400/04/10
2021-07-03,251500.0,1400/04/12
2021-07-04,249590.0,1400/04/13
2021-07-05,250990.0,1400/04/14
2021-07-06,250870.0,1400/04/15
2021-07-07,249652.0,1400/04/16
2021-07-10,249990.0,1400/04/19
2021-07-11,249800.0,1400/04/20
2021-07-12,247490.0,1400/04/21
2021-07-13,246110.0,1400/04/22
2021-07-14,246990.0,1400/04/23
2021-07-15,246990.0,1400/04/24
2021-07-17,245440.0,1400/04/26
2021-07-18,244670.0,1400/04/27
2021-07-19,245300.0,1400/04/28
2021-07-20,245190.0,1400/04/29
2021-07-22,246280.0,1400/04/31
2021-07-24,247790.0,1400/05/02
2021-07-25,250560.0,1400/05/03
2021-07-26,251720.0,1400/05/04
2021-07-27,256140.0,1400/05/05
2021-07-28,255990.0,1400/05/06
2021-07-31,254890.0,1400/05/09
2021-08-01,255190.0,1400/05/10
2021-08-02,257330.0,1400/05/11
2021-08-03,256240.0,1400/05/12
2021-08-04,256280.0,1400/05/13
2021-08-07,256790.0,1400/05/16
2021-08-08,259170.0,1400/05/17
2021-08-09,263190.0,1400/05/18
2021-08-10,266160.0,1400/05/19
2021-08-11,264320.0,1400/05/20
2021-08-12,264290.0,1400/05/21
2021-08-14,269070.0,1400/05/23
2021-08-15,269130.0,1400/05/24
2021-08-16,269090.0,1400/05/25
2021-08-17,268990.0,1400/05/26
2021-08-21,274580.0,1400/05/30
2021-08-22,276660.0,1400/05/31
2021-08-23,276490.0,1400/06/01
2021-08-24,278490.0,1400/06/02
2021-08-25,278990.0,1400/06/03
2021-08-26,278990.0,1400/06/04
2021-08-28,275990.0,1400/06/06
2021-08-29,270690.0,1400/06/07
2021-08-30,274280.0,1400/06/08
2021-08-31,270350.0,1400/06/09
2021-09-01,272790.0,1400/06/10
2021-09-02,272910.0,1400/06/11
2021-09-04,270670.0,1400/06/13
2021-09-05,271120.0,1400/06/14
2021-09-06,273810.0,1400/06/15
2021-09-07,276810.0,1400/06/16
2021-09-08,278410.0,1400/06/17
2021-09-09,278270.0,1400/06/18
2021-09-11,272390.0,1400/06/20
2021-09-12,273130.0,1400/06/21
2021-09-13,276410.0,1400/06/22
2021-09-14,273170.0,1400/06/23
2021-09-15,274510.0,1400/06/24
2021-09-16,274460.0,1400/06/25
2021-09-18,274710.0,1400/06/27
2021-09-19,274430.0,1400/06/28
2021-09-20,274070.0,1400/06/29
2021-09-21,274030.0,1400/06/30
2021-09-22,275210.0,1400/06/31
2021-09-23,276810.0,1400/07/01
2021-09-25,275590.0,1400/07/03
2021-09-26,276810.0,1400/07/04
2021-09-28,280560.0,1400/07/06
2021-09-29,282430.0,1400/07/07
2021-09-30,284710.0,1400/07/08
2021-10-02,280460.0,1400/07/10
2021-10-03,281380.0,1400/07/11
2021-10-04,281360.0,1400/07/12
2021-10-06,279320.0,1400/07/14
2021-10-09,275136.0,1400/07/17
2021-10-11,273360.0,1400/07/19
2021-10-12,271670.0,1400/07/20
2021-10-13,270700.0,1400/07/21
2021-10-14,270870.0,1400/07/22
2021-10-16,271810.0,1400/07/24
2021-10-17,272530.0,1400/07/25
2021-10-18,274750.0,1400/07/26
2021-10-19,273060.0,1400/07/27
2021-10-20,274210.0,1400/07/28
2021-10-21,274150.0,1400/07/29
2021-10-23,276030.0,1400/08/01
2021-10-25,275610.0,1400/08/03
2021-10-26,276870.0,1400/08/04
2021-10-27,276670.0,1400/08/05
2021-10-28,276570.0,1400/08/06
2021-10-30,275760.0,1400/08/08
2021-10-31,275040.0,1400/08/09
2021-11-01,276030.0,1400/08/10
2021-11-02,278980.0,1400/08/11
2021-11-03,276570.0,1400/08/12
2021-11-04,276510.0,1400/08/13
2021-11-06,279880.0,1400/08/15
2021-11-07,280250.0,1400/08/16
2021-11-08,281060.0,1400/08/17
2021-11-09,283760.0,1400/08/18
2021-11-10,284240.0,1400/08/19
2021-11-11,284240.0,1400/08/20
2021-11-13,285240.0,1400/08/22
2021-11-14,280400.0,1400/08/23
2021-11-15,281480.0,1400/08/24
2021-11-16,283540.0,1400/08/25
2021-11-17,281400.0,1400/08/26
2021-11-18,278980.0,1400/08/27
2021-11-20,282890.0,1400/08/29
2021-11-21,284400.0,1400/08/30
2021-11-22,286440.0,1400/09/01
2021-11-23,291660.0,1400/09/02
2021-11-24,289770.0,1400/09/03
2021-11-25,288080.0,1400/09/04
2021-11-27,294720.0,1400/09/06
2021-11-28,294350.0,1400/09/07
2021-11-29,290540.0,1400/09/08
2021-11-30,291900.0,1400/09/09
2021-12-01,293390.0,1400/09/10
2021-12-02,273240.0,1400/09/11
2021-12-04,303380.0,1400/09/13
2021-12-05,309710.0,1400/09/14
2021-12-06,306930.0,1400/09/15
2021-12-07,307010.0,1400/09/16
2021-12-08,307060.0,1400/09/17
2021-12-09,277040.0,1400/09/18
2021-12-11,301600.0,1400/09/20
2021-12-12,297720.0,1400/09/21
2021-12-13,302220.0,1400/09/22
2021-12-14,301340.0,1400/09/23
2021-12-15,299500.0,1400/09/24
2021-12-16,274170.0,1400/09/25
2021-12-18,299100.0,1400/09/27
2021-12-19,300710.0,1400/09/28
2021-12-20,301780.0,1400/09/29
2021-12-21,300770.0,1400/09/30
2021-12-22,300131.0,1400/10/01
2021-12-25,299370.0,1400/10/04
2021-12-26,298570.0,1400/10/05
2021-12-27,295210.0,1400/10/06
2021-12-28,296590.0,1400/10/07
2021-12-29,298180.0,1400/10/08
2021-12-30,273880.0,1400/10/09
2022-01-01,295480.0,1400/10/11
2022-01-02,292650.0,1400/10/12
2022-01-03,290320.0,1400/10/13
2022-01-04,283735.0,1400/10/14
2022-01-08,273750.0,1400/10/18
2022-01-09,278820.0,1400/10/19
2022-01-10,280380.0,1400/10/20
2022-01-11,277090.0,1400/10/21
2022-01-12,279600.0,1400/10/22
2022-01-13,266620.0,1400/10/23
2022-01-15,275080.0,1400/10/25
2022-01-16,273030.0,1400/10/26
2022-01-17,273430.0,1400/10/27
2022-01-18,274740.0,1400/10/28
2022-01-19,275140.0,1400/10/29
2022-01-20,275250.0,1400/10/30
2022-01-22,277690.0,1400/11/02
2022-01-23,279650.0,1400/11/03
2022-01-24,277790.0,1400/11/04
2022-01-25,278580.0,1400/11/05
2022-01-26,277900.0,1400/11/06
2022-01-27,277710.0,1400/11/07
2022-01-29,278820.0,1400/11/09
2022-01-30,276910.0,1400/11/10
2022-01-31,274600.0,1400/11/11
2022-02-01,272540.0,1400/11/12
2022-02-02,272810.0,1400/11/13
2022-02-03,272650.0,1400/11/14
2022-02-05,267600.0,1400/11/16
2022-02-06,264600.0,1400/11/17
2022-02-07,260520.0,1400/11/18
2022-02-08,262240.0,1400/11/19
2022-02-09,262320.0,1400/11/20
2022-02-10,262270.0,1400/11/21
2022-02-12,268670.0,1400/11/23
2022-02-13,269153.0,1400/11/24
2022-02-16,262430.0,1400/11/27
2022-02-19,254170.0,1400/11/30
2022-02-20,257920.0,1400/12/01
2022-02-21,260570.0,1400/12/02
2022-02-22,259490.0,1400/12/03
2022-02-23,261550.0,1400/12/04
2022-02-24,261440.0,1400/12/05
2022-02-26,259850.0,1400/12/07
2022-02-27,259790.0,1400/12/08
2022-02-28,259650.0,1400/12/09
2022-03-02,256070.0,1400/12/11
2022-03-03,256150.0,1400/12/12
2022-03-05,254400.0,1400/12/14
2022-03-06,258110.0,1400/12/15
2022-03-07,260380.0,1400/12/16
2022-03-08,257590.0,1400/12/17
2022-03-09,256810.0,1400/12/18
2022-03-10,256960.0,1400/12/19
2022-03-12,264360.0,1400/12/21
2022-03-13,262760.0,1400/12/22
2022-03-14,263680.0,1400/12/23
2022-03-15,263770.0,1400/12/24
2022-03-16,262240.0,1400/12/25
2022-03-17,262300.0,1400/12/26
2022-03-18,262520.0,1400/12/27
2022-03-26,262740.0,1401/01/06
2022-03-27,266450.0,1401/01/07
2022-03-28,270430.0,1401/01/08
2022-03-29,270500.0,1401/01/09
2022-03-30,271260.0,1401/01/10
2022-03-31,271140.0,1401/01/11
2022-04-03,271950.0,1401/01/14
2022-04-04,277170.0,1401/01/15
2022-04-05,273940.0,1401/01/16
2022-04-06,276030.0,1401/01/17
2022-04-07,274830.0,1401/01/18
2022-04-09,279950.0,1401/01/20
2022-04-10,280580.0,1401/01/21
2022-04-11,281130.0,1401/01/22
2022-04-12,278170.0,1401/01/23
2022-04-13,277910.0,1401/01/24
2022-04-14,277910.0,1401/01/25
2022-04-16,279170.0,1401/01/27
2022-04-17,276690.0,1401/01/28
2022-04-18,275810.0,1401/01/29
2022-04-19,277460.0,1401/01/30
2022-04-20,278620.0,1401/01/31
2022-04-21,278640.0,1401/02/01
2022-04-24,278420.0,1401/02/04
2022-04-25,279220.0,1401/02/05
2022-04-26,280920.0,1401/02/06
2022-04-27,281530.0,1401/02/07
2022-04-28,279800.0,1401/02/08
2022-04-30,281580.0,1401/02/10
2022-05-01,282540.0,1401/02/11
2022-05-02,280210.0,1401/02/12
2022-05-05,280560.0,1401/02/15
2022-05-07,283650.0,1401/02/17
2022-05-08,285460.0,1401/02/18
2022-05-09,275432.0,1401/02/19
2022-05-11,255800.0,1401/02/21
2022-05-12,255900.0,1401/02/22
2022-05-14,305670.0,1401/02/24
2022-05-15,305340.0,1401/02/25
2022-05-16,302320.0,1401/02/26
2022-05-17,301120.0,1401/02/27
2022-05-18,299560.0,1401/02/28
2022-05-21,303230.0,1401/02/31
2022-05-22,302440.0,1401/03/01
2022-05-23,301870.0,1401/03/02
2022-05-24,301240.0,1401/03/03
2022-05-25,303677.0,1401/03/04
2022-05-28,305660.0,1401/03/07
2022-05-29,308360.0,1401/03/08
2022-05-30,310030.0,1401/03/09
2022-05-31,315180.0,1401/03/10
2022-06-01,312934.0,1401/03/11
2022-06-06,317910.0,1401/03/16
2022-06-07,317030.0,1401/03/17
2022-06-08,321300.0,1401/03/18
2022-06-11,329400.0,1401/03/21
2022-06-12,326640.0,1401/03/22
2022-06-13,321360.0,1401/03/23
2022-06-14,315680.0,1401/03/24
2022-06-15,317768.0,1401/03/25
2022-06-18,316800.0,1401/03/28
2022-06-19,317100.0,1401/03/29
2022-06-20,316850.0,1401/03/30
2022-06-21,319780.0,1401/03/31
2022-06-22,317277.0,1401/04/01
2022-06-25,313420.0,1401/04/04
2022-06-26,305120.0,1401/04/05
2022-06-27,307260.0,1401/04/06
2022-06-28,311750.0,1401/04/07
2022-06-29,321439.0,1401/04/08
2022-07-02,321890.0,1401/04/11
2022-07-03,318200.0,1401/04/12
2022-07-04,314150.0,1401/04/13
2022-07-05,315330.0,1401/04/14
2022-07-06,314038.0,1401/04/15
2022-07-08,315343.0,1401/04/17
2022-07-11,316080.0,1401/04/20
2022-07-12,316030.0,1401/04/21
2022-07-13,322036.0,1401/04/22
2022-07-16,318885.0,1401/04/25
2022-07-19,318000.0,1401/04/28
2022-07-20,318830.0,1401/04/29
2022-07-23,320470.0,1401/05/01
2022-07-24,318480.0,1401/05/02
2022-07-25,319630.0,1401/05/03
2022-07-26,320050.0,1401/05/04
2022-07-27,319239.0,1401/05/05
2022-07-30,317760.0,1401/05/08
2022-07-31,317030.0,1401/05/09
2022-08-01,316490.0,1401/05/10
2022-08-02,311750.0,1401/05/11
2022-08-03,315154.0,1401/05/12
2022-08-05,317772.0,1401/05/14
2022-08-09,311580.0,1401/05/18
2022-08-10,310026.0,1401/05/19
2022-08-13,303110.0,1401/05/22
2022-08-14,302030.0,1401/05/23
2022-08-15,302380.0,1401/05/24
2022-08-16,297730.0,1401/05/25
2022-08-17,289976.0,1401/05/26
2022-08-20,290510.0,1401/05/29
2022-08-21,293440.0,1401/05/30
2022-08-22,293350.0,1401/05/31
2022-08-23,290870.0,1401/06/01
2022-08-24,297751.0,1401/06/02
2022-08-27,295740.0,1401/06/05
2022-08-28,297120.0,1401/06/06
2022-08-29,298580.0,1401/06/07
2022-08-30,299530.0,1401/06/08
2022-08-31,299030.0,1401/06/09
2022-09-01,298470.0,1401/06/10
2022-09-03,302640.0,1401/06/12
2022-09-04,302260.0,1401/06/13
2022-09-05,302420.0,1401/06/14
2022-09-06,302150.0,1401/06/15
2022-09-07,302380.0,1401/06/16
2022-09-08,302410.0,1401/06/17
2022-09-10,309100.0,1401/06/19
2022-09-11,309760.0,1401/06/20
2022-09-12,317060.0,1401/06/21
2022-09-13,313750.0,1401/06/22
2022-09-14,315540.0,1401/06/23
2022-09-15,315560.0,1401/06/24
2022-09-18,316540.0,1401/06/27
2022-09-19,316740.0,1401/06/28
2022-09-20,317130.0,1401/06/29
2022-09-21,316730.0,1401/06/30
2022-09-22,316660.0,1401/06/31
2022-09-24,317010.0,1401/07/02
2022-09-26,316810.0,1401/07/04
2022-09-28,318440.0,1401/07/06
2022-09-29,318480.0,1401/07/07
2022-10-01,331520.0,1401/07/09
2022-10-02,332420.0,1401/07/10
2022-10-03,330950.0,1401/07/11
2022-10-04,331020.0,1401/07/12
2022-10-05,326316.0,1401/07/13
2022-10-08,323070.0,1401/07/16
2022-10-09,324910.0,1401/07/17
2022-10-10,327410.0,1401/07/18
2022-10-11,326480.0,1401/07/19
2022-10-12,329540.0,1401/07/20
2022-10-13,329460.0,1401/07/21
2022-10-15,331210.0,1401/07/23
2022-10-16,328570.0,1401/07/24
2022-10-17,328450.0,1401/07/25
2022-10-18,327940.0,1401/07/26
2022-10-19,326510.0,1401/07/27
2022-10-20,326550.0,1401/07/28
2022-10-22,328120.0,1401/07/30
2022-10-23,327630.0,1401/08/01
2022-10-24,328700.0,1401/08/02
2022-10-25,328880.0,1401/08/03
2022-10-26,330570.0,1401/08/04
2022-10-27,330520.0,1401/08/05
2022-10-29,329740.0,1401/08/07
2022-10-30,332450.0,1401/08/08
2022-10-31,334720.0,1401/08/09
2022-11-01,346060.0,1401/08/10
2022-11-02,350163.0,1401/08/11
2022-11-05,362640.0,1401/08/14
2022-11-06,361970.0,1401/08/15
2022-11-07,361830.0,1401/08/16
2022-11-08,354010.0,1401/08/17
2022-11-09,350590.0,1401/08/18
2022-11-10,350590.0,1401/08/19
2022-11-12,354420.0,1401/08/21
2022-11-13,358010.0,1401/08/22
2022-11-14,355950.0,1401/08/23
2022-11-15,354669.0,1401/08/24
2022-11-16,349704.0,1401/08/25
2022-11-17,347510.0,1401/08/26
2022-11-19,353091.0,1401/08/28
2022-11-20,357042.0,1401/08/29
2022-11-21,356580.0,1401/08/30
2022-11-22,355126.0,1401/09/01
2022-11-23,354593.0,1401/09/02
2022-11-24,349900.0,1401/09/03
2022-11-26,360114.0,1401/09/05
2022-11-27,360350.0,1401/09/06
2022-11-28,355050.0,1401/09/07
2022-11-29,357000.0,1401/09/08
2022-11-30,358880.0,1401/09/09
2022-12-01,357950.0,1401/09/10
2022-12-03,363110.0,1401/09/12
2022-12-04,363150.0,1401/09/13
2022-12-05,361870.0,1401/09/14
2022-12-06,362890.0,1401/09/15
2022-12-07,370189.0,1401/09/16
2022-12-10,372820.0,1401/09/19
2022-12-11,379560.0,1401/09/20
2022-12-12,385170.0,1401/09/21
2022-12-13,383390.0,1401/09/22
2022-12-14,378280.0,1401/09/23
2022-12-15,378280.0,1401/09/24
2022-12-17,393270.0,1401/09/26
2022-12-18,396790.0,1401/09/27
2022-12-19,391460.0,1401/09/28
2022-12-20,396330.0,1401/09/29
2022-12-21,397610.0,1401/09/30
2022-12-22,390500.0,1401/10/01
2022-12-24,410030.0,1401/10/03
2022-12-25,414940.0,1401/10/04
2022-12-26,397210.0,1401/10/05
2022-12-28,434360.0,1401/10/07
2022-12-29,416150.0,1401/10/08
2022-12-31,411740.0,1401/10/10
2023-01-01,409530.0,1401/10/11
2023-01-02,397380.0,1401/10/12
2023-01-03,397550.0,1401/10/13
2023-01-04,400620.0,1401/10/14
2023-01-05,394830.0,1401/10/15
2023-01-07,410890.0,1401/10/17
2023-01-08,407650.0,1401/10/18
2023-01-10,408300.0,1401/10/20
2023-01-11,409413.0,1401/10/21
2023-01-14,409770.0,1401/10/24
2023-01-15,411170.0,1401/10/25
2023-01-16,418810.0,1401/10/26
2023-01-17,431800.0,1401/10/27
2023-01-18,439761.0,1401/10/28
2023-01-21,449400.0,1401/11/01
2023-01-22,448320.0,1401/11/02
2023-01-23,435850.0,1401/11/03
2023-01-24,437620.0,1401/11/04
2023-01-25,438080.0,1401/11/05
2023-01-28,448210.0,1401/11/08
2023-01-29,446050.0,1401/11/09
2023-01-30,447300.0,1401/11/10
2023-01-31,447040.0,1401/11/11
2023-02-01,449250.0,1401/11/12
2023-02-05,449400.0,1401/11/16
2023-02-06,442370.0,1401/11/17
2023-02-07,445610.0,1401/11/18
2023-02-08,450651.0,1401/11/19
2023-02-12,456050.0,1401/11/23
2023-02-13,459070.0,1401/11/24
2023-02-14,457108.0,1401/11/25
2023-02-16,451120.0,1401/11/27
2023-02-19,499020.0,1401/11/30
2023-02-20,498910.0,1401/12/01
2023-02-21,511050.0,1401/12/02
2023-02-22,525831.0,1401/12/03
2023-02-25,584930.0,1401/12/06
2023-02-26,584380.0,1401/12/07
2023-02-27,559340.0,1401/12/08
2023-02-28,556510.0,1401/12/09
2023-03-01,556478.0,1401/12/10
2023-03-04,509000.0,1401/12/13
2023-03-05,511040.0,1401/12/14
2023-03-06,503480.0,1401/12/15
2023-03-07,509070.0,1401/12/16
2023-03-08,492988.0,1401/12/17
2023-03-11,445050.0,1401/12/20
2023-03-12,452840.0,1401/12/21
2023-03-13,470800.0,1401/12/22
2023-03-14,469470.0,1401/12/23
2023-03-15,467919.0,1401/12/24
2023-03-18,481014.0,1401/12/27
2023-03-25,507910.0,1402/01/05
2023-03-26,510920.0,1402/01/06
2023-03-27,511900.0,1402/01/07
2023-03-28,511750.0,1402/01/08
2023-03-29,546655.0,1402/01/09
2023-04-03,511080.0,1402/01/14
2023-04-04,511080.0,1402/01/15
2023-04-05,507990.0,1402/01/16
2023-04-06,510483.0,1402/01/17
2023-04-08,503080.0,1402/01/19
2023-04-09,504600.0,1402/01/20
2023-04-10,508880.0,1402/01/21
2023-04-11,510540.0,1402/01/22
2023-04-12,510019.0,1402/01/23
2023-04-15,512590.0,1402/01/26
2023-04-16,514550.0,1402/01/27
2023-04-17,517570.0,1402/01/28
2023-04-18,517080.0,1402/01/29
2023-04-19,516069.0,1402/01/30
2023-04-23,517759.0,1402/02/03
2023-04-25,517810.0,1402/02/05
2023-04-26,535050.0,1402/02/06
2023-04-27,532830.0,1402/02/07
2023-04-29,549090.0,1402/02/09
2023-04-30,557350.0,1402/02/10
2023-05-01,546450.0,1402/02/11
2023-05-02,540200.0,1402/02/12
2023-05-03,541800.0,1402/02/13
2023-05-04,536840.0,1402/02/14
2023-05-06,527520.0,1402/02/16
2023-05-07,535870.0,1402/02/17
2023-05-08,531720.0,1402/02/18
2023-05-09,529510.0,1402/02/19
2023-05-10,530410.0,1402/02/20
2023-05-11,530360.0,1402/02/21
2023-05-13,513810.0,1402/02/23
2023-05-14,521060.0,1402/02/24
2023-05-15,515020.0,1402/02/25
2023-05-17,512090.0,1402/02/27
2023-05-18,510980.0,1402/02/28
2023-05-20,518530.0,1402/02/30
2023-05-21,523310.0,1402/02/31
2023-05-22,522510.0,1402/03/01
2023-05-23,515040.0,1402/03/02
2023-05-24,516190.0,1402/03/03
2023-05-25,514320.0,1402/03/04
2023-05-27,515170.0,1402/03/06
2023-05-28,518350.0,1402/03/07
2023-05-29,513420.0,1402/03/08
2023-05-30,509580.0,1402/03/09
2023-05-31,513330.0,1402/03/10
2023-06-01,510890.0,1402/03/11
2023-06-03,509250.0,1402/03/13
2023-06-06,496350.0,1402/03/16
2023-06-07,492900.0,1402/03/17
2023-06-08,490840.0,1402/03/18
2023-06-10,470090.0,1402/03/20
2023-06-11,481970.0,1402/03/21
2023-06-12,499100.0,1402/03/22
2023-06-13,488580.0,1402/03/23
2023-06-14,488020.0,1402/03/24
2023-06-15,488100.0,1402/03/25
2023-06-17,492280.0,1402/03/27
2023-06-18,486810.0,1402/03/28
2023-06-19,489740.0,1402/03/29
2023-06-20,485880.0,1402/03/30
2023-06-21,497310.0,1402/03/31
2023-06-22,497130.0,1402/04/01
2023-06-24,499510.0,1402/04/03
2023-06-25,497970.0,1402/04/04
2023-06-26,492920.0,1402/04/05
2023-06-27,492350.0,1402/04/06
2023-06-28,492800.0,1402/04/07
2023-07-01,499930.0,1402/04/10
2023-07-02,502990.0,1402/04/11
2023-07-03,502840.0,1402/04/12
2023-07-04,503100.0,1402/04/13
2023-07-05,503130.0,1402/04/14
2023-07-06,503130.0,1402/04/15
2023-07-08,499630.0,1402/04/17
2023-07-09,498290.0,1402/04/18
2023-07-10,491460.0,1402/04/19
2023-07-11,492430.0,1402/04/20
2023-07-12,492610.0,1402/04/21
2023-07-13,492610.0,1402/04/22
2023-07-15,483700.0,1402/04/24
2023-07-16,488180.0,1402/04/25
2023-07-17,488170.0,1402/04/26
2023-07-18,484700.0,1402/04/27
2023-07-19,486370.0,1402/04/28
2023-07-20,486370.0,1402/04/29
2023-07-22,483360.0,1402/04/31
2023-07-23,486140.0,1402/05/01
2023-07-24,488370.0,1402/05/02
2023-07-25,490250.0,1402/05/03
2023-07-26,488990.0,1402/05/04
2023-07-29,487970.0,1402/05/07
2023-07-30,493660.0,1402/05/08
2023-07-31,500700.0,1402/05/09
2023-08-01,500090.0,1402/05/10
2023-08-02,498670.0,1402/05/11
2023-08-05,496320.0,1402/05/14
2023-08-06,496440.0,1402/05/15
2023-08-07,493500.0,1402/05/16
2023-08-08,495420.0,1402/05/17
2023-08-09,496590.0,1402/05/18
2023-08-10,496730.0,1402/05/19
2023-08-12,491420.0,1402/05/21
2023-08-13,492960.0,1402/05/22
2023-08-14,492480.0,1402/05/23
2023-08-15,489440.0,1402/05/24
2023-08-16,488580.0,1402/05/25
2023-08-17,488580.0,1402/05/26
2023-08-19,487920.0,1402/05/28
2023-08-20,486950.0,1402/05/29
2023-08-21,492730.0,1402/05/30
2023-08-22,490230.0,1402/05/31
2023-08-23,491670.0,1402/06/01
2023-08-24,491670.0,1402/06/02
2023-08-26,491620.0,1402/06/04
2023-08-27,490130.0,1402/06/05
2023-08-28,490760.0,1402/06/06
2023-08-29,491010.0,1402/06/07
2023-08-30,490200.0,1402/06/08
2023-08-31,490200.0,1402/06/09
2023-09-02,496660.0,1402/06/11
2023-09-03,496400.0,1402/06/12
2023-09-04,496040.0,1402/06/13
2023-09-05,496040.0,1402/06/14
2023-09-07,495910.0,1402/06/16
2023-09-09,496650.0,1402/06/18
2023-09-10,495750.0,1402/06/19
2023-09-11,497000.0,1402/06/20
2023-09-12,499310.0,1402/06/21
2023-09-13,499310.0,1402/06/22
2023-09-17,495330.0,1402/06/26
2023-09-18,496450.0,1402/06/27
2023-09-19,491150.0,1402/06/28
2023-09-20,493930.0,1402/06/29
2023-09-21,493930.0,1402/06/30
2023-09-23,493580.0,1402/07/01
2023-09-25,495020.0,1402/07/03
2023-09-26,494480.0,1402/07/04
2023-09-27,497380.0,1402/07/05
2023-09-28,495380.0,1402/07/06
2023-09-30,495540.0,1402/07/08
2023-10-01,496500.0,1402/07/09
2023-10-02,496240.0,1402/07/10
2023-10-04,499010.0,1402/07/12
2023-10-05,498970.0,1402/07/13
2023-10-07,524400.0,1402/07/15
2023-10-08,527530.0,1402/07/16
2023-10-09,520570.0,1402/07/17
2023-10-10,517730.0,1402/07/18
2023-10-11,515530.0,1402/07/19
2023-10-12,511700.0,1402/07/20
2023-10-14,507520.0,1402/07/22
2023-10-15,502980.0,1402/07/23
2023-10-16,509920.0,1402/07/24
2023-10-17,513360.0,1402/07/25
2023-10-18,508805.0,1402/07/26
2023-10-21,506362.0,1402/07/29
2023-10-22,506160.0,1402/07/30
2023-10-23,507540.0,1402/08/01
2023-10-24,511860.0,1402/08/02
2023-10-25,516090.0,1402/08/03
2023-10-27,521490.0,1402/08/05
2023-10-28,513390.0,1402/08/06
2023-10-29,514600.0,1402/08/07
2023-10-30,516380.0,1402/08/08
2023-10-31,516860.0,1402/08/09
2023-11-01,521350.0,1402/08/10
2023-11-03,511400.0,1402/08/12
2023-11-04,512360.0,1402/08/13
2023-11-05,513520.0,1402/08/14
2023-11-06,512190.0,1402/08/15
2023-11-07,510520.0,1402/08/16
2023-11-08,513530.0,1402/08/17
2023-11-10,513250.0,1402/08/19
2023-11-11,513370.0,1402/08/20
2023-11-12,511800.0,1402/08/21
2023-11-13,511510.0,1402/08/22
2023-11-14,509070.0,1402/08/23
2023-11-15,509430.0,1402/08/24
2023-11-17,506400.0,1402/08/26
2023-11-18,503040.0,1402/08/27
2023-11-19,504010.0,1402/08/28
2023-11-20,501990.0,1402/08/29
2023-11-21,502190.0,1402/08/30
2023-11-22,503740.0,1402/09/01
2023-11-24,504280.0,1402/09/03
2023-11-25,502510.0,1402/09/04
2023-11-26,504240.0,1402/09/05
2023-11-27,506232.0,1402/09/06
2023-11-28,507010.0,1402/09/07
2023-11-29,506950.0,1402/09/08
2023-12-01,504830.0,1402/09/10
2023-12-02,505910.0,1402/09/11
2023-12-03,506510.0,1402/09/12
2023-12-04,505010.0,1402/09/13
2023-12-05,504240.0,1402/09/14
2023-12-06,505170.0,1402/09/15
2023-12-08,505310.0,1402/09/17
2023-12-09,505350.0,1402/09/18
2023-12-10,506170.0,1402/09/19
2023-12-11,504640.0,1402/09/20
2023-12-12,504460.0,1402/09/21
2023-12-13,504670.0,1402/09/22
2023-12-15,504670.0,1402/09/24
2023-12-17,502380.0,1402/09/26
2023-12-18,500560.0,1402/09/27
2023-12-19,500712.0,1402/09/28
2023-12-20,500760.0,1402/09/29
2023-12-22,503010.0,1402/10/01
2023-12-23,500690.0,1402/10/02
2023-12-24,500890.0,1402/10/03
2023-12-25,501040.0,1402/10/04
2023-12-26,503450.0,1402/10/05
2023-12-27,503190.0,1402/10/06
2023-12-29,506160.0,1402/10/08
2023-12-30,505630.0,1402/10/09
2023-12-31,505980.0,1402/10/10
2024-01-01,506430.0,1402/10/11
2024-01-02,508290.0,1402/10/12
2024-01-03,514170.0,1402/10/13
2024-01-05,509740.0,1402/10/15
2024-01-06,509760.0,1402/10/16
2024-01-07,509490.0,1402/10/17
2024-01-08,514840.0,1402/10/18
2024-01-09,519780.0,1402/10/19
2024-01-10,516020.0,1402/10/20
2024-01-12,524680.0,1402/10/22
2024-01-13,520860.0,1402/10/23
2024-01-14,524630.0,1402/10/24
2024-01-15,529040.0,1402/10/25
2024-01-16,536510.0,1402/10/26
2024-01-17,540290.0,1402/10/27
2024-01-19,542230.0,1402/10/29
2024-01-20,539080.0,1402/10/30
2024-01-21,540510.0,1402/11/01
2024-01-22,548920.0,1402/11/02
2024-01-23,556590.0,1402/11/03
2024-01-26,563000.0,1402/11/06
2024-01-27,558630.0,1402/11/07
2024-01-28,582990.0,1402/11/08
2024-01-29,582890.0,1402/11/09
2024-01-30,584030.0,1402/11/10
2024-01-31,576496.0,1402/11/11
2024-02-02,563780.0,1402/11/13
2024-02-03,551370.0,1402/11/14
2024-02-04,553880.0,1402/11/15
2024-02-05,557015.0,1402/11/16
2024-02-06,557380.0,1402/11/17
2024-02-09,549020.0,1402/11/20
2024-02-11,551950.0,1402/11/22
2024-02-12,554690.0,1402/11/23
2024-02-13,555800.0,1402/11/24
2024-02-14,560270.0,1402/11/25
2024-02-16,563020.0,1402/11/27
2024-02-18,570360.0,1402/11/29
2024-02-19,565060.0,1402/11/30
2024-02-20,570290.0,1402/12/01
2024-02-21,572710.0,1402/12/02
2024-02-23,572670.0,1402/12/04
2024-02-25,582491.0,1402/12/06
2024-02-26,586050.0,1402/12/07
2024-02-27,581090.0,1402/12/08
2024-02-28,584660.0,1402/12/09
2024-03-01,593130.0,1402/12/11
2024-03-02,593390.0,1402/12/12
2024-03-03,605020.0,1402/12/13
2024-03-04,609470.0,1402/12/14
2024-03-05,609890.0,1402/12/15
2024-03-06,605639.0,1402/12/16
2024-03-08,605340.0,1402/12/18
2024-03-09,592850.0,1402/12/19
2024-03-10,599410.0,1402/12/20
2024-03-11,597090.0,1402/12/21
2024-03-12,595340.0,1402/12/22
2024-03-13,593800.0,1402/12/23
2024-03-15,601080.0,1402/12/25
2024-03-16,600260.0,1402/12/26
2024-03-17,603510.0,1402/12/27
2024-03-23,618100.0,1403/01/04
2024-03-24,614030.0,1403/01/05
2024-03-25,608380.0,1403/01/06
2024-03-26,613950.0,1403/01/07
2024-03-27,616580.0,1403/01/08
2024-03-29,618334.0,1403/01/10
2024-04-01,632900.0,1403/01/13
2024-04-02,634740.0,1403/01/14
2024-04-03,641000.0,1403/01/15
2024-04-05,647000.0,1403/01/17
2024-04-06,640000.0,1403/01/18
2024-04-07,608700.0,1403/01/19
2024-04-08,637000.0,1403/01/20
2024-04-12,641000.0,1403/01/24
2024-04-13,618800.0,1403/01/25
2024-04-14,638400.0,1403/01/26
2024-04-15,619200.0,1403/01/27
2024-04-16,597900.0,1403/01/28
2024-04-17,600900.0,1403/01/29
2024-04-19,629000.0,1403/01/31
2024-04-20,627600.0,1403/02/01
2024-04-21,640100.0,1403/02/02
2024-04-22,618300.0,1403/02/03
2024-04-23,613700.0,1403/02/04
2024-04-24,644200.0,1403/02/05
2024-04-26,600600.0,1403/02/07
2024-04-27,620100.0,1403/02/08
2024-04-28,627500.0,1403/02/09
2024-04-29,644100.0,1403/02/10
2024-04-30,631000.0,1403/02/11
2024-05-01,597300.0,1403/02/12
2024-05-04,606100.0,1403/02/15
2024-05-05,602200.0,1403/02/16
2024-05-06,597200.0,1403/02/17
2024-05-07,599500.0,1403/02/18
2024-05-08,634600.0,1403/02/19
2024-05-10,633700.0,1403/02/21
2024-05-11,601600.0,1403/02/22
2024-05-12,629000.0,1403/02/23
2024-05-13,595000.0,1403/02/24
2024-05-14,597300.0,1403/02/25
2024-05-15,600600.0,1403/02/26
2024-05-17,607700.0,1403/02/28
2024-05-18,608600.0,1403/02/29
2024-05-19,605600.0,1403/02/30
2024-05-20,604700.0,1403/02/31
2024-05-21,601000.0,1403/03/01
2024-05-22,600700.0,1403/03/02
2024-05-24,614500.0,1403/03/04
2024-05-25,612200.0,1403/03/05
2024-05-26,614100.0,1403/03/06
2024-05-27,598200.0,1403/03/07
2024-05-28,616500.0,1403/03/08
2024-05-29,605400.0,1403/03/09
2024-05-31,599600.0,1403/03/11
2024-06-01,603100.0,1403/03/12
2024-06-04,599800.0,1403/03/15
2024-06-05,601900.0,1403/03/16
2024-06-07,603900.0,1403/03/18
2024-06-08,611600.0,1403/03/19
2024-06-09,608500.0,1403/03/20
2024-06-10,609900.0,1403/03/21
2024-06-11,608300.0,1403/03/22
2024-06-12,615900.0,1403/03/23
2024-06-14,596500.0,1403/03/25
2024-06-15,602600.0,1403/03/26
2024-06-17,604700.0,1403/03/28
2024-06-18,596100.0,1403/03/29
2024-06-19,614800.0,1403/03/30
2024-06-21,601200.0,1403/04/01
2024-06-22,602700.0,1403/04/02
2024-06-23,604500.0,1403/04/03
2024-06-25,601200.0,1403/04/05
2024-06-26,603200.0,1403/04/06
2024-06-28,610200.0,1403/04/08
2024-06-29,616910.0,1403/04/09
2024-06-30,613620.0,1403/04/10
2024-07-01,608140.0,1403/04/11
2024-07-02,603750.0,1403/04/12
2024-07-03,608760.0,1403/04/13
2024-07-05,598300.0,1403/04/15
2024-07-06,588510.0,1403/04/16
2024-07-07,588520.0,1403/04/17
2024-07-08,588790.0,1403/04/18
2024-07-09,585100.0,1403/04/19
2024-07-10,579650.0,1403/04/20
2024-07-12,579900.0,1403/04/22
2024-07-13,579170.0,1403/04/23
2024-07-16,573300.0,1403/04/26
2024-07-17,572200.0,1403/04/27
2024-07-19,575770.0,1403/04/29
2024-07-20,576110.0,1403/04/30
2024-07-21,575960.0,1403/04/31
2024-07-22,581760.0,1403/05/01
2024-07-23,584600.0,1403/05/02
2024-07-24,587610.0,1403/05/03
2024-07-26,586460.0,1403/05/05
2024-07-27,590840.0,1403/05/06
2024-07-28,589400.0,1403/05/07
2024-07-29,593500.0,1403/05/08
2024-07-30,600400.0,1403/05/09
2024-07-31,606000.0,1403/05/10
2024-08-02,615270.0,1403/05/12
2024-08-03,609000.0,1403/05/13
2024-08-04,614900.0,1403/05/14
2024-08-05,611400.0,1403/05/15
2024-08-06,614010.0,1403/05/16
2024-08-07,610000.0,1403/05/17
2024-08-09,597700.0,1403/05/19
2024-08-10,594100.0,1403/05/20
2024-08-11,600250.0,1403/05/21
2024-08-12,595700.0,1403/05/22
2024-08-13,588350.0,1403/05/23
2024-08-14,587650.0,1403/05/24
2024-08-16,577050.0,1403/05/26
2024-08-18,583100.0,1403/05/28
2024-08-19,579850.0,1403/05/29
2024-08-20,581600.0,1403/05/30
2024-08-21,584100.0,1403/05/31
2024-08-23,582650.0,1403/06/02
2024-08-25,593200.0,1403/06/04
2024-08-26,591250.0,1403/06/05
2024-08-27,590000.0,1403/06/06
2024-08-28,593950.0,1403/06/07
2024-08-30,594800.0,1403/06/09
2024-08-31,599000.0,1403/06/10
2024-09-02,598900.0,1403/06/12
2024-09-04,599000.0,1403/06/14
2024-09-06,597500.0,1403/06/16
2024-09-07,594500.0,1403/06/17
2024-09-08,596750.0,1403/06/18
2024-09-09,596150.0,1403/06/19
2024-09-10,597500.0,1403/06/20
2024-09-13,593900.0,1403/06/23
2024-09-14,590400.0,1403/06/24
2024-09-15,591000.0,1403/06/25
2024-09-16,595150.0,1403/06/26
2024-09-17,592350.0,1403/06/27
2024-09-18,592300.0,1403/06/28
2024-09-21,595500.0,1403/06/31
2024-09-22,597800.0,1403/07/01
2024-09-23,604850.0,1403/07/02
2024-09-24,597150.0,1403/07/03
2024-09-25,600300.0,1403/07/04
2024-09-27,607000.0,1403/07/06
2024-09-28,606100.0,1403/07/07
2024-09-29,603750.0,1403/07/08
2024-09-30,614950.0,1403/07/09
2024-10-01,622550.0,1403/07/10
2024-10-02,626900.0,1403/07/11
2024-10-04,623900.0,1403/07/13
2024-10-05,634550.0,1403/07/14
2024-10-06,628450.0,1403/07/15
2024-10-07,625450.0,1403/07/16
2024-10-08,629350.0,1403/07/17
2024-10-09,635500.0,1403/07/18
2024-10-11,624950.0,1403/07/20
2024-10-12,628450.0,1403/07/21
2024-10-13,631500.0,1403/07/22
2024-10-14,627650.0,1403/07/23
2024-10-15,633350.0,1403/07/24
2024-10-16,636600.0,1403/07/25
2024-10-18,639600.0,1403/07/27
2024-10-19,641950.0,1403/07/28
2024-10-20,648550.0,1403/07/29
2024-10-21,661500.0,1403/07/30
2024-10-22,677300.0,1403/08/01
2024-10-23,679500.0,1403/08/02
2024-10-25,655300.0,1403/08/04
2024-10-26,660850.0,1403/08/05
2024-10-27,674800.0,1403/08/06
2024-10-28,684000.0,1403/08/07
2024-10-29,692400.0,1403/08/08
2024-10-30,682300.0,1403/08/09
2024-11-01,694800.0,1403/08/11
2024-11-02,693250.0,1403/08/12
2024-11-03,689600.0,1403/08/13
2024-11-04,688900.0,1403/08/14
2024-11-05,696250.0,1403/08/15
2024-11-06,690450.0,1403/08/16
2024-11-08,692200.0,1403/08/18
2024-11-09,682650.0,1403/08/19
2024-11-10,669200.0,1403/08/20
2024-11-11,678200.0,1403/08/21
2024-11-12,684400.0,1403/08/22
2024-11-13,683300.0,1403/08/23
2024-11-15,682400.0,1403/08/25
2024-11-16,681750.0,1403/08/26
2024-11-17,684450.0,1403/08/27
2024-11-18,689050.0,1403/08/28
2024-11-19,689300.0,1403/08/29
2024-11-20,692250.0,1403/08/30
2024-11-22,699050.0,1403/09/02
2024-11-23,689600.0,1403/09/03
2024-11-24,693700.0,1403/09/04
2024-11-25,695950.0,1403/09/05
2024-11-26,699050.0,1403/09/06
2024-11-27,701400.0,1403/09/07
2024-11-29,704000.0,1403/09/09
2024-11-30,699000.0,1403/09/10
2024-12-01,704150.0,1403/09/11
2024-12-02,710950.0,1403/09/12
2024-12-03,714800.0,1403/09/13
2024-12-06,715600.0,1403/09/16
2024-12-07,719200.0,1403/09/17
2024-12-08,718850.0,1403/09/18
2024-12-09,723200.0,1403/09/19
2024-12-10,731950.0,1403/09/20
2024-12-11,729600.0,1403/09/21
2024-12-13,747150.0,1403/09/23
2024-12-14,747100.0,1403/09/24
2024-12-15,759500.0,1403/09/25
2024-12-16,766300.0,1403/09/26
2024-12-17,773650.0,1403/09/27
2024-12-18,767550.0,1403/09/28
2024-12-20,762400.0,1403/09/30
2024-12-21,762800.0,1403/10/01
2024-12-22,778800.0,1403/10/02
2024-12-23,786600.0,1403/10/03
2024-12-24,785950.0,1403/10/04
2024-12-25,793850.0,1403/10/05
2024-12-27,810600.0,1403/10/07
2024-12-28,797150.0,1403/10/08
2024-12-29,813200.0,1403/10/09
2024-12-30,813050.0,1403/10/10
2024-12-31,812300.0,1403/10/11
2025-01-01,806350.0,1403/10/12
2025-01-03,798350.0,1403/10/14
2025-01-04,795450.0,1403/10/15
2025-01-05,793450.0,1403/10/16
2025-01-06,800800.0,1403/10/17
2025-01-07,804100.0,1403/10/18
2025-01-08,813900.0,1403/10/19
2025-01-10,819500.0,1403/10/21
2025-01-11,806650.0,1403/10/22
2025-01-12,814600.0,1403/10/23
2025-01-14,804850.0,1403/10/25
2025-01-15,800700.0,1403/10/26
2025-01-17,805300.0,1403/10/28
2025-01-18,806700.0,1403/10/29
2025-01-19,810200.0,1403/10/30
2025-01-20,823350.0,1403/11/01
2025-01-21,825700.0,1403/11/02
2025-01-22,839050.0,1403/11/03
2025-01-24,833900.0,1403/11/05
2025-01-25,838800.0,1403/11/06
2025-01-26,839300.0,1403/11/07
2025-01-28,832300.0,1403/11/09
2025-01-29,835100.0,1403/11/10
2025-01-31,837650.0,1403/11/12
2025-02-01,840500.0,1403/11/13
2025-02-02,838650.0,1403/11/14
2025-02-03,845950.0,1403/11/15
2025-02-04,852700.0,1403/11/16
2025-02-05,854600.0,1403/11/17
2025-02-07,889600.0,1403/11/19
2025-02-08,913650.0,1403/11/20
2025-02-10,881500.0,1403/11/22
2025-02-11,883500.0,1403/11/23
2025-02-12,890600.0,1403/11/24
2025-02-14,906150.0,1403/11/26
2025-02-15,907050.0,1403/11/27
2025-02-16,908200.0,1403/11/28
2025-02-17,919950.0,1403/11/29
2025-02-18,921700.0,1403/11/30
2025-02-19,930700.0,1403/12/01
2025-02-21,935800.0,1403/12/03
2025-02-22,927400.0,1403/12/04
2025-02-23,913150.0,1403/12/05
2025-02-24,918300.0,1403/12/06
2025-02-25,925950.0,1403/12/07
2025-02-26,925200.0,1403/12/08
2025-02-28,921600.0,1403/12/10
2025-03-01,922300.0,1403/12/11
2025-03-02,907350.0,1403/12/12
2025-03-03,904800.0,1403/12/13
2025-03-04,884900.0,1403/12/14
2025-03-05,891700.0,1403/12/15
2025-03-07,912200.0,1403/12/17
2025-03-08,922100.0,1403/12/18
2025-03-09,923850.0,1403/12/19
2025-03-10,922850.0,1403/12/20
2025-03-11,926800.0,1403/12/21
2025-03-12,923050.0,1403/12/22
2025-03-14,911350.0,1403/12/24
2025-03-15,931300.0,1403/12/25
2025-03-16,943200.0,1403/12/26
2025-03-17,977800.0,1403/12/27
2025-03-24,1017850.0,1404/01/04
2025-03-25,1019200.0,1404/01/05
2025-03-26,1021900.0,1404/01/06
2025-03-28,1038950.0,1404/01/08
2025-03-29,1027800.0,1404/01/09
2025-04-04,1025650.0,1404/01/15
2025-04-05,1045200.0,1404/01/16
2025-04-06,1055550.0,1404/01/17
2025-04-07,997950.0,1404/01/18
2025-04-08,999700.0,1404/01/19
2025-04-09,1008900.0,1404/01/20
2025-04-11,962150.0,1404/01/22
2025-04-12,859900.0,1404/01/23
2025-04-13,880800.0,1404/01/24
2025-04-14,879800.0,1404/01/25
2025-04-15,877000.0,1404/01/26
2025-04-16,855950.0,1404/01/27
2025-04-18,831900.0,1404/01/29
2025-04-19,827900.0,1404/01/30
2025-04-20,819750.0,1404/01/31
2025-04-21,808350.0,1404/02/01
2025-04-22,808750.0,1404/02/02
2025-04-25,823600.0,1404/02/05
2025-04-26,827000.0,1404/02/06
2025-04-27,812650.0,1404/02/07
2025-04-28,809650.0,1404/02/08
2025-04-29,813900.0,1404/02/09
2025-04-30,819450.0,1404/02/10
2025-05-02,856900.0,1404/02/12
2025-05-03,858700.0,1404/02/13
2025-05-04,844400.0,1404/02/14
2025-05-05,824650.0,1404/02/15
2025-05-06,820500.0,1404/02/16
2025-05-07,830600.0,1404/02/17
2025-05-09,835500.0,1404/02/19
2025-05-10,831950.0,1404/02/20
2025-05-11,834900.0,1404/02/21
2025-05-12,835000.0,1404/02/22
2025-05-13,832100.0,1404/02/23
2025-05-14,831100.0,1404/02/24
2025-05-16,823350.0,1404/02/26
2025-05-17,818000.0,1404/02/27
2025-05-18,818550.0,1404/02/28
2025-05-19,840650.0,1404/02/29
2025-05-20,831900.0,1404/02/30
2025-05-21,827100.0,1404/02/31
2025-05-23,829150.0,1404/03/02
2025-05-24,823500.0,1404/03/03
2025-05-25,822500.0,1404/03/04
2025-05-26,828300.0,1404/03/05
2025-05-27,826850.0,1404/03/06
2025-05-28,822700.0,1404/03/07
2025-05-30,827400.0,1404/03/09
2025-05-31,822500.0,1404/03/10
2025-06-01,823650.0,1404/03/11
2025-06-02,823850.0,1404/03/12
2025-06-06,820700.0,1404/03/16
2025-06-07,822850.0,1404/03/17
2025-06-08,824950.0,1404/03/18
2025-06-09,819100.0,1404/03/19
2025-06-10,827400.0,1404/03/20
2025-06-11,835350.0,1404/03/21
2025-06-24,828700.0,1404/04/03
2025-06-25,836800.0,1404/04/04
2025-06-27,845700.0,1404/04/06
2025-06-28,881200.0,1404/04/07
2025-06-29,906950.0,1404/04/08
2025-06-30,917200.0,1404/04/09
2025-07-01,913900.0,1404/04/10
2025-07-02,916000.0,1404/04/11
2025-07-06,883700.0,1404/04/15
2025-07-07,870400.0,1404/04/16
2025-07-08,878300.0,1404/04/17
2025-07-09,882850.0,1404/04/18
2025-07-11,870900.0,1404/04/20
2025-07-12,889000.0,1404/04/21
2025-07-14,894200.0,1404/04/23
2025-07-15,888400.0,1404/04/24
2025-07-16,887400.0,1404/04/25
2025-07-18,875600.0,1404/04/27
2025-07-19,867600.0,1404/04/28
2025-07-20,878950.0,1404/04/29
2025-07-21,881100.0,1404/04/30
2025-07-22,879900.0,1404/04/31
2025-07-23,884400.0,1404/05/01
2025-07-25,880500.0,1404/05/03
2025-07-26,880000.0,1404/05/04
2025-07-27,892050.0,1404/05/05
2025-07-28,892500.0,1404/05/06
2025-07-29,896000.0,1404/05/07
2025-07-30,905600.0,1404/05/08
2025-08-01,911800.0,1404/05/10
2025-08-02,924000.0,1404/05/11
2025-08-03,938000.0,1404/05/12
2025-08-04,934100.0,1404/05/13
2025-08-05,929600.0,1404/05/14
2025-08-06,934500.0,1404/05/15
2025-08-09,918300.0,1404/05/18
2025-08-10,920000.0,1404/05/19
2025-08-11,932750.0,1404/05/20
2025-08-12,924900.0,1404/05/21
2025-08-13,936700.0,1404/05/22
2025-08-16,927600.0,1404/05/25
2025-08-17,932900.0,1404/05/26
2025-08-18,938500.0,1404/05/27
2025-08-19,933450.0,1404/05/28
2025-08-20,937500.0,1404/05/29
2025-08-21,950600.0,1404/05/30
2025-08-23,941000.0,1404/06/01
2025-08-25,958000.0,1404/06/03
2025-08-26,966500.0,1404/06/04
2025-08-27,1000000.0,1404/06/05
2025-08-28,989000.0,1404/06/06
2025-08-30,1026200.0,1404/06/08
2025-08-31,1048300.0,1404/06/09
2025-09-02,1032000.0,1404/06/11
2025-09-03,1025700.0,1404/06/12
2025-09-04,1014400.0,1404/06/13
2025-09-06,1029800.0,1404/06/15
2025-09-07,1026800.0,1404/06/16
2025-09-08,1011000.0,1404/06/17
2025-09-09,1008300.0,1404/06/18
2025-09-11,993000.0,1404/06/20
2025-09-13,976850.0,1404/06/22
2025-09-14,979800.0,1404/06/23
2025-09-15,992550.0,1404/06/24
2025-09-16,996450.0,1404/06/25
2025-09-17,992350.0,1404/06/26
2025-09-18,988450.0,1404/06/27
2025-09-20,1026100.0,1404/06/29
2025-09-21,1058600.0,1404/06/30
2025-09-22,1040000.0,1404/06/31
2025-09-23,1034900.0,1404/07/01
2025-09-24,1072050.0,1404/07/02
2025-09-25,1082900.0,1404/07/03
2025-09-27,1101200.0,1404/07/05
2025-09-28,1105200.0,1404/07/06
2025-09-29,1120400.0,1404/07/07
2025-09-30,1141300.0,1404/07/08
2025-10-01,1154400.0,1404/07/09
2025-10-02,1178600.0,1404/07/10
2025-10-04,1153800.0,1404/07/12
2025-10-05,1138700.0,1404/07/13
2025-10-06,1111600.0,1404/07/14
2025-10-07,1139700.0,1404/07/15
2025-10-08,1156900.0,1404/07/16
2025-10-09,1132850.0,1404/07/17
2025-10-11,1127000.0,1404/07/19
2025-10-12,1121400.0,1404/07/20
2025-10-13,1112000.0,1404/07/21
2025-10-14,1088900.0,1404/07/22
2025-10-15,1095800.0,1404/07/23
2025-10-16,1102500.0,1404/07/24
2025-10-18,1065000.0,1404/07/26
2025-10-19,1083400.0,1404/07/27
2025-10-20,1064100.0,1404/07/28
2025-10-21,1088900.0,1404/07/29
2025-10-22,1075600.0,1404/07/30
2025-10-23,1084800.0,1404/08/01
2025-10-25,1070200.0,1404/08/03
2025-10-26,1078400.0,1404/08/04
2025-10-27,1079800.0,1404/08/05
2025-10-28,1069300.0,1404/08/06
2025-10-29,1069100.0,1404/08/07
2025-10-30,1073000.0,1404/08/08
2025-11-01,1088700.0,1404/08/10
2025-11-02,1083200.0,1404/08/11
2025-11-03,1079700.0,1404/08/12
2025-11-04,1082150.0,1404/08/13
2025-11-05,1078600.0,1404/08/14
2025-11-06,1078400.0,1404/08/15
2025-11-08,1078050.0,1404/08/17
2025-11-09,1078600.0,1404/08/18
2025-11-10,1076700.0,1404/08/19
2025-11-11,1098400.0,1404/08/20
2025-11-12,1126100.0,1404/08/21
2025-11-13,1125300.0,1404/08/22
2025-11-15,1128300.0,1404/08/24
2025-11-16,1121900.0,1404/08/25
2025-11-17,1124950.0,1404/08/26
2025-11-18,1125500.0,1404/08/27
2025-11-19,1133600.0,1404/08/28
2025-11-20,1135200.0,1404/08/29
2025-11-22,1129100.0,1404/09/01
2025-11-23,1137600.0,1404/09/02
2025-11-25,1134600.0,1404/09/04
2025-11-26,1136400.0,1404/09/05
2025-11-27,1141700.0,1404/09/06
2025-11-29,1158600.0,1404/09/08
2025-11-30,1173800.0,1404/09/09
2025-12-01,1189750.0,1404/09/10
2025-12-02,1186950.0,1404/09/11
2025-12-03,1204550.0,1404/09/12
2025-12-04,1197050.0,1404/09/13
2025-12-06,1219950.0,1404/09/15
2025-12-07,1240050.0,1404/09/16
2025-12-08,1262800.0,1404/09/17
2025-12-09,1248700.0,1404/09/18
2025-12-10,1249300.0,1404/09/19
2025-12-11,1257500.0,1404/09/20
2025-12-13,1289900.0,1404/09/22
2025-12-14,1296900.0,1404/09/23
2025-12-15,1303600.0,1404/09/24
2025-12-16,1298700.0,1404/09/25
2025-12-17,1320700.0,1404/09/26
2025-12-18,1316300.0,1404/09/27
2025-12-20,1322000.0,1404/09/29
2025-12-21,1312250.0,1404/09/30
2025-12-22,1329500.0,1404/10/01
2025-12-23,1347500.0,1404/10/02
2025-12-24,1353900.0,1404/10/03
2025-12-25,1343900.0,1404/10/04
2025-12-27,1388300.0,1404/10/06
2025-12-28,1419100.0,1404/10/07
2025-12-29,1377200.0,1404/10/08
2025-12-30,1395700.0,1404/10/09
2025-12-31,1355650.0,1404/10/10
2026-01-01,1356800.0,1404/10/11
2026-01-04,1379400.0,1404/10/14
2026-01-05,1437600.0,1404/10/15
2026-01-06,1470150.0,1404/10/16
2026-01-07,1475200.0,1404/10/17
2026-01-08,1460400.0,1404/10/18
2026-01-10,1455000.0,1404/10/20
2026-01-11,1455400.0,1404/10/21
2026-01-12,1455100.0,1404/10/22
2026-01-13,1455400.0,1404/10/23
2026-01-14,1455100.0,1404/10/24
2026-01-15,1455100.0,1404/10/25
2026-01-17,1455100.0,1404/10/27
2026-01-18,1455300.0,1404/10/28
2026-01-19,1455000.0,1404/10/29
2026-01-20,1455400.0,1404/10/30
2026-01-21,1455250.0,1404/11/01
2026-01-22,1403000.0,1404/11/02
2026-01-24,1410000.0,1404/11/04
2026-01-25,1421740.0,1404/11/05
2026-01-26,1464650.0,1404/11/06
2026-01-27,1517600.0,1404/11/07
2026-01-28,1595600.0,1404/11/08
2026-01-29,1584400.0,1404/11/09
2026-01-31,1629600.0,1404/11/11
2026-02-01,1589550.0,1404/11/12
2026-02-02,1544400.0,1404/11/13
2026-02-03,1568500.0,1404/11/14
2026-02-05,1622400.0,1404/11/16
2026-02-07,1564700.0,1404/11/18
2026-02-08,1589500.0,1404/11/19
2026-02-09,1612300.0,1404/11/20
2026-02-10,1632400.0,1404/11/21
2026-02-12,1625500.0,1404/11/23
2026-02-14,1583900.0,1404/11/25
2026-02-15,1597300.0,1404/11/26
2026-02-16,1599600.0,1404/11/27
2026-02-17,1608600.0,1404/11/28
2026-02-18,1623350.0,1404/11/29
2026-02-19,1636400.0,1404/11/30
2026-02-21,1645700.0,1404/12/02
2026-02-22,1632650.0,1404/12/03
2026-02-23,1634700.0,1404/12/04
2026-02-24,1639450.0,1404/12/05
2026-02-25,1651300.0,1404/12/06
2026-02-26,1653700.0,1404/12/07
2026-02-28,1663600.0,1404/12/09
2026-03-01,1663700.0,1404/12/10
2026-03-02,1663400.0,1404/12/11
2026-03-03,1663550.0,1404/12/12
2026-03-04,1663700.0,1404/12/13
2026-03-05,1663300.0,1404/12/14
2026-03-07,1663700.0,1404/12/16
2026-03-08,1663500.0,1404/12/17
2026-03-09,1663500.0,1404/12/18
2026-03-10,1663700.0,1404/12/19
2026-03-11,1663500.0,1404/12/20
2026-03-12,1663600.0,1404/12/21
2026-03-14,1663600.0,1404/12/23
2026-03-15,1470000.0,1404/12/24
2026-03-16,1437000.0,1404/12/25
2026-03-17,1451200.0,1404/12/26
2026-03-18,1563900.0,1404/12/27
2026-03-19,1592800.0,1404/12/28
2026-03-23,1587800.0,1405/01/03
2026-03-24,1577700.0,1405/01/04
2026-03-25,1577300.0,1405/01/05
2026-03-26,1585800.0,1405/01/06
2026-03-28,1585800.0,1405/01/08
2026-03-29,1585600.0,1405/01/09
2026-03-30,1585500.0,1405/01/10
2026-03-31,1585750.0,1405/01/11
2026-04-01,1585700.0,1405/01/12
2026-04-02,1585600.0,1405/01/13
2026-04-04,1585700.0,1405/01/15
2026-04-05,1570000.0,1405/01/16
2026-04-07,1605000.0,1405/01/18
2026-04-08,1543400.0,1405/01/19
2026-04-09,1564900.0,1405/01/20
2026-04-11,1536100.0,1405/01/22
2026-04-12,1565700.0,1405/01/23
2026-04-13,1591100.0,1405/01/24
2026-04-14,1591100.0,1405/01/25
2026-04-15,1524800.0,1405/01/26
2026-04-16,1521200.0,1405/01/27
2026-04-18,1476800.0,1405/01/29
2026-04-19,1490200.0,1405/01/30
2026-04-20,1511900.0,1405/01/31
2026-04-21,1525200.0,1405/02/01
2026-04-22,1552200.0,1405/02/02
2026-04-23,1549900.0,1405/02/03
2026-04-25,1560000.0,1405/02/05
2026-04-26,1564950.0,1405/02/06
2026-04-27,1588900.0,1405/02/07
2026-04-28,1658900.0,1405/02/08
2026-04-29,1753900.0,1405/02/09
2026-04-30,1779100.0,1405/02/10
2026-05-02,1824100.0,1405/02/12
2026-05-03,1864100.0,1405/02/13
2026-05-04,1795000.0,1405/02/14
2026-05-05,1813800.0,1405/02/15
2026-05-06,1763800.0,1405/02/16
2026-05-07,1754200.0,1405/02/17
2026-05-09,1778900.0,1405/02/19
2026-05-10,1758800.0,1405/02/20
2026-05-11,1819050.0,1405/02/21
2026-05-12,1804000.0,1405/02/22
2026-05-13,1788950.0,1405/02/23
2026-05-14,1798900.0,1405/02/24
2026-05-16,1794000.0,1405/02/26
2026-05-17,1813900.0,1405/02/27
2026-05-18,1799200.0,1405/02/28
2026-05-19,1784000.0,1405/02/29
2026-05-20,1799100.0,1405/02/30
2026-05-21,1790800.0,1405/02/31
2026-05-23,1774200.0,1405/03/02
2026-05-24,1699100.0,1405/03/03
2026-05-25,1739100.0,1405/03/04
2026-05-26,1724000.0,1405/03/05
2026-05-28,1745000.0,1405/03/07
2026-05-30,1704900.0,1405/03/09
2026-05-31,1704850.0,1405/03/10
2026-06-01,1761800.0,1405/03/11
2026-06-02,1745200.0,1405/03/12
2026-06-03,1744200.0,1405/03/13
2026-06-06,1749900.0,1405/03/16
2026-06-07,1780100.0,1405/03/17
2026-06-08,1774000.0,1405/03/18
2026-06-09,1753000.0,1405/03/19
2026-06-10,1785100.0,1405/03/20
2026-06-11,1801800.0,1405/03/21
2026-06-13,1720100.0,1405/03/23
2026-06-14,1712050.0,1405/03/24
2026-06-15,1615100.0,1405/03/25
2026-06-16,1550000.0,1405/03/26
2026-06-17,1595000.0,1405/03/27
2026-06-18,1565000.0,1405/03/28
2026-06-20,1608000.0,1405/03/30
2026-06-21,1596000.0,1405/03/31
2026-06-22,1580000.0,1405/04/01
2026-06-23,1615000.0,1405/04/02
2026-06-27,1668150.0,1405/04/06
2026-06-28,1726900.0,1405/04/07
2026-06-29,1709000.0,1405/04/08
2026-06-30,1725000.0,1405/04/09
2026-07-01,1743000.0,1405/04/10
2026-07-02,1753950.0,1405/04/11
2026-07-05,1756000.0,1405/04/14
2026-07-06,1757000.0,1405/04/15
2026-07-07,1766850.0,1405/04/16
2026-07-08,1801950.0,1405/04/17
2026-07-09,1816200.0,1405/04/18
2026-07-11,1782000.0,1405/04/20
2026-07-12,1796000.0,1405/04/21
2026-07-13,1809850.0,1405/04/22
2026-07-14,1841100.0,1405/04/23
2026-07-15,1882000.0,1405/04/24
2026-07-16,1886000.0,1405/04/25
2026-07-18,1945000.0,1405/04/27
2026-07-19,1930000.0,1405/04/28
2026-07-20,1877000.0,1405/04/29
2026-07-21,1903000.0,1405/04/30
